metric,year,value,company
,unnamed_1,,balancesheet
136.0,unnamed_1,,balancesheet
137.0,unnamed_1,,balancesheet
138.0,unnamed_1,,balancesheet
139.0,unnamed_1,,balancesheet
140.0,unnamed_1,,balancesheet
141.0,unnamed_1,,balancesheet
142.0,unnamed_1,,balancesheet
143.0,unnamed_1,,balancesheet
144.0,unnamed_1,,balancesheet
145.0,unnamed_1,,balancesheet
146.0,unnamed_1,,balancesheet
147.0,unnamed_1,,balancesheet
148.0,unnamed_1,,balancesheet
149.0,unnamed_1,,balancesheet
150.0,unnamed_1,,balancesheet
151.0,unnamed_1,,balancesheet
152.0,unnamed_1,,balancesheet
153.0,unnamed_1,,balancesheet
154.0,unnamed_1,,balancesheet
155.0,unnamed_1,,balancesheet
156.0,unnamed_1,,balancesheet
157.0,unnamed_1,,balancesheet
158.0,unnamed_1,,balancesheet
159.0,unnamed_1,,balancesheet
160.0,unnamed_1,,balancesheet
170.0,unnamed_1,,balancesheet
171.0,unnamed_1,,balancesheet
172.0,unnamed_1,,balancesheet
173.0,unnamed_1,,balancesheet
174.0,unnamed_1,,balancesheet
175.0,unnamed_1,,balancesheet
176.0,unnamed_1,,balancesheet
177.0,unnamed_1,,balancesheet
178.0,unnamed_1,,balancesheet
179.0,unnamed_1,,balancesheet
180.0,unnamed_1,,balancesheet
181.0,unnamed_1,,balancesheet
182.0,unnamed_1,,balancesheet
192.0,unnamed_1,,balancesheet
193.0,unnamed_1,,balancesheet
194.0,unnamed_1,,balancesheet
195.0,unnamed_1,,balancesheet
196.0,unnamed_1,,balancesheet
197.0,unnamed_1,,balancesheet
198.0,unnamed_1,,balancesheet
199.0,unnamed_1,,balancesheet
200.0,unnamed_1,,balancesheet
201.0,unnamed_1,,balancesheet
202.0,unnamed_1,,balancesheet
203.0,unnamed_1,,balancesheet
204.0,unnamed_1,,balancesheet
205.0,unnamed_1,,balancesheet
206.0,unnamed_1,,balancesheet
207.0,unnamed_1,,balancesheet
208.0,unnamed_1,,balancesheet
209.0,unnamed_1,,balancesheet
210.0,unnamed_1,,balancesheet
211.0,unnamed_1,,balancesheet
212.0,unnamed_1,,balancesheet
213.0,unnamed_1,,balancesheet
214.0,unnamed_1,,balancesheet
215.0,unnamed_1,,balancesheet
216.0,unnamed_1,,balancesheet
217.0,unnamed_1,,balancesheet
218.0,unnamed_1,,balancesheet
219.0,unnamed_1,,balancesheet
220.0,unnamed_1,,balancesheet
221.0,unnamed_1,,balancesheet
222.0,unnamed_1,,balancesheet
223.0,unnamed_1,,balancesheet
224.0,unnamed_1,,balancesheet
225.0,unnamed_1,,balancesheet
226.0,unnamed_1,,balancesheet
227.0,unnamed_1,,balancesheet
228.0,unnamed_1,,balancesheet
229.0,unnamed_1,,balancesheet
230.0,unnamed_1,,balancesheet
231.0,unnamed_1,,balancesheet
232.0,unnamed_1,,balancesheet
233.0,unnamed_1,,balancesheet
234.0,unnamed_1,,balancesheet
235.0,unnamed_1,,balancesheet
236.0,unnamed_1,,balancesheet
237.0,unnamed_1,,balancesheet
238.0,unnamed_1,,balancesheet
239.0,unnamed_1,,balancesheet
240.0,unnamed_1,,balancesheet
241.0,unnamed_1,,balancesheet
242.0,unnamed_1,,balancesheet
243.0,unnamed_1,,balancesheet
244.0,unnamed_1,,balancesheet
245.0,unnamed_1,,balancesheet
246.0,unnamed_1,,balancesheet
247.0,unnamed_1,,balancesheet
248.0,unnamed_1,,balancesheet
249.0,unnamed_1,,balancesheet
250.0,unnamed_1,,balancesheet
251.0,unnamed_1,,balancesheet
252.0,unnamed_1,,balancesheet
253.0,unnamed_1,,balancesheet
254.0,unnamed_1,,balancesheet
255.0,unnamed_1,,balancesheet
256.0,unnamed_1,,balancesheet
257.0,unnamed_1,,balancesheet
258.0,unnamed_1,,balancesheet
259.0,unnamed_1,,balancesheet
260.0,unnamed_1,,balancesheet
261.0,unnamed_1,,balancesheet
262.0,unnamed_1,,balancesheet
263.0,unnamed_1,,balancesheet
264.0,unnamed_1,,balancesheet
265.0,unnamed_1,,balancesheet
266.0,unnamed_1,,balancesheet
267.0,unnamed_1,,balancesheet
268.0,unnamed_1,,balancesheet
269.0,unnamed_1,,balancesheet
270.0,unnamed_1,,balancesheet
271.0,unnamed_1,,balancesheet
272.0,unnamed_1,,balancesheet
273.0,unnamed_1,,balancesheet
274.0,unnamed_1,,balancesheet
275.0,unnamed_1,,balancesheet
276.0,unnamed_1,,balancesheet
277.0,unnamed_1,,balancesheet
278.0,unnamed_1,,balancesheet
279.0,unnamed_1,,balancesheet
280.0,unnamed_1,,balancesheet
281.0,unnamed_1,,balancesheet
282.0,unnamed_1,,balancesheet
283.0,unnamed_1,,balancesheet
284.0,unnamed_1,,balancesheet
285.0,unnamed_1,,balancesheet
286.0,unnamed_1,,balancesheet
287.0,unnamed_1,,balancesheet
288.0,unnamed_1,,balancesheet
289.0,unnamed_1,,balancesheet
290.0,unnamed_1,,balancesheet
291.0,unnamed_1,,balancesheet
292.0,unnamed_1,,balancesheet
293.0,unnamed_1,,balancesheet
294.0,unnamed_1,,balancesheet
295.0,unnamed_1,,balancesheet
296.0,unnamed_1,,balancesheet
297.0,unnamed_1,,balancesheet
298.0,unnamed_1,,balancesheet
299.0,unnamed_1,,balancesheet
300.0,unnamed_1,,balancesheet
301.0,unnamed_1,,balancesheet
302.0,unnamed_1,,balancesheet
303.0,unnamed_1,,balancesheet
304.0,unnamed_1,,balancesheet
305.0,unnamed_1,,balancesheet
306.0,unnamed_1,,balancesheet
307.0,unnamed_1,,balancesheet
308.0,unnamed_1,,balancesheet
309.0,unnamed_1,,balancesheet
310.0,unnamed_1,,balancesheet
311.0,unnamed_1,,balancesheet
312.0,unnamed_1,,balancesheet
313.0,unnamed_1,,balancesheet
314.0,unnamed_1,,balancesheet
315.0,unnamed_1,,balancesheet
316.0,unnamed_1,,balancesheet
317.0,unnamed_1,,balancesheet
318.0,unnamed_1,,balancesheet
319.0,unnamed_1,,balancesheet
320.0,unnamed_1,,balancesheet
321.0,unnamed_1,,balancesheet
322.0,unnamed_1,,balancesheet
323.0,unnamed_1,,balancesheet
324.0,unnamed_1,,balancesheet
325.0,unnamed_1,,balancesheet
326.0,unnamed_1,,balancesheet
327.0,unnamed_1,,balancesheet
328.0,unnamed_1,,balancesheet
329.0,unnamed_1,,balancesheet
330.0,unnamed_1,,balancesheet
331.0,unnamed_1,,balancesheet
332.0,unnamed_1,,balancesheet
333.0,unnamed_1,,balancesheet
334.0,unnamed_1,,balancesheet
335.0,unnamed_1,,balancesheet
336.0,unnamed_1,,balancesheet
337.0,unnamed_1,,balancesheet
338.0,unnamed_1,,balancesheet
339.0,unnamed_1,,balancesheet
340.0,unnamed_1,,balancesheet
341.0,unnamed_1,,balancesheet
342.0,unnamed_1,,balancesheet
343.0,unnamed_1,,balancesheet
344.0,unnamed_1,,balancesheet
345.0,unnamed_1,,balancesheet
346.0,unnamed_1,,balancesheet
347.0,unnamed_1,,balancesheet
348.0,unnamed_1,,balancesheet
349.0,unnamed_1,,balancesheet
350.0,unnamed_1,,balancesheet
351.0,unnamed_1,,balancesheet
352.0,unnamed_1,,balancesheet
353.0,unnamed_1,,balancesheet
354.0,unnamed_1,,balancesheet
355.0,unnamed_1,,balancesheet
356.0,unnamed_1,,balancesheet
357.0,unnamed_1,,balancesheet
358.0,unnamed_1,,balancesheet
359.0,unnamed_1,,balancesheet
360.0,unnamed_1,,balancesheet
361.0,unnamed_1,,balancesheet
362.0,unnamed_1,,balancesheet
363.0,unnamed_1,,balancesheet
364.0,unnamed_1,,balancesheet
365.0,unnamed_1,,balancesheet
366.0,unnamed_1,,balancesheet
367.0,unnamed_1,,balancesheet
368.0,unnamed_1,,balancesheet
369.0,unnamed_1,,balancesheet
370.0,unnamed_1,,balancesheet
371.0,unnamed_1,,balancesheet
372.0,unnamed_1,,balancesheet
373.0,unnamed_1,,balancesheet
374.0,unnamed_1,,balancesheet
375.0,unnamed_1,,balancesheet
376.0,unnamed_1,,balancesheet
377.0,unnamed_1,,balancesheet
378.0,unnamed_1,,balancesheet
379.0,unnamed_1,,balancesheet
380.0,unnamed_1,,balancesheet
381.0,unnamed_1,,balancesheet
382.0,unnamed_1,,balancesheet
383.0,unnamed_1,,balancesheet
384.0,unnamed_1,,balancesheet
385.0,unnamed_1,,balancesheet
386.0,unnamed_1,,balancesheet
387.0,unnamed_1,,balancesheet
388.0,unnamed_1,,balancesheet
389.0,unnamed_1,,balancesheet
390.0,unnamed_1,,balancesheet
391.0,unnamed_1,,balancesheet
392.0,unnamed_1,,balancesheet
393.0,unnamed_1,,balancesheet
394.0,unnamed_1,,balancesheet
395.0,unnamed_1,,balancesheet
396.0,unnamed_1,,balancesheet
397.0,unnamed_1,,balancesheet
398.0,unnamed_1,,balancesheet
399.0,unnamed_1,,balancesheet
400.0,unnamed_1,,balancesheet
401.0,unnamed_1,,balancesheet
402.0,unnamed_1,,balancesheet
403.0,unnamed_1,,balancesheet
404.0,unnamed_1,,balancesheet
405.0,unnamed_1,,balancesheet
406.0,unnamed_1,,balancesheet
407.0,unnamed_1,,balancesheet
408.0,unnamed_1,,balancesheet
409.0,unnamed_1,,balancesheet
410.0,unnamed_1,,balancesheet
411.0,unnamed_1,,balancesheet
412.0,unnamed_1,,balancesheet
413.0,unnamed_1,,balancesheet
414.0,unnamed_1,,balancesheet
415.0,unnamed_1,,balancesheet
416.0,unnamed_1,,balancesheet
417.0,unnamed_1,,balancesheet
418.0,unnamed_1,,balancesheet
419.0,unnamed_1,,balancesheet
420.0,unnamed_1,,balancesheet
421.0,unnamed_1,,balancesheet
422.0,unnamed_1,,balancesheet
423.0,unnamed_1,,balancesheet
424.0,unnamed_1,,balancesheet
425.0,unnamed_1,,balancesheet
426.0,unnamed_1,,balancesheet
427.0,unnamed_1,,balancesheet
428.0,unnamed_1,,balancesheet
429.0,unnamed_1,,balancesheet
430.0,unnamed_1,,balancesheet
431.0,unnamed_1,,balancesheet
432.0,unnamed_1,,balancesheet
433.0,unnamed_1,,balancesheet
434.0,unnamed_1,,balancesheet
435.0,unnamed_1,,balancesheet
436.0,unnamed_1,,balancesheet
437.0,unnamed_1,,balancesheet
438.0,unnamed_1,,balancesheet
439.0,unnamed_1,,balancesheet
440.0,unnamed_1,,balancesheet
441.0,unnamed_1,,balancesheet
442.0,unnamed_1,,balancesheet
443.0,unnamed_1,,balancesheet
444.0,unnamed_1,,balancesheet
445.0,unnamed_1,,balancesheet
446.0,unnamed_1,,balancesheet
447.0,unnamed_1,,balancesheet
448.0,unnamed_1,,balancesheet
449.0,unnamed_1,,balancesheet
450.0,unnamed_1,,balancesheet
451.0,unnamed_1,,balancesheet
452.0,unnamed_1,,balancesheet
453.0,unnamed_1,,balancesheet
454.0,unnamed_1,,balancesheet
455.0,unnamed_1,,balancesheet
456.0,unnamed_1,,balancesheet
457.0,unnamed_1,,balancesheet
458.0,unnamed_1,,balancesheet
459.0,unnamed_1,,balancesheet
460.0,unnamed_1,,balancesheet
461.0,unnamed_1,,balancesheet
462.0,unnamed_1,,balancesheet
463.0,unnamed_1,,balancesheet
464.0,unnamed_1,,balancesheet
465.0,unnamed_1,,balancesheet
466.0,unnamed_1,,balancesheet
467.0,unnamed_1,,balancesheet
468.0,unnamed_1,,balancesheet
469.0,unnamed_1,,balancesheet
470.0,unnamed_1,,balancesheet
471.0,unnamed_1,,balancesheet
472.0,unnamed_1,,balancesheet
473.0,unnamed_1,,balancesheet
474.0,unnamed_1,,balancesheet
475.0,unnamed_1,,balancesheet
476.0,unnamed_1,,balancesheet
477.0,unnamed_1,,balancesheet
478.0,unnamed_1,,balancesheet
479.0,unnamed_1,,balancesheet
480.0,unnamed_1,,balancesheet
481.0,unnamed_1,,balancesheet
482.0,unnamed_1,,balancesheet
483.0,unnamed_1,,balancesheet
484.0,unnamed_1,,balancesheet
485.0,unnamed_1,,balancesheet
486.0,unnamed_1,,balancesheet
487.0,unnamed_1,,balancesheet
488.0,unnamed_1,,balancesheet
489.0,unnamed_1,,balancesheet
490.0,unnamed_1,,balancesheet
491.0,unnamed_1,,balancesheet
492.0,unnamed_1,,balancesheet
493.0,unnamed_1,,balancesheet
494.0,unnamed_1,,balancesheet
495.0,unnamed_1,,balancesheet
496.0,unnamed_1,,balancesheet
497.0,unnamed_1,,balancesheet
498.0,unnamed_1,,balancesheet
499.0,unnamed_1,,balancesheet
500.0,unnamed_1,,balancesheet
501.0,unnamed_1,,balancesheet
502.0,unnamed_1,,balancesheet
503.0,unnamed_1,,balancesheet
504.0,unnamed_1,,balancesheet
505.0,unnamed_1,,balancesheet
506.0,unnamed_1,,balancesheet
507.0,unnamed_1,,balancesheet
508.0,unnamed_1,,balancesheet
509.0,unnamed_1,,balancesheet
510.0,unnamed_1,,balancesheet
511.0,unnamed_1,,balancesheet
512.0,unnamed_1,,balancesheet
513.0,unnamed_1,,balancesheet
514.0,unnamed_1,,balancesheet
515.0,unnamed_1,,balancesheet
516.0,unnamed_1,,balancesheet
517.0,unnamed_1,,balancesheet
518.0,unnamed_1,,balancesheet
519.0,unnamed_1,,balancesheet
520.0,unnamed_1,,balancesheet
521.0,unnamed_1,,balancesheet
522.0,unnamed_1,,balancesheet
523.0,unnamed_1,,balancesheet
524.0,unnamed_1,,balancesheet
525.0,unnamed_1,,balancesheet
526.0,unnamed_1,,balancesheet
527.0,unnamed_1,,balancesheet
528.0,unnamed_1,,balancesheet
529.0,unnamed_1,,balancesheet
530.0,unnamed_1,,balancesheet
531.0,unnamed_1,,balancesheet
532.0,unnamed_1,,balancesheet
533.0,unnamed_1,,balancesheet
534.0,unnamed_1,,balancesheet
535.0,unnamed_1,,balancesheet
536.0,unnamed_1,,balancesheet
537.0,unnamed_1,,balancesheet
538.0,unnamed_1,,balancesheet
539.0,unnamed_1,,balancesheet
540.0,unnamed_1,,balancesheet
541.0,unnamed_1,,balancesheet
542.0,unnamed_1,,balancesheet
543.0,unnamed_1,,balancesheet
544.0,unnamed_1,,balancesheet
545.0,unnamed_1,,balancesheet
546.0,unnamed_1,,balancesheet
547.0,unnamed_1,,balancesheet
548.0,unnamed_1,,balancesheet
549.0,unnamed_1,,balancesheet
550.0,unnamed_1,,balancesheet
551.0,unnamed_1,,balancesheet
552.0,unnamed_1,,balancesheet
553.0,unnamed_1,,balancesheet
554.0,unnamed_1,,balancesheet
555.0,unnamed_1,,balancesheet
556.0,unnamed_1,,balancesheet
557.0,unnamed_1,,balancesheet
558.0,unnamed_1,,balancesheet
559.0,unnamed_1,,balancesheet
560.0,unnamed_1,,balancesheet
561.0,unnamed_1,,balancesheet
562.0,unnamed_1,,balancesheet
563.0,unnamed_1,,balancesheet
564.0,unnamed_1,,balancesheet
565.0,unnamed_1,,balancesheet
566.0,unnamed_1,,balancesheet
567.0,unnamed_1,,balancesheet
568.0,unnamed_1,,balancesheet
569.0,unnamed_1,,balancesheet
570.0,unnamed_1,,balancesheet
571.0,unnamed_1,,balancesheet
572.0,unnamed_1,,balancesheet
573.0,unnamed_1,,balancesheet
574.0,unnamed_1,,balancesheet
575.0,unnamed_1,,balancesheet
576.0,unnamed_1,,balancesheet
577.0,unnamed_1,,balancesheet
578.0,unnamed_1,,balancesheet
579.0,unnamed_1,,balancesheet
580.0,unnamed_1,,balancesheet
581.0,unnamed_1,,balancesheet
582.0,unnamed_1,,balancesheet
583.0,unnamed_1,,balancesheet
584.0,unnamed_1,,balancesheet
585.0,unnamed_1,,balancesheet
586.0,unnamed_1,,balancesheet
587.0,unnamed_1,,balancesheet
588.0,unnamed_1,,balancesheet
589.0,unnamed_1,,balancesheet
590.0,unnamed_1,,balancesheet
591.0,unnamed_1,,balancesheet
592.0,unnamed_1,,balancesheet
593.0,unnamed_1,,balancesheet
594.0,unnamed_1,,balancesheet
595.0,unnamed_1,,balancesheet
596.0,unnamed_1,,balancesheet
597.0,unnamed_1,,balancesheet
598.0,unnamed_1,,balancesheet
599.0,unnamed_1,,balancesheet
600.0,unnamed_1,,balancesheet
601.0,unnamed_1,,balancesheet
602.0,unnamed_1,,balancesheet
603.0,unnamed_1,,balancesheet
604.0,unnamed_1,,balancesheet
605.0,unnamed_1,,balancesheet
606.0,unnamed_1,,balancesheet
607.0,unnamed_1,,balancesheet
608.0,unnamed_1,,balancesheet
609.0,unnamed_1,,balancesheet
610.0,unnamed_1,,balancesheet
611.0,unnamed_1,,balancesheet
612.0,unnamed_1,,balancesheet
613.0,unnamed_1,,balancesheet
614.0,unnamed_1,,balancesheet
615.0,unnamed_1,,balancesheet
616.0,unnamed_1,,balancesheet
630.0,unnamed_1,,balancesheet
631.0,unnamed_1,,balancesheet
632.0,unnamed_1,,balancesheet
633.0,unnamed_1,,balancesheet
634.0,unnamed_1,,balancesheet
635.0,unnamed_1,,balancesheet
636.0,unnamed_1,,balancesheet
637.0,unnamed_1,,balancesheet
638.0,unnamed_1,,balancesheet
639.0,unnamed_1,,balancesheet
640.0,unnamed_1,,balancesheet
641.0,unnamed_1,,balancesheet
642.0,unnamed_1,,balancesheet
643.0,unnamed_1,,balancesheet
644.0,unnamed_1,,balancesheet
645.0,unnamed_1,,balancesheet
646.0,unnamed_1,,balancesheet
647.0,unnamed_1,,balancesheet
648.0,unnamed_1,,balancesheet
649.0,unnamed_1,,balancesheet
650.0,unnamed_1,,balancesheet
651.0,unnamed_1,,balancesheet
652.0,unnamed_1,,balancesheet
653.0,unnamed_1,,balancesheet
654.0,unnamed_1,,balancesheet
655.0,unnamed_1,,balancesheet
656.0,unnamed_1,,balancesheet
657.0,unnamed_1,,balancesheet
658.0,unnamed_1,,balancesheet
659.0,unnamed_1,,balancesheet
660.0,unnamed_1,,balancesheet
661.0,unnamed_1,,balancesheet
662.0,unnamed_1,,balancesheet
663.0,unnamed_1,,balancesheet
664.0,unnamed_1,,balancesheet
665.0,unnamed_1,,balancesheet
666.0,unnamed_1,,balancesheet
667.0,unnamed_1,,balancesheet
668.0,unnamed_1,,balancesheet
669.0,unnamed_1,,balancesheet
670.0,unnamed_1,,balancesheet
671.0,unnamed_1,,balancesheet
672.0,unnamed_1,,balancesheet
673.0,unnamed_1,,balancesheet
674.0,unnamed_1,,balancesheet
675.0,unnamed_1,,balancesheet
676.0,unnamed_1,,balancesheet
677.0,unnamed_1,,balancesheet
678.0,unnamed_1,,balancesheet
679.0,unnamed_1,,balancesheet
680.0,unnamed_1,,balancesheet
681.0,unnamed_1,,balancesheet
682.0,unnamed_1,,balancesheet
683.0,unnamed_1,,balancesheet
684.0,unnamed_1,,balancesheet
685.0,unnamed_1,,balancesheet
686.0,unnamed_1,,balancesheet
687.0,unnamed_1,,balancesheet
688.0,unnamed_1,,balancesheet
689.0,unnamed_1,,balancesheet
690.0,unnamed_1,,balancesheet
691.0,unnamed_1,,balancesheet
692.0,unnamed_1,,balancesheet
693.0,unnamed_1,,balancesheet
694.0,unnamed_1,,balancesheet
695.0,unnamed_1,,balancesheet
696.0,unnamed_1,,balancesheet
697.0,unnamed_1,,balancesheet
698.0,unnamed_1,,balancesheet
699.0,unnamed_1,,balancesheet
700.0,unnamed_1,,balancesheet
701.0,unnamed_1,,balancesheet
702.0,unnamed_1,,balancesheet
703.0,unnamed_1,,balancesheet
704.0,unnamed_1,,balancesheet
705.0,unnamed_1,,balancesheet
706.0,unnamed_1,,balancesheet
707.0,unnamed_1,,balancesheet
708.0,unnamed_1,,balancesheet
709.0,unnamed_1,,balancesheet
710.0,unnamed_1,,balancesheet
711.0,unnamed_1,,balancesheet
712.0,unnamed_1,,balancesheet
713.0,unnamed_1,,balancesheet
714.0,unnamed_1,,balancesheet
715.0,unnamed_1,,balancesheet
716.0,unnamed_1,,balancesheet
717.0,unnamed_1,,balancesheet
718.0,unnamed_1,,balancesheet
719.0,unnamed_1,,balancesheet
720.0,unnamed_1,,balancesheet
721.0,unnamed_1,,balancesheet
722.0,unnamed_1,,balancesheet
723.0,unnamed_1,,balancesheet
724.0,unnamed_1,,balancesheet
725.0,unnamed_1,,balancesheet
726.0,unnamed_1,,balancesheet
727.0,unnamed_1,,balancesheet
728.0,unnamed_1,,balancesheet
729.0,unnamed_1,,balancesheet
730.0,unnamed_1,,balancesheet
731.0,unnamed_1,,balancesheet
732.0,unnamed_1,,balancesheet
733.0,unnamed_1,,balancesheet
734.0,unnamed_1,,balancesheet
735.0,unnamed_1,,balancesheet
736.0,unnamed_1,,balancesheet
737.0,unnamed_1,,balancesheet
738.0,unnamed_1,,balancesheet
739.0,unnamed_1,,balancesheet
740.0,unnamed_1,,balancesheet
741.0,unnamed_1,,balancesheet
742.0,unnamed_1,,balancesheet
743.0,unnamed_1,,balancesheet
744.0,unnamed_1,,balancesheet
745.0,unnamed_1,,balancesheet
746.0,unnamed_1,,balancesheet
747.0,unnamed_1,,balancesheet
748.0,unnamed_1,,balancesheet
749.0,unnamed_1,,balancesheet
750.0,unnamed_1,,balancesheet
751.0,unnamed_1,,balancesheet
752.0,unnamed_1,,balancesheet
753.0,unnamed_1,,balancesheet
754.0,unnamed_1,,balancesheet
755.0,unnamed_1,,balancesheet
756.0,unnamed_1,,balancesheet
757.0,unnamed_1,,balancesheet
758.0,unnamed_1,,balancesheet
759.0,unnamed_1,,balancesheet
760.0,unnamed_1,,balancesheet
761.0,unnamed_1,,balancesheet
762.0,unnamed_1,,balancesheet
763.0,unnamed_1,,balancesheet
764.0,unnamed_1,,balancesheet
765.0,unnamed_1,,balancesheet
766.0,unnamed_1,,balancesheet
767.0,unnamed_1,,balancesheet
768.0,unnamed_1,,balancesheet
769.0,unnamed_1,,balancesheet
770.0,unnamed_1,,balancesheet
771.0,unnamed_1,,balancesheet
772.0,unnamed_1,,balancesheet
773.0,unnamed_1,,balancesheet
774.0,unnamed_1,,balancesheet
775.0,unnamed_1,,balancesheet
776.0,unnamed_1,,balancesheet
777.0,unnamed_1,,balancesheet
778.0,unnamed_1,,balancesheet
779.0,unnamed_1,,balancesheet
780.0,unnamed_1,,balancesheet
781.0,unnamed_1,,balancesheet
782.0,unnamed_1,,balancesheet
783.0,unnamed_1,,balancesheet
784.0,unnamed_1,,balancesheet
785.0,unnamed_1,,balancesheet
786.0,unnamed_1,,balancesheet
787.0,unnamed_1,,balancesheet
788.0,unnamed_1,,balancesheet
789.0,unnamed_1,,balancesheet
790.0,unnamed_1,,balancesheet
791.0,unnamed_1,,balancesheet
792.0,unnamed_1,,balancesheet
793.0,unnamed_1,,balancesheet
794.0,unnamed_1,,balancesheet
795.0,unnamed_1,,balancesheet
796.0,unnamed_1,,balancesheet
797.0,unnamed_1,,balancesheet
798.0,unnamed_1,,balancesheet
799.0,unnamed_1,,balancesheet
800.0,unnamed_1,,balancesheet
801.0,unnamed_1,,balancesheet
802.0,unnamed_1,,balancesheet
803.0,unnamed_1,,balancesheet
804.0,unnamed_1,,balancesheet
805.0,unnamed_1,,balancesheet
806.0,unnamed_1,,balancesheet
807.0,unnamed_1,,balancesheet
808.0,unnamed_1,,balancesheet
809.0,unnamed_1,,balancesheet
810.0,unnamed_1,,balancesheet
811.0,unnamed_1,,balancesheet
812.0,unnamed_1,,balancesheet
813.0,unnamed_1,,balancesheet
814.0,unnamed_1,,balancesheet
815.0,unnamed_1,,balancesheet
816.0,unnamed_1,,balancesheet
817.0,unnamed_1,,balancesheet
818.0,unnamed_1,,balancesheet
819.0,unnamed_1,,balancesheet
820.0,unnamed_1,,balancesheet
821.0,unnamed_1,,balancesheet
822.0,unnamed_1,,balancesheet
823.0,unnamed_1,,balancesheet
824.0,unnamed_1,,balancesheet
825.0,unnamed_1,,balancesheet
826.0,unnamed_1,,balancesheet
827.0,unnamed_1,,balancesheet
828.0,unnamed_1,,balancesheet
829.0,unnamed_1,,balancesheet
830.0,unnamed_1,,balancesheet
831.0,unnamed_1,,balancesheet
832.0,unnamed_1,,balancesheet
833.0,unnamed_1,,balancesheet
834.0,unnamed_1,,balancesheet
835.0,unnamed_1,,balancesheet
836.0,unnamed_1,,balancesheet
837.0,unnamed_1,,balancesheet
838.0,unnamed_1,,balancesheet
839.0,unnamed_1,,balancesheet
840.0,unnamed_1,,balancesheet
841.0,unnamed_1,,balancesheet
842.0,unnamed_1,,balancesheet
843.0,unnamed_1,,balancesheet
844.0,unnamed_1,,balancesheet
845.0,unnamed_1,,balancesheet
846.0,unnamed_1,,balancesheet
847.0,unnamed_1,,balancesheet
848.0,unnamed_1,,balancesheet
849.0,unnamed_1,,balancesheet
850.0,unnamed_1,,balancesheet
851.0,unnamed_1,,balancesheet
852.0,unnamed_1,,balancesheet
853.0,unnamed_1,,balancesheet
854.0,unnamed_1,,balancesheet
855.0,unnamed_1,,balancesheet
856.0,unnamed_1,,balancesheet
857.0,unnamed_1,,balancesheet
858.0,unnamed_1,,balancesheet
859.0,unnamed_1,,balancesheet
860.0,unnamed_1,,balancesheet
861.0,unnamed_1,,balancesheet
862.0,unnamed_1,,balancesheet
863.0,unnamed_1,,balancesheet
864.0,unnamed_1,,balancesheet
865.0,unnamed_1,,balancesheet
866.0,unnamed_1,,balancesheet
867.0,unnamed_1,,balancesheet
868.0,unnamed_1,,balancesheet
869.0,unnamed_1,,balancesheet
870.0,unnamed_1,,balancesheet
871.0,unnamed_1,,balancesheet
872.0,unnamed_1,,balancesheet
873.0,unnamed_1,,balancesheet
874.0,unnamed_1,,balancesheet
875.0,unnamed_1,,balancesheet
876.0,unnamed_1,,balancesheet
877.0,unnamed_1,,balancesheet
878.0,unnamed_1,,balancesheet
879.0,unnamed_1,,balancesheet
880.0,unnamed_1,,balancesheet
881.0,unnamed_1,,balancesheet
882.0,unnamed_1,,balancesheet
883.0,unnamed_1,,balancesheet
884.0,unnamed_1,,balancesheet
885.0,unnamed_1,,balancesheet
886.0,unnamed_1,,balancesheet
887.0,unnamed_1,,balancesheet
888.0,unnamed_1,,balancesheet
889.0,unnamed_1,,balancesheet
890.0,unnamed_1,,balancesheet
891.0,unnamed_1,,balancesheet
892.0,unnamed_1,,balancesheet
893.0,unnamed_1,,balancesheet
894.0,unnamed_1,,balancesheet
895.0,unnamed_1,,balancesheet
896.0,unnamed_1,,balancesheet
897.0,unnamed_1,,balancesheet
898.0,unnamed_1,,balancesheet
899.0,unnamed_1,,balancesheet
900.0,unnamed_1,,balancesheet
901.0,unnamed_1,,balancesheet
902.0,unnamed_1,,balancesheet
903.0,unnamed_1,,balancesheet
904.0,unnamed_1,,balancesheet
905.0,unnamed_1,,balancesheet
906.0,unnamed_1,,balancesheet
907.0,unnamed_1,,balancesheet
908.0,unnamed_1,,balancesheet
909.0,unnamed_1,,balancesheet
910.0,unnamed_1,,balancesheet
911.0,unnamed_1,,balancesheet
912.0,unnamed_1,,balancesheet
913.0,unnamed_1,,balancesheet
914.0,unnamed_1,,balancesheet
915.0,unnamed_1,,balancesheet
916.0,unnamed_1,,balancesheet
917.0,unnamed_1,,balancesheet
918.0,unnamed_1,,balancesheet
919.0,unnamed_1,,balancesheet
920.0,unnamed_1,,balancesheet
921.0,unnamed_1,,balancesheet
922.0,unnamed_1,,balancesheet
923.0,unnamed_1,,balancesheet
924.0,unnamed_1,,balancesheet
925.0,unnamed_1,,balancesheet
926.0,unnamed_1,,balancesheet
927.0,unnamed_1,,balancesheet
928.0,unnamed_1,,balancesheet
929.0,unnamed_1,,balancesheet
930.0,unnamed_1,,balancesheet
931.0,unnamed_1,,balancesheet
932.0,unnamed_1,,balancesheet
933.0,unnamed_1,,balancesheet
934.0,unnamed_1,,balancesheet
935.0,unnamed_1,,balancesheet
936.0,unnamed_1,,balancesheet
937.0,unnamed_1,,balancesheet
938.0,unnamed_1,,balancesheet
939.0,unnamed_1,,balancesheet
940.0,unnamed_1,,balancesheet
941.0,unnamed_1,,balancesheet
942.0,unnamed_1,,balancesheet
943.0,unnamed_1,,balancesheet
944.0,unnamed_1,,balancesheet
945.0,unnamed_1,,balancesheet
946.0,unnamed_1,,balancesheet
947.0,unnamed_1,,balancesheet
948.0,unnamed_1,,balancesheet
949.0,unnamed_1,,balancesheet
950.0,unnamed_1,,balancesheet
951.0,unnamed_1,,balancesheet
952.0,unnamed_1,,balancesheet
953.0,unnamed_1,,balancesheet
954.0,unnamed_1,,balancesheet
955.0,unnamed_1,,balancesheet
956.0,unnamed_1,,balancesheet
957.0,unnamed_1,,balancesheet
958.0,unnamed_1,,balancesheet
959.0,unnamed_1,,balancesheet
960.0,unnamed_1,,balancesheet
961.0,unnamed_1,,balancesheet
962.0,unnamed_1,,balancesheet
963.0,unnamed_1,,balancesheet
964.0,unnamed_1,,balancesheet
965.0,unnamed_1,,balancesheet
966.0,unnamed_1,,balancesheet
967.0,unnamed_1,,balancesheet
968.0,unnamed_1,,balancesheet
969.0,unnamed_1,,balancesheet
970.0,unnamed_1,,balancesheet
971.0,unnamed_1,,balancesheet
972.0,unnamed_1,,balancesheet
973.0,unnamed_1,,balancesheet
974.0,unnamed_1,,balancesheet
975.0,unnamed_1,,balancesheet
976.0,unnamed_1,,balancesheet
977.0,unnamed_1,,balancesheet
978.0,unnamed_1,,balancesheet
979.0,unnamed_1,,balancesheet
980.0,unnamed_1,,balancesheet
981.0,unnamed_1,,balancesheet
982.0,unnamed_1,,balancesheet
983.0,unnamed_1,,balancesheet
984.0,unnamed_1,,balancesheet
985.0,unnamed_1,,balancesheet
986.0,unnamed_1,,balancesheet
987.0,unnamed_1,,balancesheet
988.0,unnamed_1,,balancesheet
989.0,unnamed_1,,balancesheet
990.0,unnamed_1,,balancesheet
991.0,unnamed_1,,balancesheet
992.0,unnamed_1,,balancesheet
993.0,unnamed_1,,balancesheet
994.0,unnamed_1,,balancesheet
995.0,unnamed_1,,balancesheet
996.0,unnamed_1,,balancesheet
997.0,unnamed_1,,balancesheet
998.0,unnamed_1,,balancesheet
999.0,unnamed_1,,balancesheet
1000.0,unnamed_1,,balancesheet
1001.0,unnamed_1,,balancesheet
1002.0,unnamed_1,,balancesheet
1003.0,unnamed_1,,balancesheet
1004.0,unnamed_1,,balancesheet
1005.0,unnamed_1,,balancesheet
1006.0,unnamed_1,,balancesheet
1007.0,unnamed_1,,balancesheet
1008.0,unnamed_1,,balancesheet
1009.0,unnamed_1,,balancesheet
1010.0,unnamed_1,,balancesheet
1011.0,unnamed_1,,balancesheet
1012.0,unnamed_1,,balancesheet
1013.0,unnamed_1,,balancesheet
1014.0,unnamed_1,,balancesheet
1015.0,unnamed_1,,balancesheet
1016.0,unnamed_1,,balancesheet
1017.0,unnamed_1,,balancesheet
1018.0,unnamed_1,,balancesheet
1019.0,unnamed_1,,balancesheet
1020.0,unnamed_1,,balancesheet
1021.0,unnamed_1,,balancesheet
1022.0,unnamed_1,,balancesheet
1023.0,unnamed_1,,balancesheet
1024.0,unnamed_1,,balancesheet
1025.0,unnamed_1,,balancesheet
1026.0,unnamed_1,,balancesheet
1027.0,unnamed_1,,balancesheet
1028.0,unnamed_1,,balancesheet
1029.0,unnamed_1,,balancesheet
1030.0,unnamed_1,,balancesheet
1031.0,unnamed_1,,balancesheet
1032.0,unnamed_1,,balancesheet
1033.0,unnamed_1,,balancesheet
1034.0,unnamed_1,,balancesheet
1035.0,unnamed_1,,balancesheet
1036.0,unnamed_1,,balancesheet
1037.0,unnamed_1,,balancesheet
1038.0,unnamed_1,,balancesheet
1039.0,unnamed_1,,balancesheet
1040.0,unnamed_1,,balancesheet
1041.0,unnamed_1,,balancesheet
1042.0,unnamed_1,,balancesheet
1043.0,unnamed_1,,balancesheet
1044.0,unnamed_1,,balancesheet
1045.0,unnamed_1,,balancesheet
1046.0,unnamed_1,,balancesheet
1047.0,unnamed_1,,balancesheet
1048.0,unnamed_1,,balancesheet
1049.0,unnamed_1,,balancesheet
1050.0,unnamed_1,,balancesheet
1051.0,unnamed_1,,balancesheet
1052.0,unnamed_1,,balancesheet
1053.0,unnamed_1,,balancesheet
1054.0,unnamed_1,,balancesheet
1055.0,unnamed_1,,balancesheet
1056.0,unnamed_1,,balancesheet
1057.0,unnamed_1,,balancesheet
1058.0,unnamed_1,,balancesheet
1059.0,unnamed_1,,balancesheet
1060.0,unnamed_1,,balancesheet
1061.0,unnamed_1,,balancesheet
1062.0,unnamed_1,,balancesheet
1063.0,unnamed_1,,balancesheet
1064.0,unnamed_1,,balancesheet
1065.0,unnamed_1,,balancesheet
1066.0,unnamed_1,,balancesheet
1067.0,unnamed_1,,balancesheet
1068.0,unnamed_1,,balancesheet
1069.0,unnamed_1,,balancesheet
1070.0,unnamed_1,,balancesheet
1071.0,unnamed_1,,balancesheet
1072.0,unnamed_1,,balancesheet
1073.0,unnamed_1,,balancesheet
1074.0,unnamed_1,,balancesheet
1075.0,unnamed_1,,balancesheet
1076.0,unnamed_1,,balancesheet
1077.0,unnamed_1,,balancesheet
1078.0,unnamed_1,,balancesheet
1079.0,unnamed_1,,balancesheet
1080.0,unnamed_1,,balancesheet
1081.0,unnamed_1,,balancesheet
1082.0,unnamed_1,,balancesheet
1083.0,unnamed_1,,balancesheet
1084.0,unnamed_1,,balancesheet
1085.0,unnamed_1,,balancesheet
1086.0,unnamed_1,,balancesheet
1087.0,unnamed_1,,balancesheet
1088.0,unnamed_1,,balancesheet
1089.0,unnamed_1,,balancesheet
1090.0,unnamed_1,,balancesheet
1091.0,unnamed_1,,balancesheet
1092.0,unnamed_1,,balancesheet
1093.0,unnamed_1,,balancesheet
1094.0,unnamed_1,,balancesheet
1095.0,unnamed_1,,balancesheet
1096.0,unnamed_1,,balancesheet
1097.0,unnamed_1,,balancesheet
1098.0,unnamed_1,,balancesheet
1099.0,unnamed_1,,balancesheet
1100.0,unnamed_1,,balancesheet
1101.0,unnamed_1,,balancesheet
1102.0,unnamed_1,,balancesheet
1103.0,unnamed_1,,balancesheet
1104.0,unnamed_1,,balancesheet
1105.0,unnamed_1,,balancesheet
1106.0,unnamed_1,,balancesheet
1107.0,unnamed_1,,balancesheet
1108.0,unnamed_1,,balancesheet
1109.0,unnamed_1,,balancesheet
1110.0,unnamed_1,,balancesheet
1111.0,unnamed_1,,balancesheet
1112.0,unnamed_1,,balancesheet
1113.0,unnamed_1,,balancesheet
1114.0,unnamed_1,,balancesheet
1115.0,unnamed_1,,balancesheet
1116.0,unnamed_1,,balancesheet
1117.0,unnamed_1,,balancesheet
1118.0,unnamed_1,,balancesheet
1119.0,unnamed_1,,balancesheet
1120.0,unnamed_1,,balancesheet
1121.0,unnamed_1,,balancesheet
1122.0,unnamed_1,,balancesheet
1123.0,unnamed_1,,balancesheet
1124.0,unnamed_1,,balancesheet
1125.0,unnamed_1,,balancesheet
1126.0,unnamed_1,,balancesheet
1127.0,unnamed_1,,balancesheet
1128.0,unnamed_1,,balancesheet
1129.0,unnamed_1,,balancesheet
1130.0,unnamed_1,,balancesheet
1131.0,unnamed_1,,balancesheet
1132.0,unnamed_1,,balancesheet
1133.0,unnamed_1,,balancesheet
1134.0,unnamed_1,,balancesheet
1135.0,unnamed_1,,balancesheet
1136.0,unnamed_1,,balancesheet
1137.0,unnamed_1,,balancesheet
1138.0,unnamed_1,,balancesheet
1139.0,unnamed_1,,balancesheet
1140.0,unnamed_1,,balancesheet
1141.0,unnamed_1,,balancesheet
1142.0,unnamed_1,,balancesheet
1143.0,unnamed_1,,balancesheet
1144.0,unnamed_1,,balancesheet
1145.0,unnamed_1,,balancesheet
1146.0,unnamed_1,,balancesheet
1147.0,unnamed_1,,balancesheet
1148.0,unnamed_1,,balancesheet
1149.0,unnamed_1,,balancesheet
1150.0,unnamed_1,,balancesheet
1151.0,unnamed_1,,balancesheet
1152.0,unnamed_1,,balancesheet
1153.0,unnamed_1,,balancesheet
1154.0,unnamed_1,,balancesheet
1155.0,unnamed_1,,balancesheet
1156.0,unnamed_1,,balancesheet
1157.0,unnamed_1,,balancesheet
1158.0,unnamed_1,,balancesheet
1159.0,unnamed_1,,balancesheet
1160.0,unnamed_1,,balancesheet
1161.0,unnamed_1,,balancesheet
1162.0,unnamed_1,,balancesheet
1163.0,unnamed_1,,balancesheet
1164.0,unnamed_1,,balancesheet
1165.0,unnamed_1,,balancesheet
1166.0,unnamed_1,,balancesheet
1167.0,unnamed_1,,balancesheet
1168.0,unnamed_1,,balancesheet
1169.0,unnamed_1,,balancesheet
1170.0,unnamed_1,,balancesheet
1171.0,unnamed_1,,balancesheet
1172.0,unnamed_1,,balancesheet
1173.0,unnamed_1,,balancesheet
1174.0,unnamed_1,,balancesheet
1175.0,unnamed_1,,balancesheet
1176.0,unnamed_1,,balancesheet
1177.0,unnamed_1,,balancesheet
1178.0,unnamed_1,,balancesheet
1179.0,unnamed_1,,balancesheet
1180.0,unnamed_1,,balancesheet
1181.0,unnamed_1,,balancesheet
1182.0,unnamed_1,,balancesheet
1183.0,unnamed_1,,balancesheet
1184.0,unnamed_1,,balancesheet
1185.0,unnamed_1,,balancesheet
1186.0,unnamed_1,,balancesheet
1187.0,unnamed_1,,balancesheet
1188.0,unnamed_1,,balancesheet
1189.0,unnamed_1,,balancesheet
1190.0,unnamed_1,,balancesheet
1191.0,unnamed_1,,balancesheet
1192.0,unnamed_1,,balancesheet
1193.0,unnamed_1,,balancesheet
1194.0,unnamed_1,,balancesheet
1195.0,unnamed_1,,balancesheet
1196.0,unnamed_1,,balancesheet
1197.0,unnamed_1,,balancesheet
1198.0,unnamed_1,,balancesheet
1199.0,unnamed_1,,balancesheet
1200.0,unnamed_1,,balancesheet
1201.0,unnamed_1,,balancesheet
1202.0,unnamed_1,,balancesheet
1203.0,unnamed_1,,balancesheet
1204.0,unnamed_1,,balancesheet
1205.0,unnamed_1,,balancesheet
1206.0,unnamed_1,,balancesheet
1207.0,unnamed_1,,balancesheet
1208.0,unnamed_1,,balancesheet
1209.0,unnamed_1,,balancesheet
1210.0,unnamed_1,,balancesheet
1211.0,unnamed_1,,balancesheet
1212.0,unnamed_1,,balancesheet
1213.0,unnamed_1,,balancesheet
1214.0,unnamed_1,,balancesheet
1215.0,unnamed_1,,balancesheet
1216.0,unnamed_1,,balancesheet
1217.0,unnamed_1,,balancesheet
1218.0,unnamed_1,,balancesheet
1219.0,unnamed_1,,balancesheet
1220.0,unnamed_1,,balancesheet
1221.0,unnamed_1,,balancesheet
1222.0,unnamed_1,,balancesheet
1223.0,unnamed_1,,balancesheet
1224.0,unnamed_1,,balancesheet
1225.0,unnamed_1,,balancesheet
1226.0,unnamed_1,,balancesheet
1227.0,unnamed_1,,balancesheet
1228.0,unnamed_1,,balancesheet
1229.0,unnamed_1,,balancesheet
1230.0,unnamed_1,,balancesheet
1231.0,unnamed_1,,balancesheet
1232.0,unnamed_1,,balancesheet
1233.0,unnamed_1,,balancesheet
1234.0,unnamed_1,,balancesheet
1235.0,unnamed_1,,balancesheet
1236.0,unnamed_1,,balancesheet
1237.0,unnamed_1,,balancesheet
1238.0,unnamed_1,,balancesheet
1239.0,unnamed_1,,balancesheet
1240.0,unnamed_1,,balancesheet
1241.0,unnamed_1,,balancesheet
1242.0,unnamed_1,,balancesheet
1243.0,unnamed_1,,balancesheet
1244.0,unnamed_1,,balancesheet
1245.0,unnamed_1,,balancesheet
1246.0,unnamed_1,,balancesheet
1247.0,unnamed_1,,balancesheet
1248.0,unnamed_1,,balancesheet
1249.0,unnamed_1,,balancesheet
1250.0,unnamed_1,,balancesheet
1251.0,unnamed_1,,balancesheet
1252.0,unnamed_1,,balancesheet
1253.0,unnamed_1,,balancesheet
1254.0,unnamed_1,,balancesheet
1255.0,unnamed_1,,balancesheet
1256.0,unnamed_1,,balancesheet
1257.0,unnamed_1,,balancesheet
1258.0,unnamed_1,,balancesheet
1259.0,unnamed_1,,balancesheet
1260.0,unnamed_1,,balancesheet
1261.0,unnamed_1,,balancesheet
1262.0,unnamed_1,,balancesheet
1263.0,unnamed_1,,balancesheet
1264.0,unnamed_1,,balancesheet
1265.0,unnamed_1,,balancesheet
1266.0,unnamed_1,,balancesheet
1267.0,unnamed_1,,balancesheet
1268.0,unnamed_1,,balancesheet
1269.0,unnamed_1,,balancesheet
1270.0,unnamed_1,,balancesheet
1271.0,unnamed_1,,balancesheet
1272.0,unnamed_1,,balancesheet
1273.0,unnamed_1,,balancesheet
1274.0,unnamed_1,,balancesheet
1275.0,unnamed_1,,balancesheet
1276.0,unnamed_1,,balancesheet
1277.0,unnamed_1,,balancesheet
1278.0,unnamed_1,,balancesheet
1279.0,unnamed_1,,balancesheet
1280.0,unnamed_1,,balancesheet
1281.0,unnamed_1,,balancesheet
1282.0,unnamed_1,,balancesheet
1283.0,unnamed_1,,balancesheet
1284.0,unnamed_1,,balancesheet
1285.0,unnamed_1,,balancesheet
1286.0,unnamed_1,,balancesheet
1287.0,unnamed_1,,balancesheet
1288.0,unnamed_1,,balancesheet
1289.0,unnamed_1,,balancesheet
1290.0,unnamed_1,,balancesheet
1291.0,unnamed_1,,balancesheet
1292.0,unnamed_1,,balancesheet
1293.0,unnamed_1,,balancesheet
1294.0,unnamed_1,,balancesheet
1295.0,unnamed_1,,balancesheet
1296.0,unnamed_1,,balancesheet
1297.0,unnamed_1,,balancesheet
1298.0,unnamed_1,,balancesheet
1299.0,unnamed_1,,balancesheet
1300.0,unnamed_1,,balancesheet
1301.0,unnamed_1,,balancesheet
1302.0,unnamed_1,,balancesheet
1303.0,unnamed_1,,balancesheet
1304.0,unnamed_1,,balancesheet
1305.0,unnamed_1,,balancesheet
1306.0,unnamed_1,,balancesheet
1307.0,unnamed_1,,balancesheet
1308.0,unnamed_1,,balancesheet
1309.0,unnamed_1,,balancesheet
1310.0,unnamed_1,,balancesheet
1311.0,unnamed_1,,balancesheet
1312.0,unnamed_1,,balancesheet
1313.0,unnamed_1,,balancesheet
1314.0,unnamed_1,,balancesheet
1315.0,unnamed_1,,balancesheet
1316.0,unnamed_1,,balancesheet
1317.0,unnamed_1,,balancesheet
1318.0,unnamed_1,,balancesheet
1319.0,unnamed_1,,balancesheet
1320.0,unnamed_1,,balancesheet
1321.0,unnamed_1,,balancesheet
1322.0,unnamed_1,,balancesheet
1323.0,unnamed_1,,balancesheet
1324.0,unnamed_1,,balancesheet
1325.0,unnamed_1,,balancesheet
1326.0,unnamed_1,,balancesheet
1327.0,unnamed_1,,balancesheet
1328.0,unnamed_1,,balancesheet
1329.0,unnamed_1,,balancesheet
1330.0,unnamed_1,,balancesheet
1331.0,unnamed_1,,balancesheet
1332.0,unnamed_1,,balancesheet
1333.0,unnamed_1,,balancesheet
1334.0,unnamed_1,,balancesheet
1335.0,unnamed_1,,balancesheet
1336.0,unnamed_1,,balancesheet
1337.0,unnamed_1,,balancesheet
1338.0,unnamed_1,,balancesheet
1339.0,unnamed_1,,balancesheet
1340.0,unnamed_1,,balancesheet
1341.0,unnamed_1,,balancesheet
1342.0,unnamed_1,,balancesheet
1343.0,unnamed_1,,balancesheet
1344.0,unnamed_1,,balancesheet
1345.0,unnamed_1,,balancesheet
1346.0,unnamed_1,,balancesheet
1347.0,unnamed_1,,balancesheet
1348.0,unnamed_1,,balancesheet
1349.0,unnamed_1,,balancesheet
1350.0,unnamed_1,,balancesheet
1351.0,unnamed_1,,balancesheet
1352.0,unnamed_1,,balancesheet
1353.0,unnamed_1,,balancesheet
1354.0,unnamed_1,,balancesheet
1355.0,unnamed_1,,balancesheet
1356.0,unnamed_1,,balancesheet
1357.0,unnamed_1,,balancesheet
1358.0,unnamed_1,,balancesheet
1359.0,unnamed_1,,balancesheet
1360.0,unnamed_1,,balancesheet
1361.0,unnamed_1,,balancesheet
1362.0,unnamed_1,,balancesheet
1363.0,unnamed_1,,balancesheet
1364.0,unnamed_1,,balancesheet
1365.0,unnamed_1,,balancesheet
1366.0,unnamed_1,,balancesheet
1367.0,unnamed_1,,balancesheet
1368.0,unnamed_1,,balancesheet
1369.0,unnamed_1,,balancesheet
1370.0,unnamed_1,,balancesheet
1371.0,unnamed_1,,balancesheet
1372.0,unnamed_1,,balancesheet
1373.0,unnamed_1,,balancesheet
1374.0,unnamed_1,,balancesheet
1375.0,unnamed_1,,balancesheet
1376.0,unnamed_1,,balancesheet
1377.0,unnamed_1,,balancesheet
1378.0,unnamed_1,,balancesheet
1379.0,unnamed_1,,balancesheet
1380.0,unnamed_1,,balancesheet
1381.0,unnamed_1,,balancesheet
1382.0,unnamed_1,,balancesheet
1383.0,unnamed_1,,balancesheet
1384.0,unnamed_1,,balancesheet
1385.0,unnamed_1,,balancesheet
1386.0,unnamed_1,,balancesheet
1387.0,unnamed_1,,balancesheet
1388.0,unnamed_1,,balancesheet
1389.0,unnamed_1,,balancesheet
1390.0,unnamed_1,,balancesheet
1391.0,unnamed_1,,balancesheet
1392.0,unnamed_1,,balancesheet
1393.0,unnamed_1,,balancesheet
1394.0,unnamed_1,,balancesheet
1395.0,unnamed_1,,balancesheet
1396.0,unnamed_1,,balancesheet
1397.0,unnamed_1,,balancesheet
1398.0,unnamed_1,,balancesheet
1399.0,unnamed_1,,balancesheet
1400.0,unnamed_1,,balancesheet
1401.0,unnamed_1,,balancesheet
1402.0,unnamed_1,,balancesheet
1403.0,unnamed_1,,balancesheet
1404.0,unnamed_1,,balancesheet
1405.0,unnamed_1,,balancesheet
1406.0,unnamed_1,,balancesheet
1407.0,unnamed_1,,balancesheet
1408.0,unnamed_1,,balancesheet
1409.0,unnamed_1,,balancesheet
1410.0,unnamed_1,,balancesheet
1411.0,unnamed_1,,balancesheet
1412.0,unnamed_1,,balancesheet
1413.0,unnamed_1,,balancesheet
1414.0,unnamed_1,,balancesheet
1415.0,unnamed_1,,balancesheet
1416.0,unnamed_1,,balancesheet
1417.0,unnamed_1,,balancesheet
1418.0,unnamed_1,,balancesheet
1419.0,unnamed_1,,balancesheet
1420.0,unnamed_1,,balancesheet
1421.0,unnamed_1,,balancesheet
1422.0,unnamed_1,,balancesheet
1423.0,unnamed_1,,balancesheet
1424.0,unnamed_1,,balancesheet
1425.0,unnamed_1,,balancesheet
1426.0,unnamed_1,,balancesheet
1427.0,unnamed_1,,balancesheet
1428.0,unnamed_1,,balancesheet
1429.0,unnamed_1,,balancesheet
1430.0,unnamed_1,,balancesheet
1431.0,unnamed_1,,balancesheet
1432.0,unnamed_1,,balancesheet
1433.0,unnamed_1,,balancesheet
1434.0,unnamed_1,,balancesheet
1435.0,unnamed_1,,balancesheet
1436.0,unnamed_1,,balancesheet
1437.0,unnamed_1,,balancesheet
1438.0,unnamed_1,,balancesheet
1439.0,unnamed_1,,balancesheet
1440.0,unnamed_1,,balancesheet
1441.0,unnamed_1,,balancesheet
1442.0,unnamed_1,,balancesheet
1443.0,unnamed_1,,balancesheet
1444.0,unnamed_1,,balancesheet
1445.0,unnamed_1,,balancesheet
1446.0,unnamed_1,,balancesheet
1447.0,unnamed_1,,balancesheet
1448.0,unnamed_1,,balancesheet
1449.0,unnamed_1,,balancesheet
1450.0,unnamed_1,,balancesheet
1451.0,unnamed_1,,balancesheet
1452.0,unnamed_1,,balancesheet
1453.0,unnamed_1,,balancesheet
1454.0,unnamed_1,,balancesheet
1455.0,unnamed_1,,balancesheet
1456.0,unnamed_1,,balancesheet
1457.0,unnamed_1,,balancesheet
1458.0,unnamed_1,,balancesheet
1459.0,unnamed_1,,balancesheet
1460.0,unnamed_1,,balancesheet
1461.0,unnamed_1,,balancesheet
1462.0,unnamed_1,,balancesheet
1463.0,unnamed_1,,balancesheet
1464.0,unnamed_1,,balancesheet
1465.0,unnamed_1,,balancesheet
1466.0,unnamed_1,,balancesheet
1467.0,unnamed_1,,balancesheet
1468.0,unnamed_1,,balancesheet
1469.0,unnamed_1,,balancesheet
1470.0,unnamed_1,,balancesheet
1471.0,unnamed_1,,balancesheet
1472.0,unnamed_1,,balancesheet
1473.0,unnamed_1,,balancesheet
1474.0,unnamed_1,,balancesheet
1475.0,unnamed_1,,balancesheet
1476.0,unnamed_1,,balancesheet
1477.0,unnamed_1,,balancesheet
1478.0,unnamed_1,,balancesheet
,unnamed_2,,balancesheet
136.0,unnamed_2,,balancesheet
137.0,unnamed_2,,balancesheet
138.0,unnamed_2,,balancesheet
139.0,unnamed_2,,balancesheet
140.0,unnamed_2,,balancesheet
141.0,unnamed_2,,balancesheet
142.0,unnamed_2,,balancesheet
143.0,unnamed_2,,balancesheet
144.0,unnamed_2,,balancesheet
145.0,unnamed_2,,balancesheet
146.0,unnamed_2,,balancesheet
147.0,unnamed_2,,balancesheet
148.0,unnamed_2,,balancesheet
149.0,unnamed_2,,balancesheet
150.0,unnamed_2,,balancesheet
151.0,unnamed_2,,balancesheet
152.0,unnamed_2,,balancesheet
153.0,unnamed_2,,balancesheet
154.0,unnamed_2,,balancesheet
155.0,unnamed_2,,balancesheet
156.0,unnamed_2,,balancesheet
157.0,unnamed_2,,balancesheet
158.0,unnamed_2,,balancesheet
159.0,unnamed_2,,balancesheet
160.0,unnamed_2,,balancesheet
170.0,unnamed_2,,balancesheet
171.0,unnamed_2,,balancesheet
172.0,unnamed_2,,balancesheet
173.0,unnamed_2,,balancesheet
174.0,unnamed_2,,balancesheet
175.0,unnamed_2,,balancesheet
176.0,unnamed_2,,balancesheet
177.0,unnamed_2,,balancesheet
178.0,unnamed_2,,balancesheet
179.0,unnamed_2,,balancesheet
180.0,unnamed_2,,balancesheet
181.0,unnamed_2,,balancesheet
182.0,unnamed_2,,balancesheet
192.0,unnamed_2,,balancesheet
193.0,unnamed_2,,balancesheet
194.0,unnamed_2,,balancesheet
195.0,unnamed_2,,balancesheet
196.0,unnamed_2,,balancesheet
197.0,unnamed_2,,balancesheet
198.0,unnamed_2,,balancesheet
199.0,unnamed_2,,balancesheet
200.0,unnamed_2,,balancesheet
201.0,unnamed_2,,balancesheet
202.0,unnamed_2,,balancesheet
203.0,unnamed_2,,balancesheet
204.0,unnamed_2,,balancesheet
205.0,unnamed_2,,balancesheet
206.0,unnamed_2,,balancesheet
207.0,unnamed_2,,balancesheet
208.0,unnamed_2,,balancesheet
209.0,unnamed_2,,balancesheet
210.0,unnamed_2,,balancesheet
211.0,unnamed_2,,balancesheet
212.0,unnamed_2,,balancesheet
213.0,unnamed_2,,balancesheet
214.0,unnamed_2,,balancesheet
215.0,unnamed_2,,balancesheet
216.0,unnamed_2,,balancesheet
217.0,unnamed_2,,balancesheet
218.0,unnamed_2,,balancesheet
219.0,unnamed_2,,balancesheet
220.0,unnamed_2,,balancesheet
221.0,unnamed_2,,balancesheet
222.0,unnamed_2,,balancesheet
223.0,unnamed_2,,balancesheet
224.0,unnamed_2,,balancesheet
225.0,unnamed_2,,balancesheet
226.0,unnamed_2,,balancesheet
227.0,unnamed_2,,balancesheet
228.0,unnamed_2,,balancesheet
229.0,unnamed_2,,balancesheet
230.0,unnamed_2,,balancesheet
231.0,unnamed_2,,balancesheet
232.0,unnamed_2,,balancesheet
233.0,unnamed_2,,balancesheet
234.0,unnamed_2,,balancesheet
235.0,unnamed_2,,balancesheet
236.0,unnamed_2,,balancesheet
237.0,unnamed_2,,balancesheet
238.0,unnamed_2,,balancesheet
239.0,unnamed_2,,balancesheet
240.0,unnamed_2,,balancesheet
241.0,unnamed_2,,balancesheet
242.0,unnamed_2,,balancesheet
243.0,unnamed_2,,balancesheet
244.0,unnamed_2,,balancesheet
245.0,unnamed_2,,balancesheet
246.0,unnamed_2,,balancesheet
247.0,unnamed_2,,balancesheet
248.0,unnamed_2,,balancesheet
249.0,unnamed_2,,balancesheet
250.0,unnamed_2,,balancesheet
251.0,unnamed_2,,balancesheet
252.0,unnamed_2,,balancesheet
253.0,unnamed_2,,balancesheet
254.0,unnamed_2,,balancesheet
255.0,unnamed_2,,balancesheet
256.0,unnamed_2,,balancesheet
257.0,unnamed_2,,balancesheet
258.0,unnamed_2,,balancesheet
259.0,unnamed_2,,balancesheet
260.0,unnamed_2,,balancesheet
261.0,unnamed_2,,balancesheet
262.0,unnamed_2,,balancesheet
263.0,unnamed_2,,balancesheet
264.0,unnamed_2,,balancesheet
265.0,unnamed_2,,balancesheet
266.0,unnamed_2,,balancesheet
267.0,unnamed_2,,balancesheet
268.0,unnamed_2,,balancesheet
269.0,unnamed_2,,balancesheet
270.0,unnamed_2,,balancesheet
271.0,unnamed_2,,balancesheet
272.0,unnamed_2,,balancesheet
273.0,unnamed_2,,balancesheet
274.0,unnamed_2,,balancesheet
275.0,unnamed_2,,balancesheet
276.0,unnamed_2,,balancesheet
277.0,unnamed_2,,balancesheet
278.0,unnamed_2,,balancesheet
279.0,unnamed_2,,balancesheet
280.0,unnamed_2,,balancesheet
281.0,unnamed_2,,balancesheet
282.0,unnamed_2,,balancesheet
283.0,unnamed_2,,balancesheet
284.0,unnamed_2,,balancesheet
285.0,unnamed_2,,balancesheet
286.0,unnamed_2,,balancesheet
287.0,unnamed_2,,balancesheet
288.0,unnamed_2,,balancesheet
289.0,unnamed_2,,balancesheet
290.0,unnamed_2,,balancesheet
291.0,unnamed_2,,balancesheet
292.0,unnamed_2,,balancesheet
293.0,unnamed_2,,balancesheet
294.0,unnamed_2,,balancesheet
295.0,unnamed_2,,balancesheet
296.0,unnamed_2,,balancesheet
297.0,unnamed_2,,balancesheet
298.0,unnamed_2,,balancesheet
299.0,unnamed_2,,balancesheet
300.0,unnamed_2,,balancesheet
301.0,unnamed_2,,balancesheet
302.0,unnamed_2,,balancesheet
303.0,unnamed_2,,balancesheet
304.0,unnamed_2,,balancesheet
305.0,unnamed_2,,balancesheet
306.0,unnamed_2,,balancesheet
307.0,unnamed_2,,balancesheet
308.0,unnamed_2,,balancesheet
309.0,unnamed_2,,balancesheet
310.0,unnamed_2,,balancesheet
311.0,unnamed_2,,balancesheet
312.0,unnamed_2,,balancesheet
313.0,unnamed_2,,balancesheet
314.0,unnamed_2,,balancesheet
315.0,unnamed_2,,balancesheet
316.0,unnamed_2,,balancesheet
317.0,unnamed_2,,balancesheet
318.0,unnamed_2,,balancesheet
319.0,unnamed_2,,balancesheet
320.0,unnamed_2,,balancesheet
321.0,unnamed_2,,balancesheet
322.0,unnamed_2,,balancesheet
323.0,unnamed_2,,balancesheet
324.0,unnamed_2,,balancesheet
325.0,unnamed_2,,balancesheet
326.0,unnamed_2,,balancesheet
327.0,unnamed_2,,balancesheet
328.0,unnamed_2,,balancesheet
329.0,unnamed_2,,balancesheet
330.0,unnamed_2,,balancesheet
331.0,unnamed_2,,balancesheet
332.0,unnamed_2,,balancesheet
333.0,unnamed_2,,balancesheet
334.0,unnamed_2,,balancesheet
335.0,unnamed_2,,balancesheet
336.0,unnamed_2,,balancesheet
337.0,unnamed_2,,balancesheet
338.0,unnamed_2,,balancesheet
339.0,unnamed_2,,balancesheet
340.0,unnamed_2,,balancesheet
341.0,unnamed_2,,balancesheet
342.0,unnamed_2,,balancesheet
343.0,unnamed_2,,balancesheet
344.0,unnamed_2,,balancesheet
345.0,unnamed_2,,balancesheet
346.0,unnamed_2,,balancesheet
347.0,unnamed_2,,balancesheet
348.0,unnamed_2,,balancesheet
349.0,unnamed_2,,balancesheet
350.0,unnamed_2,,balancesheet
351.0,unnamed_2,,balancesheet
352.0,unnamed_2,,balancesheet
353.0,unnamed_2,,balancesheet
354.0,unnamed_2,,balancesheet
355.0,unnamed_2,,balancesheet
356.0,unnamed_2,,balancesheet
357.0,unnamed_2,,balancesheet
358.0,unnamed_2,,balancesheet
359.0,unnamed_2,,balancesheet
360.0,unnamed_2,,balancesheet
361.0,unnamed_2,,balancesheet
362.0,unnamed_2,,balancesheet
363.0,unnamed_2,,balancesheet
364.0,unnamed_2,,balancesheet
365.0,unnamed_2,,balancesheet
366.0,unnamed_2,,balancesheet
367.0,unnamed_2,,balancesheet
368.0,unnamed_2,,balancesheet
369.0,unnamed_2,,balancesheet
370.0,unnamed_2,,balancesheet
371.0,unnamed_2,,balancesheet
372.0,unnamed_2,,balancesheet
373.0,unnamed_2,,balancesheet
374.0,unnamed_2,,balancesheet
375.0,unnamed_2,,balancesheet
376.0,unnamed_2,,balancesheet
377.0,unnamed_2,,balancesheet
378.0,unnamed_2,,balancesheet
379.0,unnamed_2,,balancesheet
380.0,unnamed_2,,balancesheet
381.0,unnamed_2,,balancesheet
382.0,unnamed_2,,balancesheet
383.0,unnamed_2,,balancesheet
384.0,unnamed_2,,balancesheet
385.0,unnamed_2,,balancesheet
386.0,unnamed_2,,balancesheet
387.0,unnamed_2,,balancesheet
388.0,unnamed_2,,balancesheet
389.0,unnamed_2,,balancesheet
390.0,unnamed_2,,balancesheet
391.0,unnamed_2,,balancesheet
392.0,unnamed_2,,balancesheet
393.0,unnamed_2,,balancesheet
394.0,unnamed_2,,balancesheet
395.0,unnamed_2,,balancesheet
396.0,unnamed_2,,balancesheet
397.0,unnamed_2,,balancesheet
398.0,unnamed_2,,balancesheet
399.0,unnamed_2,,balancesheet
400.0,unnamed_2,,balancesheet
401.0,unnamed_2,,balancesheet
402.0,unnamed_2,,balancesheet
403.0,unnamed_2,,balancesheet
404.0,unnamed_2,,balancesheet
405.0,unnamed_2,,balancesheet
406.0,unnamed_2,,balancesheet
407.0,unnamed_2,,balancesheet
408.0,unnamed_2,,balancesheet
409.0,unnamed_2,,balancesheet
410.0,unnamed_2,,balancesheet
411.0,unnamed_2,,balancesheet
412.0,unnamed_2,,balancesheet
413.0,unnamed_2,,balancesheet
414.0,unnamed_2,,balancesheet
415.0,unnamed_2,,balancesheet
416.0,unnamed_2,,balancesheet
417.0,unnamed_2,,balancesheet
418.0,unnamed_2,,balancesheet
419.0,unnamed_2,,balancesheet
420.0,unnamed_2,,balancesheet
421.0,unnamed_2,,balancesheet
422.0,unnamed_2,,balancesheet
423.0,unnamed_2,,balancesheet
424.0,unnamed_2,,balancesheet
425.0,unnamed_2,,balancesheet
426.0,unnamed_2,,balancesheet
427.0,unnamed_2,,balancesheet
428.0,unnamed_2,,balancesheet
429.0,unnamed_2,,balancesheet
430.0,unnamed_2,,balancesheet
431.0,unnamed_2,,balancesheet
432.0,unnamed_2,,balancesheet
433.0,unnamed_2,,balancesheet
434.0,unnamed_2,,balancesheet
435.0,unnamed_2,,balancesheet
436.0,unnamed_2,,balancesheet
437.0,unnamed_2,,balancesheet
438.0,unnamed_2,,balancesheet
439.0,unnamed_2,,balancesheet
440.0,unnamed_2,,balancesheet
441.0,unnamed_2,,balancesheet
442.0,unnamed_2,,balancesheet
443.0,unnamed_2,,balancesheet
444.0,unnamed_2,,balancesheet
445.0,unnamed_2,,balancesheet
446.0,unnamed_2,,balancesheet
447.0,unnamed_2,,balancesheet
448.0,unnamed_2,,balancesheet
449.0,unnamed_2,,balancesheet
450.0,unnamed_2,,balancesheet
451.0,unnamed_2,,balancesheet
452.0,unnamed_2,,balancesheet
453.0,unnamed_2,,balancesheet
454.0,unnamed_2,,balancesheet
455.0,unnamed_2,,balancesheet
456.0,unnamed_2,,balancesheet
457.0,unnamed_2,,balancesheet
458.0,unnamed_2,,balancesheet
459.0,unnamed_2,,balancesheet
460.0,unnamed_2,,balancesheet
461.0,unnamed_2,,balancesheet
462.0,unnamed_2,,balancesheet
463.0,unnamed_2,,balancesheet
464.0,unnamed_2,,balancesheet
465.0,unnamed_2,,balancesheet
466.0,unnamed_2,,balancesheet
467.0,unnamed_2,,balancesheet
468.0,unnamed_2,,balancesheet
469.0,unnamed_2,,balancesheet
470.0,unnamed_2,,balancesheet
471.0,unnamed_2,,balancesheet
472.0,unnamed_2,,balancesheet
473.0,unnamed_2,,balancesheet
474.0,unnamed_2,,balancesheet
475.0,unnamed_2,,balancesheet
476.0,unnamed_2,,balancesheet
477.0,unnamed_2,,balancesheet
478.0,unnamed_2,,balancesheet
479.0,unnamed_2,,balancesheet
480.0,unnamed_2,,balancesheet
481.0,unnamed_2,,balancesheet
482.0,unnamed_2,,balancesheet
483.0,unnamed_2,,balancesheet
484.0,unnamed_2,,balancesheet
485.0,unnamed_2,,balancesheet
486.0,unnamed_2,,balancesheet
487.0,unnamed_2,,balancesheet
488.0,unnamed_2,,balancesheet
489.0,unnamed_2,,balancesheet
490.0,unnamed_2,,balancesheet
491.0,unnamed_2,,balancesheet
492.0,unnamed_2,,balancesheet
493.0,unnamed_2,,balancesheet
494.0,unnamed_2,,balancesheet
495.0,unnamed_2,,balancesheet
496.0,unnamed_2,,balancesheet
497.0,unnamed_2,,balancesheet
498.0,unnamed_2,,balancesheet
499.0,unnamed_2,,balancesheet
500.0,unnamed_2,,balancesheet
501.0,unnamed_2,,balancesheet
502.0,unnamed_2,,balancesheet
503.0,unnamed_2,,balancesheet
504.0,unnamed_2,,balancesheet
505.0,unnamed_2,,balancesheet
506.0,unnamed_2,,balancesheet
507.0,unnamed_2,,balancesheet
508.0,unnamed_2,,balancesheet
509.0,unnamed_2,,balancesheet
510.0,unnamed_2,,balancesheet
511.0,unnamed_2,,balancesheet
512.0,unnamed_2,,balancesheet
513.0,unnamed_2,,balancesheet
514.0,unnamed_2,,balancesheet
515.0,unnamed_2,,balancesheet
516.0,unnamed_2,,balancesheet
517.0,unnamed_2,,balancesheet
518.0,unnamed_2,,balancesheet
519.0,unnamed_2,,balancesheet
520.0,unnamed_2,,balancesheet
521.0,unnamed_2,,balancesheet
522.0,unnamed_2,,balancesheet
523.0,unnamed_2,,balancesheet
524.0,unnamed_2,,balancesheet
525.0,unnamed_2,,balancesheet
526.0,unnamed_2,,balancesheet
527.0,unnamed_2,,balancesheet
528.0,unnamed_2,,balancesheet
529.0,unnamed_2,,balancesheet
530.0,unnamed_2,,balancesheet
531.0,unnamed_2,,balancesheet
532.0,unnamed_2,,balancesheet
533.0,unnamed_2,,balancesheet
534.0,unnamed_2,,balancesheet
535.0,unnamed_2,,balancesheet
536.0,unnamed_2,,balancesheet
537.0,unnamed_2,,balancesheet
538.0,unnamed_2,,balancesheet
539.0,unnamed_2,,balancesheet
540.0,unnamed_2,,balancesheet
541.0,unnamed_2,,balancesheet
542.0,unnamed_2,,balancesheet
543.0,unnamed_2,,balancesheet
544.0,unnamed_2,,balancesheet
545.0,unnamed_2,,balancesheet
546.0,unnamed_2,,balancesheet
547.0,unnamed_2,,balancesheet
548.0,unnamed_2,,balancesheet
549.0,unnamed_2,,balancesheet
550.0,unnamed_2,,balancesheet
551.0,unnamed_2,,balancesheet
552.0,unnamed_2,,balancesheet
553.0,unnamed_2,,balancesheet
554.0,unnamed_2,,balancesheet
555.0,unnamed_2,,balancesheet
556.0,unnamed_2,,balancesheet
557.0,unnamed_2,,balancesheet
558.0,unnamed_2,,balancesheet
559.0,unnamed_2,,balancesheet
560.0,unnamed_2,,balancesheet
561.0,unnamed_2,,balancesheet
562.0,unnamed_2,,balancesheet
563.0,unnamed_2,,balancesheet
564.0,unnamed_2,,balancesheet
565.0,unnamed_2,,balancesheet
566.0,unnamed_2,,balancesheet
567.0,unnamed_2,,balancesheet
568.0,unnamed_2,,balancesheet
569.0,unnamed_2,,balancesheet
570.0,unnamed_2,,balancesheet
571.0,unnamed_2,,balancesheet
572.0,unnamed_2,,balancesheet
573.0,unnamed_2,,balancesheet
574.0,unnamed_2,,balancesheet
575.0,unnamed_2,,balancesheet
576.0,unnamed_2,,balancesheet
577.0,unnamed_2,,balancesheet
578.0,unnamed_2,,balancesheet
579.0,unnamed_2,,balancesheet
580.0,unnamed_2,,balancesheet
581.0,unnamed_2,,balancesheet
582.0,unnamed_2,,balancesheet
583.0,unnamed_2,,balancesheet
584.0,unnamed_2,,balancesheet
585.0,unnamed_2,,balancesheet
586.0,unnamed_2,,balancesheet
587.0,unnamed_2,,balancesheet
588.0,unnamed_2,,balancesheet
589.0,unnamed_2,,balancesheet
590.0,unnamed_2,,balancesheet
591.0,unnamed_2,,balancesheet
592.0,unnamed_2,,balancesheet
593.0,unnamed_2,,balancesheet
594.0,unnamed_2,,balancesheet
595.0,unnamed_2,,balancesheet
596.0,unnamed_2,,balancesheet
597.0,unnamed_2,,balancesheet
598.0,unnamed_2,,balancesheet
599.0,unnamed_2,,balancesheet
600.0,unnamed_2,,balancesheet
601.0,unnamed_2,,balancesheet
602.0,unnamed_2,,balancesheet
603.0,unnamed_2,,balancesheet
604.0,unnamed_2,,balancesheet
605.0,unnamed_2,,balancesheet
606.0,unnamed_2,,balancesheet
607.0,unnamed_2,,balancesheet
608.0,unnamed_2,,balancesheet
609.0,unnamed_2,,balancesheet
610.0,unnamed_2,,balancesheet
611.0,unnamed_2,,balancesheet
612.0,unnamed_2,,balancesheet
613.0,unnamed_2,,balancesheet
614.0,unnamed_2,,balancesheet
615.0,unnamed_2,,balancesheet
616.0,unnamed_2,,balancesheet
630.0,unnamed_2,,balancesheet
631.0,unnamed_2,,balancesheet
632.0,unnamed_2,,balancesheet
633.0,unnamed_2,,balancesheet
634.0,unnamed_2,,balancesheet
635.0,unnamed_2,,balancesheet
636.0,unnamed_2,,balancesheet
637.0,unnamed_2,,balancesheet
638.0,unnamed_2,,balancesheet
639.0,unnamed_2,,balancesheet
640.0,unnamed_2,,balancesheet
641.0,unnamed_2,,balancesheet
642.0,unnamed_2,,balancesheet
643.0,unnamed_2,,balancesheet
644.0,unnamed_2,,balancesheet
645.0,unnamed_2,,balancesheet
646.0,unnamed_2,,balancesheet
647.0,unnamed_2,,balancesheet
648.0,unnamed_2,,balancesheet
649.0,unnamed_2,,balancesheet
650.0,unnamed_2,,balancesheet
651.0,unnamed_2,,balancesheet
652.0,unnamed_2,,balancesheet
653.0,unnamed_2,,balancesheet
654.0,unnamed_2,,balancesheet
655.0,unnamed_2,,balancesheet
656.0,unnamed_2,,balancesheet
657.0,unnamed_2,,balancesheet
658.0,unnamed_2,,balancesheet
659.0,unnamed_2,,balancesheet
660.0,unnamed_2,,balancesheet
661.0,unnamed_2,,balancesheet
662.0,unnamed_2,,balancesheet
663.0,unnamed_2,,balancesheet
664.0,unnamed_2,,balancesheet
665.0,unnamed_2,,balancesheet
666.0,unnamed_2,,balancesheet
667.0,unnamed_2,,balancesheet
668.0,unnamed_2,,balancesheet
669.0,unnamed_2,,balancesheet
670.0,unnamed_2,,balancesheet
671.0,unnamed_2,,balancesheet
672.0,unnamed_2,,balancesheet
673.0,unnamed_2,,balancesheet
674.0,unnamed_2,,balancesheet
675.0,unnamed_2,,balancesheet
676.0,unnamed_2,,balancesheet
677.0,unnamed_2,,balancesheet
678.0,unnamed_2,,balancesheet
679.0,unnamed_2,,balancesheet
680.0,unnamed_2,,balancesheet
681.0,unnamed_2,,balancesheet
682.0,unnamed_2,,balancesheet
683.0,unnamed_2,,balancesheet
684.0,unnamed_2,,balancesheet
685.0,unnamed_2,,balancesheet
686.0,unnamed_2,,balancesheet
687.0,unnamed_2,,balancesheet
688.0,unnamed_2,,balancesheet
689.0,unnamed_2,,balancesheet
690.0,unnamed_2,,balancesheet
691.0,unnamed_2,,balancesheet
692.0,unnamed_2,,balancesheet
693.0,unnamed_2,,balancesheet
694.0,unnamed_2,,balancesheet
695.0,unnamed_2,,balancesheet
696.0,unnamed_2,,balancesheet
697.0,unnamed_2,,balancesheet
698.0,unnamed_2,,balancesheet
699.0,unnamed_2,,balancesheet
700.0,unnamed_2,,balancesheet
701.0,unnamed_2,,balancesheet
702.0,unnamed_2,,balancesheet
703.0,unnamed_2,,balancesheet
704.0,unnamed_2,,balancesheet
705.0,unnamed_2,,balancesheet
706.0,unnamed_2,,balancesheet
707.0,unnamed_2,,balancesheet
708.0,unnamed_2,,balancesheet
709.0,unnamed_2,,balancesheet
710.0,unnamed_2,,balancesheet
711.0,unnamed_2,,balancesheet
712.0,unnamed_2,,balancesheet
713.0,unnamed_2,,balancesheet
714.0,unnamed_2,,balancesheet
715.0,unnamed_2,,balancesheet
716.0,unnamed_2,,balancesheet
717.0,unnamed_2,,balancesheet
718.0,unnamed_2,,balancesheet
719.0,unnamed_2,,balancesheet
720.0,unnamed_2,,balancesheet
721.0,unnamed_2,,balancesheet
722.0,unnamed_2,,balancesheet
723.0,unnamed_2,,balancesheet
724.0,unnamed_2,,balancesheet
725.0,unnamed_2,,balancesheet
726.0,unnamed_2,,balancesheet
727.0,unnamed_2,,balancesheet
728.0,unnamed_2,,balancesheet
729.0,unnamed_2,,balancesheet
730.0,unnamed_2,,balancesheet
731.0,unnamed_2,,balancesheet
732.0,unnamed_2,,balancesheet
733.0,unnamed_2,,balancesheet
734.0,unnamed_2,,balancesheet
735.0,unnamed_2,,balancesheet
736.0,unnamed_2,,balancesheet
737.0,unnamed_2,,balancesheet
738.0,unnamed_2,,balancesheet
739.0,unnamed_2,,balancesheet
740.0,unnamed_2,,balancesheet
741.0,unnamed_2,,balancesheet
742.0,unnamed_2,,balancesheet
743.0,unnamed_2,,balancesheet
744.0,unnamed_2,,balancesheet
745.0,unnamed_2,,balancesheet
746.0,unnamed_2,,balancesheet
747.0,unnamed_2,,balancesheet
748.0,unnamed_2,,balancesheet
749.0,unnamed_2,,balancesheet
750.0,unnamed_2,,balancesheet
751.0,unnamed_2,,balancesheet
752.0,unnamed_2,,balancesheet
753.0,unnamed_2,,balancesheet
754.0,unnamed_2,,balancesheet
755.0,unnamed_2,,balancesheet
756.0,unnamed_2,,balancesheet
757.0,unnamed_2,,balancesheet
758.0,unnamed_2,,balancesheet
759.0,unnamed_2,,balancesheet
760.0,unnamed_2,,balancesheet
761.0,unnamed_2,,balancesheet
762.0,unnamed_2,,balancesheet
763.0,unnamed_2,,balancesheet
764.0,unnamed_2,,balancesheet
765.0,unnamed_2,,balancesheet
766.0,unnamed_2,,balancesheet
767.0,unnamed_2,,balancesheet
768.0,unnamed_2,,balancesheet
769.0,unnamed_2,,balancesheet
770.0,unnamed_2,,balancesheet
771.0,unnamed_2,,balancesheet
772.0,unnamed_2,,balancesheet
773.0,unnamed_2,,balancesheet
774.0,unnamed_2,,balancesheet
775.0,unnamed_2,,balancesheet
776.0,unnamed_2,,balancesheet
777.0,unnamed_2,,balancesheet
778.0,unnamed_2,,balancesheet
779.0,unnamed_2,,balancesheet
780.0,unnamed_2,,balancesheet
781.0,unnamed_2,,balancesheet
782.0,unnamed_2,,balancesheet
783.0,unnamed_2,,balancesheet
784.0,unnamed_2,,balancesheet
785.0,unnamed_2,,balancesheet
786.0,unnamed_2,,balancesheet
787.0,unnamed_2,,balancesheet
788.0,unnamed_2,,balancesheet
789.0,unnamed_2,,balancesheet
790.0,unnamed_2,,balancesheet
791.0,unnamed_2,,balancesheet
792.0,unnamed_2,,balancesheet
793.0,unnamed_2,,balancesheet
794.0,unnamed_2,,balancesheet
795.0,unnamed_2,,balancesheet
796.0,unnamed_2,,balancesheet
797.0,unnamed_2,,balancesheet
798.0,unnamed_2,,balancesheet
799.0,unnamed_2,,balancesheet
800.0,unnamed_2,,balancesheet
801.0,unnamed_2,,balancesheet
802.0,unnamed_2,,balancesheet
803.0,unnamed_2,,balancesheet
804.0,unnamed_2,,balancesheet
805.0,unnamed_2,,balancesheet
806.0,unnamed_2,,balancesheet
807.0,unnamed_2,,balancesheet
808.0,unnamed_2,,balancesheet
809.0,unnamed_2,,balancesheet
810.0,unnamed_2,,balancesheet
811.0,unnamed_2,,balancesheet
812.0,unnamed_2,,balancesheet
813.0,unnamed_2,,balancesheet
814.0,unnamed_2,,balancesheet
815.0,unnamed_2,,balancesheet
816.0,unnamed_2,,balancesheet
817.0,unnamed_2,,balancesheet
818.0,unnamed_2,,balancesheet
819.0,unnamed_2,,balancesheet
820.0,unnamed_2,,balancesheet
821.0,unnamed_2,,balancesheet
822.0,unnamed_2,,balancesheet
823.0,unnamed_2,,balancesheet
824.0,unnamed_2,,balancesheet
825.0,unnamed_2,,balancesheet
826.0,unnamed_2,,balancesheet
827.0,unnamed_2,,balancesheet
828.0,unnamed_2,,balancesheet
829.0,unnamed_2,,balancesheet
830.0,unnamed_2,,balancesheet
831.0,unnamed_2,,balancesheet
832.0,unnamed_2,,balancesheet
833.0,unnamed_2,,balancesheet
834.0,unnamed_2,,balancesheet
835.0,unnamed_2,,balancesheet
836.0,unnamed_2,,balancesheet
837.0,unnamed_2,,balancesheet
838.0,unnamed_2,,balancesheet
839.0,unnamed_2,,balancesheet
840.0,unnamed_2,,balancesheet
841.0,unnamed_2,,balancesheet
842.0,unnamed_2,,balancesheet
843.0,unnamed_2,,balancesheet
844.0,unnamed_2,,balancesheet
845.0,unnamed_2,,balancesheet
846.0,unnamed_2,,balancesheet
847.0,unnamed_2,,balancesheet
848.0,unnamed_2,,balancesheet
849.0,unnamed_2,,balancesheet
850.0,unnamed_2,,balancesheet
851.0,unnamed_2,,balancesheet
852.0,unnamed_2,,balancesheet
853.0,unnamed_2,,balancesheet
854.0,unnamed_2,,balancesheet
855.0,unnamed_2,,balancesheet
856.0,unnamed_2,,balancesheet
857.0,unnamed_2,,balancesheet
858.0,unnamed_2,,balancesheet
859.0,unnamed_2,,balancesheet
860.0,unnamed_2,,balancesheet
861.0,unnamed_2,,balancesheet
862.0,unnamed_2,,balancesheet
863.0,unnamed_2,,balancesheet
864.0,unnamed_2,,balancesheet
865.0,unnamed_2,,balancesheet
866.0,unnamed_2,,balancesheet
867.0,unnamed_2,,balancesheet
868.0,unnamed_2,,balancesheet
869.0,unnamed_2,,balancesheet
870.0,unnamed_2,,balancesheet
871.0,unnamed_2,,balancesheet
872.0,unnamed_2,,balancesheet
873.0,unnamed_2,,balancesheet
874.0,unnamed_2,,balancesheet
875.0,unnamed_2,,balancesheet
876.0,unnamed_2,,balancesheet
877.0,unnamed_2,,balancesheet
878.0,unnamed_2,,balancesheet
879.0,unnamed_2,,balancesheet
880.0,unnamed_2,,balancesheet
881.0,unnamed_2,,balancesheet
882.0,unnamed_2,,balancesheet
883.0,unnamed_2,,balancesheet
884.0,unnamed_2,,balancesheet
885.0,unnamed_2,,balancesheet
886.0,unnamed_2,,balancesheet
887.0,unnamed_2,,balancesheet
888.0,unnamed_2,,balancesheet
889.0,unnamed_2,,balancesheet
890.0,unnamed_2,,balancesheet
891.0,unnamed_2,,balancesheet
892.0,unnamed_2,,balancesheet
893.0,unnamed_2,,balancesheet
894.0,unnamed_2,,balancesheet
895.0,unnamed_2,,balancesheet
896.0,unnamed_2,,balancesheet
897.0,unnamed_2,,balancesheet
898.0,unnamed_2,,balancesheet
899.0,unnamed_2,,balancesheet
900.0,unnamed_2,,balancesheet
901.0,unnamed_2,,balancesheet
902.0,unnamed_2,,balancesheet
903.0,unnamed_2,,balancesheet
904.0,unnamed_2,,balancesheet
905.0,unnamed_2,,balancesheet
906.0,unnamed_2,,balancesheet
907.0,unnamed_2,,balancesheet
908.0,unnamed_2,,balancesheet
909.0,unnamed_2,,balancesheet
910.0,unnamed_2,,balancesheet
911.0,unnamed_2,,balancesheet
912.0,unnamed_2,,balancesheet
913.0,unnamed_2,,balancesheet
914.0,unnamed_2,,balancesheet
915.0,unnamed_2,,balancesheet
916.0,unnamed_2,,balancesheet
917.0,unnamed_2,,balancesheet
918.0,unnamed_2,,balancesheet
919.0,unnamed_2,,balancesheet
920.0,unnamed_2,,balancesheet
921.0,unnamed_2,,balancesheet
922.0,unnamed_2,,balancesheet
923.0,unnamed_2,,balancesheet
924.0,unnamed_2,,balancesheet
925.0,unnamed_2,,balancesheet
926.0,unnamed_2,,balancesheet
927.0,unnamed_2,,balancesheet
928.0,unnamed_2,,balancesheet
929.0,unnamed_2,,balancesheet
930.0,unnamed_2,,balancesheet
931.0,unnamed_2,,balancesheet
932.0,unnamed_2,,balancesheet
933.0,unnamed_2,,balancesheet
934.0,unnamed_2,,balancesheet
935.0,unnamed_2,,balancesheet
936.0,unnamed_2,,balancesheet
937.0,unnamed_2,,balancesheet
938.0,unnamed_2,,balancesheet
939.0,unnamed_2,,balancesheet
940.0,unnamed_2,,balancesheet
941.0,unnamed_2,,balancesheet
942.0,unnamed_2,,balancesheet
943.0,unnamed_2,,balancesheet
944.0,unnamed_2,,balancesheet
945.0,unnamed_2,,balancesheet
946.0,unnamed_2,,balancesheet
947.0,unnamed_2,,balancesheet
948.0,unnamed_2,,balancesheet
949.0,unnamed_2,,balancesheet
950.0,unnamed_2,,balancesheet
951.0,unnamed_2,,balancesheet
952.0,unnamed_2,,balancesheet
953.0,unnamed_2,,balancesheet
954.0,unnamed_2,,balancesheet
955.0,unnamed_2,,balancesheet
956.0,unnamed_2,,balancesheet
957.0,unnamed_2,,balancesheet
958.0,unnamed_2,,balancesheet
959.0,unnamed_2,,balancesheet
960.0,unnamed_2,,balancesheet
961.0,unnamed_2,,balancesheet
962.0,unnamed_2,,balancesheet
963.0,unnamed_2,,balancesheet
964.0,unnamed_2,,balancesheet
965.0,unnamed_2,,balancesheet
966.0,unnamed_2,,balancesheet
967.0,unnamed_2,,balancesheet
968.0,unnamed_2,,balancesheet
969.0,unnamed_2,,balancesheet
970.0,unnamed_2,,balancesheet
971.0,unnamed_2,,balancesheet
972.0,unnamed_2,,balancesheet
973.0,unnamed_2,,balancesheet
974.0,unnamed_2,,balancesheet
975.0,unnamed_2,,balancesheet
976.0,unnamed_2,,balancesheet
977.0,unnamed_2,,balancesheet
978.0,unnamed_2,,balancesheet
979.0,unnamed_2,,balancesheet
980.0,unnamed_2,,balancesheet
981.0,unnamed_2,,balancesheet
982.0,unnamed_2,,balancesheet
983.0,unnamed_2,,balancesheet
984.0,unnamed_2,,balancesheet
985.0,unnamed_2,,balancesheet
986.0,unnamed_2,,balancesheet
987.0,unnamed_2,,balancesheet
988.0,unnamed_2,,balancesheet
989.0,unnamed_2,,balancesheet
990.0,unnamed_2,,balancesheet
991.0,unnamed_2,,balancesheet
992.0,unnamed_2,,balancesheet
993.0,unnamed_2,,balancesheet
994.0,unnamed_2,,balancesheet
995.0,unnamed_2,,balancesheet
996.0,unnamed_2,,balancesheet
997.0,unnamed_2,,balancesheet
998.0,unnamed_2,,balancesheet
999.0,unnamed_2,,balancesheet
1000.0,unnamed_2,,balancesheet
1001.0,unnamed_2,,balancesheet
1002.0,unnamed_2,,balancesheet
1003.0,unnamed_2,,balancesheet
1004.0,unnamed_2,,balancesheet
1005.0,unnamed_2,,balancesheet
1006.0,unnamed_2,,balancesheet
1007.0,unnamed_2,,balancesheet
1008.0,unnamed_2,,balancesheet
1009.0,unnamed_2,,balancesheet
1010.0,unnamed_2,,balancesheet
1011.0,unnamed_2,,balancesheet
1012.0,unnamed_2,,balancesheet
1013.0,unnamed_2,,balancesheet
1014.0,unnamed_2,,balancesheet
1015.0,unnamed_2,,balancesheet
1016.0,unnamed_2,,balancesheet
1017.0,unnamed_2,,balancesheet
1018.0,unnamed_2,,balancesheet
1019.0,unnamed_2,,balancesheet
1020.0,unnamed_2,,balancesheet
1021.0,unnamed_2,,balancesheet
1022.0,unnamed_2,,balancesheet
1023.0,unnamed_2,,balancesheet
1024.0,unnamed_2,,balancesheet
1025.0,unnamed_2,,balancesheet
1026.0,unnamed_2,,balancesheet
1027.0,unnamed_2,,balancesheet
1028.0,unnamed_2,,balancesheet
1029.0,unnamed_2,,balancesheet
1030.0,unnamed_2,,balancesheet
1031.0,unnamed_2,,balancesheet
1032.0,unnamed_2,,balancesheet
1033.0,unnamed_2,,balancesheet
1034.0,unnamed_2,,balancesheet
1035.0,unnamed_2,,balancesheet
1036.0,unnamed_2,,balancesheet
1037.0,unnamed_2,,balancesheet
1038.0,unnamed_2,,balancesheet
1039.0,unnamed_2,,balancesheet
1040.0,unnamed_2,,balancesheet
1041.0,unnamed_2,,balancesheet
1042.0,unnamed_2,,balancesheet
1043.0,unnamed_2,,balancesheet
1044.0,unnamed_2,,balancesheet
1045.0,unnamed_2,,balancesheet
1046.0,unnamed_2,,balancesheet
1047.0,unnamed_2,,balancesheet
1048.0,unnamed_2,,balancesheet
1049.0,unnamed_2,,balancesheet
1050.0,unnamed_2,,balancesheet
1051.0,unnamed_2,,balancesheet
1052.0,unnamed_2,,balancesheet
1053.0,unnamed_2,,balancesheet
1054.0,unnamed_2,,balancesheet
1055.0,unnamed_2,,balancesheet
1056.0,unnamed_2,,balancesheet
1057.0,unnamed_2,,balancesheet
1058.0,unnamed_2,,balancesheet
1059.0,unnamed_2,,balancesheet
1060.0,unnamed_2,,balancesheet
1061.0,unnamed_2,,balancesheet
1062.0,unnamed_2,,balancesheet
1063.0,unnamed_2,,balancesheet
1064.0,unnamed_2,,balancesheet
1065.0,unnamed_2,,balancesheet
1066.0,unnamed_2,,balancesheet
1067.0,unnamed_2,,balancesheet
1068.0,unnamed_2,,balancesheet
1069.0,unnamed_2,,balancesheet
1070.0,unnamed_2,,balancesheet
1071.0,unnamed_2,,balancesheet
1072.0,unnamed_2,,balancesheet
1073.0,unnamed_2,,balancesheet
1074.0,unnamed_2,,balancesheet
1075.0,unnamed_2,,balancesheet
1076.0,unnamed_2,,balancesheet
1077.0,unnamed_2,,balancesheet
1078.0,unnamed_2,,balancesheet
1079.0,unnamed_2,,balancesheet
1080.0,unnamed_2,,balancesheet
1081.0,unnamed_2,,balancesheet
1082.0,unnamed_2,,balancesheet
1083.0,unnamed_2,,balancesheet
1084.0,unnamed_2,,balancesheet
1085.0,unnamed_2,,balancesheet
1086.0,unnamed_2,,balancesheet
1087.0,unnamed_2,,balancesheet
1088.0,unnamed_2,,balancesheet
1089.0,unnamed_2,,balancesheet
1090.0,unnamed_2,,balancesheet
1091.0,unnamed_2,,balancesheet
1092.0,unnamed_2,,balancesheet
1093.0,unnamed_2,,balancesheet
1094.0,unnamed_2,,balancesheet
1095.0,unnamed_2,,balancesheet
1096.0,unnamed_2,,balancesheet
1097.0,unnamed_2,,balancesheet
1098.0,unnamed_2,,balancesheet
1099.0,unnamed_2,,balancesheet
1100.0,unnamed_2,,balancesheet
1101.0,unnamed_2,,balancesheet
1102.0,unnamed_2,,balancesheet
1103.0,unnamed_2,,balancesheet
1104.0,unnamed_2,,balancesheet
1105.0,unnamed_2,,balancesheet
1106.0,unnamed_2,,balancesheet
1107.0,unnamed_2,,balancesheet
1108.0,unnamed_2,,balancesheet
1109.0,unnamed_2,,balancesheet
1110.0,unnamed_2,,balancesheet
1111.0,unnamed_2,,balancesheet
1112.0,unnamed_2,,balancesheet
1113.0,unnamed_2,,balancesheet
1114.0,unnamed_2,,balancesheet
1115.0,unnamed_2,,balancesheet
1116.0,unnamed_2,,balancesheet
1117.0,unnamed_2,,balancesheet
1118.0,unnamed_2,,balancesheet
1119.0,unnamed_2,,balancesheet
1120.0,unnamed_2,,balancesheet
1121.0,unnamed_2,,balancesheet
1122.0,unnamed_2,,balancesheet
1123.0,unnamed_2,,balancesheet
1124.0,unnamed_2,,balancesheet
1125.0,unnamed_2,,balancesheet
1126.0,unnamed_2,,balancesheet
1127.0,unnamed_2,,balancesheet
1128.0,unnamed_2,,balancesheet
1129.0,unnamed_2,,balancesheet
1130.0,unnamed_2,,balancesheet
1131.0,unnamed_2,,balancesheet
1132.0,unnamed_2,,balancesheet
1133.0,unnamed_2,,balancesheet
1134.0,unnamed_2,,balancesheet
1135.0,unnamed_2,,balancesheet
1136.0,unnamed_2,,balancesheet
1137.0,unnamed_2,,balancesheet
1138.0,unnamed_2,,balancesheet
1139.0,unnamed_2,,balancesheet
1140.0,unnamed_2,,balancesheet
1141.0,unnamed_2,,balancesheet
1142.0,unnamed_2,,balancesheet
1143.0,unnamed_2,,balancesheet
1144.0,unnamed_2,,balancesheet
1145.0,unnamed_2,,balancesheet
1146.0,unnamed_2,,balancesheet
1147.0,unnamed_2,,balancesheet
1148.0,unnamed_2,,balancesheet
1149.0,unnamed_2,,balancesheet
1150.0,unnamed_2,,balancesheet
1151.0,unnamed_2,,balancesheet
1152.0,unnamed_2,,balancesheet
1153.0,unnamed_2,,balancesheet
1154.0,unnamed_2,,balancesheet
1155.0,unnamed_2,,balancesheet
1156.0,unnamed_2,,balancesheet
1157.0,unnamed_2,,balancesheet
1158.0,unnamed_2,,balancesheet
1159.0,unnamed_2,,balancesheet
1160.0,unnamed_2,,balancesheet
1161.0,unnamed_2,,balancesheet
1162.0,unnamed_2,,balancesheet
1163.0,unnamed_2,,balancesheet
1164.0,unnamed_2,,balancesheet
1165.0,unnamed_2,,balancesheet
1166.0,unnamed_2,,balancesheet
1167.0,unnamed_2,,balancesheet
1168.0,unnamed_2,,balancesheet
1169.0,unnamed_2,,balancesheet
1170.0,unnamed_2,,balancesheet
1171.0,unnamed_2,,balancesheet
1172.0,unnamed_2,,balancesheet
1173.0,unnamed_2,,balancesheet
1174.0,unnamed_2,,balancesheet
1175.0,unnamed_2,,balancesheet
1176.0,unnamed_2,,balancesheet
1177.0,unnamed_2,,balancesheet
1178.0,unnamed_2,,balancesheet
1179.0,unnamed_2,,balancesheet
1180.0,unnamed_2,,balancesheet
1181.0,unnamed_2,,balancesheet
1182.0,unnamed_2,,balancesheet
1183.0,unnamed_2,,balancesheet
1184.0,unnamed_2,,balancesheet
1185.0,unnamed_2,,balancesheet
1186.0,unnamed_2,,balancesheet
1187.0,unnamed_2,,balancesheet
1188.0,unnamed_2,,balancesheet
1189.0,unnamed_2,,balancesheet
1190.0,unnamed_2,,balancesheet
1191.0,unnamed_2,,balancesheet
1192.0,unnamed_2,,balancesheet
1193.0,unnamed_2,,balancesheet
1194.0,unnamed_2,,balancesheet
1195.0,unnamed_2,,balancesheet
1196.0,unnamed_2,,balancesheet
1197.0,unnamed_2,,balancesheet
1198.0,unnamed_2,,balancesheet
1199.0,unnamed_2,,balancesheet
1200.0,unnamed_2,2013.0,balancesheet
1201.0,unnamed_2,2014.0,balancesheet
1202.0,unnamed_2,2015.0,balancesheet
1203.0,unnamed_2,2016.0,balancesheet
1204.0,unnamed_2,2017.0,balancesheet
1205.0,unnamed_2,2018.0,balancesheet
1206.0,unnamed_2,2019.0,balancesheet
1207.0,unnamed_2,2020.0,balancesheet
1208.0,unnamed_2,2021.0,balancesheet
1209.0,unnamed_2,2022.0,balancesheet
1210.0,unnamed_2,2023.0,balancesheet
1211.0,unnamed_2,2024.0,balancesheet
1212.0,unnamed_2,2024.5,balancesheet
1213.0,unnamed_2,,balancesheet
1214.0,unnamed_2,,balancesheet
1215.0,unnamed_2,,balancesheet
1216.0,unnamed_2,,balancesheet
1217.0,unnamed_2,,balancesheet
1218.0,unnamed_2,,balancesheet
1219.0,unnamed_2,,balancesheet
1220.0,unnamed_2,,balancesheet
1221.0,unnamed_2,,balancesheet
1222.0,unnamed_2,,balancesheet
1223.0,unnamed_2,,balancesheet
1224.0,unnamed_2,,balancesheet
1225.0,unnamed_2,,balancesheet
1226.0,unnamed_2,2018.0,balancesheet
1227.0,unnamed_2,2019.0,balancesheet
1228.0,unnamed_2,2020.0,balancesheet
1229.0,unnamed_2,2021.0,balancesheet
1230.0,unnamed_2,2022.0,balancesheet
1231.0,unnamed_2,2023.0,balancesheet
1232.0,unnamed_2,2024.0,balancesheet
1233.0,unnamed_2,2024.5,balancesheet
1234.0,unnamed_2,2013.0,balancesheet
1235.0,unnamed_2,2014.0,balancesheet
1236.0,unnamed_2,2015.0,balancesheet
1237.0,unnamed_2,2016.0,balancesheet
1238.0,unnamed_2,2017.0,balancesheet
1239.0,unnamed_2,2018.0,balancesheet
1240.0,unnamed_2,2019.0,balancesheet
1241.0,unnamed_2,2020.0,balancesheet
1242.0,unnamed_2,2021.0,balancesheet
1243.0,unnamed_2,2022.0,balancesheet
1244.0,unnamed_2,2023.0,balancesheet
1245.0,unnamed_2,2024.0,balancesheet
1246.0,unnamed_2,2024.5,balancesheet
1247.0,unnamed_2,2013.0,balancesheet
1248.0,unnamed_2,2014.0,balancesheet
1249.0,unnamed_2,2015.0,balancesheet
1250.0,unnamed_2,2016.0,balancesheet
1251.0,unnamed_2,2017.0,balancesheet
1252.0,unnamed_2,2018.0,balancesheet
1253.0,unnamed_2,2019.0,balancesheet
1254.0,unnamed_2,2020.0,balancesheet
1255.0,unnamed_2,2021.0,balancesheet
1256.0,unnamed_2,2022.0,balancesheet
1257.0,unnamed_2,2023.0,balancesheet
1258.0,unnamed_2,2024.0,balancesheet
1259.0,unnamed_2,2024.5,balancesheet
1260.0,unnamed_2,,balancesheet
1261.0,unnamed_2,,balancesheet
1262.0,unnamed_2,,balancesheet
1263.0,unnamed_2,,balancesheet
1264.0,unnamed_2,,balancesheet
1265.0,unnamed_2,,balancesheet
1266.0,unnamed_2,,balancesheet
1267.0,unnamed_2,,balancesheet
1268.0,unnamed_2,,balancesheet
1269.0,unnamed_2,,balancesheet
1270.0,unnamed_2,,balancesheet
1271.0,unnamed_2,,balancesheet
1272.0,unnamed_2,,balancesheet
1273.0,unnamed_2,,balancesheet
1274.0,unnamed_2,,balancesheet
1275.0,unnamed_2,,balancesheet
1276.0,unnamed_2,,balancesheet
1277.0,unnamed_2,,balancesheet
1278.0,unnamed_2,,balancesheet
1279.0,unnamed_2,,balancesheet
1280.0,unnamed_2,,balancesheet
1281.0,unnamed_2,,balancesheet
1282.0,unnamed_2,,balancesheet
1283.0,unnamed_2,,balancesheet
1284.0,unnamed_2,,balancesheet
1285.0,unnamed_2,2013.0,balancesheet
1286.0,unnamed_2,2014.0,balancesheet
1287.0,unnamed_2,2015.0,balancesheet
1288.0,unnamed_2,2016.0,balancesheet
1289.0,unnamed_2,2017.0,balancesheet
1290.0,unnamed_2,2018.0,balancesheet
1291.0,unnamed_2,2019.0,balancesheet
1292.0,unnamed_2,2020.0,balancesheet
1293.0,unnamed_2,2021.0,balancesheet
1294.0,unnamed_2,2022.0,balancesheet
1295.0,unnamed_2,2023.0,balancesheet
1296.0,unnamed_2,2024.0,balancesheet
1297.0,unnamed_2,2024.5,balancesheet
1298.0,unnamed_2,,balancesheet
1299.0,unnamed_2,,balancesheet
1300.0,unnamed_2,,balancesheet
1301.0,unnamed_2,,balancesheet
1302.0,unnamed_2,,balancesheet
1303.0,unnamed_2,,balancesheet
1304.0,unnamed_2,,balancesheet
1305.0,unnamed_2,,balancesheet
1306.0,unnamed_2,,balancesheet
1307.0,unnamed_2,,balancesheet
1308.0,unnamed_2,,balancesheet
1309.0,unnamed_2,,balancesheet
1310.0,unnamed_2,,balancesheet
1311.0,unnamed_2,,balancesheet
1312.0,unnamed_2,,balancesheet
1313.0,unnamed_2,,balancesheet
1314.0,unnamed_2,,balancesheet
1315.0,unnamed_2,,balancesheet
1316.0,unnamed_2,,balancesheet
1317.0,unnamed_2,,balancesheet
1318.0,unnamed_2,,balancesheet
1319.0,unnamed_2,,balancesheet
1320.0,unnamed_2,,balancesheet
1321.0,unnamed_2,,balancesheet
1322.0,unnamed_2,,balancesheet
1323.0,unnamed_2,,balancesheet
1324.0,unnamed_2,,balancesheet
1325.0,unnamed_2,,balancesheet
1326.0,unnamed_2,,balancesheet
1327.0,unnamed_2,,balancesheet
1328.0,unnamed_2,,balancesheet
1329.0,unnamed_2,,balancesheet
1330.0,unnamed_2,,balancesheet
1331.0,unnamed_2,,balancesheet
1332.0,unnamed_2,,balancesheet
1333.0,unnamed_2,,balancesheet
1334.0,unnamed_2,,balancesheet
1335.0,unnamed_2,,balancesheet
1336.0,unnamed_2,,balancesheet
1337.0,unnamed_2,,balancesheet
1338.0,unnamed_2,,balancesheet
1339.0,unnamed_2,,balancesheet
1340.0,unnamed_2,,balancesheet
1341.0,unnamed_2,,balancesheet
1342.0,unnamed_2,,balancesheet
1343.0,unnamed_2,,balancesheet
1344.0,unnamed_2,,balancesheet
1345.0,unnamed_2,,balancesheet
1346.0,unnamed_2,,balancesheet
1347.0,unnamed_2,,balancesheet
1348.0,unnamed_2,,balancesheet
1349.0,unnamed_2,,balancesheet
1350.0,unnamed_2,,balancesheet
1351.0,unnamed_2,,balancesheet
1352.0,unnamed_2,,balancesheet
1353.0,unnamed_2,,balancesheet
1354.0,unnamed_2,,balancesheet
1355.0,unnamed_2,,balancesheet
1356.0,unnamed_2,,balancesheet
1357.0,unnamed_2,,balancesheet
1358.0,unnamed_2,,balancesheet
1359.0,unnamed_2,,balancesheet
1360.0,unnamed_2,,balancesheet
1361.0,unnamed_2,,balancesheet
1362.0,unnamed_2,,balancesheet
1363.0,unnamed_2,,balancesheet
1364.0,unnamed_2,,balancesheet
1365.0,unnamed_2,,balancesheet
1366.0,unnamed_2,,balancesheet
1367.0,unnamed_2,,balancesheet
1368.0,unnamed_2,,balancesheet
1369.0,unnamed_2,,balancesheet
1370.0,unnamed_2,,balancesheet
1371.0,unnamed_2,,balancesheet
1372.0,unnamed_2,,balancesheet
1373.0,unnamed_2,,balancesheet
1374.0,unnamed_2,,balancesheet
1375.0,unnamed_2,,balancesheet
1376.0,unnamed_2,,balancesheet
1377.0,unnamed_2,,balancesheet
1378.0,unnamed_2,,balancesheet
1379.0,unnamed_2,,balancesheet
1380.0,unnamed_2,,balancesheet
1381.0,unnamed_2,,balancesheet
1382.0,unnamed_2,,balancesheet
1383.0,unnamed_2,,balancesheet
1384.0,unnamed_2,,balancesheet
1385.0,unnamed_2,,balancesheet
1386.0,unnamed_2,,balancesheet
1387.0,unnamed_2,,balancesheet
1388.0,unnamed_2,,balancesheet
1389.0,unnamed_2,,balancesheet
1390.0,unnamed_2,,balancesheet
1391.0,unnamed_2,,balancesheet
1392.0,unnamed_2,,balancesheet
1393.0,unnamed_2,,balancesheet
1394.0,unnamed_2,,balancesheet
1395.0,unnamed_2,,balancesheet
1396.0,unnamed_2,,balancesheet
1397.0,unnamed_2,,balancesheet
1398.0,unnamed_2,,balancesheet
1399.0,unnamed_2,,balancesheet
1400.0,unnamed_2,,balancesheet
1401.0,unnamed_2,,balancesheet
1402.0,unnamed_2,,balancesheet
1403.0,unnamed_2,,balancesheet
1404.0,unnamed_2,,balancesheet
1405.0,unnamed_2,,balancesheet
1406.0,unnamed_2,,balancesheet
1407.0,unnamed_2,,balancesheet
1408.0,unnamed_2,,balancesheet
1409.0,unnamed_2,,balancesheet
1410.0,unnamed_2,,balancesheet
1411.0,unnamed_2,,balancesheet
1412.0,unnamed_2,,balancesheet
1413.0,unnamed_2,,balancesheet
1414.0,unnamed_2,,balancesheet
1415.0,unnamed_2,,balancesheet
1416.0,unnamed_2,,balancesheet
1417.0,unnamed_2,,balancesheet
1418.0,unnamed_2,,balancesheet
1419.0,unnamed_2,,balancesheet
1420.0,unnamed_2,,balancesheet
1421.0,unnamed_2,,balancesheet
1422.0,unnamed_2,,balancesheet
1423.0,unnamed_2,,balancesheet
1424.0,unnamed_2,,balancesheet
1425.0,unnamed_2,,balancesheet
1426.0,unnamed_2,,balancesheet
1427.0,unnamed_2,,balancesheet
1428.0,unnamed_2,,balancesheet
1429.0,unnamed_2,,balancesheet
1430.0,unnamed_2,,balancesheet
1431.0,unnamed_2,,balancesheet
1432.0,unnamed_2,,balancesheet
1433.0,unnamed_2,,balancesheet
1434.0,unnamed_2,,balancesheet
1435.0,unnamed_2,,balancesheet
1436.0,unnamed_2,,balancesheet
1437.0,unnamed_2,,balancesheet
1438.0,unnamed_2,,balancesheet
1439.0,unnamed_2,,balancesheet
1440.0,unnamed_2,,balancesheet
1441.0,unnamed_2,,balancesheet
1442.0,unnamed_2,,balancesheet
1443.0,unnamed_2,,balancesheet
1444.0,unnamed_2,,balancesheet
1445.0,unnamed_2,,balancesheet
1446.0,unnamed_2,,balancesheet
1447.0,unnamed_2,,balancesheet
1448.0,unnamed_2,,balancesheet
1449.0,unnamed_2,,balancesheet
1450.0,unnamed_2,,balancesheet
1451.0,unnamed_2,,balancesheet
1452.0,unnamed_2,,balancesheet
1453.0,unnamed_2,,balancesheet
1454.0,unnamed_2,,balancesheet
1455.0,unnamed_2,,balancesheet
1456.0,unnamed_2,,balancesheet
1457.0,unnamed_2,,balancesheet
1458.0,unnamed_2,,balancesheet
1459.0,unnamed_2,,balancesheet
1460.0,unnamed_2,,balancesheet
1461.0,unnamed_2,,balancesheet
1462.0,unnamed_2,,balancesheet
1463.0,unnamed_2,,balancesheet
1464.0,unnamed_2,,balancesheet
1465.0,unnamed_2,,balancesheet
1466.0,unnamed_2,,balancesheet
1467.0,unnamed_2,,balancesheet
1468.0,unnamed_2,,balancesheet
1469.0,unnamed_2,,balancesheet
1470.0,unnamed_2,,balancesheet
1471.0,unnamed_2,,balancesheet
1472.0,unnamed_2,,balancesheet
1473.0,unnamed_2,,balancesheet
1474.0,unnamed_2,,balancesheet
1475.0,unnamed_2,,balancesheet
1476.0,unnamed_2,,balancesheet
1477.0,unnamed_2,,balancesheet
1478.0,unnamed_2,,balancesheet
,unnamed_3,,balancesheet
136.0,unnamed_3,21.0,balancesheet
137.0,unnamed_3,21.0,balancesheet
138.0,unnamed_3,21.0,balancesheet
139.0,unnamed_3,21.0,balancesheet
140.0,unnamed_3,21.0,balancesheet
141.0,unnamed_3,21.0,balancesheet
142.0,unnamed_3,21.0,balancesheet
143.0,unnamed_3,21.0,balancesheet
144.0,unnamed_3,21.0,balancesheet
145.0,unnamed_3,21.0,balancesheet
146.0,unnamed_3,21.0,balancesheet
147.0,unnamed_3,21.0,balancesheet
148.0,unnamed_3,21.0,balancesheet
149.0,unnamed_3,0.1,balancesheet
150.0,unnamed_3,1090.0,balancesheet
151.0,unnamed_3,1100.0,balancesheet
152.0,unnamed_3,1100.0,balancesheet
153.0,unnamed_3,1100.0,balancesheet
154.0,unnamed_3,1100.0,balancesheet
155.0,unnamed_3,1100.0,balancesheet
156.0,unnamed_3,1100.0,balancesheet
157.0,unnamed_3,1100.0,balancesheet
158.0,unnamed_3,1115.0,balancesheet
159.0,unnamed_3,1115.0,balancesheet
160.0,unnamed_3,1201.0,balancesheet
170.0,unnamed_3,110.0,balancesheet
171.0,unnamed_3,110.0,balancesheet
172.0,unnamed_3,110.0,balancesheet
173.0,unnamed_3,110.0,balancesheet
174.0,unnamed_3,110.0,balancesheet
175.0,unnamed_3,110.0,balancesheet
176.0,unnamed_3,110.0,balancesheet
177.0,unnamed_3,110.0,balancesheet
178.0,unnamed_3,110.0,balancesheet
179.0,unnamed_3,110.0,balancesheet
180.0,unnamed_3,114.0,balancesheet
181.0,unnamed_3,114.0,balancesheet
182.0,unnamed_3,114.0,balancesheet
192.0,unnamed_3,1274.0,balancesheet
193.0,unnamed_3,1564.0,balancesheet
194.0,unnamed_3,1564.0,balancesheet
195.0,unnamed_3,1564.0,balancesheet
196.0,unnamed_3,1564.0,balancesheet
197.0,unnamed_3,1564.0,balancesheet
198.0,unnamed_3,1584.0,balancesheet
199.0,unnamed_3,1584.0,balancesheet
200.0,unnamed_3,1584.0,balancesheet
201.0,unnamed_3,401.0,balancesheet
202.0,unnamed_3,414.0,balancesheet
203.0,unnamed_3,414.0,balancesheet
204.0,unnamed_3,414.0,balancesheet
205.0,unnamed_3,414.0,balancesheet
206.0,unnamed_3,414.0,balancesheet
207.0,unnamed_3,414.0,balancesheet
208.0,unnamed_3,406.0,balancesheet
209.0,unnamed_3,406.0,balancesheet
210.0,unnamed_3,422.0,balancesheet
211.0,unnamed_3,432.0,balancesheet
212.0,unnamed_3,432.0,balancesheet
213.0,unnamed_3,432.0,balancesheet
214.0,unnamed_3,2393.0,balancesheet
215.0,unnamed_3,2872.0,balancesheet
216.0,unnamed_3,2872.0,balancesheet
217.0,unnamed_3,3334.0,balancesheet
218.0,unnamed_3,3857.0,balancesheet
219.0,unnamed_3,3857.0,balancesheet
220.0,unnamed_3,3857.0,balancesheet
221.0,unnamed_3,3857.0,balancesheet
222.0,unnamed_3,3857.0,balancesheet
223.0,unnamed_3,3857.0,balancesheet
224.0,unnamed_3,3857.0,balancesheet
225.0,unnamed_3,3857.0,balancesheet
226.0,unnamed_3,3857.0,balancesheet
227.0,unnamed_3,308.0,balancesheet
228.0,unnamed_3,309.0,balancesheet
229.0,unnamed_3,310.0,balancesheet
230.0,unnamed_3,310.0,balancesheet
231.0,unnamed_3,397.0,balancesheet
232.0,unnamed_3,397.0,balancesheet
233.0,unnamed_3,397.0,balancesheet
234.0,unnamed_3,397.0,balancesheet
235.0,unnamed_3,397.0,balancesheet
236.0,unnamed_3,397.0,balancesheet
237.0,unnamed_3,397.0,balancesheet
238.0,unnamed_3,440.0,balancesheet
239.0,unnamed_3,493.0,balancesheet
240.0,unnamed_3,70.0,balancesheet
241.0,unnamed_3,70.0,balancesheet
242.0,unnamed_3,70.0,balancesheet
243.0,unnamed_3,70.0,balancesheet
244.0,unnamed_3,70.0,balancesheet
245.0,unnamed_3,70.0,balancesheet
246.0,unnamed_3,70.0,balancesheet
247.0,unnamed_3,70.0,balancesheet
248.0,unnamed_3,72.0,balancesheet
249.0,unnamed_3,72.0,balancesheet
250.0,unnamed_3,72.0,balancesheet
251.0,unnamed_3,72.0,balancesheet
252.0,unnamed_3,72.0,balancesheet
253.0,unnamed_3,96.0,balancesheet
254.0,unnamed_3,96.0,balancesheet
255.0,unnamed_3,96.0,balancesheet
256.0,unnamed_3,96.0,balancesheet
257.0,unnamed_3,96.0,balancesheet
258.0,unnamed_3,96.0,balancesheet
259.0,unnamed_3,96.0,balancesheet
260.0,unnamed_3,96.0,balancesheet
261.0,unnamed_3,96.0,balancesheet
262.0,unnamed_3,96.0,balancesheet
263.0,unnamed_3,96.0,balancesheet
264.0,unnamed_3,96.0,balancesheet
265.0,unnamed_3,96.0,balancesheet
266.0,unnamed_3,96.0,balancesheet
267.0,unnamed_3,96.0,balancesheet
268.0,unnamed_3,96.0,balancesheet
269.0,unnamed_3,96.0,balancesheet
270.0,unnamed_3,96.0,balancesheet
271.0,unnamed_3,96.0,balancesheet
272.0,unnamed_3,96.0,balancesheet
273.0,unnamed_3,96.0,balancesheet
274.0,unnamed_3,96.0,balancesheet
275.0,unnamed_3,96.0,balancesheet
276.0,unnamed_3,96.0,balancesheet
277.0,unnamed_3,96.0,balancesheet
278.0,unnamed_3,96.0,balancesheet
279.0,unnamed_3,257.0,balancesheet
280.0,unnamed_3,110.0,balancesheet
281.0,unnamed_3,110.0,balancesheet
282.0,unnamed_3,110.0,balancesheet
283.0,unnamed_3,110.0,balancesheet
284.0,unnamed_3,110.0,balancesheet
285.0,unnamed_3,110.0,balancesheet
286.0,unnamed_3,110.0,balancesheet
287.0,unnamed_3,468.0,balancesheet
288.0,unnamed_3,470.0,balancesheet
289.0,unnamed_3,474.0,balancesheet
290.0,unnamed_3,477.0,balancesheet
291.0,unnamed_3,479.0,balancesheet
292.0,unnamed_3,513.0,balancesheet
293.0,unnamed_3,514.0,balancesheet
294.0,unnamed_3,564.0,balancesheet
295.0,unnamed_3,613.0,balancesheet
296.0,unnamed_3,614.0,balancesheet
297.0,unnamed_3,615.0,balancesheet
298.0,unnamed_3,617.0,balancesheet
299.0,unnamed_3,289.0,balancesheet
300.0,unnamed_3,289.0,balancesheet
301.0,unnamed_3,289.0,balancesheet
302.0,unnamed_3,289.0,balancesheet
303.0,unnamed_3,289.0,balancesheet
304.0,unnamed_3,289.0,balancesheet
305.0,unnamed_3,289.0,balancesheet
306.0,unnamed_3,289.0,balancesheet
307.0,unnamed_3,289.0,balancesheet
308.0,unnamed_3,289.0,balancesheet
309.0,unnamed_3,283.0,balancesheet
310.0,unnamed_3,279.0,balancesheet
311.0,unnamed_3,279.0,balancesheet
312.0,unnamed_3,80.0,balancesheet
313.0,unnamed_3,80.0,balancesheet
314.0,unnamed_3,80.0,balancesheet
315.0,unnamed_3,80.0,balancesheet
316.0,unnamed_3,80.0,balancesheet
317.0,unnamed_3,80.0,balancesheet
318.0,unnamed_3,80.0,balancesheet
319.0,unnamed_3,80.0,balancesheet
320.0,unnamed_3,80.0,balancesheet
321.0,unnamed_3,80.0,balancesheet
322.0,unnamed_3,159.0,balancesheet
323.0,unnamed_3,159.0,balancesheet
324.0,unnamed_3,160.0,balancesheet
325.0,unnamed_3,111.0,balancesheet
326.0,unnamed_3,111.0,balancesheet
327.0,unnamed_3,111.0,balancesheet
328.0,unnamed_3,111.0,balancesheet
329.0,unnamed_3,111.0,balancesheet
330.0,unnamed_3,111.0,balancesheet
331.0,unnamed_3,111.0,balancesheet
332.0,unnamed_3,111.0,balancesheet
333.0,unnamed_3,111.0,balancesheet
334.0,unnamed_3,111.0,balancesheet
335.0,unnamed_3,111.0,balancesheet
336.0,unnamed_3,111.0,balancesheet
337.0,unnamed_3,111.0,balancesheet
338.0,unnamed_3,50.0,balancesheet
339.0,unnamed_3,54.0,balancesheet
340.0,unnamed_3,109.0,balancesheet
341.0,unnamed_3,115.0,balancesheet
342.0,unnamed_3,115.0,balancesheet
343.0,unnamed_3,120.0,balancesheet
344.0,unnamed_3,120.0,balancesheet
345.0,unnamed_3,121.0,balancesheet
346.0,unnamed_3,121.0,balancesheet
347.0,unnamed_3,124.0,balancesheet
348.0,unnamed_3,124.0,balancesheet
349.0,unnamed_3,423.0,balancesheet
350.0,unnamed_3,431.0,balancesheet
351.0,unnamed_3,444.0,balancesheet
352.0,unnamed_3,462.0,balancesheet
353.0,unnamed_3,462.0,balancesheet
354.0,unnamed_3,530.0,balancesheet
355.0,unnamed_3,530.0,balancesheet
356.0,unnamed_3,925.0,balancesheet
357.0,unnamed_3,1036.0,balancesheet
358.0,unnamed_3,1036.0,balancesheet
359.0,unnamed_3,1036.0,balancesheet
360.0,unnamed_3,1036.0,balancesheet
361.0,unnamed_3,2.0,balancesheet
362.0,unnamed_3,2.0,balancesheet
363.0,unnamed_3,2.0,balancesheet
364.0,unnamed_3,9.0,balancesheet
365.0,unnamed_3,9.0,balancesheet
366.0,unnamed_3,10.0,balancesheet
367.0,unnamed_3,11.0,balancesheet
368.0,unnamed_3,11.0,balancesheet
369.0,unnamed_3,11.0,balancesheet
370.0,unnamed_3,11.0,balancesheet
371.0,unnamed_3,11.0,balancesheet
372.0,unnamed_3,11.0,balancesheet
373.0,unnamed_3,11.0,balancesheet
374.0,unnamed_3,1899.0,balancesheet
375.0,unnamed_3,1999.0,balancesheet
376.0,unnamed_3,1999.0,balancesheet
377.0,unnamed_3,1999.0,balancesheet
378.0,unnamed_3,1999.0,balancesheet
379.0,unnamed_3,1999.0,balancesheet
380.0,unnamed_3,1999.0,balancesheet
381.0,unnamed_3,2728.0,balancesheet
382.0,unnamed_3,2746.0,balancesheet
383.0,unnamed_3,2795.0,balancesheet
384.0,unnamed_3,2837.0,balancesheet
385.0,unnamed_3,2877.0,balancesheet
386.0,unnamed_3,2896.0,balancesheet
387.0,unnamed_3,490.0,balancesheet
388.0,unnamed_3,490.0,balancesheet
389.0,unnamed_3,490.0,balancesheet
390.0,unnamed_3,490.0,balancesheet
391.0,unnamed_3,490.0,balancesheet
392.0,unnamed_3,734.0,balancesheet
393.0,unnamed_3,696.0,balancesheet
394.0,unnamed_3,696.0,balancesheet
395.0,unnamed_3,696.0,balancesheet
396.0,unnamed_3,696.0,balancesheet
397.0,unnamed_3,696.0,balancesheet
398.0,unnamed_3,696.0,balancesheet
399.0,unnamed_3,696.0,balancesheet
400.0,unnamed_3,31.0,balancesheet
401.0,unnamed_3,31.0,balancesheet
402.0,unnamed_3,31.0,balancesheet
403.0,unnamed_3,31.0,balancesheet
404.0,unnamed_3,30.0,balancesheet
405.0,unnamed_3,30.0,balancesheet
406.0,unnamed_3,30.0,balancesheet
407.0,unnamed_3,30.0,balancesheet
408.0,unnamed_3,30.0,balancesheet
409.0,unnamed_3,30.0,balancesheet
410.0,unnamed_3,30.0,balancesheet
411.0,unnamed_3,30.0,balancesheet
412.0,unnamed_3,30.0,balancesheet
413.0,unnamed_3,723.0,balancesheet
414.0,unnamed_3,723.0,balancesheet
415.0,unnamed_3,723.0,balancesheet
416.0,unnamed_3,656.0,balancesheet
417.0,unnamed_3,1311.0,balancesheet
418.0,unnamed_3,1967.0,balancesheet
419.0,unnamed_3,1967.0,balancesheet
420.0,unnamed_3,1967.0,balancesheet
421.0,unnamed_3,2093.0,balancesheet
422.0,unnamed_3,2129.0,balancesheet
423.0,unnamed_3,2129.0,balancesheet
424.0,unnamed_3,2136.0,balancesheet
425.0,unnamed_3,4273.0,balancesheet
426.0,unnamed_3,24.0,balancesheet
427.0,unnamed_3,24.0,balancesheet
428.0,unnamed_3,24.0,balancesheet
429.0,unnamed_3,24.0,balancesheet
430.0,unnamed_3,24.0,balancesheet
431.0,unnamed_3,24.0,balancesheet
432.0,unnamed_3,24.0,balancesheet
433.0,unnamed_3,24.0,balancesheet
434.0,unnamed_3,24.0,balancesheet
435.0,unnamed_3,24.0,balancesheet
436.0,unnamed_3,24.0,balancesheet
437.0,unnamed_3,24.0,balancesheet
438.0,unnamed_3,24.0,balancesheet
439.0,unnamed_3,443.0,balancesheet
440.0,unnamed_3,461.0,balancesheet
441.0,unnamed_3,475.0,balancesheet
442.0,unnamed_3,543.0,balancesheet
443.0,unnamed_3,597.0,balancesheet
444.0,unnamed_3,733.0,balancesheet
445.0,unnamed_3,753.0,balancesheet
446.0,unnamed_3,1030.0,balancesheet
447.0,unnamed_3,1647.0,balancesheet
448.0,unnamed_3,1814.0,balancesheet
449.0,unnamed_3,1814.0,balancesheet
450.0,unnamed_3,1814.0,balancesheet
451.0,unnamed_3,143.0,balancesheet
452.0,unnamed_3,143.0,balancesheet
453.0,unnamed_3,144.0,balancesheet
454.0,unnamed_3,156.0,balancesheet
455.0,unnamed_3,156.0,balancesheet
456.0,unnamed_3,156.0,balancesheet
457.0,unnamed_3,156.0,balancesheet
458.0,unnamed_3,164.0,balancesheet
459.0,unnamed_3,164.0,balancesheet
460.0,unnamed_3,164.0,balancesheet
461.0,unnamed_3,164.0,balancesheet
462.0,unnamed_3,168.0,balancesheet
463.0,unnamed_3,168.0,balancesheet
464.0,unnamed_3,161.0,balancesheet
465.0,unnamed_3,161.0,balancesheet
466.0,unnamed_3,161.0,balancesheet
467.0,unnamed_3,161.0,balancesheet
468.0,unnamed_3,161.0,balancesheet
469.0,unnamed_3,161.0,balancesheet
470.0,unnamed_3,161.0,balancesheet
471.0,unnamed_3,161.0,balancesheet
472.0,unnamed_3,161.0,balancesheet
473.0,unnamed_3,161.0,balancesheet
474.0,unnamed_3,161.0,balancesheet
475.0,unnamed_3,161.0,balancesheet
476.0,unnamed_3,162.0,balancesheet
477.0,unnamed_3,6316.0,balancesheet
478.0,unnamed_3,6316.0,balancesheet
479.0,unnamed_3,6316.0,balancesheet
480.0,unnamed_3,6316.0,balancesheet
481.0,unnamed_3,6207.0,balancesheet
482.0,unnamed_3,6207.0,balancesheet
483.0,unnamed_3,6163.0,balancesheet
484.0,unnamed_3,6163.0,balancesheet
485.0,unnamed_3,6163.0,balancesheet
486.0,unnamed_3,6163.0,balancesheet
487.0,unnamed_3,6163.0,balancesheet
488.0,unnamed_3,6163.0,balancesheet
489.0,unnamed_3,6163.0,balancesheet
490.0,unnamed_3,174.0,balancesheet
491.0,unnamed_3,174.0,balancesheet
492.0,unnamed_3,176.0,balancesheet
493.0,unnamed_3,176.0,balancesheet
494.0,unnamed_3,176.0,balancesheet
495.0,unnamed_3,176.0,balancesheet
496.0,unnamed_3,177.0,balancesheet
497.0,unnamed_3,177.0,balancesheet
498.0,unnamed_3,177.0,balancesheet
499.0,unnamed_3,177.0,balancesheet
500.0,unnamed_3,177.0,balancesheet
501.0,unnamed_3,177.0,balancesheet
502.0,unnamed_3,177.0,balancesheet
503.0,unnamed_3,27.0,balancesheet
504.0,unnamed_3,27.0,balancesheet
505.0,unnamed_3,27.0,balancesheet
506.0,unnamed_3,53.0,balancesheet
507.0,unnamed_3,53.0,balancesheet
508.0,unnamed_3,53.0,balancesheet
509.0,unnamed_3,53.0,balancesheet
510.0,unnamed_3,53.0,balancesheet
511.0,unnamed_3,53.0,balancesheet
512.0,unnamed_3,53.0,balancesheet
513.0,unnamed_3,53.0,balancesheet
514.0,unnamed_3,53.0,balancesheet
515.0,unnamed_3,53.0,balancesheet
516.0,unnamed_3,340.0,balancesheet
517.0,unnamed_3,356.0,balancesheet
518.0,unnamed_3,356.0,balancesheet
519.0,unnamed_3,357.0,balancesheet
520.0,unnamed_3,357.0,balancesheet
521.0,unnamed_3,357.0,balancesheet
522.0,unnamed_3,441.0,balancesheet
523.0,unnamed_3,495.0,balancesheet
524.0,unnamed_3,495.0,balancesheet
525.0,unnamed_3,495.0,balancesheet
526.0,unnamed_3,495.0,balancesheet
527.0,unnamed_3,495.0,balancesheet
528.0,unnamed_3,495.0,balancesheet
529.0,unnamed_3,544.0,balancesheet
530.0,unnamed_3,547.0,balancesheet
531.0,unnamed_3,562.0,balancesheet
532.0,unnamed_3,562.0,balancesheet
533.0,unnamed_3,624.0,balancesheet
534.0,unnamed_3,624.0,balancesheet
535.0,unnamed_3,624.0,balancesheet
536.0,unnamed_3,648.0,balancesheet
537.0,unnamed_3,648.0,balancesheet
538.0,unnamed_3,648.0,balancesheet
539.0,unnamed_3,648.0,balancesheet
540.0,unnamed_3,651.0,balancesheet
541.0,unnamed_3,651.0,balancesheet
542.0,unnamed_3,85.0,balancesheet
543.0,unnamed_3,85.0,balancesheet
544.0,unnamed_3,85.0,balancesheet
545.0,unnamed_3,85.0,balancesheet
546.0,unnamed_3,83.0,balancesheet
547.0,unnamed_3,83.0,balancesheet
548.0,unnamed_3,83.0,balancesheet
549.0,unnamed_3,83.0,balancesheet
550.0,unnamed_3,83.0,balancesheet
551.0,unnamed_3,83.0,balancesheet
552.0,unnamed_3,83.0,balancesheet
553.0,unnamed_3,83.0,balancesheet
554.0,unnamed_3,83.0,balancesheet
555.0,unnamed_3,27.0,balancesheet
556.0,unnamed_3,27.0,balancesheet
557.0,unnamed_3,27.0,balancesheet
558.0,unnamed_3,27.0,balancesheet
559.0,unnamed_3,27.0,balancesheet
560.0,unnamed_3,27.0,balancesheet
561.0,unnamed_3,27.0,balancesheet
562.0,unnamed_3,27.0,balancesheet
563.0,unnamed_3,27.0,balancesheet
564.0,unnamed_3,27.0,balancesheet
565.0,unnamed_3,27.0,balancesheet
566.0,unnamed_3,27.0,balancesheet
567.0,unnamed_3,27.0,balancesheet
568.0,unnamed_3,1268.0,balancesheet
569.0,unnamed_3,1268.0,balancesheet
570.0,unnamed_3,1268.0,balancesheet
571.0,unnamed_3,1268.0,balancesheet
572.0,unnamed_3,1691.0,balancesheet
573.0,unnamed_3,2255.0,balancesheet
574.0,unnamed_3,2255.0,balancesheet
575.0,unnamed_3,4510.0,balancesheet
576.0,unnamed_3,4440.0,balancesheet
577.0,unnamed_3,4440.0,balancesheet
578.0,unnamed_3,6575.0,balancesheet
579.0,unnamed_3,6575.0,balancesheet
580.0,unnamed_3,6575.0,balancesheet
581.0,unnamed_3,34.0,balancesheet
582.0,unnamed_3,34.0,balancesheet
583.0,unnamed_3,34.0,balancesheet
584.0,unnamed_3,34.0,balancesheet
585.0,unnamed_3,34.0,balancesheet
586.0,unnamed_3,68.0,balancesheet
587.0,unnamed_3,102.0,balancesheet
588.0,unnamed_3,102.0,balancesheet
589.0,unnamed_3,102.0,balancesheet
590.0,unnamed_3,102.0,balancesheet
591.0,unnamed_3,102.0,balancesheet
592.0,unnamed_3,102.0,balancesheet
593.0,unnamed_3,102.0,balancesheet
594.0,unnamed_3,92.0,balancesheet
595.0,unnamed_3,92.0,balancesheet
596.0,unnamed_3,92.0,balancesheet
597.0,unnamed_3,93.0,balancesheet
598.0,unnamed_3,93.0,balancesheet
599.0,unnamed_3,131.0,balancesheet
600.0,unnamed_3,132.0,balancesheet
601.0,unnamed_3,132.0,balancesheet
602.0,unnamed_3,132.0,balancesheet
603.0,unnamed_3,132.0,balancesheet
604.0,unnamed_3,132.0,balancesheet
605.0,unnamed_3,133.0,balancesheet
606.0,unnamed_3,134.0,balancesheet
607.0,unnamed_3,5.0,balancesheet
608.0,unnamed_3,5.0,balancesheet
609.0,unnamed_3,5.0,balancesheet
610.0,unnamed_3,5.0,balancesheet
611.0,unnamed_3,5.0,balancesheet
612.0,unnamed_3,5.0,balancesheet
613.0,unnamed_3,5.0,balancesheet
614.0,unnamed_3,5.0,balancesheet
615.0,unnamed_3,5.0,balancesheet
616.0,unnamed_3,5.0,balancesheet
630.0,unnamed_3,139.0,balancesheet
631.0,unnamed_3,140.0,balancesheet
632.0,unnamed_3,281.0,balancesheet
633.0,unnamed_3,282.0,balancesheet
634.0,unnamed_3,285.0,balancesheet
635.0,unnamed_3,278.0,balancesheet
636.0,unnamed_3,271.0,balancesheet
637.0,unnamed_3,543.0,balancesheet
638.0,unnamed_3,543.0,balancesheet
639.0,unnamed_3,543.0,balancesheet
640.0,unnamed_3,543.0,balancesheet
641.0,unnamed_3,543.0,balancesheet
642.0,unnamed_3,543.0,balancesheet
643.0,unnamed_3,62.0,balancesheet
644.0,unnamed_3,62.0,balancesheet
645.0,unnamed_3,62.0,balancesheet
646.0,unnamed_3,62.0,balancesheet
647.0,unnamed_3,62.0,balancesheet
648.0,unnamed_3,63.0,balancesheet
649.0,unnamed_3,63.0,balancesheet
650.0,unnamed_3,63.0,balancesheet
651.0,unnamed_3,63.0,balancesheet
652.0,unnamed_3,63.0,balancesheet
653.0,unnamed_3,63.0,balancesheet
654.0,unnamed_3,63.0,balancesheet
655.0,unnamed_3,63.0,balancesheet
656.0,unnamed_3,476.0,balancesheet
657.0,unnamed_3,480.0,balancesheet
658.0,unnamed_3,501.0,balancesheet
659.0,unnamed_3,506.0,balancesheet
660.0,unnamed_3,513.0,balancesheet
661.0,unnamed_3,519.0,balancesheet
662.0,unnamed_3,545.0,balancesheet
663.0,unnamed_3,548.0,balancesheet
664.0,unnamed_3,551.0,balancesheet
665.0,unnamed_3,555.0,balancesheet
666.0,unnamed_3,558.0,balancesheet
667.0,unnamed_3,760.0,balancesheet
668.0,unnamed_3,1995.0,balancesheet
669.0,unnamed_3,1995.0,balancesheet
670.0,unnamed_3,1995.0,balancesheet
671.0,unnamed_3,1995.0,balancesheet
672.0,unnamed_3,1998.0,balancesheet
673.0,unnamed_3,2012.0,balancesheet
674.0,unnamed_3,2017.0,balancesheet
675.0,unnamed_3,2019.0,balancesheet
676.0,unnamed_3,2021.0,balancesheet
677.0,unnamed_3,2113.0,balancesheet
678.0,unnamed_3,2149.0,balancesheet
679.0,unnamed_3,2151.0,balancesheet
680.0,unnamed_3,2152.0,balancesheet
681.0,unnamed_3,40.0,balancesheet
682.0,unnamed_3,40.0,balancesheet
683.0,unnamed_3,40.0,balancesheet
684.0,unnamed_3,40.0,balancesheet
685.0,unnamed_3,40.0,balancesheet
686.0,unnamed_3,40.0,balancesheet
687.0,unnamed_3,40.0,balancesheet
688.0,unnamed_3,40.0,balancesheet
689.0,unnamed_3,40.0,balancesheet
690.0,unnamed_3,40.0,balancesheet
691.0,unnamed_3,40.0,balancesheet
692.0,unnamed_3,40.0,balancesheet
693.0,unnamed_3,191.0,balancesheet
694.0,unnamed_3,206.0,balancesheet
695.0,unnamed_3,207.0,balancesheet
696.0,unnamed_3,207.0,balancesheet
697.0,unnamed_3,223.0,balancesheet
698.0,unnamed_3,223.0,balancesheet
699.0,unnamed_3,222.0,balancesheet
700.0,unnamed_3,222.0,balancesheet
701.0,unnamed_3,222.0,balancesheet
702.0,unnamed_3,222.0,balancesheet
703.0,unnamed_3,222.0,balancesheet
704.0,unnamed_3,222.0,balancesheet
705.0,unnamed_3,222.0,balancesheet
706.0,unnamed_3,216.0,balancesheet
707.0,unnamed_3,216.0,balancesheet
708.0,unnamed_3,216.0,balancesheet
709.0,unnamed_3,216.0,balancesheet
710.0,unnamed_3,216.0,balancesheet
711.0,unnamed_3,216.0,balancesheet
712.0,unnamed_3,216.0,balancesheet
713.0,unnamed_3,216.0,balancesheet
714.0,unnamed_3,235.0,balancesheet
715.0,unnamed_3,235.0,balancesheet
716.0,unnamed_3,235.0,balancesheet
717.0,unnamed_3,235.0,balancesheet
718.0,unnamed_3,235.0,balancesheet
719.0,unnamed_3,1154.0,balancesheet
720.0,unnamed_3,1155.0,balancesheet
721.0,unnamed_3,1160.0,balancesheet
722.0,unnamed_3,1163.0,balancesheet
723.0,unnamed_3,1165.0,balancesheet
724.0,unnamed_3,1286.0,balancesheet
725.0,unnamed_3,1289.0,balancesheet
726.0,unnamed_3,1295.0,balancesheet
727.0,unnamed_3,1383.0,balancesheet
728.0,unnamed_3,1390.0,balancesheet
729.0,unnamed_3,1397.0,balancesheet
730.0,unnamed_3,1405.0,balancesheet
731.0,unnamed_3,437.0,balancesheet
732.0,unnamed_3,445.0,balancesheet
733.0,unnamed_3,447.0,balancesheet
734.0,unnamed_3,448.0,balancesheet
735.0,unnamed_3,451.0,balancesheet
736.0,unnamed_3,454.0,balancesheet
737.0,unnamed_3,454.0,balancesheet
738.0,unnamed_3,454.0,balancesheet
739.0,unnamed_3,455.0,balancesheet
740.0,unnamed_3,491.0,balancesheet
741.0,unnamed_3,491.0,balancesheet
742.0,unnamed_3,493.0,balancesheet
743.0,unnamed_3,495.0,balancesheet
744.0,unnamed_3,1429.0,balancesheet
745.0,unnamed_3,1429.0,balancesheet
746.0,unnamed_3,1432.0,balancesheet
747.0,unnamed_3,1432.0,balancesheet
748.0,unnamed_3,1435.0,balancesheet
749.0,unnamed_3,1436.0,balancesheet
750.0,unnamed_3,1436.0,balancesheet
751.0,unnamed_3,1436.0,balancesheet
752.0,unnamed_3,1436.0,balancesheet
753.0,unnamed_3,1437.0,balancesheet
754.0,unnamed_3,1439.0,balancesheet
755.0,unnamed_3,1441.0,balancesheet
756.0,unnamed_3,1444.0,balancesheet
757.0,unnamed_3,0.4,balancesheet
758.0,unnamed_3,0.4,balancesheet
759.0,unnamed_3,0.4,balancesheet
760.0,unnamed_3,0.4,balancesheet
761.0,unnamed_3,29.0,balancesheet
762.0,unnamed_3,29.0,balancesheet
763.0,unnamed_3,29.0,balancesheet
764.0,unnamed_3,29.0,balancesheet
765.0,unnamed_3,48.0,balancesheet
766.0,unnamed_3,48.0,balancesheet
767.0,unnamed_3,48.0,balancesheet
768.0,unnamed_3,48.0,balancesheet
769.0,unnamed_3,48.0,balancesheet
770.0,unnamed_3,523.0,balancesheet
771.0,unnamed_3,526.0,balancesheet
772.0,unnamed_3,529.0,balancesheet
773.0,unnamed_3,595.0,balancesheet
774.0,unnamed_3,598.0,balancesheet
775.0,unnamed_3,600.0,balancesheet
776.0,unnamed_3,603.0,balancesheet
777.0,unnamed_3,694.0,balancesheet
778.0,unnamed_3,773.0,balancesheet
779.0,unnamed_3,775.0,balancesheet
780.0,unnamed_3,776.0,balancesheet
781.0,unnamed_3,778.0,balancesheet
782.0,unnamed_3,286.0,balancesheet
783.0,unnamed_3,286.0,balancesheet
784.0,unnamed_3,572.0,balancesheet
785.0,unnamed_3,1144.0,balancesheet
786.0,unnamed_3,1144.0,balancesheet
787.0,unnamed_3,1088.0,balancesheet
788.0,unnamed_3,2170.0,balancesheet
789.0,unnamed_3,2122.0,balancesheet
790.0,unnamed_3,2124.0,balancesheet
791.0,unnamed_3,2098.0,balancesheet
792.0,unnamed_3,2069.0,balancesheet
793.0,unnamed_3,2071.0,balancesheet
794.0,unnamed_3,2072.0,balancesheet
795.0,unnamed_3,2428.0,balancesheet
796.0,unnamed_3,2428.0,balancesheet
797.0,unnamed_3,2428.0,balancesheet
798.0,unnamed_3,2370.0,balancesheet
799.0,unnamed_3,4739.0,balancesheet
800.0,unnamed_3,9479.0,balancesheet
801.0,unnamed_3,9181.0,balancesheet
802.0,unnamed_3,9181.0,balancesheet
803.0,unnamed_3,9181.0,balancesheet
804.0,unnamed_3,9181.0,balancesheet
805.0,unnamed_3,13772.0,balancesheet
806.0,unnamed_3,13772.0,balancesheet
807.0,unnamed_3,13772.0,balancesheet
808.0,unnamed_3,20.0,balancesheet
809.0,unnamed_3,20.0,balancesheet
810.0,unnamed_3,40.0,balancesheet
811.0,unnamed_3,40.0,balancesheet
812.0,unnamed_3,160.0,balancesheet
813.0,unnamed_3,160.0,balancesheet
814.0,unnamed_3,160.0,balancesheet
815.0,unnamed_3,160.0,balancesheet
816.0,unnamed_3,160.0,balancesheet
817.0,unnamed_3,160.0,balancesheet
818.0,unnamed_3,160.0,balancesheet
819.0,unnamed_3,2352.0,balancesheet
820.0,unnamed_3,3352.0,balancesheet
821.0,unnamed_3,3584.0,balancesheet
822.0,unnamed_3,4526.0,balancesheet
823.0,unnamed_3,6526.0,balancesheet
824.0,unnamed_3,6526.0,balancesheet
825.0,unnamed_3,9380.0,balancesheet
826.0,unnamed_3,11880.0,balancesheet
827.0,unnamed_3,13069.0,balancesheet
828.0,unnamed_3,13069.0,balancesheet
829.0,unnamed_3,13069.0,balancesheet
830.0,unnamed_3,13069.0,balancesheet
831.0,unnamed_3,13069.0,balancesheet
832.0,unnamed_3,790.0,balancesheet
833.0,unnamed_3,795.0,balancesheet
834.0,unnamed_3,802.0,balancesheet
835.0,unnamed_3,805.0,balancesheet
836.0,unnamed_3,1215.0,balancesheet
837.0,unnamed_3,1220.0,balancesheet
838.0,unnamed_3,1226.0,balancesheet
839.0,unnamed_3,1229.0,balancesheet
840.0,unnamed_3,1231.0,balancesheet
841.0,unnamed_3,1232.0,balancesheet
842.0,unnamed_3,1243.0,balancesheet
843.0,unnamed_3,1248.0,balancesheet
844.0,unnamed_3,1251.0,balancesheet
845.0,unnamed_3,4278.0,balancesheet
846.0,unnamed_3,4278.0,balancesheet
847.0,unnamed_3,4278.0,balancesheet
848.0,unnamed_3,4278.0,balancesheet
849.0,unnamed_3,6417.0,balancesheet
850.0,unnamed_3,6417.0,balancesheet
851.0,unnamed_3,6290.0,balancesheet
852.0,unnamed_3,6290.0,balancesheet
853.0,unnamed_3,6290.0,balancesheet
854.0,unnamed_3,6290.0,balancesheet
855.0,unnamed_3,6290.0,balancesheet
856.0,unnamed_3,6290.0,balancesheet
857.0,unnamed_3,6290.0,balancesheet
858.0,unnamed_3,8245.0,balancesheet
859.0,unnamed_3,8245.0,balancesheet
860.0,unnamed_3,8245.0,balancesheet
861.0,unnamed_3,8245.0,balancesheet
862.0,unnamed_3,8245.0,balancesheet
863.0,unnamed_3,8245.0,balancesheet
864.0,unnamed_3,9895.0,balancesheet
865.0,unnamed_3,9895.0,balancesheet
866.0,unnamed_3,9697.0,balancesheet
867.0,unnamed_3,9697.0,balancesheet
868.0,unnamed_3,9697.0,balancesheet
869.0,unnamed_3,9697.0,balancesheet
870.0,unnamed_3,9697.0,balancesheet
871.0,unnamed_3,12301.0,balancesheet
872.0,unnamed_3,11071.0,balancesheet
873.0,unnamed_3,11071.0,balancesheet
874.0,unnamed_3,11071.0,balancesheet
875.0,unnamed_3,10259.0,balancesheet
876.0,unnamed_3,10259.0,balancesheet
877.0,unnamed_3,10045.0,balancesheet
878.0,unnamed_3,10045.0,balancesheet
879.0,unnamed_3,10045.0,balancesheet
880.0,unnamed_3,10045.0,balancesheet
881.0,unnamed_3,10045.0,balancesheet
882.0,unnamed_3,10045.0,balancesheet
883.0,unnamed_3,10045.0,balancesheet
884.0,unnamed_3,96.0,balancesheet
885.0,unnamed_3,96.0,balancesheet
886.0,unnamed_3,96.0,balancesheet
887.0,unnamed_3,96.0,balancesheet
888.0,unnamed_3,96.0,balancesheet
889.0,unnamed_3,96.0,balancesheet
890.0,unnamed_3,96.0,balancesheet
891.0,unnamed_3,96.0,balancesheet
892.0,unnamed_3,96.0,balancesheet
893.0,unnamed_3,96.0,balancesheet
894.0,unnamed_3,96.0,balancesheet
895.0,unnamed_3,96.0,balancesheet
896.0,unnamed_3,96.0,balancesheet
897.0,unnamed_3,109.0,balancesheet
898.0,unnamed_3,109.0,balancesheet
899.0,unnamed_3,120.0,balancesheet
900.0,unnamed_3,121.0,balancesheet
901.0,unnamed_3,121.0,balancesheet
902.0,unnamed_3,122.0,balancesheet
903.0,unnamed_3,122.0,balancesheet
904.0,unnamed_3,122.0,balancesheet
905.0,unnamed_3,129.0,balancesheet
906.0,unnamed_3,129.0,balancesheet
907.0,unnamed_3,129.0,balancesheet
908.0,unnamed_3,129.0,balancesheet
909.0,unnamed_3,129.0,balancesheet
910.0,unnamed_3,59.0,balancesheet
911.0,unnamed_3,88.0,balancesheet
912.0,unnamed_3,88.0,balancesheet
913.0,unnamed_3,132.0,balancesheet
914.0,unnamed_3,140.0,balancesheet
915.0,unnamed_3,210.0,balancesheet
916.0,unnamed_3,316.0,balancesheet
917.0,unnamed_3,316.0,balancesheet
918.0,unnamed_3,316.0,balancesheet
919.0,unnamed_3,452.0,balancesheet
920.0,unnamed_3,678.0,balancesheet
921.0,unnamed_3,678.0,balancesheet
922.0,unnamed_3,704.0,balancesheet
923.0,unnamed_3,151.0,balancesheet
924.0,unnamed_3,151.0,balancesheet
925.0,unnamed_3,151.0,balancesheet
926.0,unnamed_3,151.0,balancesheet
927.0,unnamed_3,151.0,balancesheet
928.0,unnamed_3,151.0,balancesheet
929.0,unnamed_3,151.0,balancesheet
930.0,unnamed_3,151.0,balancesheet
931.0,unnamed_3,151.0,balancesheet
932.0,unnamed_3,151.0,balancesheet
933.0,unnamed_3,157.0,balancesheet
934.0,unnamed_3,157.0,balancesheet
935.0,unnamed_3,157.0,balancesheet
936.0,unnamed_3,295.0,balancesheet
937.0,unnamed_3,295.0,balancesheet
938.0,unnamed_3,296.0,balancesheet
939.0,unnamed_3,270.0,balancesheet
940.0,unnamed_3,311.0,balancesheet
941.0,unnamed_3,543.0,balancesheet
942.0,unnamed_3,544.0,balancesheet
943.0,unnamed_3,554.0,balancesheet
944.0,unnamed_3,555.0,balancesheet
945.0,unnamed_3,556.0,balancesheet
946.0,unnamed_3,557.0,balancesheet
947.0,unnamed_3,557.0,balancesheet
948.0,unnamed_3,558.0,balancesheet
949.0,unnamed_3,16.0,balancesheet
950.0,unnamed_3,16.0,balancesheet
951.0,unnamed_3,16.0,balancesheet
952.0,unnamed_3,17.0,balancesheet
953.0,unnamed_3,17.0,balancesheet
954.0,unnamed_3,17.0,balancesheet
955.0,unnamed_3,17.0,balancesheet
956.0,unnamed_3,17.0,balancesheet
957.0,unnamed_3,18.0,balancesheet
958.0,unnamed_3,30.0,balancesheet
959.0,unnamed_3,30.0,balancesheet
960.0,unnamed_3,30.0,balancesheet
961.0,unnamed_3,30.0,balancesheet
962.0,unnamed_3,16.0,balancesheet
963.0,unnamed_3,16.0,balancesheet
964.0,unnamed_3,16.0,balancesheet
965.0,unnamed_3,17.0,balancesheet
966.0,unnamed_3,17.0,balancesheet
967.0,unnamed_3,17.0,balancesheet
968.0,unnamed_3,17.0,balancesheet
969.0,unnamed_3,17.0,balancesheet
970.0,unnamed_3,18.0,balancesheet
971.0,unnamed_3,30.0,balancesheet
972.0,unnamed_3,30.0,balancesheet
973.0,unnamed_3,30.0,balancesheet
974.0,unnamed_3,30.0,balancesheet
975.0,unnamed_3,108.0,balancesheet
976.0,unnamed_3,108.0,balancesheet
977.0,unnamed_3,108.0,balancesheet
978.0,unnamed_3,108.0,balancesheet
979.0,unnamed_3,113.0,balancesheet
980.0,unnamed_3,396.0,balancesheet
981.0,unnamed_3,396.0,balancesheet
982.0,unnamed_3,396.0,balancesheet
983.0,unnamed_3,396.0,balancesheet
984.0,unnamed_3,482.0,balancesheet
985.0,unnamed_3,482.0,balancesheet
986.0,unnamed_3,994.0,balancesheet
987.0,unnamed_3,995.0,balancesheet
988.0,unnamed_3,100.0,balancesheet
989.0,unnamed_3,100.0,balancesheet
990.0,unnamed_3,100.0,balancesheet
991.0,unnamed_3,6325.0,balancesheet
992.0,unnamed_3,6325.0,balancesheet
993.0,unnamed_3,6325.0,balancesheet
994.0,unnamed_3,6325.0,balancesheet
995.0,unnamed_3,373.0,balancesheet
996.0,unnamed_3,385.0,balancesheet
997.0,unnamed_3,386.0,balancesheet
998.0,unnamed_3,917.0,balancesheet
999.0,unnamed_3,920.0,balancesheet
1000.0,unnamed_3,953.0,balancesheet
1001.0,unnamed_3,954.0,balancesheet
1002.0,unnamed_3,957.0,balancesheet
1003.0,unnamed_3,991.0,balancesheet
1004.0,unnamed_3,992.0,balancesheet
1005.0,unnamed_3,993.0,balancesheet
1006.0,unnamed_3,994.0,balancesheet
1007.0,unnamed_3,284.0,balancesheet
1008.0,unnamed_3,303.0,balancesheet
1009.0,unnamed_3,303.0,balancesheet
1010.0,unnamed_3,301.0,balancesheet
1011.0,unnamed_3,301.0,balancesheet
1012.0,unnamed_3,302.0,balancesheet
1013.0,unnamed_3,301.0,balancesheet
1014.0,unnamed_3,301.0,balancesheet
1015.0,unnamed_3,302.0,balancesheet
1016.0,unnamed_3,301.0,balancesheet
1017.0,unnamed_3,301.0,balancesheet
1018.0,unnamed_3,305.0,balancesheet
1019.0,unnamed_3,305.0,balancesheet
1020.0,unnamed_3,1640.0,balancesheet
1021.0,unnamed_3,1640.0,balancesheet
1022.0,unnamed_3,1640.0,balancesheet
1023.0,unnamed_3,1627.0,balancesheet
1024.0,unnamed_3,1628.0,balancesheet
1025.0,unnamed_3,1640.0,balancesheet
1026.0,unnamed_3,1641.0,balancesheet
1027.0,unnamed_3,1642.0,balancesheet
1028.0,unnamed_3,1642.0,balancesheet
1029.0,unnamed_3,1640.0,balancesheet
1030.0,unnamed_3,1641.0,balancesheet
1031.0,unnamed_3,1641.0,balancesheet
1032.0,unnamed_3,1745.0,balancesheet
1033.0,unnamed_3,2.0,balancesheet
1034.0,unnamed_3,6353.0,balancesheet
1035.0,unnamed_3,6353.0,balancesheet
1036.0,unnamed_3,93.0,balancesheet
1037.0,unnamed_3,91.0,balancesheet
1038.0,unnamed_3,91.0,balancesheet
1039.0,unnamed_3,91.0,balancesheet
1040.0,unnamed_3,92.0,balancesheet
1041.0,unnamed_3,97.0,balancesheet
1042.0,unnamed_3,97.0,balancesheet
1043.0,unnamed_3,102.0,balancesheet
1044.0,unnamed_3,102.0,balancesheet
1045.0,unnamed_3,101.0,balancesheet
1046.0,unnamed_3,100.0,balancesheet
1047.0,unnamed_3,100.0,balancesheet
1048.0,unnamed_3,101.0,balancesheet
1049.0,unnamed_3,1320.0,balancesheet
1050.0,unnamed_3,1320.0,balancesheet
1051.0,unnamed_3,1320.0,balancesheet
1052.0,unnamed_3,1320.0,balancesheet
1053.0,unnamed_3,2640.0,balancesheet
1054.0,unnamed_3,2640.0,balancesheet
1055.0,unnamed_3,2640.0,balancesheet
1056.0,unnamed_3,2640.0,balancesheet
1057.0,unnamed_3,2640.0,balancesheet
1058.0,unnamed_3,2640.0,balancesheet
1059.0,unnamed_3,2640.0,balancesheet
1060.0,unnamed_3,3300.0,balancesheet
1061.0,unnamed_3,3300.0,balancesheet
1062.0,unnamed_3,51.0,balancesheet
1063.0,unnamed_3,51.0,balancesheet
1064.0,unnamed_3,51.0,balancesheet
1065.0,unnamed_3,51.0,balancesheet
1066.0,unnamed_3,51.0,balancesheet
1067.0,unnamed_3,51.0,balancesheet
1068.0,unnamed_3,51.0,balancesheet
1069.0,unnamed_3,51.0,balancesheet
1070.0,unnamed_3,51.0,balancesheet
1071.0,unnamed_3,51.0,balancesheet
1072.0,unnamed_3,51.0,balancesheet
1073.0,unnamed_3,51.0,balancesheet
1074.0,unnamed_3,51.0,balancesheet
1075.0,unnamed_3,50.0,balancesheet
1076.0,unnamed_3,66.0,balancesheet
1077.0,unnamed_3,104.0,balancesheet
1078.0,unnamed_3,127.0,balancesheet
1079.0,unnamed_3,166.0,balancesheet
1080.0,unnamed_3,167.0,balancesheet
1081.0,unnamed_3,167.0,balancesheet
1082.0,unnamed_3,168.0,balancesheet
1083.0,unnamed_3,168.0,balancesheet
1084.0,unnamed_3,169.0,balancesheet
1085.0,unnamed_3,169.0,balancesheet
1086.0,unnamed_3,260.0,balancesheet
1087.0,unnamed_3,50.0,balancesheet
1088.0,unnamed_3,66.0,balancesheet
1089.0,unnamed_3,104.0,balancesheet
1090.0,unnamed_3,127.0,balancesheet
1091.0,unnamed_3,166.0,balancesheet
1092.0,unnamed_3,167.0,balancesheet
1093.0,unnamed_3,167.0,balancesheet
1094.0,unnamed_3,168.0,balancesheet
1095.0,unnamed_3,168.0,balancesheet
1096.0,unnamed_3,169.0,balancesheet
1097.0,unnamed_3,169.0,balancesheet
1098.0,unnamed_3,260.0,balancesheet
1099.0,unnamed_3,50.0,balancesheet
1100.0,unnamed_3,66.0,balancesheet
1101.0,unnamed_3,104.0,balancesheet
1102.0,unnamed_3,127.0,balancesheet
1103.0,unnamed_3,166.0,balancesheet
1104.0,unnamed_3,167.0,balancesheet
1105.0,unnamed_3,167.0,balancesheet
1106.0,unnamed_3,168.0,balancesheet
1107.0,unnamed_3,168.0,balancesheet
1108.0,unnamed_3,169.0,balancesheet
1109.0,unnamed_3,169.0,balancesheet
1110.0,unnamed_3,260.0,balancesheet
1111.0,unnamed_3,50.0,balancesheet
1112.0,unnamed_3,66.0,balancesheet
1113.0,unnamed_3,104.0,balancesheet
1114.0,unnamed_3,127.0,balancesheet
1115.0,unnamed_3,166.0,balancesheet
1116.0,unnamed_3,167.0,balancesheet
1117.0,unnamed_3,167.0,balancesheet
1118.0,unnamed_3,168.0,balancesheet
1119.0,unnamed_3,168.0,balancesheet
1120.0,unnamed_3,169.0,balancesheet
1121.0,unnamed_3,169.0,balancesheet
1122.0,unnamed_3,260.0,balancesheet
1123.0,unnamed_3,50.0,balancesheet
1124.0,unnamed_3,66.0,balancesheet
1125.0,unnamed_3,104.0,balancesheet
1126.0,unnamed_3,127.0,balancesheet
1127.0,unnamed_3,166.0,balancesheet
1128.0,unnamed_3,167.0,balancesheet
1129.0,unnamed_3,167.0,balancesheet
1130.0,unnamed_3,168.0,balancesheet
1131.0,unnamed_3,168.0,balancesheet
1132.0,unnamed_3,169.0,balancesheet
1133.0,unnamed_3,169.0,balancesheet
1134.0,unnamed_3,260.0,balancesheet
1135.0,unnamed_3,4630.0,balancesheet
1136.0,unnamed_3,5232.0,balancesheet
1137.0,unnamed_3,5232.0,balancesheet
1138.0,unnamed_3,5232.0,balancesheet
1139.0,unnamed_3,5232.0,balancesheet
1140.0,unnamed_3,5232.0,balancesheet
1141.0,unnamed_3,5232.0,balancesheet
1142.0,unnamed_3,5232.0,balancesheet
1143.0,unnamed_3,5232.0,balancesheet
1144.0,unnamed_3,6975.0,balancesheet
1145.0,unnamed_3,6975.0,balancesheet
1146.0,unnamed_3,9301.0,balancesheet
1147.0,unnamed_3,9301.0,balancesheet
1148.0,unnamed_3,4630.0,balancesheet
1149.0,unnamed_3,5232.0,balancesheet
1150.0,unnamed_3,5232.0,balancesheet
1151.0,unnamed_3,5232.0,balancesheet
1152.0,unnamed_3,5232.0,balancesheet
1153.0,unnamed_3,5232.0,balancesheet
1154.0,unnamed_3,5232.0,balancesheet
1155.0,unnamed_3,5232.0,balancesheet
1156.0,unnamed_3,5232.0,balancesheet
1157.0,unnamed_3,6975.0,balancesheet
1158.0,unnamed_3,6975.0,balancesheet
1159.0,unnamed_3,9301.0,balancesheet
1160.0,unnamed_3,9301.0,balancesheet
1161.0,unnamed_3,987.0,balancesheet
1162.0,unnamed_3,987.0,balancesheet
1163.0,unnamed_3,987.0,balancesheet
1164.0,unnamed_3,987.0,balancesheet
1165.0,unnamed_3,1975.0,balancesheet
1166.0,unnamed_3,1975.0,balancesheet
1167.0,unnamed_3,1975.0,balancesheet
1168.0,unnamed_3,1975.0,balancesheet
1169.0,unnamed_3,1975.0,balancesheet
1170.0,unnamed_3,1975.0,balancesheet
1171.0,unnamed_3,2633.0,balancesheet
1172.0,unnamed_3,2633.0,balancesheet
1173.0,unnamed_3,2633.0,balancesheet
1174.0,unnamed_3,2936.0,balancesheet
1175.0,unnamed_3,2940.0,balancesheet
1176.0,unnamed_3,2943.0,balancesheet
1177.0,unnamed_3,2948.0,balancesheet
1178.0,unnamed_3,2959.0,balancesheet
1179.0,unnamed_3,5922.0,balancesheet
1180.0,unnamed_3,5926.0,balancesheet
1181.0,unnamed_3,6339.0,balancesheet
1182.0,unnamed_3,6445.0,balancesheet
1183.0,unnamed_3,6765.0,balancesheet
1184.0,unnamed_3,6766.0,balancesheet
1185.0,unnamed_3,6766.0,balancesheet
1186.0,unnamed_3,6766.0,balancesheet
1187.0,unnamed_3,1000.0,balancesheet
1188.0,unnamed_3,1000.0,balancesheet
1189.0,unnamed_3,1000.0,balancesheet
1190.0,unnamed_3,1000.0,balancesheet
1191.0,unnamed_3,1000.0,balancesheet
1192.0,unnamed_3,1000.0,balancesheet
1193.0,unnamed_3,1000.0,balancesheet
1194.0,unnamed_3,1000.0,balancesheet
1195.0,unnamed_3,1000.0,balancesheet
1196.0,unnamed_3,1000.0,balancesheet
1197.0,unnamed_3,1001.0,balancesheet
1198.0,unnamed_3,1001.0,balancesheet
1199.0,unnamed_3,1002.0,balancesheet
1200.0,unnamed_3,102.0,balancesheet
1201.0,unnamed_3,102.0,balancesheet
1202.0,unnamed_3,102.0,balancesheet
1203.0,unnamed_3,102.0,balancesheet
1204.0,unnamed_3,102.0,balancesheet
1205.0,unnamed_3,102.0,balancesheet
1206.0,unnamed_3,102.0,balancesheet
1207.0,unnamed_3,102.0,balancesheet
1208.0,unnamed_3,102.0,balancesheet
1209.0,unnamed_3,102.0,balancesheet
1210.0,unnamed_3,101.0,balancesheet
1211.0,unnamed_3,101.0,balancesheet
1212.0,unnamed_3,101.0,balancesheet
1213.0,unnamed_3,35.0,balancesheet
1214.0,unnamed_3,35.0,balancesheet
1215.0,unnamed_3,35.0,balancesheet
1216.0,unnamed_3,35.0,balancesheet
1217.0,unnamed_3,35.0,balancesheet
1218.0,unnamed_3,35.0,balancesheet
1219.0,unnamed_3,35.0,balancesheet
1220.0,unnamed_3,36.0,balancesheet
1221.0,unnamed_3,36.0,balancesheet
1222.0,unnamed_3,36.0,balancesheet
1223.0,unnamed_3,36.0,balancesheet
1224.0,unnamed_3,36.0,balancesheet
1225.0,unnamed_3,36.0,balancesheet
1226.0,unnamed_3,0.0,balancesheet
1227.0,unnamed_3,0.0,balancesheet
1228.0,unnamed_3,0.0,balancesheet
1229.0,unnamed_3,0.0,balancesheet
1230.0,unnamed_3,764.0,balancesheet
1231.0,unnamed_3,836.0,balancesheet
1232.0,unnamed_3,868.0,balancesheet
1233.0,unnamed_3,872.0,balancesheet
1234.0,unnamed_3,492.0,balancesheet
1235.0,unnamed_3,493.0,balancesheet
1236.0,unnamed_3,494.0,balancesheet
1237.0,unnamed_3,494.0,balancesheet
1238.0,unnamed_3,486.0,balancesheet
1239.0,unnamed_3,905.0,balancesheet
1240.0,unnamed_3,1207.0,balancesheet
1241.0,unnamed_3,1143.0,balancesheet
1242.0,unnamed_3,1096.0,balancesheet
1243.0,unnamed_3,1096.0,balancesheet
1244.0,unnamed_3,1098.0,balancesheet
1245.0,unnamed_3,1045.0,balancesheet
1246.0,unnamed_3,1046.0,balancesheet
1247.0,unnamed_3,87.0,balancesheet
1248.0,unnamed_3,296.0,balancesheet
1249.0,unnamed_3,296.0,balancesheet
1250.0,unnamed_3,296.0,balancesheet
1251.0,unnamed_3,297.0,balancesheet
1252.0,unnamed_3,372.0,balancesheet
1253.0,unnamed_3,372.0,balancesheet
1254.0,unnamed_3,372.0,balancesheet
1255.0,unnamed_3,372.0,balancesheet
1256.0,unnamed_3,372.0,balancesheet
1257.0,unnamed_3,372.0,balancesheet
1258.0,unnamed_3,372.0,balancesheet
1259.0,unnamed_3,391.0,balancesheet
1260.0,unnamed_3,227.0,balancesheet
1261.0,unnamed_3,227.0,balancesheet
1262.0,unnamed_3,227.0,balancesheet
1263.0,unnamed_3,227.0,balancesheet
1264.0,unnamed_3,227.0,balancesheet
1265.0,unnamed_3,227.0,balancesheet
1266.0,unnamed_3,227.0,balancesheet
1267.0,unnamed_3,227.0,balancesheet
1268.0,unnamed_3,253.0,balancesheet
1269.0,unnamed_3,271.0,balancesheet
1270.0,unnamed_3,374.0,balancesheet
1271.0,unnamed_3,376.0,balancesheet
1272.0,unnamed_3,376.0,balancesheet
1273.0,unnamed_3,68.0,balancesheet
1274.0,unnamed_3,71.0,balancesheet
1275.0,unnamed_3,71.0,balancesheet
1276.0,unnamed_3,71.0,balancesheet
1277.0,unnamed_3,71.0,balancesheet
1278.0,unnamed_3,71.0,balancesheet
1279.0,unnamed_3,71.0,balancesheet
1280.0,unnamed_3,71.0,balancesheet
1281.0,unnamed_3,71.0,balancesheet
1282.0,unnamed_3,71.0,balancesheet
1283.0,unnamed_3,71.0,balancesheet
1284.0,unnamed_3,71.0,balancesheet
1285.0,unnamed_3,126.0,balancesheet
1286.0,unnamed_3,145.0,balancesheet
1287.0,unnamed_3,145.0,balancesheet
1288.0,unnamed_3,145.0,balancesheet
1289.0,unnamed_3,145.0,balancesheet
1290.0,unnamed_3,145.0,balancesheet
1291.0,unnamed_3,145.0,balancesheet
1292.0,unnamed_3,145.0,balancesheet
1293.0,unnamed_3,145.0,balancesheet
1294.0,unnamed_3,145.0,balancesheet
1295.0,unnamed_3,145.0,balancesheet
1296.0,unnamed_3,145.0,balancesheet
1297.0,unnamed_3,145.0,balancesheet
1298.0,unnamed_3,597.0,balancesheet
1299.0,unnamed_3,630.0,balancesheet
1300.0,unnamed_3,636.0,balancesheet
1301.0,unnamed_3,687.0,balancesheet
1302.0,unnamed_3,687.0,balancesheet
1303.0,unnamed_3,1169.0,balancesheet
1304.0,unnamed_3,1763.0,balancesheet
1305.0,unnamed_3,3423.0,balancesheet
1306.0,unnamed_3,6407.0,balancesheet
1307.0,unnamed_3,6835.0,balancesheet
1308.0,unnamed_3,6835.0,balancesheet
1309.0,unnamed_3,7634.0,balancesheet
1310.0,unnamed_3,104.0,balancesheet
1311.0,unnamed_3,207.0,balancesheet
1312.0,unnamed_3,207.0,balancesheet
1313.0,unnamed_3,241.0,balancesheet
1314.0,unnamed_3,240.0,balancesheet
1315.0,unnamed_3,240.0,balancesheet
1316.0,unnamed_3,240.0,balancesheet
1317.0,unnamed_3,240.0,balancesheet
1318.0,unnamed_3,240.0,balancesheet
1319.0,unnamed_3,240.0,balancesheet
1320.0,unnamed_3,240.0,balancesheet
1321.0,unnamed_3,240.0,balancesheet
1322.0,unnamed_3,240.0,balancesheet
1323.0,unnamed_3,274.0,balancesheet
1324.0,unnamed_3,274.0,balancesheet
1325.0,unnamed_3,274.0,balancesheet
1326.0,unnamed_3,274.0,balancesheet
1327.0,unnamed_3,275.0,balancesheet
1328.0,unnamed_3,275.0,balancesheet
1329.0,unnamed_3,275.0,balancesheet
1330.0,unnamed_3,289.0,balancesheet
1331.0,unnamed_3,289.0,balancesheet
1332.0,unnamed_3,289.0,balancesheet
1333.0,unnamed_3,289.0,balancesheet
1334.0,unnamed_3,289.0,balancesheet
1335.0,unnamed_3,289.0,balancesheet
1336.0,unnamed_3,48.0,balancesheet
1337.0,unnamed_3,48.0,balancesheet
1338.0,unnamed_3,48.0,balancesheet
1339.0,unnamed_3,48.0,balancesheet
1340.0,unnamed_3,48.0,balancesheet
1341.0,unnamed_3,48.0,balancesheet
1342.0,unnamed_3,48.0,balancesheet
1343.0,unnamed_3,48.0,balancesheet
1344.0,unnamed_3,48.0,balancesheet
1345.0,unnamed_3,48.0,balancesheet
1346.0,unnamed_3,48.0,balancesheet
1347.0,unnamed_3,48.0,balancesheet
1348.0,unnamed_3,48.0,balancesheet
1349.0,unnamed_3,33.0,balancesheet
1350.0,unnamed_3,33.0,balancesheet
1351.0,unnamed_3,33.0,balancesheet
1352.0,unnamed_3,33.0,balancesheet
1353.0,unnamed_3,33.0,balancesheet
1354.0,unnamed_3,33.0,balancesheet
1355.0,unnamed_3,33.0,balancesheet
1356.0,unnamed_3,36.0,balancesheet
1357.0,unnamed_3,36.0,balancesheet
1358.0,unnamed_3,36.0,balancesheet
1359.0,unnamed_3,36.0,balancesheet
1360.0,unnamed_3,36.0,balancesheet
1361.0,unnamed_3,36.0,balancesheet
1362.0,unnamed_3,42.0,balancesheet
1363.0,unnamed_3,85.0,balancesheet
1364.0,unnamed_3,85.0,balancesheet
1365.0,unnamed_3,85.0,balancesheet
1366.0,unnamed_3,85.0,balancesheet
1367.0,unnamed_3,85.0,balancesheet
1368.0,unnamed_3,85.0,balancesheet
1369.0,unnamed_3,85.0,balancesheet
1370.0,unnamed_3,85.0,balancesheet
1371.0,unnamed_3,85.0,balancesheet
1372.0,unnamed_3,169.0,balancesheet
1373.0,unnamed_3,169.0,balancesheet
1374.0,unnamed_3,169.0,balancesheet
1375.0,unnamed_3,89.0,balancesheet
1376.0,unnamed_3,89.0,balancesheet
1377.0,unnamed_3,89.0,balancesheet
1378.0,unnamed_3,89.0,balancesheet
1379.0,unnamed_3,89.0,balancesheet
1380.0,unnamed_3,89.0,balancesheet
1381.0,unnamed_3,89.0,balancesheet
1382.0,unnamed_3,89.0,balancesheet
1383.0,unnamed_3,89.0,balancesheet
1384.0,unnamed_3,89.0,balancesheet
1385.0,unnamed_3,89.0,balancesheet
1386.0,unnamed_3,89.0,balancesheet
1387.0,unnamed_3,89.0,balancesheet
1388.0,unnamed_3,128.0,balancesheet
1389.0,unnamed_3,234.0,balancesheet
1390.0,unnamed_3,480.0,balancesheet
1391.0,unnamed_3,436.0,balancesheet
1392.0,unnamed_3,439.0,balancesheet
1393.0,unnamed_3,442.0,balancesheet
1394.0,unnamed_3,444.0,balancesheet
1395.0,unnamed_3,436.0,balancesheet
1396.0,unnamed_3,437.0,balancesheet
1397.0,unnamed_3,439.0,balancesheet
1398.0,unnamed_3,440.0,balancesheet
1399.0,unnamed_3,441.0,balancesheet
1400.0,unnamed_3,442.0,balancesheet
1401.0,unnamed_3,62.0,balancesheet
1402.0,unnamed_3,62.0,balancesheet
1403.0,unnamed_3,62.0,balancesheet
1404.0,unnamed_3,63.0,balancesheet
1405.0,unnamed_3,63.0,balancesheet
1406.0,unnamed_3,63.0,balancesheet
1407.0,unnamed_3,63.0,balancesheet
1408.0,unnamed_3,92.0,balancesheet
1409.0,unnamed_3,92.0,balancesheet
1410.0,unnamed_3,92.0,balancesheet
1411.0,unnamed_3,93.0,balancesheet
1412.0,unnamed_3,95.0,balancesheet
1413.0,unnamed_3,99.0,balancesheet
1414.0,unnamed_3,196.0,balancesheet
1415.0,unnamed_3,196.0,balancesheet
1416.0,unnamed_3,196.0,balancesheet
1417.0,unnamed_3,197.0,balancesheet
1418.0,unnamed_3,197.0,balancesheet
1419.0,unnamed_3,191.0,balancesheet
1420.0,unnamed_3,375.0,balancesheet
1421.0,unnamed_3,375.0,balancesheet
1422.0,unnamed_3,370.0,balancesheet
1423.0,unnamed_3,366.0,balancesheet
1424.0,unnamed_3,366.0,balancesheet
1425.0,unnamed_3,362.0,balancesheet
1426.0,unnamed_3,362.0,balancesheet
1427.0,unnamed_3,971.0,balancesheet
1428.0,unnamed_3,971.0,balancesheet
1429.0,unnamed_3,971.0,balancesheet
1430.0,unnamed_3,970.0,balancesheet
1431.0,unnamed_3,970.0,balancesheet
1432.0,unnamed_3,1145.0,balancesheet
1433.0,unnamed_3,1145.0,balancesheet
1434.0,unnamed_3,1145.0,balancesheet
1435.0,unnamed_3,1198.0,balancesheet
1436.0,unnamed_3,1221.0,balancesheet
1437.0,unnamed_3,1221.0,balancesheet
1438.0,unnamed_3,1247.0,balancesheet
1439.0,unnamed_3,1247.0,balancesheet
1440.0,unnamed_3,128.0,balancesheet
1441.0,unnamed_3,234.0,balancesheet
1442.0,unnamed_3,480.0,balancesheet
1443.0,unnamed_3,436.0,balancesheet
1444.0,unnamed_3,439.0,balancesheet
1445.0,unnamed_3,442.0,balancesheet
1446.0,unnamed_3,444.0,balancesheet
1447.0,unnamed_3,436.0,balancesheet
1448.0,unnamed_3,437.0,balancesheet
1449.0,unnamed_3,439.0,balancesheet
1450.0,unnamed_3,440.0,balancesheet
1451.0,unnamed_3,441.0,balancesheet
1452.0,unnamed_3,442.0,balancesheet
1453.0,unnamed_3,237.0,balancesheet
1454.0,unnamed_3,237.0,balancesheet
1455.0,unnamed_3,270.0,balancesheet
1456.0,unnamed_3,270.0,balancesheet
1457.0,unnamed_3,270.0,balancesheet
1458.0,unnamed_3,270.0,balancesheet
1459.0,unnamed_3,270.0,balancesheet
1460.0,unnamed_3,270.0,balancesheet
1461.0,unnamed_3,320.0,balancesheet
1462.0,unnamed_3,320.0,balancesheet
1463.0,unnamed_3,320.0,balancesheet
1464.0,unnamed_3,320.0,balancesheet
1465.0,unnamed_3,320.0,balancesheet
1466.0,unnamed_3,638.0,balancesheet
1467.0,unnamed_3,644.0,balancesheet
1468.0,unnamed_3,644.0,balancesheet
1469.0,unnamed_3,679.0,balancesheet
1470.0,unnamed_3,679.0,balancesheet
1471.0,unnamed_3,679.0,balancesheet
1472.0,unnamed_3,679.0,balancesheet
1473.0,unnamed_3,720.0,balancesheet
1474.0,unnamed_3,766.0,balancesheet
1475.0,unnamed_3,766.0,balancesheet
1476.0,unnamed_3,766.0,balancesheet
1477.0,unnamed_3,766.0,balancesheet
1478.0,unnamed_3,736.0,balancesheet
,unnamed_4,,balancesheet
136.0,unnamed_4,626.0,balancesheet
137.0,unnamed_4,767.0,balancesheet
138.0,unnamed_4,916.0,balancesheet
139.0,unnamed_4,1174.0,balancesheet
140.0,unnamed_4,1366.0,balancesheet
141.0,unnamed_4,1672.0,balancesheet
142.0,unnamed_4,1987.0,balancesheet
143.0,unnamed_4,2410.0,balancesheet
144.0,unnamed_4,2581.0,balancesheet
145.0,unnamed_4,2799.0,balancesheet
146.0,unnamed_4,3167.0,balancesheet
147.0,unnamed_4,3678.0,balancesheet
148.0,unnamed_4,3500.0,balancesheet
149.0,unnamed_4,0.0,balancesheet
150.0,unnamed_4,-7.0,balancesheet
151.0,unnamed_4,1572.0,balancesheet
152.0,unnamed_4,1847.0,balancesheet
153.0,unnamed_4,4957.0,balancesheet
154.0,unnamed_4,6943.0,balancesheet
155.0,unnamed_4,7399.0,balancesheet
156.0,unnamed_4,7819.0,balancesheet
157.0,unnamed_4,8813.0,balancesheet
158.0,unnamed_4,10634.0,balancesheet
159.0,unnamed_4,11526.0,balancesheet
160.0,unnamed_4,19784.0,balancesheet
170.0,unnamed_4,21286.0,balancesheet
171.0,unnamed_4,23647.0,balancesheet
172.0,unnamed_4,25618.0,balancesheet
173.0,unnamed_4,13268.0,balancesheet
174.0,unnamed_4,14026.0,balancesheet
175.0,unnamed_4,14979.0,balancesheet
176.0,unnamed_4,14646.0,balancesheet
177.0,unnamed_4,16837.0,balancesheet
178.0,unnamed_4,17049.0,balancesheet
179.0,unnamed_4,22147.0,balancesheet
180.0,unnamed_4,32937.0,balancesheet
181.0,unnamed_4,38962.0,balancesheet
182.0,unnamed_4,41782.0,balancesheet
192.0,unnamed_4,-71.0,balancesheet
193.0,unnamed_4,-223.0,balancesheet
194.0,unnamed_4,369.0,balancesheet
195.0,unnamed_4,793.0,balancesheet
196.0,unnamed_4,636.0,balancesheet
197.0,unnamed_4,1050.0,balancesheet
198.0,unnamed_4,5720.0,balancesheet
199.0,unnamed_4,8250.0,balancesheet
200.0,unnamed_4,8992.0,balancesheet
201.0,unnamed_4,5993.0,balancesheet
202.0,unnamed_4,8351.0,balancesheet
203.0,unnamed_4,10351.0,balancesheet
204.0,unnamed_4,13091.0,balancesheet
205.0,unnamed_4,17112.0,balancesheet
206.0,unnamed_4,20489.0,balancesheet
207.0,unnamed_4,23958.0,balancesheet
208.0,unnamed_4,25051.0,balancesheet
209.0,unnamed_4,30035.0,balancesheet
210.0,unnamed_4,41399.0,balancesheet
211.0,unnamed_4,44957.0,balancesheet
212.0,unnamed_4,52346.0,balancesheet
213.0,unnamed_4,56744.0,balancesheet
214.0,unnamed_4,1900.0,balancesheet
215.0,unnamed_4,3671.0,balancesheet
216.0,unnamed_4,2853.0,balancesheet
217.0,unnamed_4,4134.0,balancesheet
218.0,unnamed_4,-857.0,balancesheet
219.0,unnamed_4,-2968.0,balancesheet
220.0,unnamed_4,3855.0,balancesheet
221.0,unnamed_4,2624.0,balancesheet
222.0,unnamed_4,9256.0,balancesheet
223.0,unnamed_4,14600.0,balancesheet
224.0,unnamed_4,26019.0,balancesheet
225.0,unnamed_4,39288.0,balancesheet
226.0,unnamed_4,52097.0,balancesheet
227.0,unnamed_4,8489.0,balancesheet
228.0,unnamed_4,9153.0,balancesheet
229.0,unnamed_4,9760.0,balancesheet
230.0,unnamed_4,9961.0,balancesheet
231.0,unnamed_4,19424.0,balancesheet
232.0,unnamed_4,20275.0,balancesheet
233.0,unnamed_4,21973.0,balancesheet
234.0,unnamed_4,23681.0,balancesheet
235.0,unnamed_4,22360.0,balancesheet
236.0,unnamed_4,24957.0,balancesheet
237.0,unnamed_4,31301.0,balancesheet
238.0,unnamed_4,41016.0,balancesheet
239.0,unnamed_4,49883.0,balancesheet
240.0,unnamed_4,2677.0,balancesheet
241.0,unnamed_4,2907.0,balancesheet
242.0,unnamed_4,3102.0,balancesheet
243.0,unnamed_4,3262.0,balancesheet
244.0,unnamed_4,3244.0,balancesheet
245.0,unnamed_4,3182.0,balancesheet
246.0,unnamed_4,3264.0,balancesheet
247.0,unnamed_4,3270.0,balancesheet
248.0,unnamed_4,4531.0,balancesheet
249.0,unnamed_4,5551.0,balancesheet
250.0,unnamed_4,6126.0,balancesheet
251.0,unnamed_4,6864.0,balancesheet
252.0,unnamed_4,7429.0,balancesheet
253.0,unnamed_4,3288.0,balancesheet
254.0,unnamed_4,3943.0,balancesheet
255.0,unnamed_4,4646.0,balancesheet
256.0,unnamed_4,6429.0,balancesheet
257.0,unnamed_4,7508.0,balancesheet
258.0,unnamed_4,8314.0,balancesheet
259.0,unnamed_4,9375.0,balancesheet
260.0,unnamed_4,10034.0,balancesheet
261.0,unnamed_4,12710.0,balancesheet
262.0,unnamed_4,13716.0,balancesheet
263.0,unnamed_4,15896.0,balancesheet
264.0,unnamed_4,18632.0,balancesheet
265.0,unnamed_4,17928.0,balancesheet
266.0,unnamed_4,3288.0,balancesheet
267.0,unnamed_4,3943.0,balancesheet
268.0,unnamed_4,4646.0,balancesheet
269.0,unnamed_4,6429.0,balancesheet
270.0,unnamed_4,7508.0,balancesheet
271.0,unnamed_4,8314.0,balancesheet
272.0,unnamed_4,9375.0,balancesheet
273.0,unnamed_4,10034.0,balancesheet
274.0,unnamed_4,12710.0,balancesheet
275.0,unnamed_4,13716.0,balancesheet
276.0,unnamed_4,15896.0,balancesheet
277.0,unnamed_4,18632.0,balancesheet
278.0,unnamed_4,17928.0,balancesheet
279.0,unnamed_4,759.0,balancesheet
280.0,unnamed_4,992.0,balancesheet
281.0,unnamed_4,1361.0,balancesheet
282.0,unnamed_4,1824.0,balancesheet
283.0,unnamed_4,2306.0,balancesheet
284.0,unnamed_4,2831.0,balancesheet
285.0,unnamed_4,3470.0,balancesheet
286.0,unnamed_4,3801.0,balancesheet
287.0,unnamed_4,32690.0,balancesheet
288.0,unnamed_4,37926.0,balancesheet
289.0,unnamed_4,44475.0,balancesheet
290.0,unnamed_4,53082.0,balancesheet
291.0,unnamed_4,55901.0,balancesheet
292.0,unnamed_4,63694.0,balancesheet
293.0,unnamed_4,67288.0,balancesheet
294.0,unnamed_4,85776.0,balancesheet
295.0,unnamed_4,102981.0,balancesheet
296.0,unnamed_4,117647.0,balancesheet
297.0,unnamed_4,129166.0,balancesheet
298.0,unnamed_4,156406.0,balancesheet
299.0,unnamed_4,7776.0,balancesheet
300.0,unnamed_4,9878.0,balancesheet
301.0,unnamed_4,10806.0,balancesheet
302.0,unnamed_4,13731.0,balancesheet
303.0,unnamed_4,17567.0,balancesheet
304.0,unnamed_4,20136.0,balancesheet
305.0,unnamed_4,22944.0,balancesheet
306.0,unnamed_4,21373.0,balancesheet
307.0,unnamed_4,26984.0,balancesheet
308.0,unnamed_4,29570.0,balancesheet
309.0,unnamed_4,29079.0,balancesheet
310.0,unnamed_4,28683.0,balancesheet
311.0,unnamed_4,30700.0,balancesheet
312.0,unnamed_4,7722.0,balancesheet
313.0,unnamed_4,9232.0,balancesheet
314.0,unnamed_4,11009.0,balancesheet
315.0,unnamed_4,13519.0,balancesheet
316.0,unnamed_4,16071.0,balancesheet
317.0,unnamed_4,20403.0,balancesheet
318.0,unnamed_4,23660.0,balancesheet
319.0,unnamed_4,31222.0,balancesheet
320.0,unnamed_4,35750.0,balancesheet
321.0,unnamed_4,40167.0,balancesheet
322.0,unnamed_4,46248.0,balancesheet
323.0,unnamed_4,60169.0,balancesheet
324.0,unnamed_4,68165.0,balancesheet
325.0,unnamed_4,10234.0,balancesheet
326.0,unnamed_4,11888.0,balancesheet
327.0,unnamed_4,13282.0,balancesheet
328.0,unnamed_4,15182.0,balancesheet
329.0,unnamed_4,17707.0,balancesheet
330.0,unnamed_4,25090.0,balancesheet
331.0,unnamed_4,26841.0,balancesheet
332.0,unnamed_4,27652.0,balancesheet
333.0,unnamed_4,37056.0,balancesheet
334.0,unnamed_4,42731.0,balancesheet
335.0,unnamed_4,44071.0,balancesheet
336.0,unnamed_4,54136.0,balancesheet
337.0,unnamed_4,59712.0,balancesheet
338.0,unnamed_4,4750.0,balancesheet
339.0,unnamed_4,7373.0,balancesheet
340.0,unnamed_4,9491.0,balancesheet
341.0,unnamed_4,15733.0,balancesheet
342.0,unnamed_4,19582.0,balancesheet
343.0,unnamed_4,32208.0,balancesheet
344.0,unnamed_4,36798.0,balancesheet
345.0,unnamed_4,43592.0,balancesheet
346.0,unnamed_4,54251.0,balancesheet
347.0,unnamed_4,76572.0,balancesheet
348.0,unnamed_4,86679.0,balancesheet
349.0,unnamed_4,32859.0,balancesheet
350.0,unnamed_4,37416.0,balancesheet
351.0,unnamed_4,41574.0,balancesheet
352.0,unnamed_4,42041.0,balancesheet
353.0,unnamed_4,42605.0,balancesheet
354.0,unnamed_4,46036.0,balancesheet
355.0,unnamed_4,54466.0,balancesheet
356.0,unnamed_4,75179.0,balancesheet
357.0,unnamed_4,81354.0,balancesheet
358.0,unnamed_4,90833.0,balancesheet
359.0,unnamed_4,104019.0,balancesheet
360.0,unnamed_4,118677.0,balancesheet
361.0,unnamed_4,4.0,balancesheet
362.0,unnamed_4,5.0,balancesheet
363.0,unnamed_4,5.0,balancesheet
364.0,unnamed_4,3.0,balancesheet
365.0,unnamed_4,6.0,balancesheet
366.0,unnamed_4,21.0,balancesheet
367.0,unnamed_4,38.0,balancesheet
368.0,unnamed_4,44.0,balancesheet
369.0,unnamed_4,48.0,balancesheet
370.0,unnamed_4,58.0,balancesheet
371.0,unnamed_4,64.0,balancesheet
372.0,unnamed_4,73.0,balancesheet
373.0,unnamed_4,80.0,balancesheet
374.0,unnamed_4,48423.0,balancesheet
375.0,unnamed_4,57757.0,balancesheet
376.0,unnamed_4,37778.0,balancesheet
377.0,unnamed_4,64771.0,balancesheet
378.0,unnamed_4,65458.0,balancesheet
379.0,unnamed_4,67536.0,balancesheet
380.0,unnamed_4,69424.0,balancesheet
381.0,unnamed_4,74417.0,balancesheet
382.0,unnamed_4,56207.0,balancesheet
383.0,unnamed_4,63759.0,balancesheet
384.0,unnamed_4,74726.0,balancesheet
385.0,unnamed_4,79742.0,balancesheet
386.0,unnamed_4,84202.0,balancesheet
387.0,unnamed_4,30059.0,balancesheet
388.0,unnamed_4,32681.0,balancesheet
389.0,unnamed_4,33717.0,balancesheet
390.0,unnamed_4,31825.0,balancesheet
391.0,unnamed_4,31899.0,balancesheet
392.0,unnamed_4,31601.0,balancesheet
393.0,unnamed_4,30208.0,balancesheet
394.0,unnamed_4,27964.0,balancesheet
395.0,unnamed_4,25287.0,balancesheet
396.0,unnamed_4,25810.0,balancesheet
397.0,unnamed_4,23682.0,balancesheet
398.0,unnamed_4,23742.0,balancesheet
399.0,unnamed_4,23503.0,balancesheet
400.0,unnamed_4,5542.0,balancesheet
401.0,unnamed_4,6263.0,balancesheet
402.0,unnamed_4,7316.0,balancesheet
403.0,unnamed_4,9504.0,balancesheet
404.0,unnamed_4,8769.0,balancesheet
405.0,unnamed_4,9951.0,balancesheet
406.0,unnamed_4,9097.0,balancesheet
407.0,unnamed_4,9240.0,balancesheet
408.0,unnamed_4,9793.0,balancesheet
409.0,unnamed_4,10658.0,balancesheet
410.0,unnamed_4,10983.0,balancesheet
411.0,unnamed_4,12034.0,balancesheet
412.0,unnamed_4,12708.0,balancesheet
413.0,unnamed_4,16052.0,balancesheet
414.0,unnamed_4,18717.0,balancesheet
415.0,unnamed_4,21839.0,balancesheet
416.0,unnamed_4,27138.0,balancesheet
417.0,unnamed_4,29508.0,balancesheet
418.0,unnamed_4,34652.0,balancesheet
419.0,unnamed_4,36798.0,balancesheet
420.0,unnamed_4,34565.0,balancesheet
421.0,unnamed_4,51462.0,balancesheet
422.0,unnamed_4,49776.0,balancesheet
423.0,unnamed_4,51393.0,balancesheet
424.0,unnamed_4,73499.0,balancesheet
425.0,unnamed_4,72835.0,balancesheet
426.0,unnamed_4,534.0,balancesheet
427.0,unnamed_4,774.0,balancesheet
428.0,unnamed_4,1221.0,balancesheet
429.0,unnamed_4,2068.0,balancesheet
430.0,unnamed_4,2672.0,balancesheet
431.0,unnamed_4,3382.0,balancesheet
432.0,unnamed_4,4229.0,balancesheet
433.0,unnamed_4,4379.0,balancesheet
434.0,unnamed_4,3524.0,balancesheet
435.0,unnamed_4,2534.0,balancesheet
436.0,unnamed_4,3510.0,balancesheet
437.0,unnamed_4,3917.0,balancesheet
438.0,unnamed_4,3186.0,balancesheet
439.0,unnamed_4,24733.0,balancesheet
440.0,unnamed_4,29715.0,balancesheet
441.0,unnamed_4,32017.0,balancesheet
442.0,unnamed_4,31867.0,balancesheet
443.0,unnamed_4,34088.0,balancesheet
444.0,unnamed_4,36164.0,balancesheet
445.0,unnamed_4,36936.0,balancesheet
446.0,unnamed_4,40176.0,balancesheet
447.0,unnamed_4,60763.0,balancesheet
448.0,unnamed_4,68147.0,balancesheet
449.0,unnamed_4,76240.0,balancesheet
450.0,unnamed_4,90319.0,balancesheet
451.0,unnamed_4,1809.0,balancesheet
452.0,unnamed_4,2144.0,balancesheet
453.0,unnamed_4,2531.0,balancesheet
454.0,unnamed_4,3514.0,balancesheet
455.0,unnamed_4,4142.0,balancesheet
456.0,unnamed_4,4969.0,balancesheet
457.0,unnamed_4,6052.0,balancesheet
458.0,unnamed_4,8036.0,balancesheet
459.0,unnamed_4,9436.0,balancesheet
460.0,unnamed_4,11605.0,balancesheet
461.0,unnamed_4,14182.0,balancesheet
462.0,unnamed_4,19425.0,balancesheet
463.0,unnamed_4,21243.0,balancesheet
464.0,unnamed_4,8858.0,balancesheet
465.0,unnamed_4,9890.0,balancesheet
466.0,unnamed_4,10641.0,balancesheet
467.0,unnamed_4,11356.0,balancesheet
468.0,unnamed_4,12383.0,balancesheet
469.0,unnamed_4,14068.0,balancesheet
470.0,unnamed_4,14851.0,balancesheet
471.0,unnamed_4,15602.0,balancesheet
472.0,unnamed_4,18165.0,balancesheet
473.0,unnamed_4,20680.0,balancesheet
474.0,unnamed_4,23246.0,balancesheet
475.0,unnamed_4,26545.0,balancesheet
476.0,unnamed_4,28201.0,balancesheet
477.0,unnamed_4,42156.0,balancesheet
478.0,unnamed_4,36088.0,balancesheet
479.0,unnamed_4,34037.0,balancesheet
480.0,unnamed_4,28517.0,balancesheet
481.0,unnamed_4,18311.0,balancesheet
482.0,unnamed_4,13971.0,balancesheet
483.0,unnamed_4,20292.0,balancesheet
484.0,unnamed_4,25994.0,balancesheet
485.0,unnamed_4,30355.0,balancesheet
486.0,unnamed_4,36980.0,balancesheet
487.0,unnamed_4,54680.0,balancesheet
488.0,unnamed_4,76567.0,balancesheet
489.0,unnamed_4,90034.0,balancesheet
490.0,unnamed_4,1921.0,balancesheet
491.0,unnamed_4,2482.0,balancesheet
492.0,unnamed_4,3178.0,balancesheet
493.0,unnamed_4,3995.0,balancesheet
494.0,unnamed_4,4671.0,balancesheet
495.0,unnamed_4,5530.0,balancesheet
496.0,unnamed_4,5455.0,balancesheet
497.0,unnamed_4,6429.0,balancesheet
498.0,unnamed_4,7487.0,balancesheet
499.0,unnamed_4,8205.0,balancesheet
500.0,unnamed_4,8796.0,balancesheet
501.0,unnamed_4,9689.0,balancesheet
502.0,unnamed_4,10185.0,balancesheet
503.0,unnamed_4,2474.0,balancesheet
504.0,unnamed_4,2937.0,balancesheet
505.0,unnamed_4,3469.0,balancesheet
506.0,unnamed_4,4240.0,balancesheet
507.0,unnamed_4,5304.0,balancesheet
508.0,unnamed_4,5872.0,balancesheet
509.0,unnamed_4,6904.0,balancesheet
510.0,unnamed_4,7257.0,balancesheet
511.0,unnamed_4,9242.0,balancesheet
512.0,unnamed_4,11675.0,balancesheet
513.0,unnamed_4,12714.0,balancesheet
514.0,unnamed_4,13518.0,balancesheet
515.0,unnamed_4,13664.0,balancesheet
516.0,unnamed_4,25389.0,balancesheet
517.0,unnamed_4,27039.0,balancesheet
518.0,unnamed_4,27013.0,balancesheet
519.0,unnamed_4,23712.0,balancesheet
520.0,unnamed_4,24216.0,balancesheet
521.0,unnamed_4,34954.0,balancesheet
522.0,unnamed_4,33135.0,balancesheet
523.0,unnamed_4,33952.0,balancesheet
524.0,unnamed_4,34849.0,balancesheet
525.0,unnamed_4,35867.0,balancesheet
526.0,unnamed_4,37192.0,balancesheet
527.0,unnamed_4,38936.0,balancesheet
528.0,unnamed_4,39732.0,balancesheet
529.0,unnamed_4,245.0,balancesheet
530.0,unnamed_4,409.0,balancesheet
531.0,unnamed_4,638.0,balancesheet
532.0,unnamed_4,959.0,balancesheet
533.0,unnamed_4,3218.0,balancesheet
534.0,unnamed_4,4045.0,balancesheet
535.0,unnamed_4,4963.0,balancesheet
536.0,unnamed_4,10432.0,balancesheet
537.0,unnamed_4,11536.0,balancesheet
538.0,unnamed_4,13030.0,balancesheet
539.0,unnamed_4,15430.0,balancesheet
540.0,unnamed_4,18047.0,balancesheet
541.0,unnamed_4,19487.0,balancesheet
542.0,unnamed_4,6284.0,balancesheet
543.0,unnamed_4,7780.0,balancesheet
544.0,unnamed_4,9768.0,balancesheet
545.0,unnamed_4,12484.0,balancesheet
546.0,unnamed_4,12179.0,balancesheet
547.0,unnamed_4,12489.0,balancesheet
548.0,unnamed_4,13941.0,balancesheet
549.0,unnamed_4,15516.0,balancesheet
550.0,unnamed_4,17558.0,balancesheet
551.0,unnamed_4,19129.0,balancesheet
552.0,unnamed_4,23203.0,balancesheet
553.0,unnamed_4,28171.0,balancesheet
554.0,unnamed_4,30666.0,balancesheet
555.0,unnamed_4,1728.0,balancesheet
556.0,unnamed_4,2028.0,balancesheet
557.0,unnamed_4,2489.0,balancesheet
558.0,unnamed_4,3626.0,balancesheet
559.0,unnamed_4,5318.0,balancesheet
560.0,unnamed_4,7003.0,balancesheet
561.0,unnamed_4,8891.0,balancesheet
562.0,unnamed_4,9954.0,balancesheet
563.0,unnamed_4,11411.0,balancesheet
564.0,unnamed_4,12581.0,balancesheet
565.0,unnamed_4,14963.0,balancesheet
566.0,unnamed_4,18018.0,balancesheet
567.0,unnamed_4,18952.0,balancesheet
568.0,unnamed_4,27526.0,balancesheet
569.0,unnamed_4,31188.0,balancesheet
570.0,unnamed_4,32754.0,balancesheet
571.0,unnamed_4,35135.0,balancesheet
572.0,unnamed_4,37614.0,balancesheet
573.0,unnamed_4,39424.0,balancesheet
574.0,unnamed_4,43749.0,balancesheet
575.0,unnamed_4,44758.0,balancesheet
576.0,unnamed_4,48742.0,balancesheet
577.0,unnamed_4,59674.0,balancesheet
578.0,unnamed_4,58352.0,balancesheet
579.0,unnamed_4,70422.0,balancesheet
580.0,unnamed_4,77234.0,balancesheet
581.0,unnamed_4,3279.0,balancesheet
582.0,unnamed_4,3741.0,balancesheet
583.0,unnamed_4,4277.0,balancesheet
584.0,unnamed_4,4233.0,balancesheet
585.0,unnamed_4,5268.0,balancesheet
586.0,unnamed_4,6190.0,balancesheet
587.0,unnamed_4,7165.0,balancesheet
588.0,unnamed_4,7796.0,balancesheet
589.0,unnamed_4,9337.0,balancesheet
590.0,unnamed_4,11454.0,balancesheet
591.0,unnamed_4,13692.0,balancesheet
592.0,unnamed_4,12496.0,balancesheet
593.0,unnamed_4,12068.0,balancesheet
594.0,unnamed_4,19565.0,balancesheet
595.0,unnamed_4,21523.0,balancesheet
596.0,unnamed_4,23048.0,balancesheet
597.0,unnamed_4,27336.0,balancesheet
598.0,unnamed_4,31294.0,balancesheet
599.0,unnamed_4,57230.0,balancesheet
600.0,unnamed_4,57888.0,balancesheet
601.0,unnamed_4,56501.0,balancesheet
602.0,unnamed_4,65362.0,balancesheet
603.0,unnamed_4,75567.0,balancesheet
604.0,unnamed_4,78610.0,balancesheet
605.0,unnamed_4,88520.0,balancesheet
606.0,unnamed_4,92784.0,balancesheet
607.0,unnamed_4,115.0,balancesheet
608.0,unnamed_4,128.0,balancesheet
609.0,unnamed_4,125.0,balancesheet
610.0,unnamed_4,128.0,balancesheet
611.0,unnamed_4,133.0,balancesheet
612.0,unnamed_4,139.0,balancesheet
613.0,unnamed_4,148.0,balancesheet
614.0,unnamed_4,172.0,balancesheet
615.0,unnamed_4,194.0,balancesheet
616.0,unnamed_4,202.0,balancesheet
630.0,unnamed_4,13025.0,balancesheet
631.0,unnamed_4,19410.0,balancesheet
632.0,unnamed_4,23943.0,balancesheet
633.0,unnamed_4,27109.0,balancesheet
634.0,unnamed_4,32664.0,balancesheet
635.0,unnamed_4,36108.0,balancesheet
636.0,unnamed_4,41095.0,balancesheet
637.0,unnamed_4,50724.0,balancesheet
638.0,unnamed_4,59370.0,balancesheet
639.0,unnamed_4,61371.0,balancesheet
640.0,unnamed_4,64862.0,balancesheet
641.0,unnamed_4,67720.0,balancesheet
642.0,unnamed_4,68332.0,balancesheet
643.0,unnamed_4,1380.0,balancesheet
644.0,unnamed_4,1604.0,balancesheet
645.0,unnamed_4,1756.0,balancesheet
646.0,unnamed_4,2965.0,balancesheet
647.0,unnamed_4,3214.0,balancesheet
648.0,unnamed_4,3667.0,balancesheet
649.0,unnamed_4,4135.0,balancesheet
650.0,unnamed_4,4249.0,balancesheet
651.0,unnamed_4,5114.0,balancesheet
652.0,unnamed_4,5940.0,balancesheet
653.0,unnamed_4,6563.0,balancesheet
654.0,unnamed_4,7384.0,balancesheet
655.0,unnamed_4,7731.0,balancesheet
656.0,unnamed_4,36167.0,balancesheet
657.0,unnamed_4,43687.0,balancesheet
658.0,unnamed_4,62653.0,balancesheet
659.0,unnamed_4,73798.0,balancesheet
660.0,unnamed_4,91281.0,balancesheet
661.0,unnamed_4,109080.0,balancesheet
662.0,unnamed_4,153128.0,balancesheet
663.0,unnamed_4,175810.0,balancesheet
664.0,unnamed_4,209259.0,balancesheet
665.0,unnamed_4,246772.0,balancesheet
666.0,unnamed_4,288880.0,balancesheet
667.0,unnamed_4,455636.0,balancesheet
668.0,unnamed_4,-658.0,balancesheet
669.0,unnamed_4,-67.0,balancesheet
670.0,unnamed_4,546.0,balancesheet
671.0,unnamed_4,1108.0,balancesheet
672.0,unnamed_4,1828.0,balancesheet
673.0,unnamed_4,2693.0,balancesheet
674.0,unnamed_4,3625.0,balancesheet
675.0,unnamed_4,4788.0,balancesheet
676.0,unnamed_4,6619.0,balancesheet
677.0,unnamed_4,13501.0,balancesheet
678.0,unnamed_4,10844.0,balancesheet
679.0,unnamed_4,12515.0,balancesheet
680.0,unnamed_4,13452.0,balancesheet
681.0,unnamed_4,5583.0,balancesheet
682.0,unnamed_4,6500.0,balancesheet
683.0,unnamed_4,8794.0,balancesheet
684.0,unnamed_4,10276.0,balancesheet
685.0,unnamed_4,11932.0,balancesheet
686.0,unnamed_4,13080.0,balancesheet
687.0,unnamed_4,14366.0,balancesheet
688.0,unnamed_4,15376.0,balancesheet
689.0,unnamed_4,15807.0,balancesheet
690.0,unnamed_4,16616.0,balancesheet
691.0,unnamed_4,17659.0,balancesheet
692.0,unnamed_4,18971.0,balancesheet
693.0,unnamed_4,35139.0,balancesheet
694.0,unnamed_4,40398.0,balancesheet
695.0,unnamed_4,38122.0,balancesheet
696.0,unnamed_4,40402.0,balancesheet
697.0,unnamed_4,45836.0,balancesheet
698.0,unnamed_4,54629.0,balancesheet
699.0,unnamed_4,57279.0,balancesheet
700.0,unnamed_4,58095.0,balancesheet
701.0,unnamed_4,66311.0,balancesheet
702.0,unnamed_4,77969.0,balancesheet
703.0,unnamed_4,94584.0,balancesheet
704.0,unnamed_4,105924.0,balancesheet
705.0,unnamed_4,114954.0,balancesheet
706.0,unnamed_4,2649.0,balancesheet
707.0,unnamed_4,3321.0,balancesheet
708.0,unnamed_4,3811.0,balancesheet
709.0,unnamed_4,6357.0,balancesheet
710.0,unnamed_4,6528.0,balancesheet
711.0,unnamed_4,7065.0,balancesheet
712.0,unnamed_4,7651.0,balancesheet
713.0,unnamed_4,8013.0,balancesheet
714.0,unnamed_4,47439.0,balancesheet
715.0,unnamed_4,48826.0,balancesheet
716.0,unnamed_4,50069.0,balancesheet
717.0,unnamed_4,50983.0,balancesheet
718.0,unnamed_4,50541.0,balancesheet
719.0,unnamed_4,67609.0,balancesheet
720.0,unnamed_4,75275.0,balancesheet
721.0,unnamed_4,83545.0,balancesheet
722.0,unnamed_4,92948.0,balancesheet
723.0,unnamed_4,103467.0,balancesheet
724.0,unnamed_4,109344.0,balancesheet
725.0,unnamed_4,112964.0,balancesheet
726.0,unnamed_4,121665.0,balancesheet
727.0,unnamed_4,156204.0,balancesheet
728.0,unnamed_4,180663.0,balancesheet
729.0,unnamed_4,213101.0,balancesheet
730.0,unnamed_4,254739.0,balancesheet
731.0,unnamed_4,1433.0,balancesheet
732.0,unnamed_4,1949.0,balancesheet
733.0,unnamed_4,2439.0,balancesheet
734.0,unnamed_4,2789.0,balancesheet
735.0,unnamed_4,3450.0,balancesheet
736.0,unnamed_4,4087.0,balancesheet
737.0,unnamed_4,4946.0,balancesheet
738.0,unnamed_4,5680.0,balancesheet
739.0,unnamed_4,7144.0,balancesheet
740.0,unnamed_4,8702.0,balancesheet
741.0,unnamed_4,9953.0,balancesheet
742.0,unnamed_4,11712.0,balancesheet
743.0,unnamed_4,13130.0,balancesheet
744.0,unnamed_4,2532.0,balancesheet
745.0,unnamed_4,2954.0,balancesheet
746.0,unnamed_4,3833.0,balancesheet
747.0,unnamed_4,3891.0,balancesheet
748.0,unnamed_4,4971.0,balancesheet
749.0,unnamed_4,5138.0,balancesheet
750.0,unnamed_4,5435.0,balancesheet
751.0,unnamed_4,5777.0,balancesheet
752.0,unnamed_4,7673.0,balancesheet
753.0,unnamed_4,7721.0,balancesheet
754.0,unnamed_4,8651.0,balancesheet
755.0,unnamed_4,9564.0,balancesheet
756.0,unnamed_4,10130.0,balancesheet
757.0,unnamed_4,4.0,balancesheet
758.0,unnamed_4,4.0,balancesheet
759.0,unnamed_4,26.0,balancesheet
760.0,unnamed_4,129.0,balancesheet
761.0,unnamed_4,69.0,balancesheet
762.0,unnamed_4,71.0,balancesheet
763.0,unnamed_4,100.0,balancesheet
764.0,unnamed_4,150.0,balancesheet
765.0,unnamed_4,516.0,balancesheet
766.0,unnamed_4,602.0,balancesheet
767.0,unnamed_4,729.0,balancesheet
768.0,unnamed_4,867.0,balancesheet
769.0,unnamed_4,905.0,balancesheet
770.0,unnamed_4,7107.0,balancesheet
771.0,unnamed_4,8517.0,balancesheet
772.0,unnamed_4,10115.0,balancesheet
773.0,unnamed_4,17101.0,balancesheet
774.0,unnamed_4,20048.0,balancesheet
775.0,unnamed_4,23241.0,balancesheet
776.0,unnamed_4,26083.0,balancesheet
777.0,unnamed_4,34013.0,balancesheet
778.0,unnamed_4,42592.0,balancesheet
779.0,unnamed_4,46923.0,balancesheet
780.0,unnamed_4,53846.0,balancesheet
781.0,unnamed_4,62019.0,balancesheet
782.0,unnamed_4,37708.0,balancesheet
783.0,unnamed_4,44244.0,balancesheet
784.0,unnamed_4,50164.0,balancesheet
785.0,unnamed_4,60600.0,balancesheet
786.0,unnamed_4,67838.0,balancesheet
787.0,unnamed_4,63835.0,balancesheet
788.0,unnamed_4,62778.0,balancesheet
789.0,unnamed_4,63328.0,balancesheet
790.0,unnamed_4,74227.0,balancesheet
791.0,unnamed_4,73252.0,balancesheet
792.0,unnamed_4,73338.0,balancesheet
793.0,unnamed_4,86045.0,balancesheet
794.0,unnamed_4,88391.0,balancesheet
795.0,unnamed_4,60609.0,balancesheet
796.0,unnamed_4,65485.0,balancesheet
797.0,unnamed_4,66404.0,balancesheet
798.0,unnamed_4,87610.0,balancesheet
799.0,unnamed_4,97357.0,balancesheet
800.0,unnamed_4,104395.0,balancesheet
801.0,unnamed_4,103288.0,balancesheet
802.0,unnamed_4,86217.0,balancesheet
803.0,unnamed_4,102657.0,balancesheet
804.0,unnamed_4,124354.0,balancesheet
805.0,unnamed_4,125949.0,balancesheet
806.0,unnamed_4,169645.0,balancesheet
807.0,unnamed_4,167594.0,balancesheet
808.0,unnamed_4,424.0,balancesheet
809.0,unnamed_4,522.0,balancesheet
810.0,unnamed_4,747.0,balancesheet
811.0,unnamed_4,915.0,balancesheet
812.0,unnamed_4,911.0,balancesheet
813.0,unnamed_4,1154.0,balancesheet
814.0,unnamed_4,1296.0,balancesheet
815.0,unnamed_4,1710.0,balancesheet
816.0,unnamed_4,2318.0,balancesheet
817.0,unnamed_4,3070.0,balancesheet
818.0,unnamed_4,3363.0,balancesheet
819.0,unnamed_4,4042.0,balancesheet
820.0,unnamed_4,4210.0,balancesheet
821.0,unnamed_4,5098.0,balancesheet
822.0,unnamed_4,6999.0,balancesheet
823.0,unnamed_4,5483.0,balancesheet
824.0,unnamed_4,7402.0,balancesheet
825.0,unnamed_4,15648.0,balancesheet
826.0,unnamed_4,18419.0,balancesheet
827.0,unnamed_4,22845.0,balancesheet
828.0,unnamed_4,27928.0,balancesheet
829.0,unnamed_4,31612.0,balancesheet
830.0,unnamed_4,36110.0,balancesheet
831.0,unnamed_4,38396.0,balancesheet
832.0,unnamed_4,22368.0,balancesheet
833.0,unnamed_4,26442.0,balancesheet
834.0,unnamed_4,30934.0,balancesheet
835.0,unnamed_4,41875.0,balancesheet
836.0,unnamed_4,45198.0,balancesheet
837.0,unnamed_4,51290.0,balancesheet
838.0,unnamed_4,57915.0,balancesheet
839.0,unnamed_4,64044.0,balancesheet
840.0,unnamed_4,59116.0,balancesheet
841.0,unnamed_4,61223.0,balancesheet
842.0,unnamed_4,67912.0,balancesheet
843.0,unnamed_4,73259.0,balancesheet
844.0,unnamed_4,74015.0,balancesheet
845.0,unnamed_4,148250.0,balancesheet
846.0,unnamed_4,167874.0,balancesheet
847.0,unnamed_4,176177.0,balancesheet
848.0,unnamed_4,193536.0,balancesheet
849.0,unnamed_4,187969.0,balancesheet
850.0,unnamed_4,197602.0,balancesheet
851.0,unnamed_4,210644.0,balancesheet
852.0,unnamed_4,198814.0,balancesheet
853.0,unnamed_4,214691.0,balancesheet
854.0,unnamed_4,253213.0,balancesheet
855.0,unnamed_4,274357.0,balancesheet
856.0,unnamed_4,330780.0,balancesheet
857.0,unnamed_4,345986.0,balancesheet
858.0,unnamed_4,72995.0,balancesheet
859.0,unnamed_4,79084.0,balancesheet
860.0,unnamed_4,73849.0,balancesheet
861.0,unnamed_4,83330.0,balancesheet
862.0,unnamed_4,89593.0,balancesheet
863.0,unnamed_4,95318.0,balancesheet
864.0,unnamed_4,101462.0,balancesheet
865.0,unnamed_4,108945.0,balancesheet
866.0,unnamed_4,116042.0,balancesheet
867.0,unnamed_4,125677.0,balancesheet
868.0,unnamed_4,137326.0,balancesheet
869.0,unnamed_4,151013.0,balancesheet
870.0,unnamed_4,158575.0,balancesheet
871.0,unnamed_4,17494.0,balancesheet
872.0,unnamed_4,17175.0,balancesheet
873.0,unnamed_4,19687.0,balancesheet
874.0,unnamed_4,20572.0,balancesheet
875.0,unnamed_4,18756.0,balancesheet
876.0,unnamed_4,19782.0,balancesheet
877.0,unnamed_4,20753.0,balancesheet
878.0,unnamed_4,21336.0,balancesheet
879.0,unnamed_4,23008.0,balancesheet
880.0,unnamed_4,24876.0,balancesheet
881.0,unnamed_4,26916.0,balancesheet
882.0,unnamed_4,28657.0,balancesheet
883.0,unnamed_4,30104.0,balancesheet
884.0,unnamed_4,2272.0,balancesheet
885.0,unnamed_4,2741.0,balancesheet
886.0,unnamed_4,2721.0,balancesheet
887.0,unnamed_4,3186.0,balancesheet
888.0,unnamed_4,3324.0,balancesheet
889.0,unnamed_4,3577.0,balancesheet
890.0,unnamed_4,1822.0,balancesheet
891.0,unnamed_4,1923.0,balancesheet
892.0,unnamed_4,1850.0,balancesheet
893.0,unnamed_4,2363.0,balancesheet
894.0,unnamed_4,2363.0,balancesheet
895.0,unnamed_4,3244.0,balancesheet
896.0,unnamed_4,3894.0,balancesheet
897.0,unnamed_4,499.0,balancesheet
898.0,unnamed_4,563.0,balancesheet
899.0,unnamed_4,1295.0,balancesheet
900.0,unnamed_4,1422.0,balancesheet
901.0,unnamed_4,1471.0,balancesheet
902.0,unnamed_4,1923.0,balancesheet
903.0,unnamed_4,2421.0,balancesheet
904.0,unnamed_4,2073.0,balancesheet
905.0,unnamed_4,5267.0,balancesheet
906.0,unnamed_4,17113.0,balancesheet
907.0,unnamed_4,13269.0,balancesheet
908.0,unnamed_4,30133.0,balancesheet
909.0,unnamed_4,41659.0,balancesheet
910.0,unnamed_4,2230.0,balancesheet
911.0,unnamed_4,2871.0,balancesheet
912.0,unnamed_4,3236.0,balancesheet
913.0,unnamed_4,4265.0,balancesheet
914.0,unnamed_4,8132.0,balancesheet
915.0,unnamed_4,9674.0,balancesheet
916.0,unnamed_4,10647.0,balancesheet
917.0,unnamed_4,10945.0,balancesheet
918.0,unnamed_4,12245.0,balancesheet
919.0,unnamed_4,20136.0,balancesheet
920.0,unnamed_4,21774.0,balancesheet
921.0,unnamed_4,25477.0,balancesheet
922.0,unnamed_4,31930.0,balancesheet
923.0,unnamed_4,18877.0,balancesheet
924.0,unnamed_4,21345.0,balancesheet
925.0,unnamed_4,24167.0,balancesheet
926.0,unnamed_4,30465.0,balancesheet
927.0,unnamed_4,36924.0,balancesheet
928.0,unnamed_4,42408.0,balancesheet
929.0,unnamed_4,46941.0,balancesheet
930.0,unnamed_4,49262.0,balancesheet
931.0,unnamed_4,52350.0,balancesheet
932.0,unnamed_4,55182.0,balancesheet
933.0,unnamed_4,74443.0,balancesheet
934.0,unnamed_4,85479.0,balancesheet
935.0,unnamed_4,88969.0,balancesheet
936.0,unnamed_4,19666.0,balancesheet
937.0,unnamed_4,23012.0,balancesheet
938.0,unnamed_4,25561.0,balancesheet
939.0,unnamed_4,26222.0,balancesheet
940.0,unnamed_4,29467.0,balancesheet
941.0,unnamed_4,36232.0,balancesheet
942.0,unnamed_4,39439.0,balancesheet
943.0,unnamed_4,39415.0,balancesheet
944.0,unnamed_4,41027.0,balancesheet
945.0,unnamed_4,46567.0,balancesheet
946.0,unnamed_4,55809.0,balancesheet
947.0,unnamed_4,65633.0,balancesheet
948.0,unnamed_4,69944.0,balancesheet
949.0,unnamed_4,1323.0,balancesheet
950.0,unnamed_4,1594.0,balancesheet
951.0,unnamed_4,2010.0,balancesheet
952.0,unnamed_4,2108.0,balancesheet
953.0,unnamed_4,3127.0,balancesheet
954.0,unnamed_4,3843.0,balancesheet
955.0,unnamed_4,4876.0,balancesheet
956.0,unnamed_4,5387.0,balancesheet
957.0,unnamed_4,7286.0,balancesheet
958.0,unnamed_4,14258.0,balancesheet
959.0,unnamed_4,16562.0,balancesheet
960.0,unnamed_4,19988.0,balancesheet
961.0,unnamed_4,21045.0,balancesheet
962.0,unnamed_4,1323.0,balancesheet
963.0,unnamed_4,1594.0,balancesheet
964.0,unnamed_4,2010.0,balancesheet
965.0,unnamed_4,2108.0,balancesheet
966.0,unnamed_4,3127.0,balancesheet
967.0,unnamed_4,3843.0,balancesheet
968.0,unnamed_4,4876.0,balancesheet
969.0,unnamed_4,5387.0,balancesheet
970.0,unnamed_4,7286.0,balancesheet
971.0,unnamed_4,14258.0,balancesheet
972.0,unnamed_4,16562.0,balancesheet
973.0,unnamed_4,19988.0,balancesheet
974.0,unnamed_4,21045.0,balancesheet
975.0,unnamed_4,636.0,balancesheet
976.0,unnamed_4,1018.0,balancesheet
977.0,unnamed_4,3186.0,balancesheet
978.0,unnamed_4,3865.0,balancesheet
979.0,unnamed_4,3920.0,balancesheet
980.0,unnamed_4,4756.0,balancesheet
981.0,unnamed_4,3445.0,balancesheet
982.0,unnamed_4,4156.0,balancesheet
983.0,unnamed_4,4203.0,balancesheet
984.0,unnamed_4,11624.0,balancesheet
985.0,unnamed_4,12181.0,balancesheet
986.0,unnamed_4,16475.0,balancesheet
987.0,unnamed_4,17189.0,balancesheet
988.0,unnamed_4,710.0,balancesheet
989.0,unnamed_4,902.0,balancesheet
990.0,unnamed_4,6784.0,balancesheet
991.0,unnamed_4,5013.0,balancesheet
992.0,unnamed_4,39908.0,balancesheet
993.0,unnamed_4,76422.0,balancesheet
994.0,unnamed_4,91312.0,balancesheet
995.0,unnamed_4,14894.0,balancesheet
996.0,unnamed_4,18699.0,balancesheet
997.0,unnamed_4,21770.0,balancesheet
998.0,unnamed_4,32447.0,balancesheet
999.0,unnamed_4,37572.0,balancesheet
1000.0,unnamed_4,49535.0,balancesheet
1001.0,unnamed_4,56827.0,balancesheet
1002.0,unnamed_4,65680.0,balancesheet
1003.0,unnamed_4,83348.0,balancesheet
1004.0,unnamed_4,95673.0,balancesheet
1005.0,unnamed_4,110821.0,balancesheet
1006.0,unnamed_4,128978.0,balancesheet
1007.0,unnamed_4,16781.0,balancesheet
1008.0,unnamed_4,20871.0,balancesheet
1009.0,unnamed_4,21987.0,balancesheet
1010.0,unnamed_4,18665.0,balancesheet
1011.0,unnamed_4,22346.0,balancesheet
1012.0,unnamed_4,27696.0,balancesheet
1013.0,unnamed_4,34494.0,balancesheet
1014.0,unnamed_4,36298.0,balancesheet
1015.0,unnamed_4,46462.0,balancesheet
1016.0,unnamed_4,66996.0,balancesheet
1017.0,unnamed_4,65394.0,balancesheet
1018.0,unnamed_4,77364.0,balancesheet
1019.0,unnamed_4,79361.0,balancesheet
1020.0,unnamed_4,4564.0,balancesheet
1021.0,unnamed_4,4931.0,balancesheet
1022.0,unnamed_4,5878.0,balancesheet
1023.0,unnamed_4,8077.0,balancesheet
1024.0,unnamed_4,8741.0,balancesheet
1025.0,unnamed_4,9470.0,balancesheet
1026.0,unnamed_4,10181.0,balancesheet
1027.0,unnamed_4,10004.0,balancesheet
1028.0,unnamed_4,12865.0,balancesheet
1029.0,unnamed_4,15775.0,balancesheet
1030.0,unnamed_4,16988.0,balancesheet
1031.0,unnamed_4,19191.0,balancesheet
1032.0,unnamed_4,26226.0,balancesheet
1033.0,unnamed_4,114118.0,balancesheet
1034.0,unnamed_4,132794.0,balancesheet
1035.0,unnamed_4,130791.0,balancesheet
1036.0,unnamed_4,21159.0,balancesheet
1037.0,unnamed_4,22519.0,balancesheet
1038.0,unnamed_4,20951.0,balancesheet
1039.0,unnamed_4,32345.0,balancesheet
1040.0,unnamed_4,29959.0,balancesheet
1041.0,unnamed_4,30288.0,balancesheet
1042.0,unnamed_4,31988.0,balancesheet
1043.0,unnamed_4,32035.0,balancesheet
1044.0,unnamed_4,31713.0,balancesheet
1045.0,unnamed_4,35524.0,balancesheet
1046.0,unnamed_4,38606.0,balancesheet
1047.0,unnamed_4,44216.0,balancesheet
1048.0,unnamed_4,47240.0,balancesheet
1049.0,unnamed_4,22360.0,balancesheet
1050.0,unnamed_4,26202.0,balancesheet
1051.0,unnamed_4,31091.0,balancesheet
1052.0,unnamed_4,34708.0,balancesheet
1053.0,unnamed_4,34205.0,balancesheet
1054.0,unnamed_4,37194.0,balancesheet
1055.0,unnamed_4,44481.0,balancesheet
1056.0,unnamed_4,46760.0,balancesheet
1057.0,unnamed_4,58127.0,balancesheet
1058.0,unnamed_4,69036.0,balancesheet
1059.0,unnamed_4,81518.0,balancesheet
1060.0,unnamed_4,97847.0,balancesheet
1061.0,unnamed_4,106746.0,balancesheet
1062.0,unnamed_4,1600.0,balancesheet
1063.0,unnamed_4,1901.0,balancesheet
1064.0,unnamed_4,2219.0,balancesheet
1065.0,unnamed_4,2587.0,balancesheet
1066.0,unnamed_4,3420.0,balancesheet
1067.0,unnamed_4,3523.0,balancesheet
1068.0,unnamed_4,4097.0,balancesheet
1069.0,unnamed_4,4405.0,balancesheet
1070.0,unnamed_4,5542.0,balancesheet
1071.0,unnamed_4,6353.0,balancesheet
1072.0,unnamed_4,7161.0,balancesheet
1073.0,unnamed_4,8356.0,balancesheet
1074.0,unnamed_4,8664.0,balancesheet
1075.0,unnamed_4,568.0,balancesheet
1076.0,unnamed_4,868.0,balancesheet
1077.0,unnamed_4,1475.0,balancesheet
1078.0,unnamed_4,2019.0,balancesheet
1079.0,unnamed_4,5412.0,balancesheet
1080.0,unnamed_4,6402.0,balancesheet
1081.0,unnamed_4,7268.0,balancesheet
1082.0,unnamed_4,7779.0,balancesheet
1083.0,unnamed_4,8699.0,balancesheet
1084.0,unnamed_4,9632.0,balancesheet
1085.0,unnamed_4,10784.0,balancesheet
1086.0,unnamed_4,14673.0,balancesheet
1087.0,unnamed_4,568.0,balancesheet
1088.0,unnamed_4,868.0,balancesheet
1089.0,unnamed_4,1475.0,balancesheet
1090.0,unnamed_4,2019.0,balancesheet
1091.0,unnamed_4,5412.0,balancesheet
1092.0,unnamed_4,6402.0,balancesheet
1093.0,unnamed_4,7268.0,balancesheet
1094.0,unnamed_4,7779.0,balancesheet
1095.0,unnamed_4,8699.0,balancesheet
1096.0,unnamed_4,9632.0,balancesheet
1097.0,unnamed_4,10784.0,balancesheet
1098.0,unnamed_4,14673.0,balancesheet
1099.0,unnamed_4,568.0,balancesheet
1100.0,unnamed_4,868.0,balancesheet
1101.0,unnamed_4,1475.0,balancesheet
1102.0,unnamed_4,2019.0,balancesheet
1103.0,unnamed_4,5412.0,balancesheet
1104.0,unnamed_4,6402.0,balancesheet
1105.0,unnamed_4,7268.0,balancesheet
1106.0,unnamed_4,7779.0,balancesheet
1107.0,unnamed_4,8699.0,balancesheet
1108.0,unnamed_4,9632.0,balancesheet
1109.0,unnamed_4,10784.0,balancesheet
1110.0,unnamed_4,14673.0,balancesheet
1111.0,unnamed_4,568.0,balancesheet
1112.0,unnamed_4,868.0,balancesheet
1113.0,unnamed_4,1475.0,balancesheet
1114.0,unnamed_4,2019.0,balancesheet
1115.0,unnamed_4,5412.0,balancesheet
1116.0,unnamed_4,6402.0,balancesheet
1117.0,unnamed_4,7268.0,balancesheet
1118.0,unnamed_4,7779.0,balancesheet
1119.0,unnamed_4,8699.0,balancesheet
1120.0,unnamed_4,9632.0,balancesheet
1121.0,unnamed_4,10784.0,balancesheet
1122.0,unnamed_4,14673.0,balancesheet
1123.0,unnamed_4,568.0,balancesheet
1124.0,unnamed_4,868.0,balancesheet
1125.0,unnamed_4,1475.0,balancesheet
1126.0,unnamed_4,2019.0,balancesheet
1127.0,unnamed_4,5412.0,balancesheet
1128.0,unnamed_4,6402.0,balancesheet
1129.0,unnamed_4,7268.0,balancesheet
1130.0,unnamed_4,7779.0,balancesheet
1131.0,unnamed_4,8699.0,balancesheet
1132.0,unnamed_4,9632.0,balancesheet
1133.0,unnamed_4,10784.0,balancesheet
1134.0,unnamed_4,14673.0,balancesheet
1135.0,unnamed_4,21773.0,balancesheet
1136.0,unnamed_4,29466.0,balancesheet
1137.0,unnamed_4,33207.0,balancesheet
1138.0,unnamed_4,38738.0,balancesheet
1139.0,unnamed_4,44634.0,balancesheet
1140.0,unnamed_4,49194.0,balancesheet
1141.0,unnamed_4,53857.0,balancesheet
1142.0,unnamed_4,59464.0,balancesheet
1143.0,unnamed_4,64704.0,balancesheet
1144.0,unnamed_4,69272.0,balancesheet
1145.0,unnamed_4,76051.0,balancesheet
1146.0,unnamed_4,77845.0,balancesheet
1147.0,unnamed_4,82760.0,balancesheet
1148.0,unnamed_4,21773.0,balancesheet
1149.0,unnamed_4,29466.0,balancesheet
1150.0,unnamed_4,33207.0,balancesheet
1151.0,unnamed_4,38738.0,balancesheet
1152.0,unnamed_4,44634.0,balancesheet
1153.0,unnamed_4,49194.0,balancesheet
1154.0,unnamed_4,53857.0,balancesheet
1155.0,unnamed_4,59464.0,balancesheet
1156.0,unnamed_4,64704.0,balancesheet
1157.0,unnamed_4,69272.0,balancesheet
1158.0,unnamed_4,76051.0,balancesheet
1159.0,unnamed_4,77845.0,balancesheet
1160.0,unnamed_4,82760.0,balancesheet
1161.0,unnamed_4,16543.0,balancesheet
1162.0,unnamed_4,19816.0,balancesheet
1163.0,unnamed_4,24085.0,balancesheet
1164.0,unnamed_4,27906.0,balancesheet
1165.0,unnamed_4,31696.0,balancesheet
1166.0,unnamed_4,30613.0,balancesheet
1167.0,unnamed_4,32571.0,balancesheet
1168.0,unnamed_4,33422.0,balancesheet
1169.0,unnamed_4,41789.0,balancesheet
1170.0,unnamed_4,49339.0,balancesheet
1171.0,unnamed_4,55487.0,balancesheet
1172.0,unnamed_4,66717.0,balancesheet
1173.0,unnamed_4,70877.0,balancesheet
1174.0,unnamed_4,179119.0,balancesheet
1175.0,unnamed_4,195747.0,balancesheet
1176.0,unnamed_4,215556.0,balancesheet
1177.0,unnamed_4,228608.0,balancesheet
1178.0,unnamed_4,260750.0,balancesheet
1179.0,unnamed_4,287584.0,balancesheet
1180.0,unnamed_4,381186.0,balancesheet
1181.0,unnamed_4,442827.0,balancesheet
1182.0,unnamed_4,693727.0,balancesheet
1183.0,unnamed_4,772720.0,balancesheet
1184.0,unnamed_4,709106.0,balancesheet
1185.0,unnamed_4,786715.0,balancesheet
1186.0,unnamed_4,812687.0,balancesheet
1187.0,unnamed_4,1736.0,balancesheet
1188.0,unnamed_4,2356.0,balancesheet
1189.0,unnamed_4,3056.0,balancesheet
1190.0,unnamed_4,3733.0,balancesheet
1191.0,unnamed_4,4552.0,balancesheet
1192.0,unnamed_4,5528.0,balancesheet
1193.0,unnamed_4,6576.0,balancesheet
1194.0,unnamed_4,7743.0,balancesheet
1195.0,unnamed_4,9400.0,balancesheet
1196.0,unnamed_4,10622.0,balancesheet
1197.0,unnamed_4,12017.0,balancesheet
1198.0,unnamed_4,13907.0,balancesheet
1199.0,unnamed_4,15257.0,balancesheet
1200.0,unnamed_4,2842.0,balancesheet
1201.0,unnamed_4,3337.0,balancesheet
1202.0,unnamed_4,4149.0,balancesheet
1203.0,unnamed_4,5597.0,balancesheet
1204.0,unnamed_4,6858.0,balancesheet
1205.0,unnamed_4,8642.0,balancesheet
1206.0,unnamed_4,10284.0,balancesheet
1207.0,unnamed_4,10273.0,balancesheet
1208.0,unnamed_4,12890.0,balancesheet
1209.0,unnamed_4,16897.0,balancesheet
1210.0,unnamed_4,17415.0,balancesheet
1211.0,unnamed_4,19729.0,balancesheet
1212.0,unnamed_4,21724.0,balancesheet
1213.0,unnamed_4,3809.0,balancesheet
1214.0,unnamed_4,4676.0,balancesheet
1215.0,unnamed_4,5241.0,balancesheet
1216.0,unnamed_4,6811.0,balancesheet
1217.0,unnamed_4,7663.0,balancesheet
1218.0,unnamed_4,8862.0,balancesheet
1219.0,unnamed_4,9636.0,balancesheet
1220.0,unnamed_4,13133.0,balancesheet
1221.0,unnamed_4,15361.0,balancesheet
1222.0,unnamed_4,17424.0,balancesheet
1223.0,unnamed_4,18600.0,balancesheet
1224.0,unnamed_4,20667.0,balancesheet
1225.0,unnamed_4,20843.0,balancesheet
1226.0,unnamed_4,1036.0,balancesheet
1227.0,unnamed_4,2356.0,balancesheet
1228.0,unnamed_4,457.0,balancesheet
1229.0,unnamed_4,7644.0,balancesheet
1230.0,unnamed_4,15741.0,balancesheet
1231.0,unnamed_4,18624.0,balancesheet
1232.0,unnamed_4,19545.0,balancesheet
1233.0,unnamed_4,20446.0,balancesheet
1234.0,unnamed_4,26072.0,balancesheet
1235.0,unnamed_4,31636.0,balancesheet
1236.0,unnamed_4,36598.0,balancesheet
1237.0,unnamed_4,45651.0,balancesheet
1238.0,unnamed_4,51184.0,balancesheet
1239.0,unnamed_4,47022.0,balancesheet
1240.0,unnamed_4,55216.0,balancesheet
1241.0,unnamed_4,54179.0,balancesheet
1242.0,unnamed_4,53805.0,balancesheet
1243.0,unnamed_4,64307.0,balancesheet
1244.0,unnamed_4,76570.0,balancesheet
1245.0,unnamed_4,73488.0,balancesheet
1246.0,unnamed_4,80330.0,balancesheet
1247.0,unnamed_4,17388.0,balancesheet
1248.0,unnamed_4,72712.0,balancesheet
1249.0,unnamed_4,53579.0,balancesheet
1250.0,unnamed_4,43743.0,balancesheet
1251.0,unnamed_4,60128.0,balancesheet
1252.0,unnamed_4,62940.0,balancesheet
1253.0,unnamed_4,61925.0,balancesheet
1254.0,unnamed_4,54263.0,balancesheet
1255.0,unnamed_4,61906.0,balancesheet
1256.0,unnamed_4,65011.0,balancesheet
1257.0,unnamed_4,39051.0,balancesheet
1258.0,unnamed_4,30350.0,balancesheet
1259.0,unnamed_4,37097.0,balancesheet
1260.0,unnamed_4,7111.0,balancesheet
1261.0,unnamed_4,8283.0,balancesheet
1262.0,unnamed_4,9039.0,balancesheet
1263.0,unnamed_4,9949.0,balancesheet
1264.0,unnamed_4,11105.0,balancesheet
1265.0,unnamed_4,13463.0,balancesheet
1266.0,unnamed_4,15736.0,balancesheet
1267.0,unnamed_4,17915.0,balancesheet
1268.0,unnamed_4,21464.0,balancesheet
1269.0,unnamed_4,25824.0,balancesheet
1270.0,unnamed_4,43138.0,balancesheet
1271.0,unnamed_4,48571.0,balancesheet
1272.0,unnamed_4,52016.0,balancesheet
1273.0,unnamed_4,3748.0,balancesheet
1274.0,unnamed_4,4304.0,balancesheet
1275.0,unnamed_4,5046.0,balancesheet
1276.0,unnamed_4,6732.0,balancesheet
1277.0,unnamed_4,7619.0,balancesheet
1278.0,unnamed_4,8228.0,balancesheet
1279.0,unnamed_4,8978.0,balancesheet
1280.0,unnamed_4,9421.0,balancesheet
1281.0,unnamed_4,10276.0,balancesheet
1282.0,unnamed_4,11539.0,balancesheet
1283.0,unnamed_4,13016.0,balancesheet
1284.0,unnamed_4,15286.0,balancesheet
1285.0,unnamed_4,4661.0,balancesheet
1286.0,unnamed_4,2887.0,balancesheet
1287.0,unnamed_4,514.0,balancesheet
1288.0,unnamed_4,1489.0,balancesheet
1289.0,unnamed_4,1640.0,balancesheet
1290.0,unnamed_4,2274.0,balancesheet
1291.0,unnamed_4,2945.0,balancesheet
1292.0,unnamed_4,3583.0,balancesheet
1293.0,unnamed_4,3974.0,balancesheet
1294.0,unnamed_4,4808.0,balancesheet
1295.0,unnamed_4,5854.0,balancesheet
1296.0,unnamed_4,6976.0,balancesheet
1297.0,unnamed_4,7487.0,balancesheet
1298.0,unnamed_4,16722.0,balancesheet
1299.0,unnamed_4,18004.0,balancesheet
1300.0,unnamed_4,19263.0,balancesheet
1301.0,unnamed_4,22361.0,balancesheet
1302.0,unnamed_4,23406.0,balancesheet
1303.0,unnamed_4,24083.0,balancesheet
1304.0,unnamed_4,25073.0,balancesheet
1305.0,unnamed_4,30567.0,balancesheet
1306.0,unnamed_4,58331.0,balancesheet
1307.0,unnamed_4,64026.0,balancesheet
1308.0,unnamed_4,71969.0,balancesheet
1309.0,unnamed_4,89964.0,balancesheet
1310.0,unnamed_4,14886.0,balancesheet
1311.0,unnamed_4,18318.0,balancesheet
1312.0,unnamed_4,25431.0,balancesheet
1313.0,unnamed_4,32742.0,balancesheet
1314.0,unnamed_4,36400.0,balancesheet
1315.0,unnamed_4,38074.0,balancesheet
1316.0,unnamed_4,41169.0,balancesheet
1317.0,unnamed_4,45025.0,balancesheet
1318.0,unnamed_4,46223.0,balancesheet
1319.0,unnamed_4,47771.0,balancesheet
1320.0,unnamed_4,55755.0,balancesheet
1321.0,unnamed_4,63427.0,balancesheet
1322.0,unnamed_4,68875.0,balancesheet
1323.0,unnamed_4,14955.0,balancesheet
1324.0,unnamed_4,16908.0,balancesheet
1325.0,unnamed_4,18767.0,balancesheet
1326.0,unnamed_4,21671.0,balancesheet
1327.0,unnamed_4,24117.0,balancesheet
1328.0,unnamed_4,26107.0,balancesheet
1329.0,unnamed_4,33476.0,balancesheet
1330.0,unnamed_4,38755.0,balancesheet
1331.0,unnamed_4,43886.0,balancesheet
1332.0,unnamed_4,50147.0,balancesheet
1333.0,unnamed_4,54036.0,balancesheet
1334.0,unnamed_4,59939.0,balancesheet
1335.0,unnamed_4,61076.0,balancesheet
1336.0,unnamed_4,851.0,balancesheet
1337.0,unnamed_4,1113.0,balancesheet
1338.0,unnamed_4,1277.0,balancesheet
1339.0,unnamed_4,1771.0,balancesheet
1340.0,unnamed_4,2169.0,balancesheet
1341.0,unnamed_4,2630.0,balancesheet
1342.0,unnamed_4,3123.0,balancesheet
1343.0,unnamed_4,3235.0,balancesheet
1344.0,unnamed_4,3779.0,balancesheet
1345.0,unnamed_4,4352.0,balancesheet
1346.0,unnamed_4,5457.0,balancesheet
1347.0,unnamed_4,6736.0,balancesheet
1348.0,unnamed_4,7712.0,balancesheet
1349.0,unnamed_4,1198.0,balancesheet
1350.0,unnamed_4,958.0,balancesheet
1351.0,unnamed_4,1389.0,balancesheet
1352.0,unnamed_4,1431.0,balancesheet
1353.0,unnamed_4,1514.0,balancesheet
1354.0,unnamed_4,1562.0,balancesheet
1355.0,unnamed_4,1613.0,balancesheet
1356.0,unnamed_4,2352.0,balancesheet
1357.0,unnamed_4,2277.0,balancesheet
1358.0,unnamed_4,2328.0,balancesheet
1359.0,unnamed_4,2560.0,balancesheet
1360.0,unnamed_4,4032.0,balancesheet
1361.0,unnamed_4,4644.0,balancesheet
1362.0,unnamed_4,1380.0,balancesheet
1363.0,unnamed_4,1818.0,balancesheet
1364.0,unnamed_4,2406.0,balancesheet
1365.0,unnamed_4,3409.0,balancesheet
1366.0,unnamed_4,4266.0,balancesheet
1367.0,unnamed_4,4538.0,balancesheet
1368.0,unnamed_4,4640.0,balancesheet
1369.0,unnamed_4,4739.0,balancesheet
1370.0,unnamed_4,5753.0,balancesheet
1371.0,unnamed_4,5868.0,balancesheet
1372.0,unnamed_4,6029.0,balancesheet
1373.0,unnamed_4,6687.0,balancesheet
1374.0,unnamed_4,7335.0,balancesheet
1375.0,unnamed_4,1881.0,balancesheet
1376.0,unnamed_4,2434.0,balancesheet
1377.0,unnamed_4,2995.0,balancesheet
1378.0,unnamed_4,3418.0,balancesheet
1379.0,unnamed_4,4144.0,balancesheet
1380.0,unnamed_4,5001.0,balancesheet
1381.0,unnamed_4,5981.0,balancesheet
1382.0,unnamed_4,6580.0,balancesheet
1383.0,unnamed_4,7408.0,balancesheet
1384.0,unnamed_4,9214.0,balancesheet
1385.0,unnamed_4,11762.0,balancesheet
1386.0,unnamed_4,9304.0,balancesheet
1387.0,unnamed_4,9647.0,balancesheet
1388.0,unnamed_4,5298.0,balancesheet
1389.0,unnamed_4,8948.0,balancesheet
1390.0,unnamed_4,11768.0,balancesheet
1391.0,unnamed_4,14155.0,balancesheet
1392.0,unnamed_4,15998.0,balancesheet
1393.0,unnamed_4,18401.0,balancesheet
1394.0,unnamed_4,19841.0,balancesheet
1395.0,unnamed_4,21377.0,balancesheet
1396.0,unnamed_4,24428.0,balancesheet
1397.0,unnamed_4,26447.0,balancesheet
1398.0,unnamed_4,27484.0,balancesheet
1399.0,unnamed_4,26228.0,balancesheet
1400.0,unnamed_4,26004.0,balancesheet
1401.0,unnamed_4,4748.0,balancesheet
1402.0,unnamed_4,5787.0,balancesheet
1403.0,unnamed_4,5431.0,balancesheet
1404.0,unnamed_4,6184.0,balancesheet
1405.0,unnamed_4,6202.0,balancesheet
1406.0,unnamed_4,6968.0,balancesheet
1407.0,unnamed_4,7269.0,balancesheet
1408.0,unnamed_4,13723.0,balancesheet
1409.0,unnamed_4,14442.0,balancesheet
1410.0,unnamed_4,15050.0,balancesheet
1411.0,unnamed_4,16184.0,balancesheet
1412.0,unnamed_4,15962.0,balancesheet
1413.0,unnamed_4,19033.0,balancesheet
1414.0,unnamed_4,38350.0,balancesheet
1415.0,unnamed_4,48999.0,balancesheet
1416.0,unnamed_4,50439.0,balancesheet
1417.0,unnamed_4,70875.0,balancesheet
1418.0,unnamed_4,86017.0,balancesheet
1419.0,unnamed_4,84937.0,balancesheet
1420.0,unnamed_4,89071.0,balancesheet
1421.0,unnamed_4,83751.0,balancesheet
1422.0,unnamed_4,86063.0,balancesheet
1423.0,unnamed_4,88773.0,balancesheet
1424.0,unnamed_4,90058.0,balancesheet
1425.0,unnamed_4,90127.0,balancesheet
1426.0,unnamed_4,101133.0,balancesheet
1427.0,unnamed_4,33201.0,balancesheet
1428.0,unnamed_4,39561.0,balancesheet
1429.0,unnamed_4,30378.0,balancesheet
1430.0,unnamed_4,42762.0,balancesheet
1431.0,unnamed_4,36849.0,balancesheet
1432.0,unnamed_4,59726.0,balancesheet
1433.0,unnamed_4,67780.0,balancesheet
1434.0,unnamed_4,72431.0,balancesheet
1435.0,unnamed_4,73041.0,balancesheet
1436.0,unnamed_4,113222.0,balancesheet
1437.0,unnamed_4,101861.0,balancesheet
1438.0,unnamed_4,90788.0,balancesheet
1439.0,unnamed_4,88900.0,balancesheet
1440.0,unnamed_4,5298.0,balancesheet
1441.0,unnamed_4,8948.0,balancesheet
1442.0,unnamed_4,11768.0,balancesheet
1443.0,unnamed_4,14155.0,balancesheet
1444.0,unnamed_4,15998.0,balancesheet
1445.0,unnamed_4,18401.0,balancesheet
1446.0,unnamed_4,19841.0,balancesheet
1447.0,unnamed_4,21377.0,balancesheet
1448.0,unnamed_4,24428.0,balancesheet
1449.0,unnamed_4,26447.0,balancesheet
1450.0,unnamed_4,27484.0,balancesheet
1451.0,unnamed_4,26228.0,balancesheet
1452.0,unnamed_4,26004.0,balancesheet
1453.0,unnamed_4,12098.0,balancesheet
1454.0,unnamed_4,12164.0,balancesheet
1455.0,unnamed_4,14048.0,balancesheet
1456.0,unnamed_4,11363.0,balancesheet
1457.0,unnamed_4,12944.0,balancesheet
1458.0,unnamed_4,16129.0,balancesheet
1459.0,unnamed_4,18035.0,balancesheet
1460.0,unnamed_4,19296.0,balancesheet
1461.0,unnamed_4,22003.0,balancesheet
1462.0,unnamed_4,22122.0,balancesheet
1463.0,unnamed_4,28468.0,balancesheet
1464.0,unnamed_4,32036.0,balancesheet
1465.0,unnamed_4,33360.0,balancesheet
1466.0,unnamed_4,36999.0,balancesheet
1467.0,unnamed_4,64960.0,balancesheet
1468.0,unnamed_4,55618.0,balancesheet
1469.0,unnamed_4,78273.0,balancesheet
1470.0,unnamed_4,57383.0,balancesheet
1471.0,unnamed_4,94749.0,balancesheet
1472.0,unnamed_4,59500.0,balancesheet
1473.0,unnamed_4,62359.0,balancesheet
1474.0,unnamed_4,54481.0,balancesheet
1475.0,unnamed_4,43795.0,balancesheet
1476.0,unnamed_4,44556.0,balancesheet
1477.0,unnamed_4,84152.0,balancesheet
1478.0,unnamed_4,100326.0,balancesheet
,unnamed_5,,balancesheet
136.0,unnamed_5,0.0,balancesheet
137.0,unnamed_5,0.0,balancesheet
138.0,unnamed_5,0.0,balancesheet
139.0,unnamed_5,0.0,balancesheet
140.0,unnamed_5,0.0,balancesheet
141.0,unnamed_5,0.0,balancesheet
142.0,unnamed_5,0.0,balancesheet
143.0,unnamed_5,175.0,balancesheet
144.0,unnamed_5,153.0,balancesheet
145.0,unnamed_5,152.0,balancesheet
146.0,unnamed_5,113.0,balancesheet
147.0,unnamed_5,83.0,balancesheet
148.0,unnamed_5,60.0,balancesheet
149.0,unnamed_5,0.0,balancesheet
150.0,unnamed_5,9701.0,balancesheet
151.0,unnamed_5,8585.0,balancesheet
152.0,unnamed_5,8975.0,balancesheet
153.0,unnamed_5,10428.0,balancesheet
154.0,unnamed_5,20137.0,balancesheet
155.0,unnamed_5,24246.0,balancesheet
156.0,unnamed_5,27095.0,balancesheet
157.0,unnamed_5,29902.0,balancesheet
158.0,unnamed_5,34270.0,balancesheet
159.0,unnamed_5,37070.0,balancesheet
160.0,unnamed_5,39009.0,balancesheet
170.0,unnamed_5,69332.0,balancesheet
171.0,unnamed_5,71980.0,balancesheet
172.0,unnamed_5,83571.0,balancesheet
173.0,unnamed_5,19169.0,balancesheet
174.0,unnamed_5,20846.0,balancesheet
175.0,unnamed_5,17637.0,balancesheet
176.0,unnamed_5,11243.0,balancesheet
177.0,unnamed_5,12419.0,balancesheet
178.0,unnamed_5,16227.0,balancesheet
179.0,unnamed_5,41604.0,balancesheet
180.0,unnamed_5,53200.0,balancesheet
181.0,unnamed_5,65310.0,balancesheet
182.0,unnamed_5,80427.0,balancesheet
192.0,unnamed_5,4347.0,balancesheet
193.0,unnamed_5,9864.0,balancesheet
194.0,unnamed_5,11142.0,balancesheet
195.0,unnamed_5,14866.0,balancesheet
196.0,unnamed_5,24209.0,balancesheet
197.0,unnamed_5,52832.0,balancesheet
198.0,unnamed_5,54223.0,balancesheet
199.0,unnamed_5,64858.0,balancesheet
200.0,unnamed_5,67430.0,balancesheet
201.0,unnamed_5,11620.0,balancesheet
202.0,unnamed_5,12979.0,balancesheet
203.0,unnamed_5,17776.0,balancesheet
204.0,unnamed_5,22342.0,balancesheet
205.0,unnamed_5,22214.0,balancesheet
206.0,unnamed_5,22370.0,balancesheet
207.0,unnamed_5,27712.0,balancesheet
208.0,unnamed_5,30242.0,balancesheet
209.0,unnamed_5,35855.0,balancesheet
210.0,unnamed_5,47935.0,balancesheet
211.0,unnamed_5,53434.0,balancesheet
212.0,unnamed_5,49470.0,balancesheet
213.0,unnamed_5,50485.0,balancesheet
214.0,unnamed_5,41795.0,balancesheet
215.0,unnamed_5,44150.0,balancesheet
216.0,unnamed_5,44742.0,balancesheet
217.0,unnamed_5,52729.0,balancesheet
218.0,unnamed_5,52484.0,balancesheet
219.0,unnamed_5,52835.0,balancesheet
220.0,unnamed_5,46980.0,balancesheet
221.0,unnamed_5,55199.0,balancesheet
222.0,unnamed_5,52519.0,balancesheet
223.0,unnamed_5,49145.0,balancesheet
224.0,unnamed_5,42350.0,balancesheet
225.0,unnamed_5,34616.0,balancesheet
226.0,unnamed_5,37705.0,balancesheet
227.0,unnamed_5,60.0,balancesheet
228.0,unnamed_5,48.0,balancesheet
229.0,unnamed_5,34.0,balancesheet
230.0,unnamed_5,35.0,balancesheet
231.0,unnamed_5,29.0,balancesheet
232.0,unnamed_5,24.0,balancesheet
233.0,unnamed_5,40.0,balancesheet
234.0,unnamed_5,41.0,balancesheet
235.0,unnamed_5,471.0,balancesheet
236.0,unnamed_5,477.0,balancesheet
237.0,unnamed_5,523.0,balancesheet
238.0,unnamed_5,699.0,balancesheet
239.0,unnamed_5,779.0,balancesheet
240.0,unnamed_5,1213.0,balancesheet
241.0,unnamed_5,1344.0,balancesheet
242.0,unnamed_5,1992.0,balancesheet
243.0,unnamed_5,2834.0,balancesheet
244.0,unnamed_5,3125.0,balancesheet
245.0,unnamed_5,3427.0,balancesheet
246.0,unnamed_5,3673.0,balancesheet
247.0,unnamed_5,3596.0,balancesheet
248.0,unnamed_5,4160.0,balancesheet
249.0,unnamed_5,4068.0,balancesheet
250.0,unnamed_5,4332.0,balancesheet
251.0,unnamed_5,5333.0,balancesheet
252.0,unnamed_5,7371.0,balancesheet
253.0,unnamed_5,251.0,balancesheet
254.0,unnamed_5,249.0,balancesheet
255.0,unnamed_5,418.0,balancesheet
256.0,unnamed_5,323.0,balancesheet
257.0,unnamed_5,560.0,balancesheet
258.0,unnamed_5,533.0,balancesheet
259.0,unnamed_5,1320.0,balancesheet
260.0,unnamed_5,1118.0,balancesheet
261.0,unnamed_5,1093.0,balancesheet
262.0,unnamed_5,1587.0,balancesheet
263.0,unnamed_5,1933.0,balancesheet
264.0,unnamed_5,2474.0,balancesheet
265.0,unnamed_5,2516.0,balancesheet
266.0,unnamed_5,251.0,balancesheet
267.0,unnamed_5,249.0,balancesheet
268.0,unnamed_5,418.0,balancesheet
269.0,unnamed_5,323.0,balancesheet
270.0,unnamed_5,560.0,balancesheet
271.0,unnamed_5,533.0,balancesheet
272.0,unnamed_5,1320.0,balancesheet
273.0,unnamed_5,1118.0,balancesheet
274.0,unnamed_5,1093.0,balancesheet
275.0,unnamed_5,1587.0,balancesheet
276.0,unnamed_5,1933.0,balancesheet
277.0,unnamed_5,2474.0,balancesheet
278.0,unnamed_5,2516.0,balancesheet
279.0,unnamed_5,1345.0,balancesheet
280.0,unnamed_5,394.0,balancesheet
281.0,unnamed_5,428.0,balancesheet
282.0,unnamed_5,529.0,balancesheet
283.0,unnamed_5,1035.0,balancesheet
284.0,unnamed_5,1422.0,balancesheet
285.0,unnamed_5,1557.0,balancesheet
286.0,unnamed_5,1457.0,balancesheet
287.0,unnamed_5,296254.0,balancesheet
288.0,unnamed_5,333280.0,balancesheet
289.0,unnamed_5,406638.0,balancesheet
290.0,unnamed_5,472150.0,balancesheet
291.0,unnamed_5,527437.0,balancesheet
292.0,unnamed_5,611425.0,balancesheet
293.0,unnamed_5,711996.0,balancesheet
294.0,unnamed_5,797337.0,balancesheet
295.0,unnamed_5,850551.0,balancesheet
296.0,unnamed_5,1020943.0,balancesheet
297.0,unnamed_5,1152038.0,balancesheet
298.0,unnamed_5,1295302.0,balancesheet
299.0,unnamed_5,116.0,balancesheet
300.0,unnamed_5,59.0,balancesheet
301.0,unnamed_5,112.0,balancesheet
302.0,unnamed_5,118.0,balancesheet
303.0,unnamed_5,120.0,balancesheet
304.0,unnamed_5,121.0,balancesheet
305.0,unnamed_5,125.0,balancesheet
306.0,unnamed_5,126.0,balancesheet
307.0,unnamed_5,121.0,balancesheet
308.0,unnamed_5,123.0,balancesheet
309.0,unnamed_5,124.0,balancesheet
310.0,unnamed_5,1912.0,balancesheet
311.0,unnamed_5,5245.0,balancesheet
312.0,unnamed_5,12991.0,balancesheet
313.0,unnamed_5,19507.0,balancesheet
314.0,unnamed_5,26312.0,balancesheet
315.0,unnamed_5,36062.0,balancesheet
316.0,unnamed_5,48282.0,balancesheet
317.0,unnamed_5,65695.0,balancesheet
318.0,unnamed_5,99754.0,balancesheet
319.0,unnamed_5,127212.0,balancesheet
320.0,unnamed_5,128461.0,balancesheet
321.0,unnamed_5,161179.0,balancesheet
322.0,unnamed_5,212265.0,balancesheet
323.0,unnamed_5,288933.0,balancesheet
324.0,unnamed_5,318675.0,balancesheet
325.0,unnamed_5,0.0,balancesheet
326.0,unnamed_5,0.0,balancesheet
327.0,unnamed_5,0.0,balancesheet
328.0,unnamed_5,0.0,balancesheet
329.0,unnamed_5,0.0,balancesheet
330.0,unnamed_5,0.0,balancesheet
331.0,unnamed_5,0.0,balancesheet
332.0,unnamed_5,168.0,balancesheet
333.0,unnamed_5,136.0,balancesheet
334.0,unnamed_5,114.0,balancesheet
335.0,unnamed_5,93.0,balancesheet
336.0,unnamed_5,63.0,balancesheet
337.0,unnamed_5,47.0,balancesheet
338.0,unnamed_5,26655.0,balancesheet
339.0,unnamed_5,37025.0,balancesheet
340.0,unnamed_5,49250.0,balancesheet
341.0,unnamed_5,66557.0,balancesheet
342.0,unnamed_5,101588.0,balancesheet
343.0,unnamed_5,129806.0,balancesheet
344.0,unnamed_5,131634.0,balancesheet
345.0,unnamed_5,165232.0,balancesheet
346.0,unnamed_5,216690.0,balancesheet
347.0,unnamed_5,293346.0,balancesheet
348.0,unnamed_5,324218.0,balancesheet
349.0,unnamed_5,509192.0,balancesheet
350.0,unnamed_5,616973.0,balancesheet
351.0,unnamed_5,665483.0,balancesheet
352.0,unnamed_5,620536.0,balancesheet
353.0,unnamed_5,648499.0,balancesheet
354.0,unnamed_5,672311.0,balancesheet
355.0,unnamed_5,734456.0,balancesheet
356.0,unnamed_5,1068981.0,balancesheet
357.0,unnamed_5,1067173.0,balancesheet
358.0,unnamed_5,1185331.0,balancesheet
359.0,unnamed_5,1342592.0,balancesheet
360.0,unnamed_5,1453761.0,balancesheet
361.0,unnamed_5,24.0,balancesheet
362.0,unnamed_5,21.0,balancesheet
363.0,unnamed_5,26.0,balancesheet
364.0,unnamed_5,25.0,balancesheet
365.0,unnamed_5,29.0,balancesheet
366.0,unnamed_5,48.0,balancesheet
367.0,unnamed_5,47.0,balancesheet
368.0,unnamed_5,44.0,balancesheet
369.0,unnamed_5,49.0,balancesheet
370.0,unnamed_5,58.0,balancesheet
371.0,unnamed_5,39.0,balancesheet
372.0,unnamed_5,43.0,balancesheet
373.0,unnamed_5,78.0,balancesheet
374.0,unnamed_5,66736.0,balancesheet
375.0,unnamed_5,75896.0,balancesheet
376.0,unnamed_5,83415.0,balancesheet
377.0,unnamed_5,100646.0,balancesheet
378.0,unnamed_5,107288.0,balancesheet
379.0,unnamed_5,111334.0,balancesheet
380.0,unnamed_5,125428.0,balancesheet
381.0,unnamed_5,148228.0,balancesheet
382.0,unnamed_5,162785.0,balancesheet
383.0,unnamed_5,169678.0,balancesheet
384.0,unnamed_5,226020.0,balancesheet
385.0,unnamed_5,215592.0,balancesheet
386.0,unnamed_5,225541.0,balancesheet
387.0,unnamed_5,2698.0,balancesheet
388.0,unnamed_5,4693.0,balancesheet
389.0,unnamed_5,1889.0,balancesheet
390.0,unnamed_5,211.0,balancesheet
391.0,unnamed_5,156.0,balancesheet
392.0,unnamed_5,110.0,balancesheet
393.0,unnamed_5,2598.0,balancesheet
394.0,unnamed_5,5080.0,balancesheet
395.0,unnamed_5,4951.0,balancesheet
396.0,unnamed_5,4830.0,balancesheet
397.0,unnamed_5,5454.0,balancesheet
398.0,unnamed_5,8856.0,balancesheet
399.0,unnamed_5,9128.0,balancesheet
400.0,unnamed_5,230.0,balancesheet
401.0,unnamed_5,183.0,balancesheet
402.0,unnamed_5,111.0,balancesheet
403.0,unnamed_5,50.0,balancesheet
404.0,unnamed_5,0.0,balancesheet
405.0,unnamed_5,0.0,balancesheet
406.0,unnamed_5,0.0,balancesheet
407.0,unnamed_5,74.0,balancesheet
408.0,unnamed_5,54.0,balancesheet
409.0,unnamed_5,73.0,balancesheet
410.0,unnamed_5,53.0,balancesheet
411.0,unnamed_5,39.0,balancesheet
412.0,unnamed_5,31.0,balancesheet
413.0,unnamed_5,33157.0,balancesheet
414.0,unnamed_5,33152.0,balancesheet
415.0,unnamed_5,25492.0,balancesheet
416.0,unnamed_5,23388.0,balancesheet
417.0,unnamed_5,35725.0,balancesheet
418.0,unnamed_5,37659.0,balancesheet
419.0,unnamed_5,44839.0,balancesheet
420.0,unnamed_5,65476.0,balancesheet
421.0,unnamed_5,54532.0,balancesheet
422.0,unnamed_5,64534.0,balancesheet
423.0,unnamed_5,69376.0,balancesheet
424.0,unnamed_5,54599.0,balancesheet
425.0,unnamed_5,58880.0,balancesheet
426.0,unnamed_5,380.0,balancesheet
427.0,unnamed_5,150.0,balancesheet
428.0,unnamed_5,145.0,balancesheet
429.0,unnamed_5,131.0,balancesheet
430.0,unnamed_5,125.0,balancesheet
431.0,unnamed_5,201.0,balancesheet
432.0,unnamed_5,156.0,balancesheet
433.0,unnamed_5,1538.0,balancesheet
434.0,unnamed_5,2122.0,balancesheet
435.0,unnamed_5,2481.0,balancesheet
436.0,unnamed_5,2997.0,balancesheet
437.0,unnamed_5,2065.0,balancesheet
438.0,unnamed_5,2754.0,balancesheet
439.0,unnamed_5,376040.0,balancesheet
440.0,unnamed_5,447913.0,balancesheet
441.0,unnamed_5,499488.0,balancesheet
442.0,unnamed_5,506712.0,balancesheet
443.0,unnamed_5,534858.0,balancesheet
444.0,unnamed_5,563756.0,balancesheet
445.0,unnamed_5,640166.0,balancesheet
446.0,unnamed_5,668170.0,balancesheet
447.0,unnamed_5,1060998.0,balancesheet
448.0,unnamed_5,1132626.0,balancesheet
449.0,unnamed_5,1237160.0,balancesheet
450.0,unnamed_5,1369780.0,balancesheet
451.0,unnamed_5,15269.0,balancesheet
452.0,unnamed_5,18075.0,balancesheet
453.0,unnamed_5,19950.0,balancesheet
454.0,unnamed_5,22546.0,balancesheet
455.0,unnamed_5,24071.0,balancesheet
456.0,unnamed_5,38330.0,balancesheet
457.0,unnamed_5,50567.0,balancesheet
458.0,unnamed_5,55005.0,balancesheet
459.0,unnamed_5,63730.0,balancesheet
460.0,unnamed_5,69174.0,balancesheet
461.0,unnamed_5,97358.0,balancesheet
462.0,unnamed_5,134475.0,balancesheet
463.0,unnamed_5,157943.0,balancesheet
464.0,unnamed_5,967.0,balancesheet
465.0,unnamed_5,1248.0,balancesheet
466.0,unnamed_5,1703.0,balancesheet
467.0,unnamed_5,5202.0,balancesheet
468.0,unnamed_5,4113.0,balancesheet
469.0,unnamed_5,4098.0,balancesheet
470.0,unnamed_5,4316.0,balancesheet
471.0,unnamed_5,2816.0,balancesheet
472.0,unnamed_5,2014.0,balancesheet
473.0,unnamed_5,1056.0,balancesheet
474.0,unnamed_5,803.0,balancesheet
475.0,unnamed_5,559.0,balancesheet
476.0,unnamed_5,461.0,balancesheet
477.0,unnamed_5,1305.0,balancesheet
478.0,unnamed_5,178.0,balancesheet
479.0,unnamed_5,408.0,balancesheet
480.0,unnamed_5,1199.0,balancesheet
481.0,unnamed_5,3014.0,balancesheet
482.0,unnamed_5,1538.0,balancesheet
483.0,unnamed_5,2210.0,balancesheet
484.0,unnamed_5,6434.0,balancesheet
485.0,unnamed_5,5884.0,balancesheet
486.0,unnamed_5,3514.0,balancesheet
487.0,unnamed_5,4331.0,balancesheet
488.0,unnamed_5,6523.0,balancesheet
489.0,unnamed_5,7816.0,balancesheet
490.0,unnamed_5,1151.0,balancesheet
491.0,unnamed_5,708.0,balancesheet
492.0,unnamed_5,734.0,balancesheet
493.0,unnamed_5,805.0,balancesheet
494.0,unnamed_5,975.0,balancesheet
495.0,unnamed_5,938.0,balancesheet
496.0,unnamed_5,699.0,balancesheet
497.0,unnamed_5,522.0,balancesheet
498.0,unnamed_5,509.0,balancesheet
499.0,unnamed_5,1030.0,balancesheet
500.0,unnamed_5,1174.0,balancesheet
501.0,unnamed_5,1365.0,balancesheet
502.0,unnamed_5,1752.0,balancesheet
503.0,unnamed_5,33.0,balancesheet
504.0,unnamed_5,18.0,balancesheet
505.0,unnamed_5,27.0,balancesheet
506.0,unnamed_5,42.0,balancesheet
507.0,unnamed_5,36.0,balancesheet
508.0,unnamed_5,63.0,balancesheet
509.0,unnamed_5,106.0,balancesheet
510.0,unnamed_5,39.0,balancesheet
511.0,unnamed_5,5.0,balancesheet
512.0,unnamed_5,4.0,balancesheet
513.0,unnamed_5,4.0,balancesheet
514.0,unnamed_5,3.0,balancesheet
515.0,unnamed_5,8.0,balancesheet
516.0,unnamed_5,26600.0,balancesheet
517.0,unnamed_5,24133.0,balancesheet
518.0,unnamed_5,24495.0,balancesheet
519.0,unnamed_5,25264.0,balancesheet
520.0,unnamed_5,29202.0,balancesheet
521.0,unnamed_5,17491.0,balancesheet
522.0,unnamed_5,17222.0,balancesheet
523.0,unnamed_5,8103.0,balancesheet
524.0,unnamed_5,6886.0,balancesheet
525.0,unnamed_5,4182.0,balancesheet
526.0,unnamed_5,3334.0,balancesheet
527.0,unnamed_5,4834.0,balancesheet
528.0,unnamed_5,4290.0,balancesheet
529.0,unnamed_5,526.0,balancesheet
530.0,unnamed_5,641.0,balancesheet
531.0,unnamed_5,904.0,balancesheet
532.0,unnamed_5,1192.0,balancesheet
533.0,unnamed_5,1497.0,balancesheet
534.0,unnamed_5,439.0,balancesheet
535.0,unnamed_5,700.0,balancesheet
536.0,unnamed_5,333.0,balancesheet
537.0,unnamed_5,393.0,balancesheet
538.0,unnamed_5,647.0,balancesheet
539.0,unnamed_5,643.0,balancesheet
540.0,unnamed_5,592.0,balancesheet
541.0,unnamed_5,713.0,balancesheet
542.0,unnamed_5,3682.0,balancesheet
543.0,unnamed_5,4477.0,balancesheet
544.0,unnamed_5,4314.0,balancesheet
545.0,unnamed_5,3352.0,balancesheet
546.0,unnamed_5,4918.0,balancesheet
547.0,unnamed_5,5071.0,balancesheet
548.0,unnamed_5,3838.0,balancesheet
549.0,unnamed_5,2210.0,balancesheet
550.0,unnamed_5,3031.0,balancesheet
551.0,unnamed_5,3384.0,balancesheet
552.0,unnamed_5,1347.0,balancesheet
553.0,unnamed_5,2002.0,balancesheet
554.0,unnamed_5,4854.0,balancesheet
555.0,unnamed_5,23.0,balancesheet
556.0,unnamed_5,84.0,balancesheet
557.0,unnamed_5,58.0,balancesheet
558.0,unnamed_5,23.0,balancesheet
559.0,unnamed_5,112.0,balancesheet
560.0,unnamed_5,151.0,balancesheet
561.0,unnamed_5,187.0,balancesheet
562.0,unnamed_5,249.0,balancesheet
563.0,unnamed_5,219.0,balancesheet
564.0,unnamed_5,108.0,balancesheet
565.0,unnamed_5,288.0,balancesheet
566.0,unnamed_5,419.0,balancesheet
567.0,unnamed_5,404.0,balancesheet
568.0,unnamed_5,16472.0,balancesheet
569.0,unnamed_5,18537.0,balancesheet
570.0,unnamed_5,18291.0,balancesheet
571.0,unnamed_5,9052.0,balancesheet
572.0,unnamed_5,6553.0,balancesheet
573.0,unnamed_5,3876.0,balancesheet
574.0,unnamed_5,2224.0,balancesheet
575.0,unnamed_5,6912.0,balancesheet
576.0,unnamed_5,7873.0,balancesheet
577.0,unnamed_5,9216.0,balancesheet
578.0,unnamed_5,17816.0,balancesheet
579.0,unnamed_5,21794.0,balancesheet
580.0,unnamed_5,19632.0,balancesheet
581.0,unnamed_5,2456.0,balancesheet
582.0,unnamed_5,2373.0,balancesheet
583.0,unnamed_5,2717.0,balancesheet
584.0,unnamed_5,2891.0,balancesheet
585.0,unnamed_5,4001.0,balancesheet
586.0,unnamed_5,3508.0,balancesheet
587.0,unnamed_5,3382.0,balancesheet
588.0,unnamed_5,3575.0,balancesheet
589.0,unnamed_5,1864.0,balancesheet
590.0,unnamed_5,1704.0,balancesheet
591.0,unnamed_5,1130.0,balancesheet
592.0,unnamed_5,3222.0,balancesheet
593.0,unnamed_5,3828.0,balancesheet
594.0,unnamed_5,9550.0,balancesheet
595.0,unnamed_5,9681.0,balancesheet
596.0,unnamed_5,11930.0,balancesheet
597.0,unnamed_5,12505.0,balancesheet
598.0,unnamed_5,9213.0,balancesheet
599.0,unnamed_5,67070.0,balancesheet
600.0,unnamed_5,84487.0,balancesheet
601.0,unnamed_5,84777.0,balancesheet
602.0,unnamed_5,79078.0,balancesheet
603.0,unnamed_5,74744.0,balancesheet
604.0,unnamed_5,103039.0,balancesheet
605.0,unnamed_5,137155.0,balancesheet
606.0,unnamed_5,158159.0,balancesheet
607.0,unnamed_5,18.0,balancesheet
608.0,unnamed_5,2.0,balancesheet
609.0,unnamed_5,3.0,balancesheet
610.0,unnamed_5,8.0,balancesheet
611.0,unnamed_5,2.0,balancesheet
612.0,unnamed_5,6.0,balancesheet
613.0,unnamed_5,12.0,balancesheet
614.0,unnamed_5,47.0,balancesheet
615.0,unnamed_5,123.0,balancesheet
616.0,unnamed_5,124.0,balancesheet
630.0,unnamed_5,1044.0,balancesheet
631.0,unnamed_5,1018.0,balancesheet
632.0,unnamed_5,648.0,balancesheet
633.0,unnamed_5,1090.0,balancesheet
634.0,unnamed_5,582.0,balancesheet
635.0,unnamed_5,557.0,balancesheet
636.0,unnamed_5,4195.0,balancesheet
637.0,unnamed_5,7986.0,balancesheet
638.0,unnamed_5,6864.0,balancesheet
639.0,unnamed_5,6343.0,balancesheet
640.0,unnamed_5,4794.0,balancesheet
641.0,unnamed_5,5758.0,balancesheet
642.0,unnamed_5,5791.0,balancesheet
643.0,unnamed_5,982.0,balancesheet
644.0,unnamed_5,1054.0,balancesheet
645.0,unnamed_5,424.0,balancesheet
646.0,unnamed_5,134.0,balancesheet
647.0,unnamed_5,208.0,balancesheet
648.0,unnamed_5,115.0,balancesheet
649.0,unnamed_5,94.0,balancesheet
650.0,unnamed_5,72.0,balancesheet
651.0,unnamed_5,521.0,balancesheet
652.0,unnamed_5,616.0,balancesheet
653.0,unnamed_5,223.0,balancesheet
654.0,unnamed_5,303.0,balancesheet
655.0,unnamed_5,332.0,balancesheet
656.0,unnamed_5,335588.0,balancesheet
657.0,unnamed_5,416677.0,balancesheet
658.0,unnamed_5,509762.0,balancesheet
659.0,unnamed_5,649587.0,balancesheet
660.0,unnamed_5,741550.0,balancesheet
661.0,unnamed_5,944817.0,balancesheet
662.0,unnamed_5,1080235.0,balancesheet
663.0,unnamed_5,1333041.0,balancesheet
664.0,unnamed_5,1511418.0,balancesheet
665.0,unnamed_5,1784970.0,balancesheet
666.0,unnamed_5,2139212.0,balancesheet
667.0,unnamed_5,3107503.0,balancesheet
668.0,unnamed_5,0.0,balancesheet
669.0,unnamed_5,0.0,balancesheet
670.0,unnamed_5,0.0,balancesheet
671.0,unnamed_5,0.0,balancesheet
672.0,unnamed_5,0.0,balancesheet
673.0,unnamed_5,0.0,balancesheet
674.0,unnamed_5,0.0,balancesheet
675.0,unnamed_5,0.0,balancesheet
676.0,unnamed_5,600.0,balancesheet
677.0,unnamed_5,600.0,balancesheet
678.0,unnamed_5,950.0,balancesheet
679.0,unnamed_5,950.0,balancesheet
680.0,unnamed_5,950.0,balancesheet
681.0,unnamed_5,284.0,balancesheet
682.0,unnamed_5,100.0,balancesheet
683.0,unnamed_5,232.0,balancesheet
684.0,unnamed_5,261.0,balancesheet
685.0,unnamed_5,228.0,balancesheet
686.0,unnamed_5,312.0,balancesheet
687.0,unnamed_5,453.0,balancesheet
688.0,unnamed_5,584.0,balancesheet
689.0,unnamed_5,605.0,balancesheet
690.0,unnamed_5,568.0,balancesheet
691.0,unnamed_5,606.0,balancesheet
692.0,unnamed_5,588.0,balancesheet
693.0,unnamed_5,56951.0,balancesheet
694.0,unnamed_5,64756.0,balancesheet
695.0,unnamed_5,68468.0,balancesheet
696.0,unnamed_5,67552.0,balancesheet
697.0,unnamed_5,63817.0,balancesheet
698.0,unnamed_5,52074.0,balancesheet
699.0,unnamed_5,52415.0,balancesheet
700.0,unnamed_5,68399.0,balancesheet
701.0,unnamed_5,67206.0,balancesheet
702.0,unnamed_5,64486.0,balancesheet
703.0,unnamed_5,60291.0,balancesheet
704.0,unnamed_5,56356.0,balancesheet
705.0,unnamed_5,60959.0,balancesheet
706.0,unnamed_5,25.0,balancesheet
707.0,unnamed_5,46.0,balancesheet
708.0,unnamed_5,43.0,balancesheet
709.0,unnamed_5,177.0,balancesheet
710.0,unnamed_5,277.0,balancesheet
711.0,unnamed_5,0.0,balancesheet
712.0,unnamed_5,99.0,balancesheet
713.0,unnamed_5,0.0,balancesheet
714.0,unnamed_5,0.0,balancesheet
715.0,unnamed_5,1043.0,balancesheet
716.0,unnamed_5,1219.0,balancesheet
717.0,unnamed_5,1484.0,balancesheet
718.0,unnamed_5,1651.0,balancesheet
719.0,unnamed_5,487659.0,balancesheet
720.0,unnamed_5,543055.0,balancesheet
721.0,unnamed_5,597207.0,balancesheet
722.0,unnamed_5,671455.0,balancesheet
723.0,unnamed_5,700874.0,balancesheet
724.0,unnamed_5,815198.0,balancesheet
725.0,unnamed_5,891641.0,balancesheet
726.0,unnamed_5,1014636.0,balancesheet
727.0,unnamed_5,1103840.0,balancesheet
728.0,unnamed_5,1252968.0,balancesheet
729.0,unnamed_5,1399894.0,balancesheet
730.0,unnamed_5,1651008.0,balancesheet
731.0,unnamed_5,0.0,balancesheet
732.0,unnamed_5,0.0,balancesheet
733.0,unnamed_5,0.0,balancesheet
734.0,unnamed_5,0.0,balancesheet
735.0,unnamed_5,485.0,balancesheet
736.0,unnamed_5,485.0,balancesheet
737.0,unnamed_5,485.0,balancesheet
738.0,unnamed_5,485.0,balancesheet
739.0,unnamed_5,485.0,balancesheet
740.0,unnamed_5,255.0,balancesheet
741.0,unnamed_5,35.0,balancesheet
742.0,unnamed_5,35.0,balancesheet
743.0,unnamed_5,0.0,balancesheet
744.0,unnamed_5,0.0,balancesheet
745.0,unnamed_5,0.0,balancesheet
746.0,unnamed_5,0.0,balancesheet
747.0,unnamed_5,1029.0,balancesheet
748.0,unnamed_5,0.0,balancesheet
749.0,unnamed_5,0.0,balancesheet
750.0,unnamed_5,0.0,balancesheet
751.0,unnamed_5,0.0,balancesheet
752.0,unnamed_5,1200.0,balancesheet
753.0,unnamed_5,1200.0,balancesheet
754.0,unnamed_5,1200.0,balancesheet
755.0,unnamed_5,1200.0,balancesheet
756.0,unnamed_5,0.0,balancesheet
757.0,unnamed_5,11.0,balancesheet
758.0,unnamed_5,14.0,balancesheet
759.0,unnamed_5,4.0,balancesheet
760.0,unnamed_5,8.0,balancesheet
761.0,unnamed_5,52.0,balancesheet
762.0,unnamed_5,54.0,balancesheet
763.0,unnamed_5,88.0,balancesheet
764.0,unnamed_5,75.0,balancesheet
765.0,unnamed_5,9.0,balancesheet
766.0,unnamed_5,12.0,balancesheet
767.0,unnamed_5,12.0,balancesheet
768.0,unnamed_5,17.0,balancesheet
769.0,unnamed_5,20.0,balancesheet
770.0,unnamed_5,63576.0,balancesheet
771.0,unnamed_5,75264.0,balancesheet
772.0,unnamed_5,94752.0,balancesheet
773.0,unnamed_5,117996.0,balancesheet
774.0,unnamed_5,149026.0,balancesheet
775.0,unnamed_5,189928.0,balancesheet
776.0,unnamed_5,242189.0,balancesheet
777.0,unnamed_5,262793.0,balancesheet
778.0,unnamed_5,307528.0,balancesheet
779.0,unnamed_5,341005.0,balancesheet
780.0,unnamed_5,385449.0,balancesheet
781.0,unnamed_5,432404.0,balancesheet
782.0,unnamed_5,0.0,balancesheet
783.0,unnamed_5,0.0,balancesheet
784.0,unnamed_5,0.0,balancesheet
785.0,unnamed_5,0.0,balancesheet
786.0,unnamed_5,0.0,balancesheet
787.0,unnamed_5,0.0,balancesheet
788.0,unnamed_5,0.0,balancesheet
789.0,unnamed_5,4633.0,balancesheet
790.0,unnamed_5,5325.0,balancesheet
791.0,unnamed_5,5474.0,balancesheet
792.0,unnamed_5,8299.0,balancesheet
793.0,unnamed_5,8359.0,balancesheet
794.0,unnamed_5,8804.0,balancesheet
795.0,unnamed_5,89671.0,balancesheet
796.0,unnamed_5,94916.0,balancesheet
797.0,unnamed_5,64893.0,balancesheet
798.0,unnamed_5,58552.0,balancesheet
799.0,unnamed_5,63271.0,balancesheet
800.0,unnamed_5,65650.0,balancesheet
801.0,unnamed_5,96765.0,balancesheet
802.0,unnamed_5,129790.0,balancesheet
803.0,unnamed_5,116649.0,balancesheet
804.0,unnamed_5,132020.0,balancesheet
805.0,unnamed_5,148977.0,balancesheet
806.0,unnamed_5,132628.0,balancesheet
807.0,unnamed_5,163401.0,balancesheet
808.0,unnamed_5,0.0,balancesheet
809.0,unnamed_5,0.0,balancesheet
810.0,unnamed_5,0.0,balancesheet
811.0,unnamed_5,0.0,balancesheet
812.0,unnamed_5,0.0,balancesheet
813.0,unnamed_5,0.0,balancesheet
814.0,unnamed_5,79.0,balancesheet
815.0,unnamed_5,105.0,balancesheet
816.0,unnamed_5,84.0,balancesheet
817.0,unnamed_5,60.0,balancesheet
818.0,unnamed_5,42.0,balancesheet
819.0,unnamed_5,58753.0,balancesheet
820.0,unnamed_5,69917.0,balancesheet
821.0,unnamed_5,71270.0,balancesheet
822.0,unnamed_5,87503.0,balancesheet
823.0,unnamed_5,106395.0,balancesheet
824.0,unnamed_5,134006.0,balancesheet
825.0,unnamed_5,173933.0,balancesheet
826.0,unnamed_5,234377.0,balancesheet
827.0,unnamed_5,323145.0,balancesheet
828.0,unnamed_5,388440.0,balancesheet
829.0,unnamed_5,418935.0,balancesheet
830.0,unnamed_5,412039.0,balancesheet
831.0,unnamed_5,403111.0,balancesheet
832.0,unnamed_5,102.0,balancesheet
833.0,unnamed_5,242.0,balancesheet
834.0,unnamed_5,269.0,balancesheet
835.0,unnamed_5,84.0,balancesheet
836.0,unnamed_5,46.0,balancesheet
837.0,unnamed_5,36.0,balancesheet
838.0,unnamed_5,13.0,balancesheet
839.0,unnamed_5,277.0,balancesheet
840.0,unnamed_5,271.0,balancesheet
841.0,unnamed_5,249.0,balancesheet
842.0,unnamed_5,306.0,balancesheet
843.0,unnamed_5,303.0,balancesheet
844.0,unnamed_5,304.0,balancesheet
845.0,unnamed_5,20686.0,balancesheet
846.0,unnamed_5,49113.0,balancesheet
847.0,unnamed_5,53944.0,balancesheet
848.0,unnamed_5,45500.0,balancesheet
849.0,unnamed_5,80029.0,balancesheet
850.0,unnamed_5,106550.0,balancesheet
851.0,unnamed_5,107742.0,balancesheet
852.0,unnamed_5,129473.0,balancesheet
853.0,unnamed_5,133187.0,balancesheet
854.0,unnamed_5,121986.0,balancesheet
855.0,unnamed_5,142255.0,balancesheet
856.0,unnamed_5,153181.0,balancesheet
857.0,unnamed_5,191489.0,balancesheet
858.0,unnamed_5,70419.0,balancesheet
859.0,unnamed_5,81455.0,balancesheet
860.0,unnamed_5,102252.0,balancesheet
861.0,unnamed_5,99424.0,balancesheet
862.0,unnamed_5,113773.0,balancesheet
863.0,unnamed_5,130049.0,balancesheet
864.0,unnamed_5,173058.0,balancesheet
865.0,unnamed_5,202984.0,balancesheet
866.0,unnamed_5,210208.0,balancesheet
867.0,unnamed_5,210707.0,balancesheet
868.0,unnamed_5,222913.0,balancesheet
869.0,unnamed_5,237131.0,balancesheet
870.0,unnamed_5,242009.0,balancesheet
871.0,unnamed_5,20340.0,balancesheet
872.0,unnamed_5,20819.0,balancesheet
873.0,unnamed_5,20584.0,balancesheet
874.0,unnamed_5,19938.0,balancesheet
875.0,unnamed_5,19227.0,balancesheet
876.0,unnamed_5,18602.0,balancesheet
877.0,unnamed_5,19066.0,balancesheet
878.0,unnamed_5,23226.0,balancesheet
879.0,unnamed_5,23365.0,balancesheet
880.0,unnamed_5,26096.0,balancesheet
881.0,unnamed_5,29540.0,balancesheet
882.0,unnamed_5,32561.0,balancesheet
883.0,unnamed_5,34210.0,balancesheet
884.0,unnamed_5,1189.0,balancesheet
885.0,unnamed_5,20.0,balancesheet
886.0,unnamed_5,18.0,balancesheet
887.0,unnamed_5,33.0,balancesheet
888.0,unnamed_5,35.0,balancesheet
889.0,unnamed_5,35.0,balancesheet
890.0,unnamed_5,189.0,balancesheet
891.0,unnamed_5,147.0,balancesheet
892.0,unnamed_5,266.0,balancesheet
893.0,unnamed_5,271.0,balancesheet
894.0,unnamed_5,271.0,balancesheet
895.0,unnamed_5,345.0,balancesheet
896.0,unnamed_5,370.0,balancesheet
897.0,unnamed_5,1.0,balancesheet
898.0,unnamed_5,1.0,balancesheet
899.0,unnamed_5,1.0,balancesheet
900.0,unnamed_5,1.0,balancesheet
901.0,unnamed_5,1.0,balancesheet
902.0,unnamed_5,1.0,balancesheet
903.0,unnamed_5,1.0,balancesheet
904.0,unnamed_5,77.0,balancesheet
905.0,unnamed_5,65.0,balancesheet
906.0,unnamed_5,64.0,balancesheet
907.0,unnamed_5,108.0,balancesheet
908.0,unnamed_5,246.0,balancesheet
909.0,unnamed_5,256.0,balancesheet
910.0,unnamed_5,4904.0,balancesheet
911.0,unnamed_5,4840.0,balancesheet
912.0,unnamed_5,5131.0,balancesheet
913.0,unnamed_5,6069.0,balancesheet
914.0,unnamed_5,10349.0,balancesheet
915.0,unnamed_5,10374.0,balancesheet
916.0,unnamed_5,11534.0,balancesheet
917.0,unnamed_5,13136.0,balancesheet
918.0,unnamed_5,11930.0,balancesheet
919.0,unnamed_5,14130.0,balancesheet
920.0,unnamed_5,13792.0,balancesheet
921.0,unnamed_5,19922.0,balancesheet
922.0,unnamed_5,25417.0,balancesheet
923.0,unnamed_5,1569.0,balancesheet
924.0,unnamed_5,2004.0,balancesheet
925.0,unnamed_5,666.0,balancesheet
926.0,unnamed_5,231.0,balancesheet
927.0,unnamed_5,484.0,balancesheet
928.0,unnamed_5,121.0,balancesheet
929.0,unnamed_5,160.0,balancesheet
930.0,unnamed_5,184.0,balancesheet
931.0,unnamed_5,541.0,balancesheet
932.0,unnamed_5,426.0,balancesheet
933.0,unnamed_5,1248.0,balancesheet
934.0,unnamed_5,119.0,balancesheet
935.0,unnamed_5,158.0,balancesheet
936.0,unnamed_5,28711.0,balancesheet
937.0,unnamed_5,35167.0,balancesheet
938.0,unnamed_5,37911.0,balancesheet
939.0,unnamed_5,41553.0,balancesheet
940.0,unnamed_5,48762.0,balancesheet
941.0,unnamed_5,55898.0,balancesheet
942.0,unnamed_5,70848.0,balancesheet
943.0,unnamed_5,82092.0,balancesheet
944.0,unnamed_5,80625.0,balancesheet
945.0,unnamed_5,77605.0,balancesheet
946.0,unnamed_5,92247.0,balancesheet
947.0,unnamed_5,108647.0,balancesheet
948.0,unnamed_5,116844.0,balancesheet
949.0,unnamed_5,234.0,balancesheet
950.0,unnamed_5,110.0,balancesheet
951.0,unnamed_5,218.0,balancesheet
952.0,unnamed_5,55.0,balancesheet
953.0,unnamed_5,0.0,balancesheet
954.0,unnamed_5,0.0,balancesheet
955.0,unnamed_5,0.0,balancesheet
956.0,unnamed_5,912.0,balancesheet
957.0,unnamed_5,798.0,balancesheet
958.0,unnamed_5,258.0,balancesheet
959.0,unnamed_5,1541.0,balancesheet
960.0,unnamed_5,2071.0,balancesheet
961.0,unnamed_5,2326.0,balancesheet
962.0,unnamed_5,234.0,balancesheet
963.0,unnamed_5,110.0,balancesheet
964.0,unnamed_5,218.0,balancesheet
965.0,unnamed_5,55.0,balancesheet
966.0,unnamed_5,0.0,balancesheet
967.0,unnamed_5,0.0,balancesheet
968.0,unnamed_5,0.0,balancesheet
969.0,unnamed_5,912.0,balancesheet
970.0,unnamed_5,798.0,balancesheet
971.0,unnamed_5,258.0,balancesheet
972.0,unnamed_5,1541.0,balancesheet
973.0,unnamed_5,2071.0,balancesheet
974.0,unnamed_5,2326.0,balancesheet
975.0,unnamed_5,5596.0,balancesheet
976.0,unnamed_5,4259.0,balancesheet
977.0,unnamed_5,11852.0,balancesheet
978.0,unnamed_5,13835.0,balancesheet
979.0,unnamed_5,16183.0,balancesheet
980.0,unnamed_5,22616.0,balancesheet
981.0,unnamed_5,25641.0,balancesheet
982.0,unnamed_5,18423.0,balancesheet
983.0,unnamed_5,18193.0,balancesheet
984.0,unnamed_5,11537.0,balancesheet
985.0,unnamed_5,9060.0,balancesheet
986.0,unnamed_5,7698.0,balancesheet
987.0,unnamed_5,7990.0,balancesheet
988.0,unnamed_5,269401.0,balancesheet
989.0,unnamed_5,253414.0,balancesheet
990.0,unnamed_5,4.0,balancesheet
991.0,unnamed_5,1.0,balancesheet
992.0,unnamed_5,0.0,balancesheet
993.0,unnamed_5,0.0,balancesheet
994.0,unnamed_5,10.0,balancesheet
995.0,unnamed_5,85561.0,balancesheet
996.0,unnamed_5,85937.0,balancesheet
997.0,unnamed_5,104258.0,balancesheet
998.0,unnamed_5,179679.0,balancesheet
999.0,unnamed_5,205230.0,balancesheet
1000.0,unnamed_5,249840.0,balancesheet
1001.0,unnamed_5,291763.0,balancesheet
1002.0,unnamed_5,326477.0,balancesheet
1003.0,unnamed_5,327110.0,balancesheet
1004.0,unnamed_5,365747.0,balancesheet
1005.0,unnamed_5,418807.0,balancesheet
1006.0,unnamed_5,520374.0,balancesheet
1007.0,unnamed_5,21625.0,balancesheet
1008.0,unnamed_5,35527.0,balancesheet
1009.0,unnamed_5,38754.0,balancesheet
1010.0,unnamed_5,42204.0,balancesheet
1011.0,unnamed_5,43334.0,balancesheet
1012.0,unnamed_5,39393.0,balancesheet
1013.0,unnamed_5,47396.0,balancesheet
1014.0,unnamed_5,61423.0,balancesheet
1015.0,unnamed_5,62392.0,balancesheet
1016.0,unnamed_5,72237.0,balancesheet
1017.0,unnamed_5,80853.0,balancesheet
1018.0,unnamed_5,87984.0,balancesheet
1019.0,unnamed_5,95258.0,balancesheet
1020.0,unnamed_5,10377.0,balancesheet
1021.0,unnamed_5,10106.0,balancesheet
1022.0,unnamed_5,9294.0,balancesheet
1023.0,unnamed_5,14862.0,balancesheet
1024.0,unnamed_5,14349.0,balancesheet
1025.0,unnamed_5,11883.0,balancesheet
1026.0,unnamed_5,10555.0,balancesheet
1027.0,unnamed_5,9840.0,balancesheet
1028.0,unnamed_5,8371.0,balancesheet
1029.0,unnamed_5,8943.0,balancesheet
1030.0,unnamed_5,25051.0,balancesheet
1031.0,unnamed_5,31573.0,balancesheet
1032.0,unnamed_5,30853.0,balancesheet
1033.0,unnamed_5,743.0,balancesheet
1034.0,unnamed_5,0.0,balancesheet
1035.0,unnamed_5,0.0,balancesheet
1036.0,unnamed_5,24618.0,balancesheet
1037.0,unnamed_5,36368.0,balancesheet
1038.0,unnamed_5,45501.0,balancesheet
1039.0,unnamed_5,46797.0,balancesheet
1040.0,unnamed_5,45850.0,balancesheet
1041.0,unnamed_5,42962.0,balancesheet
1042.0,unnamed_5,39559.0,balancesheet
1043.0,unnamed_5,36824.0,balancesheet
1044.0,unnamed_5,29910.0,balancesheet
1045.0,unnamed_5,13502.0,balancesheet
1046.0,unnamed_5,13046.0,balancesheet
1047.0,unnamed_5,16472.0,balancesheet
1048.0,unnamed_5,17266.0,balancesheet
1049.0,unnamed_5,139473.0,balancesheet
1050.0,unnamed_5,159215.0,balancesheet
1051.0,unnamed_5,187795.0,balancesheet
1052.0,unnamed_5,200660.0,balancesheet
1053.0,unnamed_5,202993.0,balancesheet
1054.0,unnamed_5,441151.0,balancesheet
1055.0,unnamed_5,539488.0,balancesheet
1056.0,unnamed_5,596561.0,balancesheet
1057.0,unnamed_5,659682.0,balancesheet
1058.0,unnamed_5,660476.0,balancesheet
1059.0,unnamed_5,751158.0,balancesheet
1060.0,unnamed_5,861961.0,balancesheet
1061.0,unnamed_5,910447.0,balancesheet
1062.0,unnamed_5,111.0,balancesheet
1063.0,unnamed_5,46.0,balancesheet
1064.0,unnamed_5,58.0,balancesheet
1065.0,unnamed_5,80.0,balancesheet
1066.0,unnamed_5,98.0,balancesheet
1067.0,unnamed_5,125.0,balancesheet
1068.0,unnamed_5,113.0,balancesheet
1069.0,unnamed_5,288.0,balancesheet
1070.0,unnamed_5,331.0,balancesheet
1071.0,unnamed_5,416.0,balancesheet
1072.0,unnamed_5,391.0,balancesheet
1073.0,unnamed_5,382.0,balancesheet
1074.0,unnamed_5,379.0,balancesheet
1075.0,unnamed_5,6695.0,balancesheet
1076.0,unnamed_5,10108.0,balancesheet
1077.0,unnamed_5,16481.0,balancesheet
1078.0,unnamed_5,26014.0,balancesheet
1079.0,unnamed_5,35497.0,balancesheet
1080.0,unnamed_5,53777.0,balancesheet
1081.0,unnamed_5,71859.0,balancesheet
1082.0,unnamed_5,67736.0,balancesheet
1083.0,unnamed_5,59394.0,balancesheet
1084.0,unnamed_5,52961.0,balancesheet
1085.0,unnamed_5,53621.0,balancesheet
1086.0,unnamed_5,55017.0,balancesheet
1087.0,unnamed_5,6695.0,balancesheet
1088.0,unnamed_5,10108.0,balancesheet
1089.0,unnamed_5,16481.0,balancesheet
1090.0,unnamed_5,26014.0,balancesheet
1091.0,unnamed_5,35497.0,balancesheet
1092.0,unnamed_5,53777.0,balancesheet
1093.0,unnamed_5,71859.0,balancesheet
1094.0,unnamed_5,67736.0,balancesheet
1095.0,unnamed_5,59394.0,balancesheet
1096.0,unnamed_5,52961.0,balancesheet
1097.0,unnamed_5,53621.0,balancesheet
1098.0,unnamed_5,55017.0,balancesheet
1099.0,unnamed_5,6695.0,balancesheet
1100.0,unnamed_5,10108.0,balancesheet
1101.0,unnamed_5,16481.0,balancesheet
1102.0,unnamed_5,26014.0,balancesheet
1103.0,unnamed_5,35497.0,balancesheet
1104.0,unnamed_5,53777.0,balancesheet
1105.0,unnamed_5,71859.0,balancesheet
1106.0,unnamed_5,67736.0,balancesheet
1107.0,unnamed_5,59394.0,balancesheet
1108.0,unnamed_5,52961.0,balancesheet
1109.0,unnamed_5,53621.0,balancesheet
1110.0,unnamed_5,55017.0,balancesheet
1111.0,unnamed_5,6695.0,balancesheet
1112.0,unnamed_5,10108.0,balancesheet
1113.0,unnamed_5,16481.0,balancesheet
1114.0,unnamed_5,26014.0,balancesheet
1115.0,unnamed_5,35497.0,balancesheet
1116.0,unnamed_5,53777.0,balancesheet
1117.0,unnamed_5,71859.0,balancesheet
1118.0,unnamed_5,67736.0,balancesheet
1119.0,unnamed_5,59394.0,balancesheet
1120.0,unnamed_5,52961.0,balancesheet
1121.0,unnamed_5,53621.0,balancesheet
1122.0,unnamed_5,55017.0,balancesheet
1123.0,unnamed_5,6695.0,balancesheet
1124.0,unnamed_5,10108.0,balancesheet
1125.0,unnamed_5,16481.0,balancesheet
1126.0,unnamed_5,26014.0,balancesheet
1127.0,unnamed_5,35497.0,balancesheet
1128.0,unnamed_5,53777.0,balancesheet
1129.0,unnamed_5,71859.0,balancesheet
1130.0,unnamed_5,67736.0,balancesheet
1131.0,unnamed_5,59394.0,balancesheet
1132.0,unnamed_5,52961.0,balancesheet
1133.0,unnamed_5,53621.0,balancesheet
1134.0,unnamed_5,55017.0,balancesheet
1135.0,unnamed_5,69233.0,balancesheet
1136.0,unnamed_5,84220.0,balancesheet
1137.0,unnamed_5,96243.0,balancesheet
1138.0,unnamed_5,108545.0,balancesheet
1139.0,unnamed_5,118988.0,balancesheet
1140.0,unnamed_5,131503.0,balancesheet
1141.0,unnamed_5,146376.0,balancesheet
1142.0,unnamed_5,148270.0,balancesheet
1143.0,unnamed_5,143232.0,balancesheet
1144.0,unnamed_5,134696.0,balancesheet
1145.0,unnamed_5,128584.0,balancesheet
1146.0,unnamed_5,123516.0,balancesheet
1147.0,unnamed_5,122568.0,balancesheet
1148.0,unnamed_5,69233.0,balancesheet
1149.0,unnamed_5,84220.0,balancesheet
1150.0,unnamed_5,96243.0,balancesheet
1151.0,unnamed_5,108545.0,balancesheet
1152.0,unnamed_5,118988.0,balancesheet
1153.0,unnamed_5,131503.0,balancesheet
1154.0,unnamed_5,146376.0,balancesheet
1155.0,unnamed_5,148270.0,balancesheet
1156.0,unnamed_5,143232.0,balancesheet
1157.0,unnamed_5,134696.0,balancesheet
1158.0,unnamed_5,128584.0,balancesheet
1159.0,unnamed_5,123516.0,balancesheet
1160.0,unnamed_5,122568.0,balancesheet
1161.0,unnamed_5,107762.0,balancesheet
1162.0,unnamed_5,126173.0,balancesheet
1163.0,unnamed_5,150979.0,balancesheet
1164.0,unnamed_5,169212.0,balancesheet
1165.0,unnamed_5,167852.0,balancesheet
1166.0,unnamed_5,204367.0,balancesheet
1167.0,unnamed_5,244249.0,balancesheet
1168.0,unnamed_5,286289.0,balancesheet
1169.0,unnamed_5,329723.0,balancesheet
1170.0,unnamed_5,333043.0,balancesheet
1171.0,unnamed_5,380790.0,balancesheet
1172.0,unnamed_5,445568.0,balancesheet
1173.0,unnamed_5,483617.0,balancesheet
1174.0,unnamed_5,107219.0,balancesheet
1175.0,unnamed_5,138761.0,balancesheet
1176.0,unnamed_5,168251.0,balancesheet
1177.0,unnamed_5,194714.0,balancesheet
1178.0,unnamed_5,217475.0,balancesheet
1179.0,unnamed_5,239843.0,balancesheet
1180.0,unnamed_5,307714.0,balancesheet
1181.0,unnamed_5,355133.0,balancesheet
1182.0,unnamed_5,278962.0,balancesheet
1183.0,unnamed_5,319158.0,balancesheet
1184.0,unnamed_5,451664.0,balancesheet
1185.0,unnamed_5,458991.0,balancesheet
1186.0,unnamed_5,357525.0,balancesheet
1187.0,unnamed_5,0.0,balancesheet
1188.0,unnamed_5,0.0,balancesheet
1189.0,unnamed_5,0.0,balancesheet
1190.0,unnamed_5,0.0,balancesheet
1191.0,unnamed_5,0.0,balancesheet
1192.0,unnamed_5,0.0,balancesheet
1193.0,unnamed_5,0.0,balancesheet
1194.0,unnamed_5,0.0,balancesheet
1195.0,unnamed_5,0.0,balancesheet
1196.0,unnamed_5,0.0,balancesheet
1197.0,unnamed_5,0.0,balancesheet
1198.0,unnamed_5,0.0,balancesheet
1199.0,unnamed_5,0.0,balancesheet
1200.0,unnamed_5,2918.0,balancesheet
1201.0,unnamed_5,2700.0,balancesheet
1202.0,unnamed_5,2651.0,balancesheet
1203.0,unnamed_5,2442.0,balancesheet
1204.0,unnamed_5,5207.0,balancesheet
1205.0,unnamed_5,5407.0,balancesheet
1206.0,unnamed_5,7899.0,balancesheet
1207.0,unnamed_5,7986.0,balancesheet
1208.0,unnamed_5,4608.0,balancesheet
1209.0,unnamed_5,4221.0,balancesheet
1210.0,unnamed_5,1195.0,balancesheet
1211.0,unnamed_5,804.0,balancesheet
1212.0,unnamed_5,190.0,balancesheet
1213.0,unnamed_5,1288.0,balancesheet
1214.0,unnamed_5,1200.0,balancesheet
1215.0,unnamed_5,917.0,balancesheet
1216.0,unnamed_5,881.0,balancesheet
1217.0,unnamed_5,1293.0,balancesheet
1218.0,unnamed_5,3403.0,balancesheet
1219.0,unnamed_5,2803.0,balancesheet
1220.0,unnamed_5,3146.0,balancesheet
1221.0,unnamed_5,2230.0,balancesheet
1222.0,unnamed_5,2129.0,balancesheet
1223.0,unnamed_5,2725.0,balancesheet
1224.0,unnamed_5,1656.0,balancesheet
1225.0,unnamed_5,1682.0,balancesheet
1226.0,unnamed_5,186.0,balancesheet
1227.0,unnamed_5,348.0,balancesheet
1228.0,unnamed_5,326.0,balancesheet
1229.0,unnamed_5,527.0,balancesheet
1230.0,unnamed_5,70.0,balancesheet
1231.0,unnamed_5,507.0,balancesheet
1232.0,unnamed_5,749.0,balancesheet
1233.0,unnamed_5,1159.0,balancesheet
1234.0,unnamed_5,6381.0,balancesheet
1235.0,unnamed_5,5159.0,balancesheet
1236.0,unnamed_5,7891.0,balancesheet
1237.0,unnamed_5,12522.0,balancesheet
1238.0,unnamed_5,14241.0,balancesheet
1239.0,unnamed_5,13901.0,balancesheet
1240.0,unnamed_5,9947.0,balancesheet
1241.0,unnamed_5,9724.0,balancesheet
1242.0,unnamed_5,10451.0,balancesheet
1243.0,unnamed_5,17593.0,balancesheet
1244.0,unnamed_5,17467.0,balancesheet
1245.0,unnamed_5,16465.0,balancesheet
1246.0,unnamed_5,19282.0,balancesheet
1247.0,unnamed_5,4839.0,balancesheet
1248.0,unnamed_5,80566.0,balancesheet
1249.0,unnamed_5,77752.0,balancesheet
1250.0,unnamed_5,67778.0,balancesheet
1251.0,unnamed_5,71569.0,balancesheet
1252.0,unnamed_5,58159.0,balancesheet
1253.0,unnamed_5,66226.0,balancesheet
1254.0,unnamed_5,59187.0,balancesheet
1255.0,unnamed_5,57669.0,balancesheet
1256.0,unnamed_5,53583.0,balancesheet
1257.0,unnamed_5,80329.0,balancesheet
1258.0,unnamed_5,87706.0,balancesheet
1259.0,unnamed_5,79808.0,balancesheet
1260.0,unnamed_5,33386.0,balancesheet
1261.0,unnamed_5,38630.0,balancesheet
1262.0,unnamed_5,46695.0,balancesheet
1263.0,unnamed_5,49790.0,balancesheet
1264.0,unnamed_5,53080.0,balancesheet
1265.0,unnamed_5,82131.0,balancesheet
1266.0,unnamed_5,87914.0,balancesheet
1267.0,unnamed_5,94735.0,balancesheet
1268.0,unnamed_5,106546.0,balancesheet
1269.0,unnamed_5,114846.0,balancesheet
1270.0,unnamed_5,164202.0,balancesheet
1271.0,unnamed_5,195496.0,balancesheet
1272.0,unnamed_5,207820.0,balancesheet
1273.0,unnamed_5,0.0,balancesheet
1274.0,unnamed_5,0.0,balancesheet
1275.0,unnamed_5,25.0,balancesheet
1276.0,unnamed_5,25.0,balancesheet
1277.0,unnamed_5,0.0,balancesheet
1278.0,unnamed_5,0.0,balancesheet
1279.0,unnamed_5,0.0,balancesheet
1280.0,unnamed_5,0.0,balancesheet
1281.0,unnamed_5,4.0,balancesheet
1282.0,unnamed_5,182.0,balancesheet
1283.0,unnamed_5,175.0,balancesheet
1284.0,unnamed_5,279.0,balancesheet
1285.0,unnamed_5,8242.0,balancesheet
1286.0,unnamed_5,8307.0,balancesheet
1287.0,unnamed_5,4987.0,balancesheet
1288.0,unnamed_5,4242.0,balancesheet
1289.0,unnamed_5,4144.0,balancesheet
1290.0,unnamed_5,3421.0,balancesheet
1291.0,unnamed_5,2883.0,balancesheet
1292.0,unnamed_5,2570.0,balancesheet
1293.0,unnamed_5,1037.0,balancesheet
1294.0,unnamed_5,605.0,balancesheet
1295.0,unnamed_5,183.0,balancesheet
1296.0,unnamed_5,265.0,balancesheet
1297.0,unnamed_5,518.0,balancesheet
1298.0,unnamed_5,287589.0,balancesheet
1299.0,unnamed_5,327078.0,balancesheet
1300.0,unnamed_5,352618.0,balancesheet
1301.0,unnamed_5,374754.0,balancesheet
1302.0,unnamed_5,418420.0,balancesheet
1303.0,unnamed_5,455969.0,balancesheet
1304.0,unnamed_5,460780.0,balancesheet
1305.0,unnamed_5,505150.0,balancesheet
1306.0,unnamed_5,977576.0,balancesheet
1307.0,unnamed_5,1085613.0,balancesheet
1308.0,unnamed_5,1163059.0,balancesheet
1309.0,unnamed_5,1251568.0,balancesheet
1310.0,unnamed_5,260.0,balancesheet
1311.0,unnamed_5,2561.0,balancesheet
1312.0,unnamed_5,8996.0,balancesheet
1313.0,unnamed_5,8497.0,balancesheet
1314.0,unnamed_5,9832.0,balancesheet
1315.0,unnamed_5,10385.0,balancesheet
1316.0,unnamed_5,10514.0,balancesheet
1317.0,unnamed_5,8315.0,balancesheet
1318.0,unnamed_5,3869.0,balancesheet
1319.0,unnamed_5,1290.0,balancesheet
1320.0,unnamed_5,6886.0,balancesheet
1321.0,unnamed_5,3274.0,balancesheet
1322.0,unnamed_5,2572.0,balancesheet
1323.0,unnamed_5,7342.0,balancesheet
1324.0,unnamed_5,7332.0,balancesheet
1325.0,unnamed_5,9829.0,balancesheet
1326.0,unnamed_5,10616.0,balancesheet
1327.0,unnamed_5,8474.0,balancesheet
1328.0,unnamed_5,19480.0,balancesheet
1329.0,unnamed_5,25337.0,balancesheet
1330.0,unnamed_5,23019.0,balancesheet
1331.0,unnamed_5,21719.0,balancesheet
1332.0,unnamed_5,11299.0,balancesheet
1333.0,unnamed_5,11058.0,balancesheet
1334.0,unnamed_5,11403.0,balancesheet
1335.0,unnamed_5,16964.0,balancesheet
1336.0,unnamed_5,1068.0,balancesheet
1337.0,unnamed_5,728.0,balancesheet
1338.0,unnamed_5,1119.0,balancesheet
1339.0,unnamed_5,1091.0,balancesheet
1340.0,unnamed_5,1311.0,balancesheet
1341.0,unnamed_5,6928.0,balancesheet
1342.0,unnamed_5,9298.0,balancesheet
1343.0,unnamed_5,11591.0,balancesheet
1344.0,unnamed_5,12179.0,balancesheet
1345.0,unnamed_5,15827.0,balancesheet
1346.0,unnamed_5,22376.0,balancesheet
1347.0,unnamed_5,26006.0,balancesheet
1348.0,unnamed_5,14619.0,balancesheet
1349.0,unnamed_5,343.0,balancesheet
1350.0,unnamed_5,332.0,balancesheet
1351.0,unnamed_5,267.0,balancesheet
1352.0,unnamed_5,400.0,balancesheet
1353.0,unnamed_5,392.0,balancesheet
1354.0,unnamed_5,391.0,balancesheet
1355.0,unnamed_5,494.0,balancesheet
1356.0,unnamed_5,300.0,balancesheet
1357.0,unnamed_5,300.0,balancesheet
1358.0,unnamed_5,4725.0,balancesheet
1359.0,unnamed_5,4464.0,balancesheet
1360.0,unnamed_5,1753.0,balancesheet
1361.0,unnamed_5,1842.0,balancesheet
1362.0,unnamed_5,693.0,balancesheet
1363.0,unnamed_5,1132.0,balancesheet
1364.0,unnamed_5,2740.0,balancesheet
1365.0,unnamed_5,2352.0,balancesheet
1366.0,unnamed_5,2510.0,balancesheet
1367.0,unnamed_5,6462.0,balancesheet
1368.0,unnamed_5,6038.0,balancesheet
1369.0,unnamed_5,5784.0,balancesheet
1370.0,unnamed_5,4874.0,balancesheet
1371.0,unnamed_5,4070.0,balancesheet
1372.0,unnamed_5,5369.0,balancesheet
1373.0,unnamed_5,4022.0,balancesheet
1374.0,unnamed_5,3128.0,balancesheet
1375.0,unnamed_5,0.0,balancesheet
1376.0,unnamed_5,807.0,balancesheet
1377.0,unnamed_5,100.0,balancesheet
1378.0,unnamed_5,113.0,balancesheet
1379.0,unnamed_5,1882.0,balancesheet
1380.0,unnamed_5,1691.0,balancesheet
1381.0,unnamed_5,2393.0,balancesheet
1382.0,unnamed_5,3562.0,balancesheet
1383.0,unnamed_5,5638.0,balancesheet
1384.0,unnamed_5,7275.0,balancesheet
1385.0,unnamed_5,9367.0,balancesheet
1386.0,unnamed_5,15528.0,balancesheet
1387.0,unnamed_5,21648.0,balancesheet
1388.0,unnamed_5,1380.0,balancesheet
1389.0,unnamed_5,363.0,balancesheet
1390.0,unnamed_5,700.0,balancesheet
1391.0,unnamed_5,1091.0,balancesheet
1392.0,unnamed_5,1366.0,balancesheet
1393.0,unnamed_5,2397.0,balancesheet
1394.0,unnamed_5,1996.0,balancesheet
1395.0,unnamed_5,3670.0,balancesheet
1396.0,unnamed_5,2901.0,balancesheet
1397.0,unnamed_5,2618.0,balancesheet
1398.0,unnamed_5,2740.0,balancesheet
1399.0,unnamed_5,2537.0,balancesheet
1400.0,unnamed_5,2035.0,balancesheet
1401.0,unnamed_5,1389.0,balancesheet
1402.0,unnamed_5,1438.0,balancesheet
1403.0,unnamed_5,1324.0,balancesheet
1404.0,unnamed_5,1354.0,balancesheet
1405.0,unnamed_5,787.0,balancesheet
1406.0,unnamed_5,1068.0,balancesheet
1407.0,unnamed_5,1141.0,balancesheet
1408.0,unnamed_5,1586.0,balancesheet
1409.0,unnamed_5,1634.0,balancesheet
1410.0,unnamed_5,1412.0,balancesheet
1411.0,unnamed_5,1600.0,balancesheet
1412.0,unnamed_5,3477.0,balancesheet
1413.0,unnamed_5,2955.0,balancesheet
1414.0,unnamed_5,332.0,balancesheet
1415.0,unnamed_5,297.0,balancesheet
1416.0,unnamed_5,358.0,balancesheet
1417.0,unnamed_5,245.0,balancesheet
1418.0,unnamed_5,289.0,balancesheet
1419.0,unnamed_5,247.0,balancesheet
1420.0,unnamed_5,62.0,balancesheet
1421.0,unnamed_5,8174.0,balancesheet
1422.0,unnamed_5,7795.0,balancesheet
1423.0,unnamed_5,7818.0,balancesheet
1424.0,unnamed_5,7688.0,balancesheet
1425.0,unnamed_5,8021.0,balancesheet
1426.0,unnamed_5,9046.0,balancesheet
1427.0,unnamed_5,68529.0,balancesheet
1428.0,unnamed_5,81629.0,balancesheet
1429.0,unnamed_5,80701.0,balancesheet
1430.0,unnamed_5,81987.0,balancesheet
1431.0,unnamed_5,83014.0,balancesheet
1432.0,unnamed_5,92147.0,balancesheet
1433.0,unnamed_5,100816.0,balancesheet
1434.0,unnamed_5,116328.0,balancesheet
1435.0,unnamed_5,88501.0,balancesheet
1436.0,unnamed_5,75561.0,balancesheet
1437.0,unnamed_5,84893.0,balancesheet
1438.0,unnamed_5,87082.0,balancesheet
1439.0,unnamed_5,99392.0,balancesheet
1440.0,unnamed_5,1380.0,balancesheet
1441.0,unnamed_5,363.0,balancesheet
1442.0,unnamed_5,700.0,balancesheet
1443.0,unnamed_5,1091.0,balancesheet
1444.0,unnamed_5,1366.0,balancesheet
1445.0,unnamed_5,2397.0,balancesheet
1446.0,unnamed_5,1996.0,balancesheet
1447.0,unnamed_5,3670.0,balancesheet
1448.0,unnamed_5,2901.0,balancesheet
1449.0,unnamed_5,2618.0,balancesheet
1450.0,unnamed_5,2740.0,balancesheet
1451.0,unnamed_5,2537.0,balancesheet
1452.0,unnamed_5,2035.0,balancesheet
1453.0,unnamed_5,37882.0,balancesheet
1454.0,unnamed_5,40173.0,balancesheet
1455.0,unnamed_5,40607.0,balancesheet
1456.0,unnamed_5,38849.0,balancesheet
1457.0,unnamed_5,48815.0,balancesheet
1458.0,unnamed_5,48589.0,balancesheet
1459.0,unnamed_5,48506.0,balancesheet
1460.0,unnamed_5,51936.0,balancesheet
1461.0,unnamed_5,46708.0,balancesheet
1462.0,unnamed_5,51195.0,balancesheet
1463.0,unnamed_5,52923.0,balancesheet
1464.0,unnamed_5,53689.0,balancesheet
1465.0,unnamed_5,58314.0,balancesheet
1466.0,unnamed_5,53716.0,balancesheet
1467.0,unnamed_5,60642.0,balancesheet
1468.0,unnamed_5,73610.0,balancesheet
1469.0,unnamed_5,69360.0,balancesheet
1470.0,unnamed_5,78604.0,balancesheet
1471.0,unnamed_5,88950.0,balancesheet
1472.0,unnamed_5,106175.0,balancesheet
1473.0,unnamed_5,124788.0,balancesheet
1474.0,unnamed_5,142131.0,balancesheet
1475.0,unnamed_5,146449.0,balancesheet
1476.0,unnamed_5,134113.0,balancesheet
1477.0,unnamed_5,107262.0,balancesheet
1478.0,unnamed_5,106549.0,balancesheet
,unnamed_6,,balancesheet
136.0,unnamed_6,260.0,balancesheet
137.0,unnamed_6,351.0,balancesheet
138.0,unnamed_6,436.0,balancesheet
139.0,unnamed_6,421.0,balancesheet
140.0,unnamed_6,679.0,balancesheet
141.0,unnamed_6,723.0,balancesheet
142.0,unnamed_6,932.0,balancesheet
143.0,unnamed_6,940.0,balancesheet
144.0,unnamed_6,1086.0,balancesheet
145.0,unnamed_6,1253.0,balancesheet
146.0,unnamed_6,1254.0,balancesheet
147.0,unnamed_6,1411.0,balancesheet
148.0,unnamed_6,1481.0,balancesheet
149.0,unnamed_6,0.0,balancesheet
150.0,unnamed_6,708.0,balancesheet
151.0,unnamed_6,489.0,balancesheet
152.0,unnamed_6,890.0,balancesheet
153.0,unnamed_6,781.0,balancesheet
154.0,unnamed_6,4379.0,balancesheet
155.0,unnamed_6,6966.0,balancesheet
156.0,unnamed_6,7219.0,balancesheet
157.0,unnamed_6,7650.0,balancesheet
158.0,unnamed_6,7913.0,balancesheet
159.0,unnamed_6,8827.0,balancesheet
160.0,unnamed_6,9113.0,balancesheet
170.0,unnamed_6,21143.0,balancesheet
171.0,unnamed_6,22365.0,balancesheet
172.0,unnamed_6,21420.0,balancesheet
173.0,unnamed_6,9132.0,balancesheet
174.0,unnamed_6,12630.0,balancesheet
175.0,unnamed_6,23679.0,balancesheet
176.0,unnamed_6,16537.0,balancesheet
177.0,unnamed_6,17509.0,balancesheet
178.0,unnamed_6,18231.0,balancesheet
179.0,unnamed_6,37726.0,balancesheet
180.0,unnamed_6,55027.0,balancesheet
181.0,unnamed_6,56200.0,balancesheet
182.0,unnamed_6,59445.0,balancesheet
192.0,unnamed_6,610.0,balancesheet
193.0,unnamed_6,4503.0,balancesheet
194.0,unnamed_6,1582.0,balancesheet
195.0,unnamed_6,1201.0,balancesheet
196.0,unnamed_6,2283.0,balancesheet
197.0,unnamed_6,3508.0,balancesheet
198.0,unnamed_6,5382.0,balancesheet
199.0,unnamed_6,13394.0,balancesheet
200.0,unnamed_6,20252.0,balancesheet
201.0,unnamed_6,3022.0,balancesheet
202.0,unnamed_6,2933.0,balancesheet
203.0,unnamed_6,3541.0,balancesheet
204.0,unnamed_6,2538.0,balancesheet
205.0,unnamed_6,3629.0,balancesheet
206.0,unnamed_6,3960.0,balancesheet
207.0,unnamed_6,4228.0,balancesheet
208.0,unnamed_6,6217.0,balancesheet
209.0,unnamed_6,8285.0,balancesheet
210.0,unnamed_6,8572.0,balancesheet
211.0,unnamed_6,13740.0,balancesheet
212.0,unnamed_6,14751.0,balancesheet
213.0,unnamed_6,18354.0,balancesheet
214.0,unnamed_6,8599.0,balancesheet
215.0,unnamed_6,8045.0,balancesheet
216.0,unnamed_6,8008.0,balancesheet
217.0,unnamed_6,15597.0,balancesheet
218.0,unnamed_6,16027.0,balancesheet
219.0,unnamed_6,15804.0,balancesheet
220.0,unnamed_6,13293.0,balancesheet
221.0,unnamed_6,13346.0,balancesheet
222.0,unnamed_6,13175.0,balancesheet
223.0,unnamed_6,14379.0,balancesheet
224.0,unnamed_6,13596.0,balancesheet
225.0,unnamed_6,14248.0,balancesheet
226.0,unnamed_6,17125.0,balancesheet
227.0,unnamed_6,3487.0,balancesheet
228.0,unnamed_6,3446.0,balancesheet
229.0,unnamed_6,3774.0,balancesheet
230.0,unnamed_6,3827.0,balancesheet
231.0,unnamed_6,12974.0,balancesheet
232.0,unnamed_6,14813.0,balancesheet
233.0,unnamed_6,14981.0,balancesheet
234.0,unnamed_6,16059.0,balancesheet
235.0,unnamed_6,16490.0,balancesheet
236.0,unnamed_6,19374.0,balancesheet
237.0,unnamed_6,19501.0,balancesheet
238.0,unnamed_6,23107.0,balancesheet
239.0,unnamed_6,25417.0,balancesheet
240.0,unnamed_6,854.0,balancesheet
241.0,unnamed_6,1029.0,balancesheet
242.0,unnamed_6,1296.0,balancesheet
243.0,unnamed_6,1195.0,balancesheet
244.0,unnamed_6,1665.0,balancesheet
245.0,unnamed_6,1917.0,balancesheet
246.0,unnamed_6,2159.0,balancesheet
247.0,unnamed_6,4354.0,balancesheet
248.0,unnamed_6,2629.0,balancesheet
249.0,unnamed_6,3570.0,balancesheet
250.0,unnamed_6,3886.0,balancesheet
251.0,unnamed_6,4474.0,balancesheet
252.0,unnamed_6,4676.0,balancesheet
253.0,unnamed_6,3149.0,balancesheet
254.0,unnamed_6,3787.0,balancesheet
255.0,unnamed_6,3754.0,balancesheet
256.0,unnamed_6,3711.0,balancesheet
257.0,unnamed_6,4241.0,balancesheet
258.0,unnamed_6,4820.0,balancesheet
259.0,unnamed_6,5459.0,balancesheet
260.0,unnamed_6,4889.0,balancesheet
261.0,unnamed_6,6456.0,balancesheet
262.0,unnamed_6,7560.0,balancesheet
263.0,unnamed_6,7854.0,balancesheet
264.0,unnamed_6,8698.0,balancesheet
265.0,unnamed_6,8934.0,balancesheet
266.0,unnamed_6,3149.0,balancesheet
267.0,unnamed_6,3787.0,balancesheet
268.0,unnamed_6,3754.0,balancesheet
269.0,unnamed_6,3711.0,balancesheet
270.0,unnamed_6,4241.0,balancesheet
271.0,unnamed_6,4820.0,balancesheet
272.0,unnamed_6,5459.0,balancesheet
273.0,unnamed_6,4889.0,balancesheet
274.0,unnamed_6,6456.0,balancesheet
275.0,unnamed_6,7560.0,balancesheet
276.0,unnamed_6,7854.0,balancesheet
277.0,unnamed_6,8698.0,balancesheet
278.0,unnamed_6,8934.0,balancesheet
279.0,unnamed_6,442.0,balancesheet
280.0,unnamed_6,552.0,balancesheet
281.0,unnamed_6,577.0,balancesheet
282.0,unnamed_6,741.0,balancesheet
283.0,unnamed_6,964.0,balancesheet
284.0,unnamed_6,1282.0,balancesheet
285.0,unnamed_6,1454.0,balancesheet
286.0,unnamed_6,1474.0,balancesheet
287.0,unnamed_6,11145.0,balancesheet
288.0,unnamed_6,14674.0,balancesheet
289.0,unnamed_6,15656.0,balancesheet
290.0,unnamed_6,20678.0,balancesheet
291.0,unnamed_6,27644.0,balancesheet
292.0,unnamed_6,28071.0,balancesheet
293.0,unnamed_6,34248.0,balancesheet
294.0,unnamed_6,44194.0,balancesheet
295.0,unnamed_6,46859.0,balancesheet
296.0,unnamed_6,56576.0,balancesheet
297.0,unnamed_6,62598.0,balancesheet
298.0,unnamed_6,65913.0,balancesheet
299.0,unnamed_6,4461.0,balancesheet
300.0,unnamed_6,5081.0,balancesheet
301.0,unnamed_6,4758.0,balancesheet
302.0,unnamed_6,3102.0,balancesheet
303.0,unnamed_6,3661.0,balancesheet
304.0,unnamed_6,4595.0,balancesheet
305.0,unnamed_6,5476.0,balancesheet
306.0,unnamed_6,4722.0,balancesheet
307.0,unnamed_6,6207.0,balancesheet
308.0,unnamed_6,5129.0,balancesheet
309.0,unnamed_6,5651.0,balancesheet
310.0,unnamed_6,8470.0,balancesheet
311.0,unnamed_6,9618.0,balancesheet
312.0,unnamed_6,44578.0,balancesheet
313.0,unnamed_6,45565.0,balancesheet
314.0,unnamed_6,50827.0,balancesheet
315.0,unnamed_6,54290.0,balancesheet
316.0,unnamed_6,64181.0,balancesheet
317.0,unnamed_6,75337.0,balancesheet
318.0,unnamed_6,84934.0,balancesheet
319.0,unnamed_6,92791.0,balancesheet
320.0,unnamed_6,115554.0,balancesheet
321.0,unnamed_6,131987.0,balancesheet
322.0,unnamed_6,146729.0,balancesheet
323.0,unnamed_6,188154.0,balancesheet
324.0,unnamed_6,214195.0,balancesheet
325.0,unnamed_6,430.0,balancesheet
326.0,unnamed_6,449.0,balancesheet
327.0,unnamed_6,500.0,balancesheet
328.0,unnamed_6,178.0,balancesheet
329.0,unnamed_6,71.0,balancesheet
330.0,unnamed_6,68.0,balancesheet
331.0,unnamed_6,56.0,balancesheet
332.0,unnamed_6,4797.0,balancesheet
333.0,unnamed_6,8186.0,balancesheet
334.0,unnamed_6,10632.0,balancesheet
335.0,unnamed_6,8913.0,balancesheet
336.0,unnamed_6,10851.0,balancesheet
337.0,unnamed_6,12662.0,balancesheet
338.0,unnamed_6,1325.0,balancesheet
339.0,unnamed_6,2522.0,balancesheet
340.0,unnamed_6,4881.0,balancesheet
341.0,unnamed_6,2393.0,balancesheet
342.0,unnamed_6,2948.0,balancesheet
343.0,unnamed_6,2257.0,balancesheet
344.0,unnamed_6,2918.0,balancesheet
345.0,unnamed_6,3562.0,balancesheet
346.0,unnamed_6,4164.0,balancesheet
347.0,unnamed_6,5700.0,balancesheet
348.0,unnamed_6,9635.0,balancesheet
349.0,unnamed_6,16914.0,balancesheet
350.0,unnamed_6,21284.0,balancesheet
351.0,unnamed_6,26465.0,balancesheet
352.0,unnamed_6,28134.0,balancesheet
353.0,unnamed_6,27649.0,balancesheet
354.0,unnamed_6,28919.0,balancesheet
355.0,unnamed_6,30217.0,balancesheet
356.0,unnamed_6,54850.0,balancesheet
357.0,unnamed_6,53104.0,balancesheet
358.0,unnamed_6,62922.0,balancesheet
359.0,unnamed_6,78224.0,balancesheet
360.0,unnamed_6,81302.0,balancesheet
361.0,unnamed_6,15.0,balancesheet
362.0,unnamed_6,18.0,balancesheet
363.0,unnamed_6,16.0,balancesheet
364.0,unnamed_6,15.0,balancesheet
365.0,unnamed_6,32.0,balancesheet
366.0,unnamed_6,42.0,balancesheet
367.0,unnamed_6,30.0,balancesheet
368.0,unnamed_6,23.0,balancesheet
369.0,unnamed_6,43.0,balancesheet
370.0,unnamed_6,35.0,balancesheet
371.0,unnamed_6,29.0,balancesheet
372.0,unnamed_6,33.0,balancesheet
373.0,unnamed_6,55.0,balancesheet
374.0,unnamed_6,40912.0,balancesheet
375.0,unnamed_6,45840.0,balancesheet
376.0,unnamed_6,58747.0,balancesheet
377.0,unnamed_6,57056.0,balancesheet
378.0,unnamed_6,57578.0,balancesheet
379.0,unnamed_6,68653.0,balancesheet
380.0,unnamed_6,77176.0,balancesheet
381.0,unnamed_6,133718.0,balancesheet
382.0,unnamed_6,122679.0,balancesheet
383.0,unnamed_6,124975.0,balancesheet
384.0,unnamed_6,140974.0,balancesheet
385.0,unnamed_6,144408.0,balancesheet
386.0,unnamed_6,148344.0,balancesheet
387.0,unnamed_6,38572.0,balancesheet
388.0,unnamed_6,37468.0,balancesheet
389.0,unnamed_6,34887.0,balancesheet
390.0,unnamed_6,33051.0,balancesheet
391.0,unnamed_6,29153.0,balancesheet
392.0,unnamed_6,31495.0,balancesheet
393.0,unnamed_6,30987.0,balancesheet
394.0,unnamed_6,26550.0,balancesheet
395.0,unnamed_6,25025.0,balancesheet
396.0,unnamed_6,25654.0,balancesheet
397.0,unnamed_6,27832.0,balancesheet
398.0,unnamed_6,26493.0,balancesheet
399.0,unnamed_6,28466.0,balancesheet
400.0,unnamed_6,2098.0,balancesheet
401.0,unnamed_6,2414.0,balancesheet
402.0,unnamed_6,2973.0,balancesheet
403.0,unnamed_6,2848.0,balancesheet
404.0,unnamed_6,3000.0,balancesheet
405.0,unnamed_6,3946.0,balancesheet
406.0,unnamed_6,3583.0,balancesheet
407.0,unnamed_6,3977.0,balancesheet
408.0,unnamed_6,4898.0,balancesheet
409.0,unnamed_6,4650.0,balancesheet
410.0,unnamed_6,5194.0,balancesheet
411.0,unnamed_6,5252.0,balancesheet
412.0,unnamed_6,5752.0,balancesheet
413.0,unnamed_6,29696.0,balancesheet
414.0,unnamed_6,35868.0,balancesheet
415.0,unnamed_6,38268.0,balancesheet
416.0,unnamed_6,35241.0,balancesheet
417.0,unnamed_6,42541.0,balancesheet
418.0,unnamed_6,46078.0,balancesheet
419.0,unnamed_6,53322.0,balancesheet
420.0,unnamed_6,48852.0,balancesheet
421.0,unnamed_6,52891.0,balancesheet
422.0,unnamed_6,71089.0,balancesheet
423.0,unnamed_6,65210.0,balancesheet
424.0,unnamed_6,72184.0,balancesheet
425.0,unnamed_6,75238.0,balancesheet
426.0,unnamed_6,946.0,balancesheet
427.0,unnamed_6,1159.0,balancesheet
428.0,unnamed_6,1403.0,balancesheet
429.0,unnamed_6,1271.0,balancesheet
430.0,unnamed_6,1288.0,balancesheet
431.0,unnamed_6,1581.0,balancesheet
432.0,unnamed_6,1829.0,balancesheet
433.0,unnamed_6,1889.0,balancesheet
434.0,unnamed_6,2331.0,balancesheet
435.0,unnamed_6,2487.0,balancesheet
436.0,unnamed_6,2819.0,balancesheet
437.0,unnamed_6,3065.0,balancesheet
438.0,unnamed_6,3503.0,balancesheet
439.0,unnamed_6,18108.0,balancesheet
440.0,unnamed_6,23000.0,balancesheet
441.0,unnamed_6,26578.0,balancesheet
442.0,unnamed_6,24603.0,balancesheet
443.0,unnamed_6,26615.0,balancesheet
444.0,unnamed_6,30781.0,balancesheet
445.0,unnamed_6,33928.0,balancesheet
446.0,unnamed_6,32064.0,balancesheet
447.0,unnamed_6,56132.0,balancesheet
448.0,unnamed_6,56202.0,balancesheet
449.0,unnamed_6,65816.0,balancesheet
450.0,unnamed_6,73104.0,balancesheet
451.0,unnamed_6,1007.0,balancesheet
452.0,unnamed_6,1182.0,balancesheet
453.0,unnamed_6,1243.0,balancesheet
454.0,unnamed_6,1673.0,balancesheet
455.0,unnamed_6,2230.0,balancesheet
456.0,unnamed_6,711.0,balancesheet
457.0,unnamed_6,715.0,balancesheet
458.0,unnamed_6,853.0,balancesheet
459.0,unnamed_6,1314.0,balancesheet
460.0,unnamed_6,1536.0,balancesheet
461.0,unnamed_6,1923.0,balancesheet
462.0,unnamed_6,2618.0,balancesheet
463.0,unnamed_6,2591.0,balancesheet
464.0,unnamed_6,1672.0,balancesheet
465.0,unnamed_6,2102.0,balancesheet
466.0,unnamed_6,3166.0,balancesheet
467.0,unnamed_6,4331.0,balancesheet
468.0,unnamed_6,4213.0,balancesheet
469.0,unnamed_6,4346.0,balancesheet
470.0,unnamed_6,4433.0,balancesheet
471.0,unnamed_6,4843.0,balancesheet
472.0,unnamed_6,4514.0,balancesheet
473.0,unnamed_6,4960.0,balancesheet
474.0,unnamed_6,5089.0,balancesheet
475.0,unnamed_6,5267.0,balancesheet
476.0,unnamed_6,5832.0,balancesheet
477.0,unnamed_6,61206.0,balancesheet
478.0,unnamed_6,62356.0,balancesheet
479.0,unnamed_6,70505.0,balancesheet
480.0,unnamed_6,77528.0,balancesheet
481.0,unnamed_6,91054.0,balancesheet
482.0,unnamed_6,103754.0,balancesheet
483.0,unnamed_6,104356.0,balancesheet
484.0,unnamed_6,111430.0,balancesheet
485.0,unnamed_6,118649.0,balancesheet
486.0,unnamed_6,132780.0,balancesheet
487.0,unnamed_6,156222.0,balancesheet
488.0,unnamed_6,147217.0,balancesheet
489.0,unnamed_6,145345.0,balancesheet
490.0,unnamed_6,1462.0,balancesheet
491.0,unnamed_6,1948.0,balancesheet
492.0,unnamed_6,2019.0,balancesheet
493.0,unnamed_6,1956.0,balancesheet
494.0,unnamed_6,1910.0,balancesheet
495.0,unnamed_6,2058.0,balancesheet
496.0,unnamed_6,2106.0,balancesheet
497.0,unnamed_6,2209.0,balancesheet
498.0,unnamed_6,2661.0,balancesheet
499.0,unnamed_6,2872.0,balancesheet
500.0,unnamed_6,3505.0,balancesheet
501.0,unnamed_6,3885.0,balancesheet
502.0,unnamed_6,4259.0,balancesheet
503.0,unnamed_6,605.0,balancesheet
504.0,unnamed_6,729.0,balancesheet
505.0,unnamed_6,883.0,balancesheet
506.0,unnamed_6,562.0,balancesheet
507.0,unnamed_6,762.0,balancesheet
508.0,unnamed_6,797.0,balancesheet
509.0,unnamed_6,973.0,balancesheet
510.0,unnamed_6,1183.0,balancesheet
511.0,unnamed_6,1471.0,balancesheet
512.0,unnamed_6,1628.0,balancesheet
513.0,unnamed_6,1654.0,balancesheet
514.0,unnamed_6,1886.0,balancesheet
515.0,unnamed_6,1861.0,balancesheet
516.0,unnamed_6,12318.0,balancesheet
517.0,unnamed_6,12997.0,balancesheet
518.0,unnamed_6,14398.0,balancesheet
519.0,unnamed_6,12396.0,balancesheet
520.0,unnamed_6,10179.0,balancesheet
521.0,unnamed_6,7783.0,balancesheet
522.0,unnamed_6,15684.0,balancesheet
523.0,unnamed_6,13341.0,balancesheet
524.0,unnamed_6,11258.0,balancesheet
525.0,unnamed_6,10623.0,balancesheet
526.0,unnamed_6,11551.0,balancesheet
527.0,unnamed_6,14804.0,balancesheet
528.0,unnamed_6,18062.0,balancesheet
529.0,unnamed_6,176.0,balancesheet
530.0,unnamed_6,211.0,balancesheet
531.0,unnamed_6,251.0,balancesheet
532.0,unnamed_6,389.0,balancesheet
533.0,unnamed_6,480.0,balancesheet
534.0,unnamed_6,540.0,balancesheet
535.0,unnamed_6,718.0,balancesheet
536.0,unnamed_6,663.0,balancesheet
537.0,unnamed_6,1079.0,balancesheet
538.0,unnamed_6,1146.0,balancesheet
539.0,unnamed_6,1383.0,balancesheet
540.0,unnamed_6,1882.0,balancesheet
541.0,unnamed_6,2189.0,balancesheet
542.0,unnamed_6,3329.0,balancesheet
543.0,unnamed_6,3563.0,balancesheet
544.0,unnamed_6,4290.0,balancesheet
545.0,unnamed_6,4408.0,balancesheet
546.0,unnamed_6,4474.0,balancesheet
547.0,unnamed_6,4706.0,balancesheet
548.0,unnamed_6,4557.0,balancesheet
549.0,unnamed_6,5414.0,balancesheet
550.0,unnamed_6,5915.0,balancesheet
551.0,unnamed_6,7149.0,balancesheet
552.0,unnamed_6,7576.0,balancesheet
553.0,unnamed_6,8523.0,balancesheet
554.0,unnamed_6,11125.0,balancesheet
555.0,unnamed_6,2694.0,balancesheet
556.0,unnamed_6,3197.0,balancesheet
557.0,unnamed_6,3829.0,balancesheet
558.0,unnamed_6,1263.0,balancesheet
559.0,unnamed_6,1552.0,balancesheet
560.0,unnamed_6,2341.0,balancesheet
561.0,unnamed_6,2281.0,balancesheet
562.0,unnamed_6,2220.0,balancesheet
563.0,unnamed_6,2901.0,balancesheet
564.0,unnamed_6,3424.0,balancesheet
565.0,unnamed_6,3919.0,balancesheet
566.0,unnamed_6,4650.0,balancesheet
567.0,unnamed_6,4997.0,balancesheet
568.0,unnamed_6,14542.0,balancesheet
569.0,unnamed_6,15872.0,balancesheet
570.0,unnamed_6,17355.0,balancesheet
571.0,unnamed_6,13608.0,balancesheet
572.0,unnamed_6,12433.0,balancesheet
573.0,unnamed_6,15798.0,balancesheet
574.0,unnamed_6,20199.0,balancesheet
575.0,unnamed_6,18754.0,balancesheet
576.0,unnamed_6,19975.0,balancesheet
577.0,unnamed_6,23254.0,balancesheet
578.0,unnamed_6,25062.0,balancesheet
579.0,unnamed_6,25944.0,balancesheet
580.0,unnamed_6,25548.0,balancesheet
581.0,unnamed_6,1926.0,balancesheet
582.0,unnamed_6,2171.0,balancesheet
583.0,unnamed_6,2097.0,balancesheet
584.0,unnamed_6,2521.0,balancesheet
585.0,unnamed_6,3637.0,balancesheet
586.0,unnamed_6,4098.0,balancesheet
587.0,unnamed_6,3445.0,balancesheet
588.0,unnamed_6,3407.0,balancesheet
589.0,unnamed_6,2941.0,balancesheet
590.0,unnamed_6,2822.0,balancesheet
591.0,unnamed_6,2513.0,balancesheet
592.0,unnamed_6,2571.0,balancesheet
593.0,unnamed_6,2986.0,balancesheet
594.0,unnamed_6,14916.0,balancesheet
595.0,unnamed_6,16441.0,balancesheet
596.0,unnamed_6,18963.0,balancesheet
597.0,unnamed_6,19642.0,balancesheet
598.0,unnamed_6,22147.0,balancesheet
599.0,unnamed_6,83467.0,balancesheet
600.0,unnamed_6,98620.0,balancesheet
601.0,unnamed_6,102772.0,balancesheet
602.0,unnamed_6,122777.0,balancesheet
603.0,unnamed_6,138706.0,balancesheet
604.0,unnamed_6,155042.0,balancesheet
605.0,unnamed_6,186309.0,balancesheet
606.0,unnamed_6,197376.0,balancesheet
607.0,unnamed_6,38.0,balancesheet
608.0,unnamed_6,34.0,balancesheet
609.0,unnamed_6,33.0,balancesheet
610.0,unnamed_6,33.0,balancesheet
611.0,unnamed_6,33.0,balancesheet
612.0,unnamed_6,36.0,balancesheet
613.0,unnamed_6,36.0,balancesheet
614.0,unnamed_6,47.0,balancesheet
615.0,unnamed_6,127.0,balancesheet
616.0,unnamed_6,145.0,balancesheet
630.0,unnamed_6,8191.0,balancesheet
631.0,unnamed_6,9412.0,balancesheet
632.0,unnamed_6,10372.0,balancesheet
633.0,unnamed_6,10859.0,balancesheet
634.0,unnamed_6,12231.0,balancesheet
635.0,unnamed_6,11046.0,balancesheet
636.0,unnamed_6,12788.0,balancesheet
637.0,unnamed_6,23566.0,balancesheet
638.0,unnamed_6,19270.0,balancesheet
639.0,unnamed_6,20664.0,balancesheet
640.0,unnamed_6,23051.0,balancesheet
641.0,unnamed_6,24985.0,balancesheet
642.0,unnamed_6,25097.0,balancesheet
643.0,unnamed_6,2034.0,balancesheet
644.0,unnamed_6,2613.0,balancesheet
645.0,unnamed_6,2546.0,balancesheet
646.0,unnamed_6,1225.0,balancesheet
647.0,unnamed_6,1683.0,balancesheet
648.0,unnamed_6,2763.0,balancesheet
649.0,unnamed_6,2856.0,balancesheet
650.0,unnamed_6,2690.0,balancesheet
651.0,unnamed_6,3155.0,balancesheet
652.0,unnamed_6,3904.0,balancesheet
653.0,unnamed_6,4309.0,balancesheet
654.0,unnamed_6,4683.0,balancesheet
655.0,unnamed_6,4718.0,balancesheet
656.0,unnamed_6,35492.0,balancesheet
657.0,unnamed_6,42776.0,balancesheet
658.0,unnamed_6,34181.0,balancesheet
659.0,unnamed_6,38321.0,balancesheet
660.0,unnamed_6,59000.0,balancesheet
661.0,unnamed_6,48770.0,balancesheet
662.0,unnamed_6,58898.0,balancesheet
663.0,unnamed_6,71430.0,balancesheet
664.0,unnamed_6,78279.0,balancesheet
665.0,unnamed_6,90639.0,balancesheet
666.0,unnamed_6,101783.0,balancesheet
667.0,unnamed_6,466296.0,balancesheet
668.0,unnamed_6,40581.0,balancesheet
669.0,unnamed_6,50347.0,balancesheet
670.0,unnamed_6,66767.0,balancesheet
671.0,unnamed_6,73441.0,balancesheet
672.0,unnamed_6,91270.0,balancesheet
673.0,unnamed_6,105778.0,balancesheet
674.0,unnamed_6,124378.0,balancesheet
675.0,unnamed_6,125417.0,balancesheet
676.0,unnamed_6,170415.0,balancesheet
677.0,unnamed_6,214521.0,balancesheet
678.0,unnamed_6,234126.0,balancesheet
679.0,unnamed_6,287071.0,balancesheet
680.0,unnamed_6,320201.0,balancesheet
681.0,unnamed_6,4215.0,balancesheet
682.0,unnamed_6,4014.0,balancesheet
683.0,unnamed_6,3829.0,balancesheet
684.0,unnamed_6,4736.0,balancesheet
685.0,unnamed_6,5197.0,balancesheet
686.0,unnamed_6,5072.0,balancesheet
687.0,unnamed_6,4815.0,balancesheet
688.0,unnamed_6,7096.0,balancesheet
689.0,unnamed_6,6027.0,balancesheet
690.0,unnamed_6,6694.0,balancesheet
691.0,unnamed_6,7847.0,balancesheet
692.0,unnamed_6,9663.0,balancesheet
693.0,unnamed_6,28309.0,balancesheet
694.0,unnamed_6,32621.0,balancesheet
695.0,unnamed_6,34950.0,balancesheet
696.0,unnamed_6,32986.0,balancesheet
697.0,unnamed_6,36268.0,balancesheet
698.0,unnamed_6,40088.0,balancesheet
699.0,unnamed_6,42056.0,balancesheet
700.0,unnamed_6,41902.0,balancesheet
701.0,unnamed_6,55083.0,balancesheet
702.0,unnamed_6,79178.0,balancesheet
703.0,unnamed_6,68392.0,balancesheet
704.0,unnamed_6,68221.0,balancesheet
705.0,unnamed_6,76129.0,balancesheet
706.0,unnamed_6,9202.0,balancesheet
707.0,unnamed_6,10171.0,balancesheet
708.0,unnamed_6,10359.0,balancesheet
709.0,unnamed_6,8043.0,balancesheet
710.0,unnamed_6,8685.0,balancesheet
711.0,unnamed_6,10581.0,balancesheet
712.0,unnamed_6,10663.0,balancesheet
713.0,unnamed_6,11924.0,balancesheet
714.0,unnamed_6,21066.0,balancesheet
715.0,unnamed_6,20402.0,balancesheet
716.0,unnamed_6,21554.0,balancesheet
717.0,unnamed_6,25787.0,balancesheet
718.0,unnamed_6,28338.0,balancesheet
719.0,unnamed_6,118401.0,balancesheet
720.0,unnamed_6,128278.0,balancesheet
721.0,unnamed_6,144167.0,balancesheet
722.0,unnamed_6,153190.0,balancesheet
723.0,unnamed_6,180219.0,balancesheet
724.0,unnamed_6,198453.0,balancesheet
725.0,unnamed_6,232899.0,balancesheet
726.0,unnamed_6,239696.0,balancesheet
727.0,unnamed_6,312385.0,balancesheet
728.0,unnamed_6,317616.0,balancesheet
729.0,unnamed_6,344099.0,balancesheet
730.0,unnamed_6,456911.0,balancesheet
731.0,unnamed_6,10767.0,balancesheet
732.0,unnamed_6,12350.0,balancesheet
733.0,unnamed_6,11760.0,balancesheet
734.0,unnamed_6,12440.0,balancesheet
735.0,unnamed_6,18965.0,balancesheet
736.0,unnamed_6,24723.0,balancesheet
737.0,unnamed_6,27517.0,balancesheet
738.0,unnamed_6,30423.0,balancesheet
739.0,unnamed_6,31214.0,balancesheet
740.0,unnamed_6,41401.0,balancesheet
741.0,unnamed_6,44607.0,balancesheet
742.0,unnamed_6,51068.0,balancesheet
743.0,unnamed_6,54389.0,balancesheet
744.0,unnamed_6,71260.0,balancesheet
745.0,unnamed_6,77090.0,balancesheet
746.0,unnamed_6,95951.0,balancesheet
747.0,unnamed_6,98413.0,balancesheet
748.0,unnamed_6,118335.0,balancesheet
749.0,unnamed_6,135245.0,balancesheet
750.0,unnamed_6,156215.0,balancesheet
751.0,unnamed_6,148818.0,balancesheet
752.0,unnamed_6,206911.0,balancesheet
753.0,unnamed_6,234079.0,balancesheet
754.0,unnamed_6,244562.0,balancesheet
755.0,unnamed_6,286796.0,balancesheet
756.0,unnamed_6,314063.0,balancesheet
757.0,unnamed_6,11.0,balancesheet
758.0,unnamed_6,16.0,balancesheet
759.0,unnamed_6,30.0,balancesheet
760.0,unnamed_6,58.0,balancesheet
761.0,unnamed_6,97.0,balancesheet
762.0,unnamed_6,125.0,balancesheet
763.0,unnamed_6,156.0,balancesheet
764.0,unnamed_6,169.0,balancesheet
765.0,unnamed_6,239.0,balancesheet
766.0,unnamed_6,258.0,balancesheet
767.0,unnamed_6,274.0,balancesheet
768.0,unnamed_6,290.0,balancesheet
769.0,unnamed_6,266.0,balancesheet
770.0,unnamed_6,2100.0,balancesheet
771.0,unnamed_6,2719.0,balancesheet
772.0,unnamed_6,6390.0,balancesheet
773.0,unnamed_6,7205.0,balancesheet
774.0,unnamed_6,8976.0,balancesheet
775.0,unnamed_6,7856.0,balancesheet
776.0,unnamed_6,8944.0,balancesheet
777.0,unnamed_6,9558.0,balancesheet
778.0,unnamed_6,12080.0,balancesheet
779.0,unnamed_6,13273.0,balancesheet
780.0,unnamed_6,17733.0,balancesheet
781.0,unnamed_6,19734.0,balancesheet
782.0,unnamed_6,8281.0,balancesheet
783.0,unnamed_6,12436.0,balancesheet
784.0,unnamed_6,15553.0,balancesheet
785.0,unnamed_6,13354.0,balancesheet
786.0,unnamed_6,14166.0,balancesheet
787.0,unnamed_6,14426.0,balancesheet
788.0,unnamed_6,19118.0,balancesheet
789.0,unnamed_6,21717.0,balancesheet
790.0,unnamed_6,25835.0,balancesheet
791.0,unnamed_6,35905.0,balancesheet
792.0,unnamed_6,40890.0,balancesheet
793.0,unnamed_6,39545.0,balancesheet
794.0,unnamed_6,42603.0,balancesheet
795.0,unnamed_6,89170.0,balancesheet
796.0,unnamed_6,103124.0,balancesheet
797.0,unnamed_6,100158.0,balancesheet
798.0,unnamed_6,83184.0,balancesheet
799.0,unnamed_6,108352.0,balancesheet
800.0,unnamed_6,116336.0,balancesheet
801.0,unnamed_6,126128.0,balancesheet
802.0,unnamed_6,104773.0,balancesheet
803.0,unnamed_6,126658.0,balancesheet
804.0,unnamed_6,145327.0,balancesheet
805.0,unnamed_6,153298.0,balancesheet
806.0,unnamed_6,166639.0,balancesheet
807.0,unnamed_6,165544.0,balancesheet
808.0,unnamed_6,718.0,balancesheet
809.0,unnamed_6,895.0,balancesheet
810.0,unnamed_6,1040.0,balancesheet
811.0,unnamed_6,1365.0,balancesheet
812.0,unnamed_6,1523.0,balancesheet
813.0,unnamed_6,1928.0,balancesheet
814.0,unnamed_6,1618.0,balancesheet
815.0,unnamed_6,1909.0,balancesheet
816.0,unnamed_6,2526.0,balancesheet
817.0,unnamed_6,2801.0,balancesheet
818.0,unnamed_6,3234.0,balancesheet
819.0,unnamed_6,5608.0,balancesheet
820.0,unnamed_6,6451.0,balancesheet
821.0,unnamed_6,7696.0,balancesheet
822.0,unnamed_6,9372.0,balancesheet
823.0,unnamed_6,11245.0,balancesheet
824.0,unnamed_6,13534.0,balancesheet
825.0,unnamed_6,7642.0,balancesheet
826.0,unnamed_6,10828.0,balancesheet
827.0,unnamed_6,21423.0,balancesheet
828.0,unnamed_6,20544.0,balancesheet
829.0,unnamed_6,26744.0,balancesheet
830.0,unnamed_6,23865.0,balancesheet
831.0,unnamed_6,39773.0,balancesheet
832.0,unnamed_6,12069.0,balancesheet
833.0,unnamed_6,13369.0,balancesheet
834.0,unnamed_6,13948.0,balancesheet
835.0,unnamed_6,8888.0,balancesheet
836.0,unnamed_6,9440.0,balancesheet
837.0,unnamed_6,11695.0,balancesheet
838.0,unnamed_6,12585.0,balancesheet
839.0,unnamed_6,11760.0,balancesheet
840.0,unnamed_6,13143.0,balancesheet
841.0,unnamed_6,14491.0,balancesheet
842.0,unnamed_6,16370.0,balancesheet
843.0,unnamed_6,16944.0,balancesheet
844.0,unnamed_6,18501.0,balancesheet
845.0,unnamed_6,80211.0,balancesheet
846.0,unnamed_6,103711.0,balancesheet
847.0,unnamed_6,103448.0,balancesheet
848.0,unnamed_6,98459.0,balancesheet
849.0,unnamed_6,170111.0,balancesheet
850.0,unnamed_6,148664.0,balancesheet
851.0,unnamed_6,167667.0,balancesheet
852.0,unnamed_6,173787.0,balancesheet
853.0,unnamed_6,187580.0,balancesheet
854.0,unnamed_6,201771.0,balancesheet
855.0,unnamed_6,190212.0,balancesheet
856.0,unnamed_6,219523.0,balancesheet
857.0,unnamed_6,213848.0,balancesheet
858.0,unnamed_6,27116.0,balancesheet
859.0,unnamed_6,31334.0,balancesheet
860.0,unnamed_6,35366.0,balancesheet
861.0,unnamed_6,33666.0,balancesheet
862.0,unnamed_6,36990.0,balancesheet
863.0,unnamed_6,48880.0,balancesheet
864.0,unnamed_6,62509.0,balancesheet
865.0,unnamed_6,55746.0,balancesheet
866.0,unnamed_6,62075.0,balancesheet
867.0,unnamed_6,69751.0,balancesheet
868.0,unnamed_6,77253.0,balancesheet
869.0,unnamed_6,81437.0,balancesheet
870.0,unnamed_6,81950.0,balancesheet
871.0,unnamed_6,12226.0,balancesheet
872.0,unnamed_6,12362.0,balancesheet
873.0,unnamed_6,10094.0,balancesheet
874.0,unnamed_6,11242.0,balancesheet
875.0,unnamed_6,11946.0,balancesheet
876.0,unnamed_6,14290.0,balancesheet
877.0,unnamed_6,16870.0,balancesheet
878.0,unnamed_6,16669.0,balancesheet
879.0,unnamed_6,16717.0,balancesheet
880.0,unnamed_6,16271.0,balancesheet
881.0,unnamed_6,19710.0,balancesheet
882.0,unnamed_6,22034.0,balancesheet
883.0,unnamed_6,23322.0,balancesheet
884.0,unnamed_6,2756.0,balancesheet
885.0,unnamed_6,2963.0,balancesheet
886.0,unnamed_6,3251.0,balancesheet
887.0,unnamed_6,3495.0,balancesheet
888.0,unnamed_6,3907.0,balancesheet
889.0,unnamed_6,4379.0,balancesheet
890.0,unnamed_6,5065.0,balancesheet
891.0,unnamed_6,5733.0,balancesheet
892.0,unnamed_6,6021.0,balancesheet
893.0,unnamed_6,6249.0,balancesheet
894.0,unnamed_6,6249.0,balancesheet
895.0,unnamed_6,6838.0,balancesheet
896.0,unnamed_6,6747.0,balancesheet
897.0,unnamed_6,216.0,balancesheet
898.0,unnamed_6,387.0,balancesheet
899.0,unnamed_6,801.0,balancesheet
900.0,unnamed_6,382.0,balancesheet
901.0,unnamed_6,459.0,balancesheet
902.0,unnamed_6,550.0,balancesheet
903.0,unnamed_6,646.0,balancesheet
904.0,unnamed_6,621.0,balancesheet
905.0,unnamed_6,831.0,balancesheet
906.0,unnamed_6,3177.0,balancesheet
907.0,unnamed_6,3153.0,balancesheet
908.0,unnamed_6,5581.0,balancesheet
909.0,unnamed_6,8141.0,balancesheet
910.0,unnamed_6,5546.0,balancesheet
911.0,unnamed_6,7445.0,balancesheet
912.0,unnamed_6,8971.0,balancesheet
913.0,unnamed_6,9199.0,balancesheet
914.0,unnamed_6,13322.0,balancesheet
915.0,unnamed_6,16716.0,balancesheet
916.0,unnamed_6,20257.0,balancesheet
917.0,unnamed_6,20636.0,balancesheet
918.0,unnamed_6,23258.0,balancesheet
919.0,unnamed_6,21008.0,balancesheet
920.0,unnamed_6,25086.0,balancesheet
921.0,unnamed_6,38101.0,balancesheet
922.0,unnamed_6,39828.0,balancesheet
923.0,unnamed_6,6920.0,balancesheet
924.0,unnamed_6,7975.0,balancesheet
925.0,unnamed_6,9492.0,balancesheet
926.0,unnamed_6,11879.0,balancesheet
927.0,unnamed_6,14402.0,balancesheet
928.0,unnamed_6,17568.0,balancesheet
929.0,unnamed_6,16717.0,balancesheet
930.0,unnamed_6,14031.0,balancesheet
931.0,unnamed_6,18335.0,balancesheet
932.0,unnamed_6,18896.0,balancesheet
933.0,unnamed_6,24258.0,balancesheet
934.0,unnamed_6,29550.0,balancesheet
935.0,unnamed_6,32412.0,balancesheet
936.0,unnamed_6,27460.0,balancesheet
937.0,unnamed_6,29415.0,balancesheet
938.0,unnamed_6,30608.0,balancesheet
939.0,unnamed_6,31806.0,balancesheet
940.0,unnamed_6,35296.0,balancesheet
941.0,unnamed_6,43696.0,balancesheet
942.0,unnamed_6,51057.0,balancesheet
943.0,unnamed_6,43655.0,balancesheet
944.0,unnamed_6,42762.0,balancesheet
945.0,unnamed_6,47661.0,balancesheet
946.0,unnamed_6,55670.0,balancesheet
947.0,unnamed_6,59884.0,balancesheet
948.0,unnamed_6,67934.0,balancesheet
949.0,unnamed_6,756.0,balancesheet
950.0,unnamed_6,945.0,balancesheet
951.0,unnamed_6,734.0,balancesheet
952.0,unnamed_6,958.0,balancesheet
953.0,unnamed_6,1273.0,balancesheet
954.0,unnamed_6,1477.0,balancesheet
955.0,unnamed_6,1770.0,balancesheet
956.0,unnamed_6,2499.0,balancesheet
957.0,unnamed_6,2604.0,balancesheet
958.0,unnamed_6,6027.0,balancesheet
959.0,unnamed_6,5348.0,balancesheet
960.0,unnamed_6,5456.0,balancesheet
961.0,unnamed_6,5361.0,balancesheet
962.0,unnamed_6,756.0,balancesheet
963.0,unnamed_6,945.0,balancesheet
964.0,unnamed_6,734.0,balancesheet
965.0,unnamed_6,958.0,balancesheet
966.0,unnamed_6,1273.0,balancesheet
967.0,unnamed_6,1477.0,balancesheet
968.0,unnamed_6,1770.0,balancesheet
969.0,unnamed_6,2499.0,balancesheet
970.0,unnamed_6,2604.0,balancesheet
971.0,unnamed_6,6027.0,balancesheet
972.0,unnamed_6,5348.0,balancesheet
973.0,unnamed_6,5456.0,balancesheet
974.0,unnamed_6,5361.0,balancesheet
975.0,unnamed_6,3138.0,balancesheet
976.0,unnamed_6,3883.0,balancesheet
977.0,unnamed_6,12752.0,balancesheet
978.0,unnamed_6,13173.0,balancesheet
979.0,unnamed_6,13715.0,balancesheet
980.0,unnamed_6,12483.0,balancesheet
981.0,unnamed_6,20382.0,balancesheet
982.0,unnamed_6,17717.0,balancesheet
983.0,unnamed_6,16516.0,balancesheet
984.0,unnamed_6,14763.0,balancesheet
985.0,unnamed_6,17399.0,balancesheet
986.0,unnamed_6,22031.0,balancesheet
987.0,unnamed_6,21211.0,balancesheet
988.0,unnamed_6,3157039.0,balancesheet
989.0,unnamed_6,3245419.0,balancesheet
990.0,unnamed_6,3822637.0,balancesheet
991.0,unnamed_6,4242719.0,balancesheet
992.0,unnamed_6,4532258.0,balancesheet
993.0,unnamed_6,5233300.0,balancesheet
994.0,unnamed_6,5621474.0,balancesheet
995.0,unnamed_6,15006.0,balancesheet
996.0,unnamed_6,17176.0,balancesheet
997.0,unnamed_6,22049.0,balancesheet
998.0,unnamed_6,27761.0,balancesheet
999.0,unnamed_6,32465.0,balancesheet
1000.0,unnamed_6,37392.0,balancesheet
1001.0,unnamed_6,45626.0,balancesheet
1002.0,unnamed_6,50059.0,balancesheet
1003.0,unnamed_6,67405.0,balancesheet
1004.0,unnamed_6,84086.0,balancesheet
1005.0,unnamed_6,89809.0,balancesheet
1006.0,unnamed_6,117321.0,balancesheet
1007.0,unnamed_6,18823.0,balancesheet
1008.0,unnamed_6,20939.0,balancesheet
1009.0,unnamed_6,24610.0,balancesheet
1010.0,unnamed_6,20737.0,balancesheet
1011.0,unnamed_6,22024.0,balancesheet
1012.0,unnamed_6,24579.0,balancesheet
1013.0,unnamed_6,32606.0,balancesheet
1014.0,unnamed_6,33798.0,balancesheet
1015.0,unnamed_6,39161.0,balancesheet
1016.0,unnamed_6,56951.0,balancesheet
1017.0,unnamed_6,63991.0,balancesheet
1018.0,unnamed_6,62245.0,balancesheet
1019.0,unnamed_6,58244.0,balancesheet
1020.0,unnamed_6,3798.0,balancesheet
1021.0,unnamed_6,2567.0,balancesheet
1022.0,unnamed_6,2608.0,balancesheet
1023.0,unnamed_6,3973.0,balancesheet
1024.0,unnamed_6,3672.0,balancesheet
1025.0,unnamed_6,3728.0,balancesheet
1026.0,unnamed_6,3549.0,balancesheet
1027.0,unnamed_6,3445.0,balancesheet
1028.0,unnamed_6,3328.0,balancesheet
1029.0,unnamed_6,4157.0,balancesheet
1030.0,unnamed_6,4737.0,balancesheet
1031.0,unnamed_6,5362.0,balancesheet
1032.0,unnamed_6,6108.0,balancesheet
1033.0,unnamed_6,66.0,balancesheet
1034.0,unnamed_6,5715.0,balancesheet
1035.0,unnamed_6,7078.0,balancesheet
1036.0,unnamed_6,11202.0,balancesheet
1037.0,unnamed_6,9935.0,balancesheet
1038.0,unnamed_6,8994.0,balancesheet
1039.0,unnamed_6,13166.0,balancesheet
1040.0,unnamed_6,14674.0,balancesheet
1041.0,unnamed_6,15884.0,balancesheet
1042.0,unnamed_6,17357.0,balancesheet
1043.0,unnamed_6,20780.0,balancesheet
1044.0,unnamed_6,16116.0,balancesheet
1045.0,unnamed_6,27517.0,balancesheet
1046.0,unnamed_6,17674.0,balancesheet
1047.0,unnamed_6,17888.0,balancesheet
1048.0,unnamed_6,18163.0,balancesheet
1049.0,unnamed_6,6178.0,balancesheet
1050.0,unnamed_6,7582.0,balancesheet
1051.0,unnamed_6,8705.0,balancesheet
1052.0,unnamed_6,10531.0,balancesheet
1053.0,unnamed_6,19700.0,balancesheet
1054.0,unnamed_6,41546.0,balancesheet
1055.0,unnamed_6,42260.0,balancesheet
1056.0,unnamed_6,48560.0,balancesheet
1057.0,unnamed_6,55257.0,balancesheet
1058.0,unnamed_6,58848.0,balancesheet
1059.0,unnamed_6,60796.0,balancesheet
1060.0,unnamed_6,75770.0,balancesheet
1061.0,unnamed_6,82868.0,balancesheet
1062.0,unnamed_6,853.0,balancesheet
1063.0,unnamed_6,930.0,balancesheet
1064.0,unnamed_6,986.0,balancesheet
1065.0,unnamed_6,996.0,balancesheet
1066.0,unnamed_6,1202.0,balancesheet
1067.0,unnamed_6,1500.0,balancesheet
1068.0,unnamed_6,1643.0,balancesheet
1069.0,unnamed_6,1779.0,balancesheet
1070.0,unnamed_6,2890.0,balancesheet
1071.0,unnamed_6,2675.0,balancesheet
1072.0,unnamed_6,2902.0,balancesheet
1073.0,unnamed_6,3286.0,balancesheet
1074.0,unnamed_6,3662.0,balancesheet
1075.0,unnamed_6,342.0,balancesheet
1076.0,unnamed_6,498.0,balancesheet
1077.0,unnamed_6,976.0,balancesheet
1078.0,unnamed_6,1511.0,balancesheet
1079.0,unnamed_6,1885.0,balancesheet
1080.0,unnamed_6,2673.0,balancesheet
1081.0,unnamed_6,4456.0,balancesheet
1082.0,unnamed_6,3191.0,balancesheet
1083.0,unnamed_6,3072.0,balancesheet
1084.0,unnamed_6,2888.0,balancesheet
1085.0,unnamed_6,2231.0,balancesheet
1086.0,unnamed_6,2422.0,balancesheet
1087.0,unnamed_6,342.0,balancesheet
1088.0,unnamed_6,498.0,balancesheet
1089.0,unnamed_6,976.0,balancesheet
1090.0,unnamed_6,1511.0,balancesheet
1091.0,unnamed_6,1885.0,balancesheet
1092.0,unnamed_6,2673.0,balancesheet
1093.0,unnamed_6,4456.0,balancesheet
1094.0,unnamed_6,3191.0,balancesheet
1095.0,unnamed_6,3072.0,balancesheet
1096.0,unnamed_6,2888.0,balancesheet
1097.0,unnamed_6,2231.0,balancesheet
1098.0,unnamed_6,2422.0,balancesheet
1099.0,unnamed_6,342.0,balancesheet
1100.0,unnamed_6,498.0,balancesheet
1101.0,unnamed_6,976.0,balancesheet
1102.0,unnamed_6,1511.0,balancesheet
1103.0,unnamed_6,1885.0,balancesheet
1104.0,unnamed_6,2673.0,balancesheet
1105.0,unnamed_6,4456.0,balancesheet
1106.0,unnamed_6,3191.0,balancesheet
1107.0,unnamed_6,3072.0,balancesheet
1108.0,unnamed_6,2888.0,balancesheet
1109.0,unnamed_6,2231.0,balancesheet
1110.0,unnamed_6,2422.0,balancesheet
1111.0,unnamed_6,342.0,balancesheet
1112.0,unnamed_6,498.0,balancesheet
1113.0,unnamed_6,976.0,balancesheet
1114.0,unnamed_6,1511.0,balancesheet
1115.0,unnamed_6,1885.0,balancesheet
1116.0,unnamed_6,2673.0,balancesheet
1117.0,unnamed_6,4456.0,balancesheet
1118.0,unnamed_6,3191.0,balancesheet
1119.0,unnamed_6,3072.0,balancesheet
1120.0,unnamed_6,2888.0,balancesheet
1121.0,unnamed_6,2231.0,balancesheet
1122.0,unnamed_6,2422.0,balancesheet
1123.0,unnamed_6,342.0,balancesheet
1124.0,unnamed_6,498.0,balancesheet
1125.0,unnamed_6,976.0,balancesheet
1126.0,unnamed_6,1511.0,balancesheet
1127.0,unnamed_6,1885.0,balancesheet
1128.0,unnamed_6,2673.0,balancesheet
1129.0,unnamed_6,4456.0,balancesheet
1130.0,unnamed_6,3191.0,balancesheet
1131.0,unnamed_6,3072.0,balancesheet
1132.0,unnamed_6,2888.0,balancesheet
1133.0,unnamed_6,2231.0,balancesheet
1134.0,unnamed_6,2422.0,balancesheet
1135.0,unnamed_6,17748.0,balancesheet
1136.0,unnamed_6,22562.0,balancesheet
1137.0,unnamed_6,26102.0,balancesheet
1138.0,unnamed_6,26797.0,balancesheet
1139.0,unnamed_6,26809.0,balancesheet
1140.0,unnamed_6,39425.0,balancesheet
1141.0,unnamed_6,41916.0,balancesheet
1142.0,unnamed_6,43706.0,balancesheet
1143.0,unnamed_6,42539.0,balancesheet
1144.0,unnamed_6,40008.0,balancesheet
1145.0,unnamed_6,40615.0,balancesheet
1146.0,unnamed_6,40168.0,balancesheet
1147.0,unnamed_6,40668.0,balancesheet
1148.0,unnamed_6,17748.0,balancesheet
1149.0,unnamed_6,22562.0,balancesheet
1150.0,unnamed_6,26102.0,balancesheet
1151.0,unnamed_6,26797.0,balancesheet
1152.0,unnamed_6,26809.0,balancesheet
1153.0,unnamed_6,39425.0,balancesheet
1154.0,unnamed_6,41916.0,balancesheet
1155.0,unnamed_6,43706.0,balancesheet
1156.0,unnamed_6,42539.0,balancesheet
1157.0,unnamed_6,40008.0,balancesheet
1158.0,unnamed_6,40615.0,balancesheet
1159.0,unnamed_6,40168.0,balancesheet
1160.0,unnamed_6,40668.0,balancesheet
1161.0,unnamed_6,5277.0,balancesheet
1162.0,unnamed_6,5968.0,balancesheet
1163.0,unnamed_6,7404.0,balancesheet
1164.0,unnamed_6,8840.0,balancesheet
1165.0,unnamed_6,8723.0,balancesheet
1166.0,unnamed_6,5416.0,balancesheet
1167.0,unnamed_6,19659.0,balancesheet
1168.0,unnamed_6,25345.0,balancesheet
1169.0,unnamed_6,27380.0,balancesheet
1170.0,unnamed_6,26503.0,balancesheet
1171.0,unnamed_6,26592.0,balancesheet
1172.0,unnamed_6,33273.0,balancesheet
1173.0,unnamed_6,38100.0,balancesheet
1174.0,unnamed_6,73083.0,balancesheet
1175.0,unnamed_6,91395.0,balancesheet
1176.0,unnamed_6,117736.0,balancesheet
1177.0,unnamed_6,172727.0,balancesheet
1178.0,unnamed_6,225618.0,balancesheet
1179.0,unnamed_6,277924.0,balancesheet
1180.0,unnamed_6,302804.0,balancesheet
1181.0,unnamed_6,358716.0,balancesheet
1182.0,unnamed_6,340931.0,balancesheet
1183.0,unnamed_6,399979.0,balancesheet
1184.0,unnamed_6,438346.0,balancesheet
1185.0,unnamed_6,502576.0,balancesheet
1186.0,unnamed_6,638145.0,balancesheet
1187.0,unnamed_6,50978.0,balancesheet
1188.0,unnamed_6,57284.0,balancesheet
1189.0,unnamed_6,70064.0,balancesheet
1190.0,unnamed_6,78696.0,balancesheet
1191.0,unnamed_6,96687.0,balancesheet
1192.0,unnamed_6,115193.0,balancesheet
1193.0,unnamed_6,139157.0,balancesheet
1194.0,unnamed_6,156837.0,balancesheet
1195.0,unnamed_6,216430.0,balancesheet
1196.0,unnamed_6,261715.0,balancesheet
1197.0,unnamed_6,301582.0,balancesheet
1198.0,unnamed_6,383390.0,balancesheet
1199.0,unnamed_6,432238.0,balancesheet
1200.0,unnamed_6,1512.0,balancesheet
1201.0,unnamed_6,1847.0,balancesheet
1202.0,unnamed_6,2144.0,balancesheet
1203.0,unnamed_6,2208.0,balancesheet
1204.0,unnamed_6,2937.0,balancesheet
1205.0,unnamed_6,3632.0,balancesheet
1206.0,unnamed_6,4945.0,balancesheet
1207.0,unnamed_6,5115.0,balancesheet
1208.0,unnamed_6,6165.0,balancesheet
1209.0,unnamed_6,6421.0,balancesheet
1210.0,unnamed_6,6851.0,balancesheet
1211.0,unnamed_6,8201.0,balancesheet
1212.0,unnamed_6,9431.0,balancesheet
1213.0,unnamed_6,1028.0,balancesheet
1214.0,unnamed_6,1418.0,balancesheet
1215.0,unnamed_6,1805.0,balancesheet
1216.0,unnamed_6,1737.0,balancesheet
1217.0,unnamed_6,2175.0,balancesheet
1218.0,unnamed_6,2842.0,balancesheet
1219.0,unnamed_6,3019.0,balancesheet
1220.0,unnamed_6,3629.0,balancesheet
1221.0,unnamed_6,3886.0,balancesheet
1222.0,unnamed_6,4159.0,balancesheet
1223.0,unnamed_6,4973.0,balancesheet
1224.0,unnamed_6,5566.0,balancesheet
1225.0,unnamed_6,5297.0,balancesheet
1226.0,unnamed_6,152.0,balancesheet
1227.0,unnamed_6,709.0,balancesheet
1228.0,unnamed_6,2117.0,balancesheet
1229.0,unnamed_6,532.0,balancesheet
1230.0,unnamed_6,751.0,balancesheet
1231.0,unnamed_6,1632.0,balancesheet
1232.0,unnamed_6,2194.0,balancesheet
1233.0,unnamed_6,2728.0,balancesheet
1234.0,unnamed_6,10675.0,balancesheet
1235.0,unnamed_6,12245.0,balancesheet
1236.0,unnamed_6,13367.0,balancesheet
1237.0,unnamed_6,12924.0,balancesheet
1238.0,unnamed_6,12761.0,balancesheet
1239.0,unnamed_6,13563.0,balancesheet
1240.0,unnamed_6,16217.0,balancesheet
1241.0,unnamed_6,15954.0,balancesheet
1242.0,unnamed_6,17213.0,balancesheet
1243.0,unnamed_6,24280.0,balancesheet
1244.0,unnamed_6,21789.0,balancesheet
1245.0,unnamed_6,23611.0,balancesheet
1246.0,unnamed_6,24893.0,balancesheet
1247.0,unnamed_6,723.0,balancesheet
1248.0,unnamed_6,60545.0,balancesheet
1249.0,unnamed_6,58654.0,balancesheet
1250.0,unnamed_6,80163.0,balancesheet
1251.0,unnamed_6,64952.0,balancesheet
1252.0,unnamed_6,58896.0,balancesheet
1253.0,unnamed_6,70045.0,balancesheet
1254.0,unnamed_6,66915.0,balancesheet
1255.0,unnamed_6,63549.0,balancesheet
1256.0,unnamed_6,74981.0,balancesheet
1257.0,unnamed_6,69703.0,balancesheet
1258.0,unnamed_6,69690.0,balancesheet
1259.0,unnamed_6,87879.0,balancesheet
1260.0,unnamed_6,6550.0,balancesheet
1261.0,unnamed_6,5192.0,balancesheet
1262.0,unnamed_6,6193.0,balancesheet
1263.0,unnamed_6,8048.0,balancesheet
1264.0,unnamed_6,10034.0,balancesheet
1265.0,unnamed_6,1539.0,balancesheet
1266.0,unnamed_6,1542.0,balancesheet
1267.0,unnamed_6,1389.0,balancesheet
1268.0,unnamed_6,1647.0,balancesheet
1269.0,unnamed_6,1328.0,balancesheet
1270.0,unnamed_6,2858.0,balancesheet
1271.0,unnamed_6,3823.0,balancesheet
1272.0,unnamed_6,14875.0,balancesheet
1273.0,unnamed_6,6341.0,balancesheet
1274.0,unnamed_6,5915.0,balancesheet
1275.0,unnamed_6,5433.0,balancesheet
1276.0,unnamed_6,5157.0,balancesheet
1277.0,unnamed_6,5448.0,balancesheet
1278.0,unnamed_6,6037.0,balancesheet
1279.0,unnamed_6,6309.0,balancesheet
1280.0,unnamed_6,6368.0,balancesheet
1281.0,unnamed_6,7664.0,balancesheet
1282.0,unnamed_6,8317.0,balancesheet
1283.0,unnamed_6,8384.0,balancesheet
1284.0,unnamed_6,9663.0,balancesheet
1285.0,unnamed_6,3453.0,balancesheet
1286.0,unnamed_6,3518.0,balancesheet
1287.0,unnamed_6,2242.0,balancesheet
1288.0,unnamed_6,2452.0,balancesheet
1289.0,unnamed_6,2967.0,balancesheet
1290.0,unnamed_6,3086.0,balancesheet
1291.0,unnamed_6,3135.0,balancesheet
1292.0,unnamed_6,2546.0,balancesheet
1293.0,unnamed_6,3354.0,balancesheet
1294.0,unnamed_6,3304.0,balancesheet
1295.0,unnamed_6,3534.0,balancesheet
1296.0,unnamed_6,3790.0,balancesheet
1297.0,unnamed_6,3805.0,balancesheet
1298.0,unnamed_6,8003.0,balancesheet
1299.0,unnamed_6,9300.0,balancesheet
1300.0,unnamed_6,11048.0,balancesheet
1301.0,unnamed_6,9562.0,balancesheet
1302.0,unnamed_6,13167.0,balancesheet
1303.0,unnamed_6,9900.0,balancesheet
1304.0,unnamed_6,10964.0,balancesheet
1305.0,unnamed_6,16369.0,balancesheet
1306.0,unnamed_6,40063.0,balancesheet
1307.0,unnamed_6,37292.0,balancesheet
1308.0,unnamed_6,46495.0,balancesheet
1309.0,unnamed_6,52831.0,balancesheet
1310.0,unnamed_6,5128.0,balancesheet
1311.0,unnamed_6,8009.0,balancesheet
1312.0,unnamed_6,14089.0,balancesheet
1313.0,unnamed_6,13948.0,balancesheet
1314.0,unnamed_6,14624.0,balancesheet
1315.0,unnamed_6,15598.0,balancesheet
1316.0,unnamed_6,12666.0,balancesheet
1317.0,unnamed_6,14615.0,balancesheet
1318.0,unnamed_6,17291.0,balancesheet
1319.0,unnamed_6,20474.0,balancesheet
1320.0,unnamed_6,17831.0,balancesheet
1321.0,unnamed_6,18367.0,balancesheet
1322.0,unnamed_6,16429.0,balancesheet
1323.0,unnamed_6,7010.0,balancesheet
1324.0,unnamed_6,7671.0,balancesheet
1325.0,unnamed_6,9183.0,balancesheet
1326.0,unnamed_6,8631.0,balancesheet
1327.0,unnamed_6,9343.0,balancesheet
1328.0,unnamed_6,11280.0,balancesheet
1329.0,unnamed_6,17438.0,balancesheet
1330.0,unnamed_6,17151.0,balancesheet
1331.0,unnamed_6,20282.0,balancesheet
1332.0,unnamed_6,22077.0,balancesheet
1333.0,unnamed_6,25998.0,balancesheet
1334.0,unnamed_6,29167.0,balancesheet
1335.0,unnamed_6,29282.0,balancesheet
1336.0,unnamed_6,1415.0,balancesheet
1337.0,unnamed_6,1743.0,balancesheet
1338.0,unnamed_6,2126.0,balancesheet
1339.0,unnamed_6,2236.0,balancesheet
1340.0,unnamed_6,2601.0,balancesheet
1341.0,unnamed_6,3586.0,balancesheet
1342.0,unnamed_6,4228.0,balancesheet
1343.0,unnamed_6,4399.0,balancesheet
1344.0,unnamed_6,5859.0,balancesheet
1345.0,unnamed_6,6692.0,balancesheet
1346.0,unnamed_6,7144.0,balancesheet
1347.0,unnamed_6,9235.0,balancesheet
1348.0,unnamed_6,22568.0,balancesheet
1349.0,unnamed_6,635.0,balancesheet
1350.0,unnamed_6,614.0,balancesheet
1351.0,unnamed_6,518.0,balancesheet
1352.0,unnamed_6,292.0,balancesheet
1353.0,unnamed_6,283.0,balancesheet
1354.0,unnamed_6,349.0,balancesheet
1355.0,unnamed_6,418.0,balancesheet
1356.0,unnamed_6,2819.0,balancesheet
1357.0,unnamed_6,3111.0,balancesheet
1358.0,unnamed_6,637.0,balancesheet
1359.0,unnamed_6,1022.0,balancesheet
1360.0,unnamed_6,1341.0,balancesheet
1361.0,unnamed_6,1752.0,balancesheet
1362.0,unnamed_6,1638.0,balancesheet
1363.0,unnamed_6,1988.0,balancesheet
1364.0,unnamed_6,2589.0,balancesheet
1365.0,unnamed_6,3040.0,balancesheet
1366.0,unnamed_6,2740.0,balancesheet
1367.0,unnamed_6,3159.0,balancesheet
1368.0,unnamed_6,3351.0,balancesheet
1369.0,unnamed_6,3402.0,balancesheet
1370.0,unnamed_6,3363.0,balancesheet
1371.0,unnamed_6,2884.0,balancesheet
1372.0,unnamed_6,3043.0,balancesheet
1373.0,unnamed_6,3627.0,balancesheet
1374.0,unnamed_6,4456.0,balancesheet
1375.0,unnamed_6,3914.0,balancesheet
1376.0,unnamed_6,2781.0,balancesheet
1377.0,unnamed_6,2684.0,balancesheet
1378.0,unnamed_6,2723.0,balancesheet
1379.0,unnamed_6,2293.0,balancesheet
1380.0,unnamed_6,2740.0,balancesheet
1381.0,unnamed_6,3247.0,balancesheet
1382.0,unnamed_6,3313.0,balancesheet
1383.0,unnamed_6,3309.0,balancesheet
1384.0,unnamed_6,4610.0,balancesheet
1385.0,unnamed_6,5802.0,balancesheet
1386.0,unnamed_6,6626.0,balancesheet
1387.0,unnamed_6,7442.0,balancesheet
1388.0,unnamed_6,2178.0,balancesheet
1389.0,unnamed_6,6394.0,balancesheet
1390.0,unnamed_6,6899.0,balancesheet
1391.0,unnamed_6,6843.0,balancesheet
1392.0,unnamed_6,8254.0,balancesheet
1393.0,unnamed_6,9192.0,balancesheet
1394.0,unnamed_6,11166.0,balancesheet
1395.0,unnamed_6,11834.0,balancesheet
1396.0,unnamed_6,11836.0,balancesheet
1397.0,unnamed_6,14911.0,balancesheet
1398.0,unnamed_6,15162.0,balancesheet
1399.0,unnamed_6,13943.0,balancesheet
1400.0,unnamed_6,14346.0,balancesheet
1401.0,unnamed_6,2595.0,balancesheet
1402.0,unnamed_6,2625.0,balancesheet
1403.0,unnamed_6,2641.0,balancesheet
1404.0,unnamed_6,2294.0,balancesheet
1405.0,unnamed_6,2499.0,balancesheet
1406.0,unnamed_6,2362.0,balancesheet
1407.0,unnamed_6,2408.0,balancesheet
1408.0,unnamed_6,3072.0,balancesheet
1409.0,unnamed_6,4050.0,balancesheet
1410.0,unnamed_6,4521.0,balancesheet
1411.0,unnamed_6,4886.0,balancesheet
1412.0,unnamed_6,8345.0,balancesheet
1413.0,unnamed_6,8883.0,balancesheet
1414.0,unnamed_6,13054.0,balancesheet
1415.0,unnamed_6,17337.0,balancesheet
1416.0,unnamed_6,22325.0,balancesheet
1417.0,unnamed_6,16974.0,balancesheet
1418.0,unnamed_6,15830.0,balancesheet
1419.0,unnamed_6,19751.0,balancesheet
1420.0,unnamed_6,24393.0,balancesheet
1421.0,unnamed_6,27827.0,balancesheet
1422.0,unnamed_6,35764.0,balancesheet
1423.0,unnamed_6,43967.0,balancesheet
1424.0,unnamed_6,44747.0,balancesheet
1425.0,unnamed_6,46962.0,balancesheet
1426.0,unnamed_6,50583.0,balancesheet
1427.0,unnamed_6,44176.0,balancesheet
1428.0,unnamed_6,49443.0,balancesheet
1429.0,unnamed_6,47059.0,balancesheet
1430.0,unnamed_6,51165.0,balancesheet
1431.0,unnamed_6,51614.0,balancesheet
1432.0,unnamed_6,55704.0,balancesheet
1433.0,unnamed_6,63032.0,balancesheet
1434.0,unnamed_6,59245.0,balancesheet
1435.0,unnamed_6,81169.0,balancesheet
1436.0,unnamed_6,92417.0,balancesheet
1437.0,unnamed_6,97421.0,balancesheet
1438.0,unnamed_6,90195.0,balancesheet
1439.0,unnamed_6,91302.0,balancesheet
1440.0,unnamed_6,2178.0,balancesheet
1441.0,unnamed_6,6394.0,balancesheet
1442.0,unnamed_6,6899.0,balancesheet
1443.0,unnamed_6,6843.0,balancesheet
1444.0,unnamed_6,8254.0,balancesheet
1445.0,unnamed_6,9192.0,balancesheet
1446.0,unnamed_6,11166.0,balancesheet
1447.0,unnamed_6,11834.0,balancesheet
1448.0,unnamed_6,11836.0,balancesheet
1449.0,unnamed_6,14911.0,balancesheet
1450.0,unnamed_6,15162.0,balancesheet
1451.0,unnamed_6,13943.0,balancesheet
1452.0,unnamed_6,14346.0,balancesheet
1453.0,unnamed_6,17038.0,balancesheet
1454.0,unnamed_6,18810.0,balancesheet
1455.0,unnamed_6,20260.0,balancesheet
1456.0,unnamed_6,19575.0,balancesheet
1457.0,unnamed_6,20799.0,balancesheet
1458.0,unnamed_6,16903.0,balancesheet
1459.0,unnamed_6,17262.0,balancesheet
1460.0,unnamed_6,18172.0,balancesheet
1461.0,unnamed_6,29625.0,balancesheet
1462.0,unnamed_6,38913.0,balancesheet
1463.0,unnamed_6,46386.0,balancesheet
1464.0,unnamed_6,53010.0,balancesheet
1465.0,unnamed_6,53137.0,balancesheet
1466.0,unnamed_6,76977.0,balancesheet
1467.0,unnamed_6,92180.0,balancesheet
1468.0,unnamed_6,107442.0,balancesheet
1469.0,unnamed_6,114872.0,balancesheet
1470.0,unnamed_6,135914.0,balancesheet
1471.0,unnamed_6,142813.0,balancesheet
1472.0,unnamed_6,139349.0,balancesheet
1473.0,unnamed_6,132313.0,balancesheet
1474.0,unnamed_6,144193.0,balancesheet
1475.0,unnamed_6,138051.0,balancesheet
1476.0,unnamed_6,155239.0,balancesheet
1477.0,unnamed_6,177340.0,balancesheet
1478.0,unnamed_6,183045.0,balancesheet
,unnamed_7,,balancesheet
136.0,unnamed_7,907.0,balancesheet
137.0,unnamed_7,1139.0,balancesheet
138.0,unnamed_7,1374.0,balancesheet
139.0,unnamed_7,1616.0,balancesheet
140.0,unnamed_7,2066.0,balancesheet
141.0,unnamed_7,2416.0,balancesheet
142.0,unnamed_7,2941.0,balancesheet
143.0,unnamed_7,3547.0,balancesheet
144.0,unnamed_7,3840.0,balancesheet
145.0,unnamed_7,4224.0,balancesheet
146.0,unnamed_7,4556.0,balancesheet
147.0,unnamed_7,5193.0,balancesheet
148.0,unnamed_7,5063.0,balancesheet
149.0,unnamed_7,0.0,balancesheet
150.0,unnamed_7,11492.0,balancesheet
151.0,unnamed_7,11746.0,balancesheet
152.0,unnamed_7,12811.0,balancesheet
153.0,unnamed_7,17265.0,balancesheet
154.0,unnamed_7,32558.0,balancesheet
155.0,unnamed_7,39711.0,balancesheet
156.0,unnamed_7,43234.0,balancesheet
157.0,unnamed_7,47464.0,balancesheet
158.0,unnamed_7,53932.0,balancesheet
159.0,unnamed_7,58538.0,balancesheet
160.0,unnamed_7,69107.0,balancesheet
170.0,unnamed_7,111871.0,balancesheet
171.0,unnamed_7,118102.0,balancesheet
172.0,unnamed_7,130718.0,balancesheet
173.0,unnamed_7,41679.0,balancesheet
174.0,unnamed_7,47611.0,balancesheet
175.0,unnamed_7,56405.0,balancesheet
176.0,unnamed_7,42536.0,balancesheet
177.0,unnamed_7,46875.0,balancesheet
178.0,unnamed_7,51617.0,balancesheet
179.0,unnamed_7,101586.0,balancesheet
180.0,unnamed_7,141278.0,balancesheet
181.0,unnamed_7,160586.0,balancesheet
182.0,unnamed_7,181768.0,balancesheet
192.0,unnamed_7,6160.0,balancesheet
193.0,unnamed_7,15709.0,balancesheet
194.0,unnamed_7,14658.0,balancesheet
195.0,unnamed_7,18424.0,balancesheet
196.0,unnamed_7,28692.0,balancesheet
197.0,unnamed_7,58954.0,balancesheet
198.0,unnamed_7,66909.0,balancesheet
199.0,unnamed_7,88086.0,balancesheet
200.0,unnamed_7,98258.0,balancesheet
201.0,unnamed_7,21035.0,balancesheet
202.0,unnamed_7,24677.0,balancesheet
203.0,unnamed_7,32082.0,balancesheet
204.0,unnamed_7,38385.0,balancesheet
205.0,unnamed_7,43369.0,balancesheet
206.0,unnamed_7,47233.0,balancesheet
207.0,unnamed_7,56311.0,balancesheet
208.0,unnamed_7,61917.0,balancesheet
209.0,unnamed_7,74582.0,balancesheet
210.0,unnamed_7,98328.0,balancesheet
211.0,unnamed_7,112563.0,balancesheet
212.0,unnamed_7,116999.0,balancesheet
213.0,unnamed_7,126015.0,balancesheet
214.0,unnamed_7,54688.0,balancesheet
215.0,unnamed_7,58739.0,balancesheet
216.0,unnamed_7,58474.0,balancesheet
217.0,unnamed_7,75794.0,balancesheet
218.0,unnamed_7,71511.0,balancesheet
219.0,unnamed_7,69528.0,balancesheet
220.0,unnamed_7,67985.0,balancesheet
221.0,unnamed_7,75025.0,balancesheet
222.0,unnamed_7,78806.0,balancesheet
223.0,unnamed_7,81981.0,balancesheet
224.0,unnamed_7,85821.0,balancesheet
225.0,unnamed_7,92009.0,balancesheet
226.0,unnamed_7,110784.0,balancesheet
227.0,unnamed_7,12345.0,balancesheet
228.0,unnamed_7,12956.0,balancesheet
229.0,unnamed_7,13878.0,balancesheet
230.0,unnamed_7,14133.0,balancesheet
231.0,unnamed_7,32824.0,balancesheet
232.0,unnamed_7,35509.0,balancesheet
233.0,unnamed_7,37391.0,balancesheet
234.0,unnamed_7,40178.0,balancesheet
235.0,unnamed_7,39718.0,balancesheet
236.0,unnamed_7,45205.0,balancesheet
237.0,unnamed_7,51721.0,balancesheet
238.0,unnamed_7,65261.0,balancesheet
239.0,unnamed_7,76572.0,balancesheet
240.0,unnamed_7,4814.0,balancesheet
241.0,unnamed_7,5350.0,balancesheet
242.0,unnamed_7,6459.0,balancesheet
243.0,unnamed_7,7360.0,balancesheet
244.0,unnamed_7,8103.0,balancesheet
245.0,unnamed_7,8596.0,balancesheet
246.0,unnamed_7,9166.0,balancesheet
247.0,unnamed_7,11289.0,balancesheet
248.0,unnamed_7,11392.0,balancesheet
249.0,unnamed_7,13261.0,balancesheet
250.0,unnamed_7,14416.0,balancesheet
251.0,unnamed_7,16742.0,balancesheet
252.0,unnamed_7,19548.0,balancesheet
253.0,unnamed_7,6784.0,balancesheet
254.0,unnamed_7,8075.0,balancesheet
255.0,unnamed_7,8914.0,balancesheet
256.0,unnamed_7,10559.0,balancesheet
257.0,unnamed_7,12405.0,balancesheet
258.0,unnamed_7,13763.0,balancesheet
259.0,unnamed_7,16249.0,balancesheet
260.0,unnamed_7,16138.0,balancesheet
261.0,unnamed_7,20355.0,balancesheet
262.0,unnamed_7,22958.0,balancesheet
263.0,unnamed_7,25779.0,balancesheet
264.0,unnamed_7,29901.0,balancesheet
265.0,unnamed_7,29474.0,balancesheet
266.0,unnamed_7,6784.0,balancesheet
267.0,unnamed_7,8075.0,balancesheet
268.0,unnamed_7,8914.0,balancesheet
269.0,unnamed_7,10559.0,balancesheet
270.0,unnamed_7,12405.0,balancesheet
271.0,unnamed_7,13763.0,balancesheet
272.0,unnamed_7,16249.0,balancesheet
273.0,unnamed_7,16138.0,balancesheet
274.0,unnamed_7,20355.0,balancesheet
275.0,unnamed_7,22958.0,balancesheet
276.0,unnamed_7,25779.0,balancesheet
277.0,unnamed_7,29901.0,balancesheet
278.0,unnamed_7,29474.0,balancesheet
279.0,unnamed_7,2803.0,balancesheet
280.0,unnamed_7,2048.0,balancesheet
281.0,unnamed_7,2476.0,balancesheet
282.0,unnamed_7,3204.0,balancesheet
283.0,unnamed_7,4415.0,balancesheet
284.0,unnamed_7,5645.0,balancesheet
285.0,unnamed_7,6592.0,balancesheet
286.0,unnamed_7,6842.0,balancesheet
287.0,unnamed_7,340558.0,balancesheet
288.0,unnamed_7,386350.0,balancesheet
289.0,unnamed_7,467243.0,balancesheet
290.0,unnamed_7,546387.0,balancesheet
291.0,unnamed_7,611462.0,balancesheet
292.0,unnamed_7,703703.0,balancesheet
293.0,unnamed_7,814046.0,balancesheet
294.0,unnamed_7,927872.0,balancesheet
295.0,unnamed_7,1001005.0,balancesheet
296.0,unnamed_7,1195779.0,balancesheet
297.0,unnamed_7,1344418.0,balancesheet
298.0,unnamed_7,1518239.0,balancesheet
299.0,unnamed_7,12642.0,balancesheet
300.0,unnamed_7,15308.0,balancesheet
301.0,unnamed_7,15966.0,balancesheet
302.0,unnamed_7,17240.0,balancesheet
303.0,unnamed_7,21638.0,balancesheet
304.0,unnamed_7,25141.0,balancesheet
305.0,unnamed_7,28834.0,balancesheet
306.0,unnamed_7,26510.0,balancesheet
307.0,unnamed_7,33602.0,balancesheet
308.0,unnamed_7,35111.0,balancesheet
309.0,unnamed_7,35136.0,balancesheet
310.0,unnamed_7,39344.0,balancesheet
311.0,unnamed_7,45842.0,balancesheet
312.0,unnamed_7,65370.0,balancesheet
313.0,unnamed_7,74383.0,balancesheet
314.0,unnamed_7,88228.0,balancesheet
315.0,unnamed_7,103951.0,balancesheet
316.0,unnamed_7,128614.0,balancesheet
317.0,unnamed_7,161514.0,balancesheet
318.0,unnamed_7,208428.0,balancesheet
319.0,unnamed_7,251304.0,balancesheet
320.0,unnamed_7,279845.0,balancesheet
321.0,unnamed_7,333413.0,balancesheet
322.0,unnamed_7,405401.0,balancesheet
323.0,unnamed_7,537415.0,balancesheet
324.0,unnamed_7,601195.0,balancesheet
325.0,unnamed_7,10775.0,balancesheet
326.0,unnamed_7,12448.0,balancesheet
327.0,unnamed_7,13893.0,balancesheet
328.0,unnamed_7,15472.0,balancesheet
329.0,unnamed_7,17889.0,balancesheet
330.0,unnamed_7,25269.0,balancesheet
331.0,unnamed_7,27008.0,balancesheet
332.0,unnamed_7,32729.0,balancesheet
333.0,unnamed_7,45490.0,balancesheet
334.0,unnamed_7,53588.0,balancesheet
335.0,unnamed_7,53188.0,balancesheet
336.0,unnamed_7,65161.0,balancesheet
337.0,unnamed_7,72533.0,balancesheet
338.0,unnamed_7,32780.0,balancesheet
339.0,unnamed_7,46973.0,balancesheet
340.0,unnamed_7,63731.0,balancesheet
341.0,unnamed_7,84798.0,balancesheet
342.0,unnamed_7,124233.0,balancesheet
343.0,unnamed_7,164391.0,balancesheet
344.0,unnamed_7,171470.0,balancesheet
345.0,unnamed_7,212506.0,balancesheet
346.0,unnamed_7,275226.0,balancesheet
347.0,unnamed_7,375742.0,balancesheet
348.0,unnamed_7,420656.0,balancesheet
349.0,unnamed_7,559387.0,balancesheet
350.0,unnamed_7,676104.0,balancesheet
351.0,unnamed_7,733966.0,balancesheet
352.0,unnamed_7,691173.0,balancesheet
353.0,unnamed_7,719216.0,balancesheet
354.0,unnamed_7,747796.0,balancesheet
355.0,unnamed_7,819670.0,balancesheet
356.0,unnamed_7,1199935.0,balancesheet
357.0,unnamed_7,1202667.0,balancesheet
358.0,unnamed_7,1340121.0,balancesheet
359.0,unnamed_7,1525871.0,balancesheet
360.0,unnamed_7,1654775.0,balancesheet
361.0,unnamed_7,45.0,balancesheet
362.0,unnamed_7,46.0,balancesheet
363.0,unnamed_7,49.0,balancesheet
364.0,unnamed_7,52.0,balancesheet
365.0,unnamed_7,77.0,balancesheet
366.0,unnamed_7,121.0,balancesheet
367.0,unnamed_7,126.0,balancesheet
368.0,unnamed_7,122.0,balancesheet
369.0,unnamed_7,152.0,balancesheet
370.0,unnamed_7,163.0,balancesheet
371.0,unnamed_7,144.0,balancesheet
372.0,unnamed_7,161.0,balancesheet
373.0,unnamed_7,225.0,balancesheet
374.0,unnamed_7,157970.0,balancesheet
375.0,unnamed_7,181492.0,balancesheet
376.0,unnamed_7,181939.0,balancesheet
377.0,unnamed_7,224472.0,balancesheet
378.0,unnamed_7,232322.0,balancesheet
379.0,unnamed_7,249521.0,balancesheet
380.0,unnamed_7,274026.0,balancesheet
381.0,unnamed_7,359091.0,balancesheet
382.0,unnamed_7,344417.0,balancesheet
383.0,unnamed_7,361207.0,balancesheet
384.0,unnamed_7,444557.0,balancesheet
385.0,unnamed_7,442019.0,balancesheet
386.0,unnamed_7,460982.0,balancesheet
387.0,unnamed_7,71818.0,balancesheet
388.0,unnamed_7,75331.0,balancesheet
389.0,unnamed_7,70983.0,balancesheet
390.0,unnamed_7,65577.0,balancesheet
391.0,unnamed_7,61698.0,balancesheet
392.0,unnamed_7,63940.0,balancesheet
393.0,unnamed_7,64490.0,balancesheet
394.0,unnamed_7,60291.0,balancesheet
395.0,unnamed_7,55960.0,balancesheet
396.0,unnamed_7,56991.0,balancesheet
397.0,unnamed_7,57664.0,balancesheet
398.0,unnamed_7,59788.0,balancesheet
399.0,unnamed_7,61793.0,balancesheet
400.0,unnamed_7,7902.0,balancesheet
401.0,unnamed_7,8891.0,balancesheet
402.0,unnamed_7,10431.0,balancesheet
403.0,unnamed_7,12433.0,balancesheet
404.0,unnamed_7,11800.0,balancesheet
405.0,unnamed_7,13927.0,balancesheet
406.0,unnamed_7,12710.0,balancesheet
407.0,unnamed_7,13320.0,balancesheet
408.0,unnamed_7,14774.0,balancesheet
409.0,unnamed_7,15410.0,balancesheet
410.0,unnamed_7,16259.0,balancesheet
411.0,unnamed_7,17355.0,balancesheet
412.0,unnamed_7,18521.0,balancesheet
413.0,unnamed_7,79628.0,balancesheet
414.0,unnamed_7,88460.0,balancesheet
415.0,unnamed_7,86322.0,balancesheet
416.0,unnamed_7,86422.0,balancesheet
417.0,unnamed_7,109086.0,balancesheet
418.0,unnamed_7,120356.0,balancesheet
419.0,unnamed_7,136926.0,balancesheet
420.0,unnamed_7,150860.0,balancesheet
421.0,unnamed_7,160978.0,balancesheet
422.0,unnamed_7,187529.0,balancesheet
423.0,unnamed_7,188109.0,balancesheet
424.0,unnamed_7,202418.0,balancesheet
425.0,unnamed_7,211226.0,balancesheet
426.0,unnamed_7,1883.0,balancesheet
427.0,unnamed_7,2107.0,balancesheet
428.0,unnamed_7,2793.0,balancesheet
429.0,unnamed_7,3494.0,balancesheet
430.0,unnamed_7,4109.0,balancesheet
431.0,unnamed_7,5188.0,balancesheet
432.0,unnamed_7,6238.0,balancesheet
433.0,unnamed_7,7830.0,balancesheet
434.0,unnamed_7,8000.0,balancesheet
435.0,unnamed_7,7527.0,balancesheet
436.0,unnamed_7,9351.0,balancesheet
437.0,unnamed_7,9072.0,balancesheet
438.0,unnamed_7,9467.0,balancesheet
439.0,unnamed_7,419324.0,balancesheet
440.0,unnamed_7,501090.0,balancesheet
441.0,unnamed_7,558558.0,balancesheet
442.0,unnamed_7,563725.0,balancesheet
443.0,unnamed_7,596159.0,balancesheet
444.0,unnamed_7,631435.0,balancesheet
445.0,unnamed_7,711783.0,balancesheet
446.0,unnamed_7,741440.0,balancesheet
447.0,unnamed_7,1179540.0,balancesheet
448.0,unnamed_7,1258789.0,balancesheet
449.0,unnamed_7,1381030.0,balancesheet
450.0,unnamed_7,1535018.0,balancesheet
451.0,unnamed_7,18228.0,balancesheet
452.0,unnamed_7,21544.0,balancesheet
453.0,unnamed_7,23868.0,balancesheet
454.0,unnamed_7,27889.0,balancesheet
455.0,unnamed_7,30598.0,balancesheet
456.0,unnamed_7,44167.0,balancesheet
457.0,unnamed_7,57490.0,balancesheet
458.0,unnamed_7,64058.0,balancesheet
459.0,unnamed_7,74644.0,balancesheet
460.0,unnamed_7,82478.0,balancesheet
461.0,unnamed_7,113627.0,balancesheet
462.0,unnamed_7,156686.0,balancesheet
463.0,unnamed_7,181945.0,balancesheet
464.0,unnamed_7,11658.0,balancesheet
465.0,unnamed_7,13400.0,balancesheet
466.0,unnamed_7,15670.0,balancesheet
467.0,unnamed_7,21049.0,balancesheet
468.0,unnamed_7,20869.0,balancesheet
469.0,unnamed_7,22673.0,balancesheet
470.0,unnamed_7,23762.0,balancesheet
471.0,unnamed_7,23423.0,balancesheet
472.0,unnamed_7,24855.0,balancesheet
473.0,unnamed_7,26857.0,balancesheet
474.0,unnamed_7,29300.0,balancesheet
475.0,unnamed_7,32533.0,balancesheet
476.0,unnamed_7,34655.0,balancesheet
477.0,unnamed_7,110983.0,balancesheet
478.0,unnamed_7,104938.0,balancesheet
479.0,unnamed_7,111267.0,balancesheet
480.0,unnamed_7,113560.0,balancesheet
481.0,unnamed_7,118587.0,balancesheet
482.0,unnamed_7,125471.0,balancesheet
483.0,unnamed_7,133021.0,balancesheet
484.0,unnamed_7,150020.0,balancesheet
485.0,unnamed_7,161051.0,balancesheet
486.0,unnamed_7,179436.0,balancesheet
487.0,unnamed_7,221396.0,balancesheet
488.0,unnamed_7,236470.0,balancesheet
489.0,unnamed_7,249359.0,balancesheet
490.0,unnamed_7,4709.0,balancesheet
491.0,unnamed_7,5312.0,balancesheet
492.0,unnamed_7,6106.0,balancesheet
493.0,unnamed_7,6932.0,balancesheet
494.0,unnamed_7,7732.0,balancesheet
495.0,unnamed_7,8702.0,balancesheet
496.0,unnamed_7,8437.0,balancesheet
497.0,unnamed_7,9337.0,balancesheet
498.0,unnamed_7,10833.0,balancesheet
499.0,unnamed_7,12284.0,balancesheet
500.0,unnamed_7,13652.0,balancesheet
501.0,unnamed_7,15116.0,balancesheet
502.0,unnamed_7,16373.0,balancesheet
503.0,unnamed_7,3139.0,balancesheet
504.0,unnamed_7,3710.0,balancesheet
505.0,unnamed_7,4405.0,balancesheet
506.0,unnamed_7,4898.0,balancesheet
507.0,unnamed_7,6155.0,balancesheet
508.0,unnamed_7,6785.0,balancesheet
509.0,unnamed_7,8036.0,balancesheet
510.0,unnamed_7,8531.0,balancesheet
511.0,unnamed_7,10771.0,balancesheet
512.0,unnamed_7,13360.0,balancesheet
513.0,unnamed_7,14425.0,balancesheet
514.0,unnamed_7,15460.0,balancesheet
515.0,unnamed_7,15586.0,balancesheet
516.0,unnamed_7,64647.0,balancesheet
517.0,unnamed_7,64525.0,balancesheet
518.0,unnamed_7,66262.0,balancesheet
519.0,unnamed_7,61729.0,balancesheet
520.0,unnamed_7,63954.0,balancesheet
521.0,unnamed_7,60585.0,balancesheet
522.0,unnamed_7,66483.0,balancesheet
523.0,unnamed_7,55890.0,balancesheet
524.0,unnamed_7,53488.0,balancesheet
525.0,unnamed_7,51167.0,balancesheet
526.0,unnamed_7,52572.0,balancesheet
527.0,unnamed_7,59069.0,balancesheet
528.0,unnamed_7,62579.0,balancesheet
529.0,unnamed_7,1492.0,balancesheet
530.0,unnamed_7,1808.0,balancesheet
531.0,unnamed_7,2355.0,balancesheet
532.0,unnamed_7,3102.0,balancesheet
533.0,unnamed_7,5819.0,balancesheet
534.0,unnamed_7,5648.0,balancesheet
535.0,unnamed_7,7006.0,balancesheet
536.0,unnamed_7,12076.0,balancesheet
537.0,unnamed_7,13655.0,balancesheet
538.0,unnamed_7,15471.0,balancesheet
539.0,unnamed_7,18105.0,balancesheet
540.0,unnamed_7,21172.0,balancesheet
541.0,unnamed_7,23040.0,balancesheet
542.0,unnamed_7,13380.0,balancesheet
543.0,unnamed_7,15906.0,balancesheet
544.0,unnamed_7,18457.0,balancesheet
545.0,unnamed_7,20330.0,balancesheet
546.0,unnamed_7,21654.0,balancesheet
547.0,unnamed_7,22349.0,balancesheet
548.0,unnamed_7,22418.0,balancesheet
549.0,unnamed_7,23223.0,balancesheet
550.0,unnamed_7,26588.0,balancesheet
551.0,unnamed_7,29746.0,balancesheet
552.0,unnamed_7,32209.0,balancesheet
553.0,unnamed_7,38780.0,balancesheet
554.0,unnamed_7,46728.0,balancesheet
555.0,unnamed_7,4471.0,balancesheet
556.0,unnamed_7,5337.0,balancesheet
557.0,unnamed_7,6403.0,balancesheet
558.0,unnamed_7,4939.0,balancesheet
559.0,unnamed_7,7009.0,balancesheet
560.0,unnamed_7,9522.0,balancesheet
561.0,unnamed_7,11387.0,balancesheet
562.0,unnamed_7,12450.0,balancesheet
563.0,unnamed_7,14559.0,balancesheet
564.0,unnamed_7,16140.0,balancesheet
565.0,unnamed_7,19198.0,balancesheet
566.0,unnamed_7,23115.0,balancesheet
567.0,unnamed_7,24380.0,balancesheet
568.0,unnamed_7,59809.0,balancesheet
569.0,unnamed_7,66865.0,balancesheet
570.0,unnamed_7,69669.0,balancesheet
571.0,unnamed_7,59063.0,balancesheet
572.0,unnamed_7,58291.0,balancesheet
573.0,unnamed_7,61353.0,balancesheet
574.0,unnamed_7,68426.0,balancesheet
575.0,unnamed_7,74934.0,balancesheet
576.0,unnamed_7,81030.0,balancesheet
577.0,unnamed_7,96584.0,balancesheet
578.0,unnamed_7,107805.0,balancesheet
579.0,unnamed_7,124735.0,balancesheet
580.0,unnamed_7,128989.0,balancesheet
581.0,unnamed_7,7695.0,balancesheet
582.0,unnamed_7,8320.0,balancesheet
583.0,unnamed_7,9125.0,balancesheet
584.0,unnamed_7,9679.0,balancesheet
585.0,unnamed_7,12940.0,balancesheet
586.0,unnamed_7,13864.0,balancesheet
587.0,unnamed_7,14094.0,balancesheet
588.0,unnamed_7,14880.0,balancesheet
589.0,unnamed_7,14244.0,balancesheet
590.0,unnamed_7,16082.0,balancesheet
591.0,unnamed_7,17437.0,balancesheet
592.0,unnamed_7,18392.0,balancesheet
593.0,unnamed_7,18984.0,balancesheet
594.0,unnamed_7,44123.0,balancesheet
595.0,unnamed_7,47736.0,balancesheet
596.0,unnamed_7,54033.0,balancesheet
597.0,unnamed_7,59576.0,balancesheet
598.0,unnamed_7,62747.0,balancesheet
599.0,unnamed_7,207899.0,balancesheet
600.0,unnamed_7,241127.0,balancesheet
601.0,unnamed_7,244181.0,balancesheet
602.0,unnamed_7,267349.0,balancesheet
603.0,unnamed_7,289149.0,balancesheet
604.0,unnamed_7,336823.0,balancesheet
605.0,unnamed_7,412116.0,balancesheet
606.0,unnamed_7,448454.0,balancesheet
607.0,unnamed_7,176.0,balancesheet
608.0,unnamed_7,170.0,balancesheet
609.0,unnamed_7,166.0,balancesheet
610.0,unnamed_7,175.0,balancesheet
611.0,unnamed_7,173.0,balancesheet
612.0,unnamed_7,186.0,balancesheet
613.0,unnamed_7,202.0,balancesheet
614.0,unnamed_7,271.0,balancesheet
615.0,unnamed_7,450.0,balancesheet
616.0,unnamed_7,476.0,balancesheet
630.0,unnamed_7,22399.0,balancesheet
631.0,unnamed_7,29980.0,balancesheet
632.0,unnamed_7,35245.0,balancesheet
633.0,unnamed_7,39341.0,balancesheet
634.0,unnamed_7,45762.0,balancesheet
635.0,unnamed_7,47989.0,balancesheet
636.0,unnamed_7,58349.0,balancesheet
637.0,unnamed_7,82819.0,balancesheet
638.0,unnamed_7,86047.0,balancesheet
639.0,unnamed_7,88921.0,balancesheet
640.0,unnamed_7,93250.0,balancesheet
641.0,unnamed_7,99006.0,balancesheet
642.0,unnamed_7,99763.0,balancesheet
643.0,unnamed_7,4458.0,balancesheet
644.0,unnamed_7,5332.0,balancesheet
645.0,unnamed_7,4788.0,balancesheet
646.0,unnamed_7,4387.0,balancesheet
647.0,unnamed_7,5168.0,balancesheet
648.0,unnamed_7,6608.0,balancesheet
649.0,unnamed_7,7148.0,balancesheet
650.0,unnamed_7,7073.0,balancesheet
651.0,unnamed_7,8852.0,balancesheet
652.0,unnamed_7,10523.0,balancesheet
653.0,unnamed_7,11157.0,balancesheet
654.0,unnamed_7,12433.0,balancesheet
655.0,unnamed_7,12843.0,balancesheet
656.0,unnamed_7,407723.0,balancesheet
657.0,unnamed_7,503620.0,balancesheet
658.0,unnamed_7,607097.0,balancesheet
659.0,unnamed_7,762212.0,balancesheet
660.0,unnamed_7,892344.0,balancesheet
661.0,unnamed_7,1103186.0,balancesheet
662.0,unnamed_7,1292806.0,balancesheet
663.0,unnamed_7,1580830.0,balancesheet
664.0,unnamed_7,1799507.0,balancesheet
665.0,unnamed_7,2122934.0,balancesheet
666.0,unnamed_7,2530432.0,balancesheet
667.0,unnamed_7,4030194.0,balancesheet
668.0,unnamed_7,41918.0,balancesheet
669.0,unnamed_7,52275.0,balancesheet
670.0,unnamed_7,69309.0,balancesheet
671.0,unnamed_7,76544.0,balancesheet
672.0,unnamed_7,95097.0,balancesheet
673.0,unnamed_7,110483.0,balancesheet
674.0,unnamed_7,130020.0,balancesheet
675.0,unnamed_7,132224.0,balancesheet
676.0,unnamed_7,179655.0,balancesheet
677.0,unnamed_7,230734.0,balancesheet
678.0,unnamed_7,248069.0,balancesheet
679.0,unnamed_7,302687.0,balancesheet
680.0,unnamed_7,336755.0,balancesheet
681.0,unnamed_7,10122.0,balancesheet
682.0,unnamed_7,10654.0,balancesheet
683.0,unnamed_7,12896.0,balancesheet
684.0,unnamed_7,15312.0,balancesheet
685.0,unnamed_7,17397.0,balancesheet
686.0,unnamed_7,18504.0,balancesheet
687.0,unnamed_7,19674.0,balancesheet
688.0,unnamed_7,23096.0,balancesheet
689.0,unnamed_7,22478.0,balancesheet
690.0,unnamed_7,23917.0,balancesheet
691.0,unnamed_7,26153.0,balancesheet
692.0,unnamed_7,29261.0,balancesheet
693.0,unnamed_7,120590.0,balancesheet
694.0,unnamed_7,137982.0,balancesheet
695.0,unnamed_7,141746.0,balancesheet
696.0,unnamed_7,141146.0,balancesheet
697.0,unnamed_7,146144.0,balancesheet
698.0,unnamed_7,147014.0,balancesheet
699.0,unnamed_7,151972.0,balancesheet
700.0,unnamed_7,168618.0,balancesheet
701.0,unnamed_7,188822.0,balancesheet
702.0,unnamed_7,221855.0,balancesheet
703.0,unnamed_7,223489.0,balancesheet
704.0,unnamed_7,230723.0,balancesheet
705.0,unnamed_7,252264.0,balancesheet
706.0,unnamed_7,12092.0,balancesheet
707.0,unnamed_7,13754.0,balancesheet
708.0,unnamed_7,14430.0,balancesheet
709.0,unnamed_7,14793.0,balancesheet
710.0,unnamed_7,15706.0,balancesheet
711.0,unnamed_7,17862.0,balancesheet
712.0,unnamed_7,18629.0,balancesheet
713.0,unnamed_7,20153.0,balancesheet
714.0,unnamed_7,68740.0,balancesheet
715.0,unnamed_7,70506.0,balancesheet
716.0,unnamed_7,73077.0,balancesheet
717.0,unnamed_7,78489.0,balancesheet
718.0,unnamed_7,80765.0,balancesheet
719.0,unnamed_7,674822.0,balancesheet
720.0,unnamed_7,747762.0,balancesheet
721.0,unnamed_7,826079.0,balancesheet
722.0,unnamed_7,918756.0,balancesheet
723.0,unnamed_7,985725.0,balancesheet
724.0,unnamed_7,1124281.0,balancesheet
725.0,unnamed_7,1238794.0,balancesheet
726.0,unnamed_7,1377292.0,balancesheet
727.0,unnamed_7,1573812.0,balancesheet
728.0,unnamed_7,1752637.0,balancesheet
729.0,unnamed_7,1958490.0,balancesheet
730.0,unnamed_7,2364063.0,balancesheet
731.0,unnamed_7,12637.0,balancesheet
732.0,unnamed_7,14744.0,balancesheet
733.0,unnamed_7,14646.0,balancesheet
734.0,unnamed_7,15676.0,balancesheet
735.0,unnamed_7,23351.0,balancesheet
736.0,unnamed_7,29750.0,balancesheet
737.0,unnamed_7,33403.0,balancesheet
738.0,unnamed_7,37042.0,balancesheet
739.0,unnamed_7,39298.0,balancesheet
740.0,unnamed_7,50848.0,balancesheet
741.0,unnamed_7,55086.0,balancesheet
742.0,unnamed_7,63308.0,balancesheet
743.0,unnamed_7,68014.0,balancesheet
744.0,unnamed_7,75220.0,balancesheet
745.0,unnamed_7,81474.0,balancesheet
746.0,unnamed_7,101215.0,balancesheet
747.0,unnamed_7,104765.0,balancesheet
748.0,unnamed_7,124741.0,balancesheet
749.0,unnamed_7,141819.0,balancesheet
750.0,unnamed_7,163086.0,balancesheet
751.0,unnamed_7,156031.0,balancesheet
752.0,unnamed_7,217220.0,balancesheet
753.0,unnamed_7,244437.0,balancesheet
754.0,unnamed_7,255851.0,balancesheet
755.0,unnamed_7,299001.0,balancesheet
756.0,unnamed_7,326838.0,balancesheet
757.0,unnamed_7,26.0,balancesheet
758.0,unnamed_7,35.0,balancesheet
759.0,unnamed_7,61.0,balancesheet
760.0,unnamed_7,196.0,balancesheet
761.0,unnamed_7,246.0,balancesheet
762.0,unnamed_7,279.0,balancesheet
763.0,unnamed_7,373.0,balancesheet
764.0,unnamed_7,422.0,balancesheet
765.0,unnamed_7,811.0,balancesheet
766.0,unnamed_7,920.0,balancesheet
767.0,unnamed_7,1062.0,balancesheet
768.0,unnamed_7,1222.0,balancesheet
769.0,unnamed_7,1239.0,balancesheet
770.0,unnamed_7,73307.0,balancesheet
771.0,unnamed_7,87026.0,balancesheet
772.0,unnamed_7,111787.0,balancesheet
773.0,unnamed_7,142897.0,balancesheet
774.0,unnamed_7,178648.0,balancesheet
775.0,unnamed_7,221626.0,balancesheet
776.0,unnamed_7,277819.0,balancesheet
777.0,unnamed_7,307058.0,balancesheet
778.0,unnamed_7,362973.0,balancesheet
779.0,unnamed_7,401975.0,balancesheet
780.0,unnamed_7,457804.0,balancesheet
781.0,unnamed_7,514935.0,balancesheet
782.0,unnamed_7,46275.0,balancesheet
783.0,unnamed_7,56966.0,balancesheet
784.0,unnamed_7,66289.0,balancesheet
785.0,unnamed_7,75098.0,balancesheet
786.0,unnamed_7,83148.0,balancesheet
787.0,unnamed_7,79349.0,balancesheet
788.0,unnamed_7,84066.0,balancesheet
789.0,unnamed_7,91800.0,balancesheet
790.0,unnamed_7,107511.0,balancesheet
791.0,unnamed_7,116729.0,balancesheet
792.0,unnamed_7,124596.0,balancesheet
793.0,unnamed_7,136020.0,balancesheet
794.0,unnamed_7,141870.0,balancesheet
795.0,unnamed_7,241878.0,balancesheet
796.0,unnamed_7,265953.0,balancesheet
797.0,unnamed_7,233883.0,balancesheet
798.0,unnamed_7,231715.0,balancesheet
799.0,unnamed_7,273719.0,balancesheet
800.0,unnamed_7,295860.0,balancesheet
801.0,unnamed_7,335363.0,balancesheet
802.0,unnamed_7,329962.0,balancesheet
803.0,unnamed_7,355145.0,balancesheet
804.0,unnamed_7,410882.0,balancesheet
805.0,unnamed_7,441995.0,balancesheet
806.0,unnamed_7,482683.0,balancesheet
807.0,unnamed_7,510310.0,balancesheet
808.0,unnamed_7,1162.0,balancesheet
809.0,unnamed_7,1437.0,balancesheet
810.0,unnamed_7,1826.0,balancesheet
811.0,unnamed_7,2319.0,balancesheet
812.0,unnamed_7,2594.0,balancesheet
813.0,unnamed_7,3241.0,balancesheet
814.0,unnamed_7,3153.0,balancesheet
815.0,unnamed_7,3884.0,balancesheet
816.0,unnamed_7,5089.0,balancesheet
817.0,unnamed_7,6091.0,balancesheet
818.0,unnamed_7,6800.0,balancesheet
819.0,unnamed_7,70755.0,balancesheet
820.0,unnamed_7,83930.0,balancesheet
821.0,unnamed_7,87647.0,balancesheet
822.0,unnamed_7,108400.0,balancesheet
823.0,unnamed_7,129650.0,balancesheet
824.0,unnamed_7,161468.0,balancesheet
825.0,unnamed_7,206604.0,balancesheet
826.0,unnamed_7,275504.0,balancesheet
827.0,unnamed_7,380482.0,balancesheet
828.0,unnamed_7,449980.0,balancesheet
829.0,unnamed_7,490359.0,balancesheet
830.0,unnamed_7,485082.0,balancesheet
831.0,unnamed_7,494348.0,balancesheet
832.0,unnamed_7,35329.0,balancesheet
833.0,unnamed_7,40848.0,balancesheet
834.0,unnamed_7,45952.0,balancesheet
835.0,unnamed_7,51651.0,balancesheet
836.0,unnamed_7,55898.0,balancesheet
837.0,unnamed_7,64241.0,balancesheet
838.0,unnamed_7,71739.0,balancesheet
839.0,unnamed_7,77311.0,balancesheet
840.0,unnamed_7,73761.0,balancesheet
841.0,unnamed_7,77196.0,balancesheet
842.0,unnamed_7,85831.0,balancesheet
843.0,unnamed_7,91754.0,balancesheet
844.0,unnamed_7,94071.0,balancesheet
845.0,unnamed_7,253424.0,balancesheet
846.0,unnamed_7,324976.0,balancesheet
847.0,unnamed_7,337847.0,balancesheet
848.0,unnamed_7,341772.0,balancesheet
849.0,unnamed_7,444525.0,balancesheet
850.0,unnamed_7,459232.0,balancesheet
851.0,unnamed_7,492343.0,balancesheet
852.0,unnamed_7,508364.0,balancesheet
853.0,unnamed_7,541748.0,balancesheet
854.0,unnamed_7,583260.0,balancesheet
855.0,unnamed_7,613115.0,balancesheet
856.0,unnamed_7,709774.0,balancesheet
857.0,unnamed_7,757614.0,balancesheet
858.0,unnamed_7,178776.0,balancesheet
859.0,unnamed_7,200118.0,balancesheet
860.0,unnamed_7,219712.0,balancesheet
861.0,unnamed_7,224665.0,balancesheet
862.0,unnamed_7,248601.0,balancesheet
863.0,unnamed_7,282492.0,balancesheet
864.0,unnamed_7,346923.0,balancesheet
865.0,unnamed_7,377569.0,balancesheet
866.0,unnamed_7,398022.0,balancesheet
867.0,unnamed_7,415831.0,balancesheet
868.0,unnamed_7,447189.0,balancesheet
869.0,unnamed_7,479278.0,balancesheet
870.0,unnamed_7,492230.0,balancesheet
871.0,unnamed_7,62361.0,balancesheet
872.0,unnamed_7,61427.0,balancesheet
873.0,unnamed_7,61436.0,balancesheet
874.0,unnamed_7,62823.0,balancesheet
875.0,unnamed_7,60187.0,balancesheet
876.0,unnamed_7,62933.0,balancesheet
877.0,unnamed_7,66734.0,balancesheet
878.0,unnamed_7,71277.0,balancesheet
879.0,unnamed_7,73136.0,balancesheet
880.0,unnamed_7,77288.0,balancesheet
881.0,unnamed_7,86211.0,balancesheet
882.0,unnamed_7,93297.0,balancesheet
883.0,unnamed_7,97681.0,balancesheet
884.0,unnamed_7,6314.0,balancesheet
885.0,unnamed_7,5820.0,balancesheet
886.0,unnamed_7,6086.0,balancesheet
887.0,unnamed_7,6810.0,balancesheet
888.0,unnamed_7,7363.0,balancesheet
889.0,unnamed_7,8088.0,balancesheet
890.0,unnamed_7,7173.0,balancesheet
891.0,unnamed_7,7900.0,balancesheet
892.0,unnamed_7,8234.0,balancesheet
893.0,unnamed_7,8979.0,balancesheet
894.0,unnamed_7,8979.0,balancesheet
895.0,unnamed_7,10523.0,balancesheet
896.0,unnamed_7,11108.0,balancesheet
897.0,unnamed_7,825.0,balancesheet
898.0,unnamed_7,1060.0,balancesheet
899.0,unnamed_7,2217.0,balancesheet
900.0,unnamed_7,1925.0,balancesheet
901.0,unnamed_7,2053.0,balancesheet
902.0,unnamed_7,2596.0,balancesheet
903.0,unnamed_7,3189.0,balancesheet
904.0,unnamed_7,2893.0,balancesheet
905.0,unnamed_7,6292.0,balancesheet
906.0,unnamed_7,20483.0,balancesheet
907.0,unnamed_7,16658.0,balancesheet
908.0,unnamed_7,36089.0,balancesheet
909.0,unnamed_7,50186.0,balancesheet
910.0,unnamed_7,12739.0,balancesheet
911.0,unnamed_7,15244.0,balancesheet
912.0,unnamed_7,17425.0,balancesheet
913.0,unnamed_7,19665.0,balancesheet
914.0,unnamed_7,31944.0,balancesheet
915.0,unnamed_7,36974.0,balancesheet
916.0,unnamed_7,42754.0,balancesheet
917.0,unnamed_7,45033.0,balancesheet
918.0,unnamed_7,47749.0,balancesheet
919.0,unnamed_7,55726.0,balancesheet
920.0,unnamed_7,61330.0,balancesheet
921.0,unnamed_7,84178.0,balancesheet
922.0,unnamed_7,97879.0,balancesheet
923.0,unnamed_7,27517.0,balancesheet
924.0,unnamed_7,31476.0,balancesheet
925.0,unnamed_7,34477.0,balancesheet
926.0,unnamed_7,42726.0,balancesheet
927.0,unnamed_7,51960.0,balancesheet
928.0,unnamed_7,60248.0,balancesheet
929.0,unnamed_7,63969.0,balancesheet
930.0,unnamed_7,63628.0,balancesheet
931.0,unnamed_7,71376.0,balancesheet
932.0,unnamed_7,74656.0,balancesheet
933.0,unnamed_7,100106.0,balancesheet
934.0,unnamed_7,115304.0,balancesheet
935.0,unnamed_7,121696.0,balancesheet
936.0,unnamed_7,76131.0,balancesheet
937.0,unnamed_7,87889.0,balancesheet
938.0,unnamed_7,94376.0,balancesheet
939.0,unnamed_7,99852.0,balancesheet
940.0,unnamed_7,113835.0,balancesheet
941.0,unnamed_7,136369.0,balancesheet
942.0,unnamed_7,161889.0,balancesheet
943.0,unnamed_7,165716.0,balancesheet
944.0,unnamed_7,164968.0,balancesheet
945.0,unnamed_7,172388.0,balancesheet
946.0,unnamed_7,204283.0,balancesheet
947.0,unnamed_7,234722.0,balancesheet
948.0,unnamed_7,255280.0,balancesheet
949.0,unnamed_7,2328.0,balancesheet
950.0,unnamed_7,2666.0,balancesheet
951.0,unnamed_7,2978.0,balancesheet
952.0,unnamed_7,3137.0,balancesheet
953.0,unnamed_7,4417.0,balancesheet
954.0,unnamed_7,5337.0,balancesheet
955.0,unnamed_7,6664.0,balancesheet
956.0,unnamed_7,8815.0,balancesheet
957.0,unnamed_7,10706.0,balancesheet
958.0,unnamed_7,20572.0,balancesheet
959.0,unnamed_7,23481.0,balancesheet
960.0,unnamed_7,27544.0,balancesheet
961.0,unnamed_7,28761.0,balancesheet
962.0,unnamed_7,2328.0,balancesheet
963.0,unnamed_7,2666.0,balancesheet
964.0,unnamed_7,2978.0,balancesheet
965.0,unnamed_7,3137.0,balancesheet
966.0,unnamed_7,4417.0,balancesheet
967.0,unnamed_7,5337.0,balancesheet
968.0,unnamed_7,6664.0,balancesheet
969.0,unnamed_7,8815.0,balancesheet
970.0,unnamed_7,10706.0,balancesheet
971.0,unnamed_7,20572.0,balancesheet
972.0,unnamed_7,23481.0,balancesheet
973.0,unnamed_7,27544.0,balancesheet
974.0,unnamed_7,28761.0,balancesheet
975.0,unnamed_7,9478.0,balancesheet
976.0,unnamed_7,9268.0,balancesheet
977.0,unnamed_7,27998.0,balancesheet
978.0,unnamed_7,30981.0,balancesheet
979.0,unnamed_7,33931.0,balancesheet
980.0,unnamed_7,40251.0,balancesheet
981.0,unnamed_7,49864.0,balancesheet
982.0,unnamed_7,40693.0,balancesheet
983.0,unnamed_7,39308.0,balancesheet
984.0,unnamed_7,38404.0,balancesheet
985.0,unnamed_7,39122.0,balancesheet
986.0,unnamed_7,47198.0,balancesheet
987.0,unnamed_7,47385.0,balancesheet
988.0,unnamed_7,3427249.0,balancesheet
989.0,unnamed_7,3499834.0,balancesheet
990.0,unnamed_7,3829524.0,balancesheet
991.0,unnamed_7,4254059.0,balancesheet
992.0,unnamed_7,4578491.0,balancesheet
993.0,unnamed_7,5316047.0,balancesheet
994.0,unnamed_7,5719121.0,balancesheet
995.0,unnamed_7,115835.0,balancesheet
996.0,unnamed_7,122197.0,balancesheet
997.0,unnamed_7,148464.0,balancesheet
998.0,unnamed_7,240804.0,balancesheet
999.0,unnamed_7,276188.0,balancesheet
1000.0,unnamed_7,337720.0,balancesheet
1001.0,unnamed_7,395171.0,balancesheet
1002.0,unnamed_7,443173.0,balancesheet
1003.0,unnamed_7,478854.0,balancesheet
1004.0,unnamed_7,546498.0,balancesheet
1005.0,unnamed_7,620430.0,balancesheet
1006.0,unnamed_7,767667.0,balancesheet
1007.0,unnamed_7,57513.0,balancesheet
1008.0,unnamed_7,77640.0,balancesheet
1009.0,unnamed_7,85654.0,balancesheet
1010.0,unnamed_7,81907.0,balancesheet
1011.0,unnamed_7,88005.0,balancesheet
1012.0,unnamed_7,91970.0,balancesheet
1013.0,unnamed_7,114797.0,balancesheet
1014.0,unnamed_7,131820.0,balancesheet
1015.0,unnamed_7,148317.0,balancesheet
1016.0,unnamed_7,196485.0,balancesheet
1017.0,unnamed_7,210539.0,balancesheet
1018.0,unnamed_7,227898.0,balancesheet
1019.0,unnamed_7,233168.0,balancesheet
1020.0,unnamed_7,20378.0,balancesheet
1021.0,unnamed_7,19244.0,balancesheet
1022.0,unnamed_7,19420.0,balancesheet
1023.0,unnamed_7,28539.0,balancesheet
1024.0,unnamed_7,28389.0,balancesheet
1025.0,unnamed_7,26721.0,balancesheet
1026.0,unnamed_7,25926.0,balancesheet
1027.0,unnamed_7,24931.0,balancesheet
1028.0,unnamed_7,26207.0,balancesheet
1029.0,unnamed_7,30514.0,balancesheet
1030.0,unnamed_7,48417.0,balancesheet
1031.0,unnamed_7,57767.0,balancesheet
1032.0,unnamed_7,64932.0,balancesheet
1033.0,unnamed_7,114930.0,balancesheet
1034.0,unnamed_7,144863.0,balancesheet
1035.0,unnamed_7,144222.0,balancesheet
1036.0,unnamed_7,57073.0,balancesheet
1037.0,unnamed_7,68913.0,balancesheet
1038.0,unnamed_7,75537.0,balancesheet
1039.0,unnamed_7,92398.0,balancesheet
1040.0,unnamed_7,90575.0,balancesheet
1041.0,unnamed_7,89230.0,balancesheet
1042.0,unnamed_7,89001.0,balancesheet
1043.0,unnamed_7,89742.0,balancesheet
1044.0,unnamed_7,77840.0,balancesheet
1045.0,unnamed_7,76644.0,balancesheet
1046.0,unnamed_7,69427.0,balancesheet
1047.0,unnamed_7,78676.0,balancesheet
1048.0,unnamed_7,82771.0,balancesheet
1049.0,unnamed_7,169330.0,balancesheet
1050.0,unnamed_7,194320.0,balancesheet
1051.0,unnamed_7,228912.0,balancesheet
1052.0,unnamed_7,247220.0,balancesheet
1053.0,unnamed_7,259537.0,balancesheet
1054.0,unnamed_7,522531.0,balancesheet
1055.0,unnamed_7,628869.0,balancesheet
1056.0,unnamed_7,694521.0,balancesheet
1057.0,unnamed_7,775707.0,balancesheet
1058.0,unnamed_7,791000.0,balancesheet
1059.0,unnamed_7,896112.0,balancesheet
1060.0,unnamed_7,1038877.0,balancesheet
1061.0,unnamed_7,1103361.0,balancesheet
1062.0,unnamed_7,2616.0,balancesheet
1063.0,unnamed_7,2928.0,balancesheet
1064.0,unnamed_7,3315.0,balancesheet
1065.0,unnamed_7,3714.0,balancesheet
1066.0,unnamed_7,4770.0,balancesheet
1067.0,unnamed_7,5199.0,balancesheet
1068.0,unnamed_7,5904.0,balancesheet
1069.0,unnamed_7,6523.0,balancesheet
1070.0,unnamed_7,8814.0,balancesheet
1071.0,unnamed_7,9494.0,balancesheet
1072.0,unnamed_7,10505.0,balancesheet
1073.0,unnamed_7,12076.0,balancesheet
1074.0,unnamed_7,12755.0,balancesheet
1075.0,unnamed_7,7655.0,balancesheet
1076.0,unnamed_7,11540.0,balancesheet
1077.0,unnamed_7,19035.0,balancesheet
1078.0,unnamed_7,29671.0,balancesheet
1079.0,unnamed_7,42960.0,balancesheet
1080.0,unnamed_7,63018.0,balancesheet
1081.0,unnamed_7,83750.0,balancesheet
1082.0,unnamed_7,78874.0,balancesheet
1083.0,unnamed_7,71333.0,balancesheet
1084.0,unnamed_7,65649.0,balancesheet
1085.0,unnamed_7,66805.0,balancesheet
1086.0,unnamed_7,72371.0,balancesheet
1087.0,unnamed_7,7655.0,balancesheet
1088.0,unnamed_7,11540.0,balancesheet
1089.0,unnamed_7,19035.0,balancesheet
1090.0,unnamed_7,29671.0,balancesheet
1091.0,unnamed_7,42960.0,balancesheet
1092.0,unnamed_7,63018.0,balancesheet
1093.0,unnamed_7,83750.0,balancesheet
1094.0,unnamed_7,78874.0,balancesheet
1095.0,unnamed_7,71333.0,balancesheet
1096.0,unnamed_7,65649.0,balancesheet
1097.0,unnamed_7,66805.0,balancesheet
1098.0,unnamed_7,72371.0,balancesheet
1099.0,unnamed_7,7655.0,balancesheet
1100.0,unnamed_7,11540.0,balancesheet
1101.0,unnamed_7,19035.0,balancesheet
1102.0,unnamed_7,29671.0,balancesheet
1103.0,unnamed_7,42960.0,balancesheet
1104.0,unnamed_7,63018.0,balancesheet
1105.0,unnamed_7,83750.0,balancesheet
1106.0,unnamed_7,78874.0,balancesheet
1107.0,unnamed_7,71333.0,balancesheet
1108.0,unnamed_7,65649.0,balancesheet
1109.0,unnamed_7,66805.0,balancesheet
1110.0,unnamed_7,72371.0,balancesheet
1111.0,unnamed_7,7655.0,balancesheet
1112.0,unnamed_7,11540.0,balancesheet
1113.0,unnamed_7,19035.0,balancesheet
1114.0,unnamed_7,29671.0,balancesheet
1115.0,unnamed_7,42960.0,balancesheet
1116.0,unnamed_7,63018.0,balancesheet
1117.0,unnamed_7,83750.0,balancesheet
1118.0,unnamed_7,78874.0,balancesheet
1119.0,unnamed_7,71333.0,balancesheet
1120.0,unnamed_7,65649.0,balancesheet
1121.0,unnamed_7,66805.0,balancesheet
1122.0,unnamed_7,72371.0,balancesheet
1123.0,unnamed_7,7655.0,balancesheet
1124.0,unnamed_7,11540.0,balancesheet
1125.0,unnamed_7,19035.0,balancesheet
1126.0,unnamed_7,29671.0,balancesheet
1127.0,unnamed_7,42960.0,balancesheet
1128.0,unnamed_7,63018.0,balancesheet
1129.0,unnamed_7,83750.0,balancesheet
1130.0,unnamed_7,78874.0,balancesheet
1131.0,unnamed_7,71333.0,balancesheet
1132.0,unnamed_7,65649.0,balancesheet
1133.0,unnamed_7,66805.0,balancesheet
1134.0,unnamed_7,72371.0,balancesheet
1135.0,unnamed_7,113384.0,balancesheet
1136.0,unnamed_7,141480.0,balancesheet
1137.0,unnamed_7,160784.0,balancesheet
1138.0,unnamed_7,179312.0,balancesheet
1139.0,unnamed_7,195662.0,balancesheet
1140.0,unnamed_7,225354.0,balancesheet
1141.0,unnamed_7,247380.0,balancesheet
1142.0,unnamed_7,256671.0,balancesheet
1143.0,unnamed_7,255708.0,balancesheet
1144.0,unnamed_7,250950.0,balancesheet
1145.0,unnamed_7,252225.0,balancesheet
1146.0,unnamed_7,250829.0,balancesheet
1147.0,unnamed_7,255297.0,balancesheet
1148.0,unnamed_7,113384.0,balancesheet
1149.0,unnamed_7,141480.0,balancesheet
1150.0,unnamed_7,160784.0,balancesheet
1151.0,unnamed_7,179312.0,balancesheet
1152.0,unnamed_7,195662.0,balancesheet
1153.0,unnamed_7,225354.0,balancesheet
1154.0,unnamed_7,247380.0,balancesheet
1155.0,unnamed_7,256671.0,balancesheet
1156.0,unnamed_7,255708.0,balancesheet
1157.0,unnamed_7,250950.0,balancesheet
1158.0,unnamed_7,252225.0,balancesheet
1159.0,unnamed_7,250829.0,balancesheet
1160.0,unnamed_7,255297.0,balancesheet
1161.0,unnamed_7,130570.0,balancesheet
1162.0,unnamed_7,152944.0,balancesheet
1163.0,unnamed_7,183456.0,balancesheet
1164.0,unnamed_7,206945.0,balancesheet
1165.0,unnamed_7,210245.0,balancesheet
1166.0,unnamed_7,242370.0,balancesheet
1167.0,unnamed_7,298454.0,balancesheet
1168.0,unnamed_7,347030.0,balancesheet
1169.0,unnamed_7,400867.0,balancesheet
1170.0,unnamed_7,410860.0,balancesheet
1171.0,unnamed_7,465503.0,balancesheet
1172.0,unnamed_7,548191.0,balancesheet
1173.0,unnamed_7,595227.0,balancesheet
1174.0,unnamed_7,362357.0,balancesheet
1175.0,unnamed_7,428843.0,balancesheet
1176.0,unnamed_7,504486.0,balancesheet
1177.0,unnamed_7,598997.0,balancesheet
1178.0,unnamed_7,706802.0,balancesheet
1179.0,unnamed_7,811273.0,balancesheet
1180.0,unnamed_7,997630.0,balancesheet
1181.0,unnamed_7,1163015.0,balancesheet
1182.0,unnamed_7,1320065.0,balancesheet
1183.0,unnamed_7,1498622.0,balancesheet
1184.0,unnamed_7,1605882.0,balancesheet
1185.0,unnamed_7,1755048.0,balancesheet
1186.0,unnamed_7,1815123.0,balancesheet
1187.0,unnamed_7,53714.0,balancesheet
1188.0,unnamed_7,60640.0,balancesheet
1189.0,unnamed_7,74121.0,balancesheet
1190.0,unnamed_7,83429.0,balancesheet
1191.0,unnamed_7,102240.0,balancesheet
1192.0,unnamed_7,121720.0,balancesheet
1193.0,unnamed_7,146734.0,balancesheet
1194.0,unnamed_7,165580.0,balancesheet
1195.0,unnamed_7,226830.0,balancesheet
1196.0,unnamed_7,273337.0,balancesheet
1197.0,unnamed_7,314599.0,balancesheet
1198.0,unnamed_7,398299.0,balancesheet
1199.0,unnamed_7,448497.0,balancesheet
1200.0,unnamed_7,7374.0,balancesheet
1201.0,unnamed_7,7986.0,balancesheet
1202.0,unnamed_7,9047.0,balancesheet
1203.0,unnamed_7,10350.0,balancesheet
1204.0,unnamed_7,15104.0,balancesheet
1205.0,unnamed_7,17783.0,balancesheet
1206.0,unnamed_7,23231.0,balancesheet
1207.0,unnamed_7,23477.0,balancesheet
1208.0,unnamed_7,23765.0,balancesheet
1209.0,unnamed_7,27642.0,balancesheet
1210.0,unnamed_7,25562.0,balancesheet
1211.0,unnamed_7,28834.0,balancesheet
1212.0,unnamed_7,31446.0,balancesheet
1213.0,unnamed_7,6160.0,balancesheet
1214.0,unnamed_7,7329.0,balancesheet
1215.0,unnamed_7,7998.0,balancesheet
1216.0,unnamed_7,9463.0,balancesheet
1217.0,unnamed_7,11166.0,balancesheet
1218.0,unnamed_7,15142.0,balancesheet
1219.0,unnamed_7,15493.0,balancesheet
1220.0,unnamed_7,19944.0,balancesheet
1221.0,unnamed_7,21513.0,balancesheet
1222.0,unnamed_7,23749.0,balancesheet
1223.0,unnamed_7,26334.0,balancesheet
1224.0,unnamed_7,27925.0,balancesheet
1225.0,unnamed_7,27859.0,balancesheet
1226.0,unnamed_7,1374.0,balancesheet
1227.0,unnamed_7,3413.0,balancesheet
1228.0,unnamed_7,2900.0,balancesheet
1229.0,unnamed_7,8704.0,balancesheet
1230.0,unnamed_7,17327.0,balancesheet
1231.0,unnamed_7,21599.0,balancesheet
1232.0,unnamed_7,23356.0,balancesheet
1233.0,unnamed_7,25205.0,balancesheet
1234.0,unnamed_7,43621.0,balancesheet
1235.0,unnamed_7,49533.0,balancesheet
1236.0,unnamed_7,58350.0,balancesheet
1237.0,unnamed_7,71590.0,balancesheet
1238.0,unnamed_7,78672.0,balancesheet
1239.0,unnamed_7,75391.0,balancesheet
1240.0,unnamed_7,82586.0,balancesheet
1241.0,unnamed_7,81000.0,balancesheet
1242.0,unnamed_7,82566.0,balancesheet
1243.0,unnamed_7,107276.0,balancesheet
1244.0,unnamed_7,116924.0,balancesheet
1245.0,unnamed_7,114609.0,balancesheet
1246.0,unnamed_7,125552.0,balancesheet
1247.0,unnamed_7,23037.0,balancesheet
1248.0,unnamed_7,214120.0,balancesheet
1249.0,unnamed_7,190281.0,balancesheet
1250.0,unnamed_7,191980.0,balancesheet
1251.0,unnamed_7,196946.0,balancesheet
1252.0,unnamed_7,180367.0,balancesheet
1253.0,unnamed_7,198568.0,balancesheet
1254.0,unnamed_7,180737.0,balancesheet
1255.0,unnamed_7,183496.0,balancesheet
1256.0,unnamed_7,193947.0,balancesheet
1257.0,unnamed_7,189455.0,balancesheet
1258.0,unnamed_7,188118.0,balancesheet
1259.0,unnamed_7,205175.0,balancesheet
1260.0,unnamed_7,47274.0,balancesheet
1261.0,unnamed_7,52332.0,balancesheet
1262.0,unnamed_7,62154.0,balancesheet
1263.0,unnamed_7,68013.0,balancesheet
1264.0,unnamed_7,74446.0,balancesheet
1265.0,unnamed_7,97360.0,balancesheet
1266.0,unnamed_7,105419.0,balancesheet
1267.0,unnamed_7,114266.0,balancesheet
1268.0,unnamed_7,129910.0,balancesheet
1269.0,unnamed_7,142268.0,balancesheet
1270.0,unnamed_7,210573.0,balancesheet
1271.0,unnamed_7,248266.0,balancesheet
1272.0,unnamed_7,275087.0,balancesheet
1273.0,unnamed_7,10158.0,balancesheet
1274.0,unnamed_7,10290.0,balancesheet
1275.0,unnamed_7,10576.0,balancesheet
1276.0,unnamed_7,11986.0,balancesheet
1277.0,unnamed_7,13138.0,balancesheet
1278.0,unnamed_7,14336.0,balancesheet
1279.0,unnamed_7,15358.0,balancesheet
1280.0,unnamed_7,15860.0,balancesheet
1281.0,unnamed_7,18015.0,balancesheet
1282.0,unnamed_7,20109.0,balancesheet
1283.0,unnamed_7,21646.0,balancesheet
1284.0,unnamed_7,25299.0,balancesheet
1285.0,unnamed_7,16483.0,balancesheet
1286.0,unnamed_7,14858.0,balancesheet
1287.0,unnamed_7,7889.0,balancesheet
1288.0,unnamed_7,8329.0,balancesheet
1289.0,unnamed_7,8896.0,balancesheet
1290.0,unnamed_7,8926.0,balancesheet
1291.0,unnamed_7,9109.0,balancesheet
1292.0,unnamed_7,8844.0,balancesheet
1293.0,unnamed_7,8511.0,balancesheet
1294.0,unnamed_7,8863.0,balancesheet
1295.0,unnamed_7,9716.0,balancesheet
1296.0,unnamed_7,11176.0,balancesheet
1297.0,unnamed_7,11955.0,balancesheet
1298.0,unnamed_7,312912.0,balancesheet
1299.0,unnamed_7,355013.0,balancesheet
1300.0,unnamed_7,383566.0,balancesheet
1301.0,unnamed_7,407365.0,balancesheet
1302.0,unnamed_7,455681.0,balancesheet
1303.0,unnamed_7,491120.0,balancesheet
1304.0,unnamed_7,498581.0,balancesheet
1305.0,unnamed_7,555509.0,balancesheet
1306.0,unnamed_7,1082377.0,balancesheet
1307.0,unnamed_7,1193766.0,balancesheet
1308.0,unnamed_7,1288357.0,balancesheet
1309.0,unnamed_7,1401996.0,balancesheet
1310.0,unnamed_7,20377.0,balancesheet
1311.0,unnamed_7,29095.0,balancesheet
1312.0,unnamed_7,48723.0,balancesheet
1313.0,unnamed_7,55428.0,balancesheet
1314.0,unnamed_7,61095.0,balancesheet
1315.0,unnamed_7,64297.0,balancesheet
1316.0,unnamed_7,64590.0,balancesheet
1317.0,unnamed_7,68194.0,balancesheet
1318.0,unnamed_7,67622.0,balancesheet
1319.0,unnamed_7,69776.0,balancesheet
1320.0,unnamed_7,80712.0,balancesheet
1321.0,unnamed_7,85308.0,balancesheet
1322.0,unnamed_7,88116.0,balancesheet
1323.0,unnamed_7,29582.0,balancesheet
1324.0,unnamed_7,32185.0,balancesheet
1325.0,unnamed_7,38053.0,balancesheet
1326.0,unnamed_7,41193.0,balancesheet
1327.0,unnamed_7,42209.0,balancesheet
1328.0,unnamed_7,57141.0,balancesheet
1329.0,unnamed_7,76525.0,balancesheet
1330.0,unnamed_7,79214.0,balancesheet
1331.0,unnamed_7,86176.0,balancesheet
1332.0,unnamed_7,83811.0,balancesheet
1333.0,unnamed_7,91380.0,balancesheet
1334.0,unnamed_7,100797.0,balancesheet
1335.0,unnamed_7,107611.0,balancesheet
1336.0,unnamed_7,3381.0,balancesheet
1337.0,unnamed_7,3632.0,balancesheet
1338.0,unnamed_7,4570.0,balancesheet
1339.0,unnamed_7,5146.0,balancesheet
1340.0,unnamed_7,6128.0,balancesheet
1341.0,unnamed_7,13190.0,balancesheet
1342.0,unnamed_7,16696.0,balancesheet
1343.0,unnamed_7,19272.0,balancesheet
1344.0,unnamed_7,21865.0,balancesheet
1345.0,unnamed_7,26919.0,balancesheet
1346.0,unnamed_7,35025.0,balancesheet
1347.0,unnamed_7,42024.0,balancesheet
1348.0,unnamed_7,44946.0,balancesheet
1349.0,unnamed_7,2209.0,balancesheet
1350.0,unnamed_7,1936.0,balancesheet
1351.0,unnamed_7,2207.0,balancesheet
1352.0,unnamed_7,2157.0,balancesheet
1353.0,unnamed_7,2222.0,balancesheet
1354.0,unnamed_7,2336.0,balancesheet
1355.0,unnamed_7,2559.0,balancesheet
1356.0,unnamed_7,5507.0,balancesheet
1357.0,unnamed_7,5724.0,balancesheet
1358.0,unnamed_7,7726.0,balancesheet
1359.0,unnamed_7,8082.0,balancesheet
1360.0,unnamed_7,7162.0,balancesheet
1361.0,unnamed_7,8274.0,balancesheet
1362.0,unnamed_7,3753.0,balancesheet
1363.0,unnamed_7,5022.0,balancesheet
1364.0,unnamed_7,7820.0,balancesheet
1365.0,unnamed_7,8886.0,balancesheet
1366.0,unnamed_7,9601.0,balancesheet
1367.0,unnamed_7,14243.0,balancesheet
1368.0,unnamed_7,14113.0,balancesheet
1369.0,unnamed_7,14010.0,balancesheet
1370.0,unnamed_7,14075.0,balancesheet
1371.0,unnamed_7,12906.0,balancesheet
1372.0,unnamed_7,14610.0,balancesheet
1373.0,unnamed_7,14505.0,balancesheet
1374.0,unnamed_7,15088.0,balancesheet
1375.0,unnamed_7,5884.0,balancesheet
1376.0,unnamed_7,6111.0,balancesheet
1377.0,unnamed_7,5868.0,balancesheet
1378.0,unnamed_7,6342.0,balancesheet
1379.0,unnamed_7,8408.0,balancesheet
1380.0,unnamed_7,9521.0,balancesheet
1381.0,unnamed_7,11710.0,balancesheet
1382.0,unnamed_7,13544.0,balancesheet
1383.0,unnamed_7,16444.0,balancesheet
1384.0,unnamed_7,21188.0,balancesheet
1385.0,unnamed_7,27020.0,balancesheet
1386.0,unnamed_7,31547.0,balancesheet
1387.0,unnamed_7,38826.0,balancesheet
1388.0,unnamed_7,8984.0,balancesheet
1389.0,unnamed_7,15940.0,balancesheet
1390.0,unnamed_7,19848.0,balancesheet
1391.0,unnamed_7,22525.0,balancesheet
1392.0,unnamed_7,26057.0,balancesheet
1393.0,unnamed_7,30431.0,balancesheet
1394.0,unnamed_7,33446.0,balancesheet
1395.0,unnamed_7,37318.0,balancesheet
1396.0,unnamed_7,39602.0,balancesheet
1397.0,unnamed_7,44416.0,balancesheet
1398.0,unnamed_7,45827.0,balancesheet
1399.0,unnamed_7,43149.0,balancesheet
1400.0,unnamed_7,42827.0,balancesheet
1401.0,unnamed_7,8794.0,balancesheet
1402.0,unnamed_7,9911.0,balancesheet
1403.0,unnamed_7,9458.0,balancesheet
1404.0,unnamed_7,9895.0,balancesheet
1405.0,unnamed_7,9551.0,balancesheet
1406.0,unnamed_7,10461.0,balancesheet
1407.0,unnamed_7,10881.0,balancesheet
1408.0,unnamed_7,18473.0,balancesheet
1409.0,unnamed_7,20218.0,balancesheet
1410.0,unnamed_7,21075.0,balancesheet
1411.0,unnamed_7,22762.0,balancesheet
1412.0,unnamed_7,27879.0,balancesheet
1413.0,unnamed_7,30970.0,balancesheet
1414.0,unnamed_7,51932.0,balancesheet
1415.0,unnamed_7,66829.0,balancesheet
1416.0,unnamed_7,73318.0,balancesheet
1417.0,unnamed_7,88291.0,balancesheet
1418.0,unnamed_7,102333.0,balancesheet
1419.0,unnamed_7,105126.0,balancesheet
1420.0,unnamed_7,113901.0,balancesheet
1421.0,unnamed_7,120127.0,balancesheet
1422.0,unnamed_7,129992.0,balancesheet
1423.0,unnamed_7,140924.0,balancesheet
1424.0,unnamed_7,142859.0,balancesheet
1425.0,unnamed_7,145472.0,balancesheet
1426.0,unnamed_7,161124.0,balancesheet
1427.0,unnamed_7,146876.0,balancesheet
1428.0,unnamed_7,171604.0,balancesheet
1429.0,unnamed_7,159109.0,balancesheet
1430.0,unnamed_7,176884.0,balancesheet
1431.0,unnamed_7,172447.0,balancesheet
1432.0,unnamed_7,208722.0,balancesheet
1433.0,unnamed_7,232773.0,balancesheet
1434.0,unnamed_7,249149.0,balancesheet
1435.0,unnamed_7,243909.0,balancesheet
1436.0,unnamed_7,282422.0,balancesheet
1437.0,unnamed_7,285396.0,balancesheet
1438.0,unnamed_7,269312.0,balancesheet
1439.0,unnamed_7,280841.0,balancesheet
1440.0,unnamed_7,8984.0,balancesheet
1441.0,unnamed_7,15940.0,balancesheet
1442.0,unnamed_7,19848.0,balancesheet
1443.0,unnamed_7,22525.0,balancesheet
1444.0,unnamed_7,26057.0,balancesheet
1445.0,unnamed_7,30431.0,balancesheet
1446.0,unnamed_7,33446.0,balancesheet
1447.0,unnamed_7,37318.0,balancesheet
1448.0,unnamed_7,39602.0,balancesheet
1449.0,unnamed_7,44416.0,balancesheet
1450.0,unnamed_7,45827.0,balancesheet
1451.0,unnamed_7,43149.0,balancesheet
1452.0,unnamed_7,42827.0,balancesheet
1453.0,unnamed_7,67257.0,balancesheet
1454.0,unnamed_7,71383.0,balancesheet
1455.0,unnamed_7,75185.0,balancesheet
1456.0,unnamed_7,70057.0,balancesheet
1457.0,unnamed_7,82829.0,balancesheet
1458.0,unnamed_7,81892.0,balancesheet
1459.0,unnamed_7,84073.0,balancesheet
1460.0,unnamed_7,89674.0,balancesheet
1461.0,unnamed_7,98655.0,balancesheet
1462.0,unnamed_7,112550.0,balancesheet
1463.0,unnamed_7,128096.0,balancesheet
1464.0,unnamed_7,139054.0,balancesheet
1465.0,unnamed_7,145130.0,balancesheet
1466.0,unnamed_7,168330.0,balancesheet
1467.0,unnamed_7,218426.0,balancesheet
1468.0,unnamed_7,237315.0,balancesheet
1469.0,unnamed_7,263184.0,balancesheet
1470.0,unnamed_7,272580.0,balancesheet
1471.0,unnamed_7,327192.0,balancesheet
1472.0,unnamed_7,305703.0,balancesheet
1473.0,unnamed_7,320179.0,balancesheet
1474.0,unnamed_7,341570.0,balancesheet
1475.0,unnamed_7,329061.0,balancesheet
1476.0,unnamed_7,334674.0,balancesheet
1477.0,unnamed_7,369521.0,balancesheet
1478.0,unnamed_7,390656.0,balancesheet
,unnamed_8,,balancesheet
136.0,unnamed_8,109.0,balancesheet
137.0,unnamed_8,98.0,balancesheet
138.0,unnamed_8,96.0,balancesheet
139.0,unnamed_8,108.0,balancesheet
140.0,unnamed_8,110.0,balancesheet
141.0,unnamed_8,81.0,balancesheet
142.0,unnamed_8,105.0,balancesheet
143.0,unnamed_8,270.0,balancesheet
144.0,unnamed_8,251.0,balancesheet
145.0,unnamed_8,271.0,balancesheet
146.0,unnamed_8,237.0,balancesheet
147.0,unnamed_8,225.0,balancesheet
148.0,unnamed_8,216.0,balancesheet
149.0,unnamed_8,0.0,balancesheet
150.0,unnamed_8,10573.0,balancesheet
151.0,unnamed_8,10060.0,balancesheet
152.0,unnamed_8,9853.0,balancesheet
153.0,unnamed_8,9291.0,balancesheet
154.0,unnamed_8,24412.0,balancesheet
155.0,unnamed_8,24924.0,balancesheet
156.0,unnamed_8,26987.0,balancesheet
157.0,unnamed_8,30272.0,balancesheet
158.0,unnamed_8,32645.0,balancesheet
159.0,unnamed_8,38920.0,balancesheet
160.0,unnamed_8,38186.0,balancesheet
170.0,unnamed_8,48770.0,balancesheet
171.0,unnamed_8,70579.0,balancesheet
172.0,unnamed_8,83834.0,balancesheet
173.0,unnamed_8,10473.0,balancesheet
174.0,unnamed_8,13668.0,balancesheet
175.0,unnamed_8,10555.0,balancesheet
176.0,unnamed_8,9020.0,balancesheet
177.0,unnamed_8,10476.0,balancesheet
178.0,unnamed_8,10838.0,balancesheet
179.0,unnamed_8,30123.0,balancesheet
180.0,unnamed_8,56881.0,balancesheet
181.0,unnamed_8,65978.0,balancesheet
182.0,unnamed_8,84751.0,balancesheet
192.0,unnamed_8,4341.0,balancesheet
193.0,unnamed_8,9120.0,balancesheet
194.0,unnamed_8,10388.0,balancesheet
195.0,unnamed_8,12554.0,balancesheet
196.0,unnamed_8,16429.0,balancesheet
197.0,unnamed_8,28452.0,balancesheet
198.0,unnamed_8,48336.0,balancesheet
199.0,unnamed_8,62284.0,balancesheet
200.0,unnamed_8,64632.0,balancesheet
201.0,unnamed_8,11382.0,balancesheet
202.0,unnamed_8,13163.0,balancesheet
203.0,unnamed_8,20527.0,balancesheet
204.0,unnamed_8,20883.0,balancesheet
205.0,unnamed_8,21054.0,balancesheet
206.0,unnamed_8,22670.0,balancesheet
207.0,unnamed_8,28121.0,balancesheet
208.0,unnamed_8,32715.0,balancesheet
209.0,unnamed_8,48291.0,balancesheet
210.0,unnamed_8,62553.0,balancesheet
211.0,unnamed_8,72224.0,balancesheet
212.0,unnamed_8,75148.0,balancesheet
213.0,unnamed_8,79136.0,balancesheet
214.0,unnamed_8,29089.0,balancesheet
215.0,unnamed_8,46365.0,balancesheet
216.0,unnamed_8,45080.0,balancesheet
217.0,unnamed_8,56941.0,balancesheet
218.0,unnamed_8,54391.0,balancesheet
219.0,unnamed_8,52137.0,balancesheet
220.0,unnamed_8,50419.0,balancesheet
221.0,unnamed_8,55846.0,balancesheet
222.0,unnamed_8,52851.0,balancesheet
223.0,unnamed_8,53274.0,balancesheet
224.0,unnamed_8,51451.0,balancesheet
225.0,unnamed_8,63016.0,balancesheet
226.0,unnamed_8,71147.0,balancesheet
227.0,unnamed_8,5951.0,balancesheet
228.0,unnamed_8,6147.0,balancesheet
229.0,unnamed_8,6310.0,balancesheet
230.0,unnamed_8,6170.0,balancesheet
231.0,unnamed_8,21410.0,balancesheet
232.0,unnamed_8,20898.0,balancesheet
233.0,unnamed_8,20636.0,balancesheet
234.0,unnamed_8,20701.0,balancesheet
235.0,unnamed_8,20486.0,balancesheet
236.0,unnamed_8,22254.0,balancesheet
237.0,unnamed_8,23551.0,balancesheet
238.0,unnamed_8,32388.0,balancesheet
239.0,unnamed_8,40857.0,balancesheet
240.0,unnamed_8,2341.0,balancesheet
241.0,unnamed_8,2681.0,balancesheet
242.0,unnamed_8,3244.0,balancesheet
243.0,unnamed_8,3997.0,balancesheet
244.0,unnamed_8,4591.0,balancesheet
245.0,unnamed_8,4773.0,balancesheet
246.0,unnamed_8,4982.0,balancesheet
247.0,unnamed_8,7432.0,balancesheet
248.0,unnamed_8,6778.0,balancesheet
249.0,unnamed_8,8296.0,balancesheet
250.0,unnamed_8,8520.0,balancesheet
251.0,unnamed_8,9664.0,balancesheet
252.0,unnamed_8,10201.0,balancesheet
253.0,unnamed_8,2441.0,balancesheet
254.0,unnamed_8,2562.0,balancesheet
255.0,unnamed_8,2660.0,balancesheet
256.0,unnamed_8,3416.0,balancesheet
257.0,unnamed_8,3304.0,balancesheet
258.0,unnamed_8,3732.0,balancesheet
259.0,unnamed_8,6497.0,balancesheet
260.0,unnamed_8,6272.0,balancesheet
261.0,unnamed_8,5859.0,balancesheet
262.0,unnamed_8,5519.0,balancesheet
263.0,unnamed_8,5770.0,balancesheet
264.0,unnamed_8,7147.0,balancesheet
265.0,unnamed_8,7879.0,balancesheet
266.0,unnamed_8,2441.0,balancesheet
267.0,unnamed_8,2562.0,balancesheet
268.0,unnamed_8,2660.0,balancesheet
269.0,unnamed_8,3416.0,balancesheet
270.0,unnamed_8,3304.0,balancesheet
271.0,unnamed_8,3732.0,balancesheet
272.0,unnamed_8,6497.0,balancesheet
273.0,unnamed_8,6272.0,balancesheet
274.0,unnamed_8,5859.0,balancesheet
275.0,unnamed_8,5519.0,balancesheet
276.0,unnamed_8,5770.0,balancesheet
277.0,unnamed_8,7147.0,balancesheet
278.0,unnamed_8,7879.0,balancesheet
279.0,unnamed_8,897.0,balancesheet
280.0,unnamed_8,980.0,balancesheet
281.0,unnamed_8,1198.0,balancesheet
282.0,unnamed_8,1379.0,balancesheet
283.0,unnamed_8,1733.0,balancesheet
284.0,unnamed_8,2335.0,balancesheet
285.0,unnamed_8,3174.0,balancesheet
286.0,unnamed_8,3421.0,balancesheet
287.0,unnamed_8,2245.0,balancesheet
288.0,unnamed_8,2346.0,balancesheet
289.0,unnamed_8,2447.0,balancesheet
290.0,unnamed_8,3358.0,balancesheet
291.0,unnamed_8,3518.0,balancesheet
292.0,unnamed_8,3697.0,balancesheet
293.0,unnamed_8,3842.0,balancesheet
294.0,unnamed_8,3912.0,balancesheet
295.0,unnamed_8,4501.0,balancesheet
296.0,unnamed_8,4753.0,balancesheet
297.0,unnamed_8,5000.0,balancesheet
298.0,unnamed_8,5860.0,balancesheet
299.0,unnamed_8,2355.0,balancesheet
300.0,unnamed_8,2660.0,balancesheet
301.0,unnamed_8,2448.0,balancesheet
302.0,unnamed_8,2026.0,balancesheet
303.0,unnamed_8,2002.0,balancesheet
304.0,unnamed_8,1878.0,balancesheet
305.0,unnamed_8,1764.0,balancesheet
306.0,unnamed_8,1699.0,balancesheet
307.0,unnamed_8,1668.0,balancesheet
308.0,unnamed_8,1836.0,balancesheet
309.0,unnamed_8,2842.0,balancesheet
310.0,unnamed_8,3217.0,balancesheet
311.0,unnamed_8,3214.0,balancesheet
312.0,unnamed_8,1208.0,balancesheet
313.0,unnamed_8,1262.0,balancesheet
314.0,unnamed_8,1261.0,balancesheet
315.0,unnamed_8,1274.0,balancesheet
316.0,unnamed_8,1645.0,balancesheet
317.0,unnamed_8,1792.0,balancesheet
318.0,unnamed_8,2097.0,balancesheet
319.0,unnamed_8,3216.0,balancesheet
320.0,unnamed_8,3182.0,balancesheet
321.0,unnamed_8,3586.0,balancesheet
322.0,unnamed_8,4336.0,balancesheet
323.0,unnamed_8,5455.0,balancesheet
324.0,unnamed_8,6048.0,balancesheet
325.0,unnamed_8,532.0,balancesheet
326.0,unnamed_8,532.0,balancesheet
327.0,unnamed_8,544.0,balancesheet
328.0,unnamed_8,544.0,balancesheet
329.0,unnamed_8,222.0,balancesheet
330.0,unnamed_8,215.0,balancesheet
331.0,unnamed_8,193.0,balancesheet
332.0,unnamed_8,374.0,balancesheet
333.0,unnamed_8,342.0,balancesheet
334.0,unnamed_8,310.0,balancesheet
335.0,unnamed_8,278.0,balancesheet
336.0,unnamed_8,244.0,balancesheet
337.0,unnamed_8,227.0,balancesheet
338.0,unnamed_8,252.0,balancesheet
339.0,unnamed_8,290.0,balancesheet
340.0,unnamed_8,366.0,balancesheet
341.0,unnamed_8,470.0,balancesheet
342.0,unnamed_8,695.0,balancesheet
343.0,unnamed_8,1321.0,balancesheet
344.0,unnamed_8,1316.0,balancesheet
345.0,unnamed_8,1716.0,balancesheet
346.0,unnamed_8,2308.0,balancesheet
347.0,unnamed_8,3250.0,balancesheet
348.0,unnamed_8,3423.0,balancesheet
349.0,unnamed_8,2550.0,balancesheet
350.0,unnamed_8,2849.0,balancesheet
351.0,unnamed_8,2978.0,balancesheet
352.0,unnamed_8,6359.0,balancesheet
353.0,unnamed_8,5930.0,balancesheet
354.0,unnamed_8,5532.0,balancesheet
355.0,unnamed_8,7368.0,balancesheet
356.0,unnamed_8,9268.0,balancesheet
357.0,unnamed_8,8441.0,balancesheet
358.0,unnamed_8,11098.0,balancesheet
359.0,unnamed_8,9865.0,balancesheet
360.0,unnamed_8,9054.0,balancesheet
361.0,unnamed_8,12.0,balancesheet
362.0,unnamed_8,7.0,balancesheet
363.0,unnamed_8,6.0,balancesheet
364.0,unnamed_8,6.0,balancesheet
365.0,unnamed_8,6.0,balancesheet
366.0,unnamed_8,11.0,balancesheet
367.0,unnamed_8,11.0,balancesheet
368.0,unnamed_8,14.0,balancesheet
369.0,unnamed_8,15.0,balancesheet
370.0,unnamed_8,17.0,balancesheet
371.0,unnamed_8,17.0,balancesheet
372.0,unnamed_8,18.0,balancesheet
373.0,unnamed_8,34.0,balancesheet
374.0,unnamed_8,125674.0,balancesheet
375.0,unnamed_8,140614.0,balancesheet
376.0,unnamed_8,124279.0,balancesheet
377.0,unnamed_8,172293.0,balancesheet
378.0,unnamed_8,178235.0,balancesheet
379.0,unnamed_8,187200.0,balancesheet
380.0,unnamed_8,200832.0,balancesheet
381.0,unnamed_8,229256.0,balancesheet
382.0,unnamed_8,223480.0,balancesheet
383.0,unnamed_8,244083.0,balancesheet
384.0,unnamed_8,277394.0,balancesheet
385.0,unnamed_8,303303.0,balancesheet
386.0,unnamed_8,330199.0,balancesheet
387.0,unnamed_8,4667.0,balancesheet
388.0,unnamed_8,4729.0,balancesheet
389.0,unnamed_8,4230.0,balancesheet
390.0,unnamed_8,3969.0,balancesheet
391.0,unnamed_8,3601.0,balancesheet
392.0,unnamed_8,3073.0,balancesheet
393.0,unnamed_8,2970.0,balancesheet
394.0,unnamed_8,2817.0,balancesheet
395.0,unnamed_8,2491.0,balancesheet
396.0,unnamed_8,2398.0,balancesheet
397.0,unnamed_8,2476.0,balancesheet
398.0,unnamed_8,2574.0,balancesheet
399.0,unnamed_8,2571.0,balancesheet
400.0,unnamed_8,863.0,balancesheet
401.0,unnamed_8,938.0,balancesheet
402.0,unnamed_8,968.0,balancesheet
403.0,unnamed_8,1149.0,balancesheet
404.0,unnamed_8,1514.0,balancesheet
405.0,unnamed_8,1318.0,balancesheet
406.0,unnamed_8,1176.0,balancesheet
407.0,unnamed_8,1342.0,balancesheet
408.0,unnamed_8,1241.0,balancesheet
409.0,unnamed_8,1211.0,balancesheet
410.0,unnamed_8,1731.0,balancesheet
411.0,unnamed_8,1770.0,balancesheet
412.0,unnamed_8,1653.0,balancesheet
413.0,unnamed_8,24721.0,balancesheet
414.0,unnamed_8,27580.0,balancesheet
415.0,unnamed_8,29109.0,balancesheet
416.0,unnamed_8,25358.0,balancesheet
417.0,unnamed_8,33684.0,balancesheet
418.0,unnamed_8,45539.0,balancesheet
419.0,unnamed_8,49315.0,balancesheet
420.0,unnamed_8,60175.0,balancesheet
421.0,unnamed_8,64098.0,balancesheet
422.0,unnamed_8,83901.0,balancesheet
423.0,unnamed_8,86675.0,balancesheet
424.0,unnamed_8,86798.0,balancesheet
425.0,unnamed_8,100261.0,balancesheet
426.0,unnamed_8,737.0,balancesheet
427.0,unnamed_8,848.0,balancesheet
428.0,unnamed_8,844.0,balancesheet
429.0,unnamed_8,950.0,balancesheet
430.0,unnamed_8,1160.0,balancesheet
431.0,unnamed_8,1346.0,balancesheet
432.0,unnamed_8,1688.0,balancesheet
433.0,unnamed_8,1878.0,balancesheet
434.0,unnamed_8,1793.0,balancesheet
435.0,unnamed_8,1753.0,balancesheet
436.0,unnamed_8,2655.0,balancesheet
437.0,unnamed_8,2771.0,balancesheet
438.0,unnamed_8,2950.0,balancesheet
439.0,unnamed_8,2883.0,balancesheet
440.0,unnamed_8,6661.0,balancesheet
441.0,unnamed_8,6969.0,balancesheet
442.0,unnamed_8,7206.0,balancesheet
443.0,unnamed_8,7185.0,balancesheet
444.0,unnamed_8,8335.0,balancesheet
445.0,unnamed_8,8433.0,balancesheet
446.0,unnamed_8,8323.0,balancesheet
447.0,unnamed_8,11269.0,balancesheet
448.0,unnamed_8,11447.0,balancesheet
449.0,unnamed_8,10334.0,balancesheet
450.0,unnamed_8,12331.0,balancesheet
451.0,unnamed_8,73.0,balancesheet
452.0,unnamed_8,74.0,balancesheet
453.0,unnamed_8,69.0,balancesheet
454.0,unnamed_8,120.0,balancesheet
455.0,unnamed_8,150.0,balancesheet
456.0,unnamed_8,170.0,balancesheet
457.0,unnamed_8,167.0,balancesheet
458.0,unnamed_8,283.0,balancesheet
459.0,unnamed_8,228.0,balancesheet
460.0,unnamed_8,259.0,balancesheet
461.0,unnamed_8,403.0,balancesheet
462.0,unnamed_8,1563.0,balancesheet
463.0,unnamed_8,1669.0,balancesheet
464.0,unnamed_8,3610.0,balancesheet
465.0,unnamed_8,6496.0,balancesheet
466.0,unnamed_8,6830.0,balancesheet
467.0,unnamed_8,9368.0,balancesheet
468.0,unnamed_8,9492.0,balancesheet
469.0,unnamed_8,9950.0,balancesheet
470.0,unnamed_8,9608.0,balancesheet
471.0,unnamed_8,9683.0,balancesheet
472.0,unnamed_8,9516.0,balancesheet
473.0,unnamed_8,9683.0,balancesheet
474.0,unnamed_8,9160.0,balancesheet
475.0,unnamed_8,9607.0,balancesheet
476.0,unnamed_8,10342.0,balancesheet
477.0,unnamed_8,13466.0,balancesheet
478.0,unnamed_8,14784.0,balancesheet
479.0,unnamed_8,16115.0,balancesheet
480.0,unnamed_8,22082.0,balancesheet
481.0,unnamed_8,23811.0,balancesheet
482.0,unnamed_8,27574.0,balancesheet
483.0,unnamed_8,32618.0,balancesheet
484.0,unnamed_8,36784.0,balancesheet
485.0,unnamed_8,42405.0,balancesheet
486.0,unnamed_8,46677.0,balancesheet
487.0,unnamed_8,64547.0,balancesheet
488.0,unnamed_8,75668.0,balancesheet
489.0,unnamed_8,83642.0,balancesheet
490.0,unnamed_8,1582.0,balancesheet
491.0,unnamed_8,1767.0,balancesheet
492.0,unnamed_8,1877.0,balancesheet
493.0,unnamed_8,1667.0,balancesheet
494.0,unnamed_8,1958.0,balancesheet
495.0,unnamed_8,2028.0,balancesheet
496.0,unnamed_8,1969.0,balancesheet
497.0,unnamed_8,2253.0,balancesheet
498.0,unnamed_8,2243.0,balancesheet
499.0,unnamed_8,2308.0,balancesheet
500.0,unnamed_8,3579.0,balancesheet
501.0,unnamed_8,3815.0,balancesheet
502.0,unnamed_8,3874.0,balancesheet
503.0,unnamed_8,909.0,balancesheet
504.0,unnamed_8,1222.0,balancesheet
505.0,unnamed_8,1309.0,balancesheet
506.0,unnamed_8,1439.0,balancesheet
507.0,unnamed_8,1559.0,balancesheet
508.0,unnamed_8,1996.0,balancesheet
509.0,unnamed_8,2088.0,balancesheet
510.0,unnamed_8,2782.0,balancesheet
511.0,unnamed_8,3704.0,balancesheet
512.0,unnamed_8,4325.0,balancesheet
513.0,unnamed_8,4722.0,balancesheet
514.0,unnamed_8,4739.0,balancesheet
515.0,unnamed_8,4658.0,balancesheet
516.0,unnamed_8,19849.0,balancesheet
517.0,unnamed_8,18835.0,balancesheet
518.0,unnamed_8,19619.0,balancesheet
519.0,unnamed_8,3943.0,balancesheet
520.0,unnamed_8,24640.0,balancesheet
521.0,unnamed_8,8082.0,balancesheet
522.0,unnamed_8,6322.0,balancesheet
523.0,unnamed_8,5187.0,balancesheet
524.0,unnamed_8,4856.0,balancesheet
525.0,unnamed_8,4862.0,balancesheet
526.0,unnamed_8,4785.0,balancesheet
527.0,unnamed_8,3880.0,balancesheet
528.0,unnamed_8,3836.0,balancesheet
529.0,unnamed_8,925.0,balancesheet
530.0,unnamed_8,1172.0,balancesheet
531.0,unnamed_8,1528.0,balancesheet
532.0,unnamed_8,2094.0,balancesheet
533.0,unnamed_8,2578.0,balancesheet
534.0,unnamed_8,3400.0,balancesheet
535.0,unnamed_8,4400.0,balancesheet
536.0,unnamed_8,5948.0,balancesheet
537.0,unnamed_8,7009.0,balancesheet
538.0,unnamed_8,9260.0,balancesheet
539.0,unnamed_8,11340.0,balancesheet
540.0,unnamed_8,13415.0,balancesheet
541.0,unnamed_8,14542.0,balancesheet
542.0,unnamed_8,4051.0,balancesheet
543.0,unnamed_8,4641.0,balancesheet
544.0,unnamed_8,5377.0,balancesheet
545.0,unnamed_8,6563.0,balancesheet
546.0,unnamed_8,6931.0,balancesheet
547.0,unnamed_8,6968.0,balancesheet
548.0,unnamed_8,7191.0,balancesheet
549.0,unnamed_8,6850.0,balancesheet
550.0,unnamed_8,8206.0,balancesheet
551.0,unnamed_8,8122.0,balancesheet
552.0,unnamed_8,9219.0,balancesheet
553.0,unnamed_8,10426.0,balancesheet
554.0,unnamed_8,17254.0,balancesheet
555.0,unnamed_8,992.0,balancesheet
556.0,unnamed_8,1656.0,balancesheet
557.0,unnamed_8,2309.0,balancesheet
558.0,unnamed_8,790.0,balancesheet
559.0,unnamed_8,873.0,balancesheet
560.0,unnamed_8,1502.0,balancesheet
561.0,unnamed_8,1875.0,balancesheet
562.0,unnamed_8,2378.0,balancesheet
563.0,unnamed_8,2433.0,balancesheet
564.0,unnamed_8,2424.0,balancesheet
565.0,unnamed_8,2690.0,balancesheet
566.0,unnamed_8,2914.0,balancesheet
567.0,unnamed_8,3490.0,balancesheet
568.0,unnamed_8,24303.0,balancesheet
569.0,unnamed_8,27779.0,balancesheet
570.0,unnamed_8,33976.0,balancesheet
571.0,unnamed_8,29946.0,balancesheet
572.0,unnamed_8,30092.0,balancesheet
573.0,unnamed_8,30480.0,balancesheet
574.0,unnamed_8,32700.0,balancesheet
575.0,unnamed_8,38230.0,balancesheet
576.0,unnamed_8,41160.0,balancesheet
577.0,unnamed_8,44572.0,balancesheet
578.0,unnamed_8,49697.0,balancesheet
579.0,unnamed_8,55188.0,balancesheet
580.0,unnamed_8,54348.0,balancesheet
581.0,unnamed_8,4496.0,balancesheet
582.0,unnamed_8,5121.0,balancesheet
583.0,unnamed_8,5551.0,balancesheet
584.0,unnamed_8,5931.0,balancesheet
585.0,unnamed_8,8083.0,balancesheet
586.0,unnamed_8,8315.0,balancesheet
587.0,unnamed_8,8670.0,balancesheet
588.0,unnamed_8,9231.0,balancesheet
589.0,unnamed_8,8905.0,balancesheet
590.0,unnamed_8,9219.0,balancesheet
591.0,unnamed_8,9934.0,balancesheet
592.0,unnamed_8,10440.0,balancesheet
593.0,unnamed_8,10498.0,balancesheet
594.0,unnamed_8,20561.0,balancesheet
595.0,unnamed_8,25209.0,balancesheet
596.0,unnamed_8,31828.0,balancesheet
597.0,unnamed_8,34271.0,balancesheet
598.0,unnamed_8,34786.0,balancesheet
599.0,unnamed_8,69257.0,balancesheet
600.0,unnamed_8,87129.0,balancesheet
601.0,unnamed_8,87736.0,balancesheet
602.0,unnamed_8,85023.0,balancesheet
603.0,unnamed_8,88996.0,balancesheet
604.0,unnamed_8,94896.0,balancesheet
605.0,unnamed_8,100494.0,balancesheet
606.0,unnamed_8,109643.0,balancesheet
607.0,unnamed_8,84.0,balancesheet
608.0,unnamed_8,75.0,balancesheet
609.0,unnamed_8,66.0,balancesheet
610.0,unnamed_8,59.0,balancesheet
611.0,unnamed_8,50.0,balancesheet
612.0,unnamed_8,45.0,balancesheet
613.0,unnamed_8,45.0,balancesheet
614.0,unnamed_8,57.0,balancesheet
615.0,unnamed_8,240.0,balancesheet
616.0,unnamed_8,244.0,balancesheet
630.0,unnamed_8,6753.0,balancesheet
631.0,unnamed_8,7444.0,balancesheet
632.0,unnamed_8,8275.0,balancesheet
633.0,unnamed_8,9716.0,balancesheet
634.0,unnamed_8,15235.0,balancesheet
635.0,unnamed_8,18753.0,balancesheet
636.0,unnamed_8,22888.0,balancesheet
637.0,unnamed_8,37490.0,balancesheet
638.0,unnamed_8,37145.0,balancesheet
639.0,unnamed_8,35077.0,balancesheet
640.0,unnamed_8,34619.0,balancesheet
641.0,unnamed_8,35063.0,balancesheet
642.0,unnamed_8,34480.0,balancesheet
643.0,unnamed_8,1500.0,balancesheet
644.0,unnamed_8,1600.0,balancesheet
645.0,unnamed_8,1541.0,balancesheet
646.0,unnamed_8,1224.0,balancesheet
647.0,unnamed_8,1300.0,balancesheet
648.0,unnamed_8,2819.0,balancesheet
649.0,unnamed_8,2904.0,balancesheet
650.0,unnamed_8,3350.0,balancesheet
651.0,unnamed_8,3290.0,balancesheet
652.0,unnamed_8,3434.0,balancesheet
653.0,unnamed_8,3621.0,balancesheet
654.0,unnamed_8,3988.0,balancesheet
655.0,unnamed_8,4488.0,balancesheet
656.0,unnamed_8,2773.0,balancesheet
657.0,unnamed_8,3026.0,balancesheet
658.0,unnamed_8,3225.0,balancesheet
659.0,unnamed_8,3667.0,balancesheet
660.0,unnamed_8,4000.0,balancesheet
661.0,unnamed_8,4008.0,balancesheet
662.0,unnamed_8,4369.0,balancesheet
663.0,unnamed_8,4776.0,balancesheet
664.0,unnamed_8,5248.0,balancesheet
665.0,unnamed_8,6432.0,balancesheet
666.0,unnamed_8,8431.0,balancesheet
667.0,unnamed_8,12604.0,balancesheet
668.0,unnamed_8,252.0,balancesheet
669.0,unnamed_8,279.0,balancesheet
670.0,unnamed_8,346.0,balancesheet
671.0,unnamed_8,335.0,balancesheet
672.0,unnamed_8,337.0,balancesheet
673.0,unnamed_8,336.0,balancesheet
674.0,unnamed_8,370.0,balancesheet
675.0,unnamed_8,322.0,balancesheet
676.0,unnamed_8,585.0,balancesheet
677.0,unnamed_8,6605.0,balancesheet
678.0,unnamed_8,997.0,balancesheet
679.0,unnamed_8,1549.0,balancesheet
680.0,unnamed_8,460.0,balancesheet
681.0,unnamed_8,2247.0,balancesheet
682.0,unnamed_8,2952.0,balancesheet
683.0,unnamed_8,3784.0,balancesheet
684.0,unnamed_8,4599.0,balancesheet
685.0,unnamed_8,4961.0,balancesheet
686.0,unnamed_8,4952.0,balancesheet
687.0,unnamed_8,6473.0,balancesheet
688.0,unnamed_8,6380.0,balancesheet
689.0,unnamed_8,6194.0,balancesheet
690.0,unnamed_8,6159.0,balancesheet
691.0,unnamed_8,6232.0,balancesheet
692.0,unnamed_8,6588.0,balancesheet
693.0,unnamed_8,37929.0,balancesheet
694.0,unnamed_8,61163.0,balancesheet
695.0,unnamed_8,71959.0,balancesheet
696.0,unnamed_8,85648.0,balancesheet
697.0,unnamed_8,84687.0,balancesheet
698.0,unnamed_8,85088.0,balancesheet
699.0,unnamed_8,85860.0,balancesheet
700.0,unnamed_8,89195.0,balancesheet
701.0,unnamed_8,100269.0,balancesheet
702.0,unnamed_8,106874.0,balancesheet
703.0,unnamed_8,110626.0,balancesheet
704.0,unnamed_8,111810.0,balancesheet
705.0,unnamed_8,111404.0,balancesheet
706.0,unnamed_8,2431.0,balancesheet
707.0,unnamed_8,2746.0,balancesheet
708.0,unnamed_8,2821.0,balancesheet
709.0,unnamed_8,3258.0,balancesheet
710.0,unnamed_8,4419.0,balancesheet
711.0,unnamed_8,4528.0,balancesheet
712.0,unnamed_8,4715.0,balancesheet
713.0,unnamed_8,5479.0,balancesheet
714.0,unnamed_8,51443.0,balancesheet
715.0,unnamed_8,51473.0,balancesheet
716.0,unnamed_8,52678.0,balancesheet
717.0,unnamed_8,53744.0,balancesheet
718.0,unnamed_8,54027.0,balancesheet
719.0,unnamed_8,5473.0,balancesheet
720.0,unnamed_8,5507.0,balancesheet
721.0,unnamed_8,5871.0,balancesheet
722.0,unnamed_8,8713.0,balancesheet
723.0,unnamed_8,9338.0,balancesheet
724.0,unnamed_8,9465.0,balancesheet
725.0,unnamed_8,9660.0,balancesheet
726.0,unnamed_8,10409.0,balancesheet
727.0,unnamed_8,10809.0,balancesheet
728.0,unnamed_8,10707.0,balancesheet
729.0,unnamed_8,11070.0,balancesheet
730.0,unnamed_8,15714.0,balancesheet
731.0,unnamed_8,390.0,balancesheet
732.0,unnamed_8,373.0,balancesheet
733.0,unnamed_8,381.0,balancesheet
734.0,unnamed_8,510.0,balancesheet
735.0,unnamed_8,516.0,balancesheet
736.0,unnamed_8,368.0,balancesheet
737.0,unnamed_8,1965.0,balancesheet
738.0,unnamed_8,664.0,balancesheet
739.0,unnamed_8,717.0,balancesheet
740.0,unnamed_8,941.0,balancesheet
741.0,unnamed_8,883.0,balancesheet
742.0,unnamed_8,930.0,balancesheet
743.0,unnamed_8,760.0,balancesheet
744.0,unnamed_8,165.0,balancesheet
745.0,unnamed_8,197.0,balancesheet
746.0,unnamed_8,209.0,balancesheet
747.0,unnamed_8,212.0,balancesheet
748.0,unnamed_8,207.0,balancesheet
749.0,unnamed_8,404.0,balancesheet
750.0,unnamed_8,463.0,balancesheet
751.0,unnamed_8,932.0,balancesheet
752.0,unnamed_8,911.0,balancesheet
753.0,unnamed_8,433.0,balancesheet
754.0,unnamed_8,479.0,balancesheet
755.0,unnamed_8,670.0,balancesheet
756.0,unnamed_8,762.0,balancesheet
757.0,unnamed_8,5.0,balancesheet
758.0,unnamed_8,10.0,balancesheet
759.0,unnamed_8,12.0,balancesheet
760.0,unnamed_8,13.0,balancesheet
761.0,unnamed_8,91.0,balancesheet
762.0,unnamed_8,95.0,balancesheet
763.0,unnamed_8,149.0,balancesheet
764.0,unnamed_8,201.0,balancesheet
765.0,unnamed_8,249.0,balancesheet
766.0,unnamed_8,253.0,balancesheet
767.0,unnamed_8,265.0,balancesheet
768.0,unnamed_8,548.0,balancesheet
769.0,unnamed_8,570.0,balancesheet
770.0,unnamed_8,741.0,balancesheet
771.0,unnamed_8,991.0,balancesheet
772.0,unnamed_8,1120.0,balancesheet
773.0,unnamed_8,1218.0,balancesheet
774.0,unnamed_8,1307.0,balancesheet
775.0,unnamed_8,1313.0,balancesheet
776.0,unnamed_8,1688.0,balancesheet
777.0,unnamed_8,1742.0,balancesheet
778.0,unnamed_8,1734.0,balancesheet
779.0,unnamed_8,1754.0,balancesheet
780.0,unnamed_8,1857.0,balancesheet
781.0,unnamed_8,2001.0,balancesheet
782.0,unnamed_8,7139.0,balancesheet
783.0,unnamed_8,8378.0,balancesheet
784.0,unnamed_8,11346.0,balancesheet
785.0,unnamed_8,13386.0,balancesheet
786.0,unnamed_8,14179.0,balancesheet
787.0,unnamed_8,12574.0,balancesheet
788.0,unnamed_8,15710.0,balancesheet
789.0,unnamed_8,23789.0,balancesheet
790.0,unnamed_8,25505.0,balancesheet
791.0,unnamed_8,25800.0,balancesheet
792.0,unnamed_8,29225.0,balancesheet
793.0,unnamed_8,27622.0,balancesheet
794.0,unnamed_8,31917.0,balancesheet
795.0,unnamed_8,66774.0,balancesheet
796.0,unnamed_8,72554.0,balancesheet
797.0,unnamed_8,76781.0,balancesheet
798.0,unnamed_8,100033.0,balancesheet
799.0,unnamed_8,115958.0,balancesheet
800.0,unnamed_8,124053.0,balancesheet
801.0,unnamed_8,132494.0,balancesheet
802.0,unnamed_8,147022.0,balancesheet
803.0,unnamed_8,157085.0,balancesheet
804.0,unnamed_8,160514.0,balancesheet
805.0,unnamed_8,180048.0,balancesheet
806.0,unnamed_8,195998.0,balancesheet
807.0,unnamed_8,202737.0,balancesheet
808.0,unnamed_8,155.0,balancesheet
809.0,unnamed_8,159.0,balancesheet
810.0,unnamed_8,170.0,balancesheet
811.0,unnamed_8,190.0,balancesheet
812.0,unnamed_8,182.0,balancesheet
813.0,unnamed_8,285.0,balancesheet
814.0,unnamed_8,311.0,balancesheet
815.0,unnamed_8,335.0,balancesheet
816.0,unnamed_8,351.0,balancesheet
817.0,unnamed_8,343.0,balancesheet
818.0,unnamed_8,314.0,balancesheet
819.0,unnamed_8,13.0,balancesheet
820.0,unnamed_8,13.0,balancesheet
821.0,unnamed_8,12.0,balancesheet
822.0,unnamed_8,12.0,balancesheet
823.0,unnamed_8,12.0,balancesheet
824.0,unnamed_8,11.0,balancesheet
825.0,unnamed_8,11.0,balancesheet
826.0,unnamed_8,11.0,balancesheet
827.0,unnamed_8,45.0,balancesheet
828.0,unnamed_8,38.0,balancesheet
829.0,unnamed_8,19.0,balancesheet
830.0,unnamed_8,22.0,balancesheet
831.0,unnamed_8,23.0,balancesheet
832.0,unnamed_8,12140.0,balancesheet
833.0,unnamed_8,12921.0,balancesheet
834.0,unnamed_8,15303.0,balancesheet
835.0,unnamed_8,15107.0,balancesheet
836.0,unnamed_8,15893.0,balancesheet
837.0,unnamed_8,16524.0,balancesheet
838.0,unnamed_8,19374.0,balancesheet
839.0,unnamed_8,21713.0,balancesheet
840.0,unnamed_8,23298.0,balancesheet
841.0,unnamed_8,24232.0,balancesheet
842.0,unnamed_8,25851.0,balancesheet
843.0,unnamed_8,27820.0,balancesheet
844.0,unnamed_8,29492.0,balancesheet
845.0,unnamed_8,119644.0,balancesheet
846.0,unnamed_8,155923.0,balancesheet
847.0,unnamed_8,179933.0,balancesheet
848.0,unnamed_8,166277.0,balancesheet
849.0,unnamed_8,211125.0,balancesheet
850.0,unnamed_8,226058.0,balancesheet
851.0,unnamed_8,230391.0,balancesheet
852.0,unnamed_8,243892.0,balancesheet
853.0,unnamed_8,243746.0,balancesheet
854.0,unnamed_8,254402.0,balancesheet
855.0,unnamed_8,250819.0,balancesheet
856.0,unnamed_8,298454.0,balancesheet
857.0,unnamed_8,350438.0,balancesheet
858.0,unnamed_8,71833.0,balancesheet
859.0,unnamed_8,84208.0,balancesheet
860.0,unnamed_8,91853.0,balancesheet
861.0,unnamed_8,92929.0,balancesheet
862.0,unnamed_8,104532.0,balancesheet
863.0,unnamed_8,128245.0,balancesheet
864.0,unnamed_8,150985.0,balancesheet
865.0,unnamed_8,187803.0,balancesheet
866.0,unnamed_8,203245.0,balancesheet
867.0,unnamed_8,224923.0,balancesheet
868.0,unnamed_8,240424.0,balancesheet
869.0,unnamed_8,258934.0,balancesheet
870.0,unnamed_8,259252.0,balancesheet
871.0,unnamed_8,23537.0,balancesheet
872.0,unnamed_8,29587.0,balancesheet
873.0,unnamed_8,27916.0,balancesheet
874.0,unnamed_8,22610.0,balancesheet
875.0,unnamed_8,22227.0,balancesheet
876.0,unnamed_8,21201.0,balancesheet
877.0,unnamed_8,24977.0,balancesheet
878.0,unnamed_8,24402.0,balancesheet
879.0,unnamed_8,21993.0,balancesheet
880.0,unnamed_8,21825.0,balancesheet
881.0,unnamed_8,22137.0,balancesheet
882.0,unnamed_8,21474.0,balancesheet
883.0,unnamed_8,21286.0,balancesheet
884.0,unnamed_8,3369.0,balancesheet
885.0,unnamed_8,3177.0,balancesheet
886.0,unnamed_8,2898.0,balancesheet
887.0,unnamed_8,2730.0,balancesheet
888.0,unnamed_8,2616.0,balancesheet
889.0,unnamed_8,2401.0,balancesheet
890.0,unnamed_8,2341.0,balancesheet
891.0,unnamed_8,2179.0,balancesheet
892.0,unnamed_8,2995.0,balancesheet
893.0,unnamed_8,3044.0,balancesheet
894.0,unnamed_8,3044.0,balancesheet
895.0,unnamed_8,3460.0,balancesheet
896.0,unnamed_8,3925.0,balancesheet
897.0,unnamed_8,152.0,balancesheet
898.0,unnamed_8,149.0,balancesheet
899.0,unnamed_8,576.0,balancesheet
900.0,unnamed_8,82.0,balancesheet
901.0,unnamed_8,157.0,balancesheet
902.0,unnamed_8,88.0,balancesheet
903.0,unnamed_8,88.0,balancesheet
904.0,unnamed_8,242.0,balancesheet
905.0,unnamed_8,134.0,balancesheet
906.0,unnamed_8,1033.0,balancesheet
907.0,unnamed_8,801.0,balancesheet
908.0,unnamed_8,810.0,balancesheet
909.0,unnamed_8,811.0,balancesheet
910.0,unnamed_8,5277.0,balancesheet
911.0,unnamed_8,5919.0,balancesheet
912.0,unnamed_8,6129.0,balancesheet
913.0,unnamed_8,7147.0,balancesheet
914.0,unnamed_8,12193.0,balancesheet
915.0,unnamed_8,14712.0,balancesheet
916.0,unnamed_8,18423.0,balancesheet
917.0,unnamed_8,20750.0,balancesheet
918.0,unnamed_8,20099.0,balancesheet
919.0,unnamed_8,21411.0,balancesheet
920.0,unnamed_8,23147.0,balancesheet
921.0,unnamed_8,30122.0,balancesheet
922.0,unnamed_8,32455.0,balancesheet
923.0,unnamed_8,10022.0,balancesheet
924.0,unnamed_8,11034.0,balancesheet
925.0,unnamed_8,12490.0,balancesheet
926.0,unnamed_8,12530.0,balancesheet
927.0,unnamed_8,13311.0,balancesheet
928.0,unnamed_8,13389.0,balancesheet
929.0,unnamed_8,15437.0,balancesheet
930.0,unnamed_8,15744.0,balancesheet
931.0,unnamed_8,14989.0,balancesheet
932.0,unnamed_8,13747.0,balancesheet
933.0,unnamed_8,27941.0,balancesheet
934.0,unnamed_8,27865.0,balancesheet
935.0,unnamed_8,29337.0,balancesheet
936.0,unnamed_8,18307.0,balancesheet
937.0,unnamed_8,18381.0,balancesheet
938.0,unnamed_8,19047.0,balancesheet
939.0,unnamed_8,20585.0,balancesheet
940.0,unnamed_8,20989.0,balancesheet
941.0,unnamed_8,26182.0,balancesheet
942.0,unnamed_8,28983.0,balancesheet
943.0,unnamed_8,29689.0,balancesheet
944.0,unnamed_8,21380.0,balancesheet
945.0,unnamed_8,26018.0,balancesheet
946.0,unnamed_8,27140.0,balancesheet
947.0,unnamed_8,28129.0,balancesheet
948.0,unnamed_8,35328.0,balancesheet
949.0,unnamed_8,699.0,balancesheet
950.0,unnamed_8,649.0,balancesheet
951.0,unnamed_8,683.0,balancesheet
952.0,unnamed_8,638.0,balancesheet
953.0,unnamed_8,542.0,balancesheet
954.0,unnamed_8,681.0,balancesheet
955.0,unnamed_8,930.0,balancesheet
956.0,unnamed_8,1920.0,balancesheet
957.0,unnamed_8,1906.0,balancesheet
958.0,unnamed_8,3473.0,balancesheet
959.0,unnamed_8,3679.0,balancesheet
960.0,unnamed_8,4981.0,balancesheet
961.0,unnamed_8,5450.0,balancesheet
962.0,unnamed_8,699.0,balancesheet
963.0,unnamed_8,649.0,balancesheet
964.0,unnamed_8,683.0,balancesheet
965.0,unnamed_8,638.0,balancesheet
966.0,unnamed_8,542.0,balancesheet
967.0,unnamed_8,681.0,balancesheet
968.0,unnamed_8,930.0,balancesheet
969.0,unnamed_8,1920.0,balancesheet
970.0,unnamed_8,1906.0,balancesheet
971.0,unnamed_8,3473.0,balancesheet
972.0,unnamed_8,3679.0,balancesheet
973.0,unnamed_8,4981.0,balancesheet
974.0,unnamed_8,5450.0,balancesheet
975.0,unnamed_8,991.0,balancesheet
976.0,unnamed_8,971.0,balancesheet
977.0,unnamed_8,2290.0,balancesheet
978.0,unnamed_8,1899.0,balancesheet
979.0,unnamed_8,1753.0,balancesheet
980.0,unnamed_8,2197.0,balancesheet
981.0,unnamed_8,2139.0,balancesheet
982.0,unnamed_8,2021.0,balancesheet
983.0,unnamed_8,1946.0,balancesheet
984.0,unnamed_8,1923.0,balancesheet
985.0,unnamed_8,1828.0,balancesheet
986.0,unnamed_8,1169.0,balancesheet
987.0,unnamed_8,1264.0,balancesheet
988.0,unnamed_8,25194.0,balancesheet
989.0,unnamed_8,28216.0,balancesheet
990.0,unnamed_8,17723.0,balancesheet
991.0,unnamed_8,17770.0,balancesheet
992.0,unnamed_8,20473.0,balancesheet
993.0,unnamed_8,20667.0,balancesheet
994.0,unnamed_8,4197.0,balancesheet
995.0,unnamed_8,620.0,balancesheet
996.0,unnamed_8,1264.0,balancesheet
997.0,unnamed_8,1385.0,balancesheet
998.0,unnamed_8,1761.0,balancesheet
999.0,unnamed_8,1759.0,balancesheet
1000.0,unnamed_8,2543.0,balancesheet
1001.0,unnamed_8,2697.0,balancesheet
1002.0,unnamed_8,2675.0,balancesheet
1003.0,unnamed_8,2554.0,balancesheet
1004.0,unnamed_8,2723.0,balancesheet
1005.0,unnamed_8,3075.0,balancesheet
1006.0,unnamed_8,3510.0,balancesheet
1007.0,unnamed_8,34717.0,balancesheet
1008.0,unnamed_8,47046.0,balancesheet
1009.0,unnamed_8,52176.0,balancesheet
1010.0,unnamed_8,56140.0,balancesheet
1011.0,unnamed_8,58730.0,balancesheet
1012.0,unnamed_8,57848.0,balancesheet
1013.0,unnamed_8,62644.0,balancesheet
1014.0,unnamed_8,62085.0,balancesheet
1015.0,unnamed_8,64917.0,balancesheet
1016.0,unnamed_8,99880.0,balancesheet
1017.0,unnamed_8,104452.0,balancesheet
1018.0,unnamed_8,112461.0,balancesheet
1019.0,unnamed_8,114294.0,balancesheet
1020.0,unnamed_8,13925.0,balancesheet
1021.0,unnamed_8,13635.0,balancesheet
1022.0,unnamed_8,13191.0,balancesheet
1023.0,unnamed_8,20298.0,balancesheet
1024.0,unnamed_8,19491.0,balancesheet
1025.0,unnamed_8,18877.0,balancesheet
1026.0,unnamed_8,17825.0,balancesheet
1027.0,unnamed_8,16713.0,balancesheet
1028.0,unnamed_8,15637.0,balancesheet
1029.0,unnamed_8,14831.0,balancesheet
1030.0,unnamed_8,25020.0,balancesheet
1031.0,unnamed_8,28946.0,balancesheet
1032.0,unnamed_8,31573.0,balancesheet
1033.0,unnamed_8,158.0,balancesheet
1034.0,unnamed_8,172.0,balancesheet
1035.0,unnamed_8,171.0,balancesheet
1036.0,unnamed_8,19429.0,balancesheet
1037.0,unnamed_8,34989.0,balancesheet
1038.0,unnamed_8,46643.0,balancesheet
1039.0,unnamed_8,65038.0,balancesheet
1040.0,unnamed_8,65932.0,balancesheet
1041.0,unnamed_8,68450.0,balancesheet
1042.0,unnamed_8,69039.0,balancesheet
1043.0,unnamed_8,69381.0,balancesheet
1044.0,unnamed_8,54349.0,balancesheet
1045.0,unnamed_8,45488.0,balancesheet
1046.0,unnamed_8,43542.0,balancesheet
1047.0,unnamed_8,48384.0,balancesheet
1048.0,unnamed_8,49332.0,balancesheet
1049.0,unnamed_8,75.0,balancesheet
1050.0,unnamed_8,72.0,balancesheet
1051.0,unnamed_8,102.0,balancesheet
1052.0,unnamed_8,198.0,balancesheet
1053.0,unnamed_8,296.0,balancesheet
1054.0,unnamed_8,161.0,balancesheet
1055.0,unnamed_8,196.0,balancesheet
1056.0,unnamed_8,238.0,balancesheet
1057.0,unnamed_8,341.0,balancesheet
1058.0,unnamed_8,719.0,balancesheet
1059.0,unnamed_8,782.0,balancesheet
1060.0,unnamed_8,764.0,balancesheet
1061.0,unnamed_8,763.0,balancesheet
1062.0,unnamed_8,646.0,balancesheet
1063.0,unnamed_8,729.0,balancesheet
1064.0,unnamed_8,978.0,balancesheet
1065.0,unnamed_8,1137.0,balancesheet
1066.0,unnamed_8,1275.0,balancesheet
1067.0,unnamed_8,1342.0,balancesheet
1068.0,unnamed_8,1448.0,balancesheet
1069.0,unnamed_8,1807.0,balancesheet
1070.0,unnamed_8,4418.0,balancesheet
1071.0,unnamed_8,4703.0,balancesheet
1072.0,unnamed_8,4914.0,balancesheet
1073.0,unnamed_8,5451.0,balancesheet
1074.0,unnamed_8,5499.0,balancesheet
1075.0,unnamed_8,14.0,balancesheet
1076.0,unnamed_8,26.0,balancesheet
1077.0,unnamed_8,40.0,balancesheet
1078.0,unnamed_8,58.0,balancesheet
1079.0,unnamed_8,58.0,balancesheet
1080.0,unnamed_8,255.0,balancesheet
1081.0,unnamed_8,102.0,balancesheet
1082.0,unnamed_8,250.0,balancesheet
1083.0,unnamed_8,181.0,balancesheet
1084.0,unnamed_8,150.0,balancesheet
1085.0,unnamed_8,146.0,balancesheet
1086.0,unnamed_8,206.0,balancesheet
1087.0,unnamed_8,14.0,balancesheet
1088.0,unnamed_8,26.0,balancesheet
1089.0,unnamed_8,40.0,balancesheet
1090.0,unnamed_8,58.0,balancesheet
1091.0,unnamed_8,58.0,balancesheet
1092.0,unnamed_8,255.0,balancesheet
1093.0,unnamed_8,102.0,balancesheet
1094.0,unnamed_8,250.0,balancesheet
1095.0,unnamed_8,181.0,balancesheet
1096.0,unnamed_8,150.0,balancesheet
1097.0,unnamed_8,146.0,balancesheet
1098.0,unnamed_8,206.0,balancesheet
1099.0,unnamed_8,14.0,balancesheet
1100.0,unnamed_8,26.0,balancesheet
1101.0,unnamed_8,40.0,balancesheet
1102.0,unnamed_8,58.0,balancesheet
1103.0,unnamed_8,58.0,balancesheet
1104.0,unnamed_8,255.0,balancesheet
1105.0,unnamed_8,102.0,balancesheet
1106.0,unnamed_8,250.0,balancesheet
1107.0,unnamed_8,181.0,balancesheet
1108.0,unnamed_8,150.0,balancesheet
1109.0,unnamed_8,146.0,balancesheet
1110.0,unnamed_8,206.0,balancesheet
1111.0,unnamed_8,14.0,balancesheet
1112.0,unnamed_8,26.0,balancesheet
1113.0,unnamed_8,40.0,balancesheet
1114.0,unnamed_8,58.0,balancesheet
1115.0,unnamed_8,58.0,balancesheet
1116.0,unnamed_8,255.0,balancesheet
1117.0,unnamed_8,102.0,balancesheet
1118.0,unnamed_8,250.0,balancesheet
1119.0,unnamed_8,181.0,balancesheet
1120.0,unnamed_8,150.0,balancesheet
1121.0,unnamed_8,146.0,balancesheet
1122.0,unnamed_8,206.0,balancesheet
1123.0,unnamed_8,14.0,balancesheet
1124.0,unnamed_8,26.0,balancesheet
1125.0,unnamed_8,40.0,balancesheet
1126.0,unnamed_8,58.0,balancesheet
1127.0,unnamed_8,58.0,balancesheet
1128.0,unnamed_8,255.0,balancesheet
1129.0,unnamed_8,102.0,balancesheet
1130.0,unnamed_8,250.0,balancesheet
1131.0,unnamed_8,181.0,balancesheet
1132.0,unnamed_8,150.0,balancesheet
1133.0,unnamed_8,146.0,balancesheet
1134.0,unnamed_8,206.0,balancesheet
1135.0,unnamed_8,62568.0,balancesheet
1136.0,unnamed_8,74252.0,balancesheet
1137.0,unnamed_8,91191.0,balancesheet
1138.0,unnamed_8,115094.0,balancesheet
1139.0,unnamed_8,137678.0,balancesheet
1140.0,unnamed_8,156198.0,balancesheet
1141.0,unnamed_8,172740.0,balancesheet
1142.0,unnamed_8,181112.0,balancesheet
1143.0,unnamed_8,183726.0,balancesheet
1144.0,unnamed_8,191773.0,balancesheet
1145.0,unnamed_8,185437.0,balancesheet
1146.0,unnamed_8,177761.0,balancesheet
1147.0,unnamed_8,174178.0,balancesheet
1148.0,unnamed_8,62568.0,balancesheet
1149.0,unnamed_8,74252.0,balancesheet
1150.0,unnamed_8,91191.0,balancesheet
1151.0,unnamed_8,115094.0,balancesheet
1152.0,unnamed_8,137678.0,balancesheet
1153.0,unnamed_8,156198.0,balancesheet
1154.0,unnamed_8,172740.0,balancesheet
1155.0,unnamed_8,181112.0,balancesheet
1156.0,unnamed_8,183726.0,balancesheet
1157.0,unnamed_8,191773.0,balancesheet
1158.0,unnamed_8,185437.0,balancesheet
1159.0,unnamed_8,177761.0,balancesheet
1160.0,unnamed_8,174178.0,balancesheet
1161.0,unnamed_8,72.0,balancesheet
1162.0,unnamed_8,73.0,balancesheet
1163.0,unnamed_8,110.0,balancesheet
1164.0,unnamed_8,254.0,balancesheet
1165.0,unnamed_8,355.0,balancesheet
1166.0,unnamed_8,132.0,balancesheet
1167.0,unnamed_8,165.0,balancesheet
1168.0,unnamed_8,166.0,balancesheet
1169.0,unnamed_8,267.0,balancesheet
1170.0,unnamed_8,628.0,balancesheet
1171.0,unnamed_8,641.0,balancesheet
1172.0,unnamed_8,632.0,balancesheet
1173.0,unnamed_8,622.0,balancesheet
1174.0,unnamed_8,133487.0,balancesheet
1175.0,unnamed_8,141417.0,balancesheet
1176.0,unnamed_8,156458.0,balancesheet
1177.0,unnamed_8,184910.0,balancesheet
1178.0,unnamed_8,198526.0,balancesheet
1179.0,unnamed_8,403885.0,balancesheet
1180.0,unnamed_8,398374.0,balancesheet
1181.0,unnamed_8,532658.0,balancesheet
1182.0,unnamed_8,541258.0,balancesheet
1183.0,unnamed_8,627798.0,balancesheet
1184.0,unnamed_8,724805.0,balancesheet
1185.0,unnamed_8,779985.0,balancesheet
1186.0,unnamed_8,968747.0,balancesheet
1187.0,unnamed_8,283.0,balancesheet
1188.0,unnamed_8,304.0,balancesheet
1189.0,unnamed_8,292.0,balancesheet
1190.0,unnamed_8,301.0,balancesheet
1191.0,unnamed_8,507.0,balancesheet
1192.0,unnamed_8,511.0,balancesheet
1193.0,unnamed_8,563.0,balancesheet
1194.0,unnamed_8,568.0,balancesheet
1195.0,unnamed_8,564.0,balancesheet
1196.0,unnamed_8,919.0,balancesheet
1197.0,unnamed_8,867.0,balancesheet
1198.0,unnamed_8,1198.0,balancesheet
1199.0,unnamed_8,563.0,balancesheet
1200.0,unnamed_8,3026.0,balancesheet
1201.0,unnamed_8,3124.0,balancesheet
1202.0,unnamed_8,3352.0,balancesheet
1203.0,unnamed_8,3748.0,balancesheet
1204.0,unnamed_8,5755.0,balancesheet
1205.0,unnamed_8,6483.0,balancesheet
1206.0,unnamed_8,12164.0,balancesheet
1207.0,unnamed_8,12230.0,balancesheet
1208.0,unnamed_8,12133.0,balancesheet
1209.0,unnamed_8,12188.0,balancesheet
1210.0,unnamed_8,11521.0,balancesheet
1211.0,unnamed_8,12368.0,balancesheet
1212.0,unnamed_8,14304.0,balancesheet
1213.0,unnamed_8,1782.0,balancesheet
1214.0,unnamed_8,2194.0,balancesheet
1215.0,unnamed_8,3004.0,balancesheet
1216.0,unnamed_8,3050.0,balancesheet
1217.0,unnamed_8,2599.0,balancesheet
1218.0,unnamed_8,3589.0,balancesheet
1219.0,unnamed_8,6182.0,balancesheet
1220.0,unnamed_8,6163.0,balancesheet
1221.0,unnamed_8,6216.0,balancesheet
1222.0,unnamed_8,7282.0,balancesheet
1223.0,unnamed_8,7481.0,balancesheet
1224.0,unnamed_8,9591.0,balancesheet
1225.0,unnamed_8,9656.0,balancesheet
1226.0,unnamed_8,190.0,balancesheet
1227.0,unnamed_8,389.0,balancesheet
1228.0,unnamed_8,1591.0,balancesheet
1229.0,unnamed_8,1539.0,balancesheet
1230.0,unnamed_8,1404.0,balancesheet
1231.0,unnamed_8,6344.0,balancesheet
1232.0,unnamed_8,6448.0,balancesheet
1233.0,unnamed_8,8390.0,balancesheet
1234.0,unnamed_8,9996.0,balancesheet
1235.0,unnamed_8,10649.0,balancesheet
1236.0,unnamed_8,10837.0,balancesheet
1237.0,unnamed_8,17279.0,balancesheet
1238.0,unnamed_8,19886.0,balancesheet
1239.0,unnamed_8,18127.0,balancesheet
1240.0,unnamed_8,17465.0,balancesheet
1241.0,unnamed_8,22062.0,balancesheet
1242.0,unnamed_8,23040.0,balancesheet
1243.0,unnamed_8,37990.0,balancesheet
1244.0,unnamed_8,44757.0,balancesheet
1245.0,unnamed_8,43628.0,balancesheet
1246.0,unnamed_8,43476.0,balancesheet
1247.0,unnamed_8,4136.0,balancesheet
1248.0,unnamed_8,87205.0,balancesheet
1249.0,unnamed_8,70108.0,balancesheet
1250.0,unnamed_8,67231.0,balancesheet
1251.0,unnamed_8,76756.0,balancesheet
1252.0,unnamed_8,80279.0,balancesheet
1253.0,unnamed_8,96397.0,balancesheet
1254.0,unnamed_8,88904.0,balancesheet
1255.0,unnamed_8,90470.0,balancesheet
1256.0,unnamed_8,93466.0,balancesheet
1257.0,unnamed_8,95744.0,balancesheet
1258.0,unnamed_8,98963.0,balancesheet
1259.0,unnamed_8,100699.0,balancesheet
1260.0,unnamed_8,72.0,balancesheet
1261.0,unnamed_8,155.0,balancesheet
1262.0,unnamed_8,154.0,balancesheet
1263.0,unnamed_8,152.0,balancesheet
1264.0,unnamed_8,136.0,balancesheet
1265.0,unnamed_8,122.0,balancesheet
1266.0,unnamed_8,147.0,balancesheet
1267.0,unnamed_8,489.0,balancesheet
1268.0,unnamed_8,437.0,balancesheet
1269.0,unnamed_8,418.0,balancesheet
1270.0,unnamed_8,3714.0,balancesheet
1271.0,unnamed_8,3718.0,balancesheet
1272.0,unnamed_8,3215.0,balancesheet
1273.0,unnamed_8,1169.0,balancesheet
1274.0,unnamed_8,1356.0,balancesheet
1275.0,unnamed_8,1394.0,balancesheet
1276.0,unnamed_8,1227.0,balancesheet
1277.0,unnamed_8,1365.0,balancesheet
1278.0,unnamed_8,1381.0,balancesheet
1279.0,unnamed_8,1219.0,balancesheet
1280.0,unnamed_8,1196.0,balancesheet
1281.0,unnamed_8,3264.0,balancesheet
1282.0,unnamed_8,3107.0,balancesheet
1283.0,unnamed_8,3038.0,balancesheet
1284.0,unnamed_8,3112.0,balancesheet
1285.0,unnamed_8,7869.0,balancesheet
1286.0,unnamed_8,5700.0,balancesheet
1287.0,unnamed_8,1921.0,balancesheet
1288.0,unnamed_8,1887.0,balancesheet
1289.0,unnamed_8,1917.0,balancesheet
1290.0,unnamed_8,1791.0,balancesheet
1291.0,unnamed_8,1841.0,balancesheet
1292.0,unnamed_8,1956.0,balancesheet
1293.0,unnamed_8,1893.0,balancesheet
1294.0,unnamed_8,1855.0,balancesheet
1295.0,unnamed_8,1534.0,balancesheet
1296.0,unnamed_8,1560.0,balancesheet
1297.0,unnamed_8,1798.0,balancesheet
1298.0,unnamed_8,2483.0,balancesheet
1299.0,unnamed_8,2621.0,balancesheet
1300.0,unnamed_8,2690.0,balancesheet
1301.0,unnamed_8,3939.0,balancesheet
1302.0,unnamed_8,3896.0,balancesheet
1303.0,unnamed_8,3824.0,balancesheet
1304.0,unnamed_8,3743.0,balancesheet
1305.0,unnamed_8,4734.0,balancesheet
1306.0,unnamed_8,7303.0,balancesheet
1307.0,unnamed_8,7171.0,balancesheet
1308.0,unnamed_8,8826.0,balancesheet
1309.0,unnamed_8,9224.0,balancesheet
1310.0,unnamed_8,5647.0,balancesheet
1311.0,unnamed_8,6817.0,balancesheet
1312.0,unnamed_8,12682.0,balancesheet
1313.0,unnamed_8,15872.0,balancesheet
1314.0,unnamed_8,17675.0,balancesheet
1315.0,unnamed_8,18853.0,balancesheet
1316.0,unnamed_8,21837.0,balancesheet
1317.0,unnamed_8,22847.0,balancesheet
1318.0,unnamed_8,21553.0,balancesheet
1319.0,unnamed_8,22665.0,balancesheet
1320.0,unnamed_8,24065.0,balancesheet
1321.0,unnamed_8,23211.0,balancesheet
1322.0,unnamed_8,28318.0,balancesheet
1323.0,unnamed_8,15050.0,balancesheet
1324.0,unnamed_8,18100.0,balancesheet
1325.0,unnamed_8,23343.0,balancesheet
1326.0,unnamed_8,25309.0,balancesheet
1327.0,unnamed_8,25904.0,balancesheet
1328.0,unnamed_8,39715.0,balancesheet
1329.0,unnamed_8,56645.0,balancesheet
1330.0,unnamed_8,57151.0,balancesheet
1331.0,unnamed_8,55412.0,balancesheet
1332.0,unnamed_8,55488.0,balancesheet
1333.0,unnamed_8,59579.0,balancesheet
1334.0,unnamed_8,62878.0,balancesheet
1335.0,unnamed_8,68042.0,balancesheet
1336.0,unnamed_8,1593.0,balancesheet
1337.0,unnamed_8,1517.0,balancesheet
1338.0,unnamed_8,1637.0,balancesheet
1339.0,unnamed_8,2038.0,balancesheet
1340.0,unnamed_8,2362.0,balancesheet
1341.0,unnamed_8,3094.0,balancesheet
1342.0,unnamed_8,3367.0,balancesheet
1343.0,unnamed_8,3811.0,balancesheet
1344.0,unnamed_8,4221.0,balancesheet
1345.0,unnamed_8,5975.0,balancesheet
1346.0,unnamed_8,5748.0,balancesheet
1347.0,unnamed_8,5891.0,balancesheet
1348.0,unnamed_8,6851.0,balancesheet
1349.0,unnamed_8,843.0,balancesheet
1350.0,unnamed_8,720.0,balancesheet
1351.0,unnamed_8,668.0,balancesheet
1352.0,unnamed_8,477.0,balancesheet
1353.0,unnamed_8,549.0,balancesheet
1354.0,unnamed_8,613.0,balancesheet
1355.0,unnamed_8,662.0,balancesheet
1356.0,unnamed_8,2738.0,balancesheet
1357.0,unnamed_8,3054.0,balancesheet
1358.0,unnamed_8,4687.0,balancesheet
1359.0,unnamed_8,4527.0,balancesheet
1360.0,unnamed_8,2450.0,balancesheet
1361.0,unnamed_8,2804.0,balancesheet
1362.0,unnamed_8,820.0,balancesheet
1363.0,unnamed_8,875.0,balancesheet
1364.0,unnamed_8,2833.0,balancesheet
1365.0,unnamed_8,2859.0,balancesheet
1366.0,unnamed_8,3688.0,balancesheet
1367.0,unnamed_8,7855.0,balancesheet
1368.0,unnamed_8,7748.0,balancesheet
1369.0,unnamed_8,7533.0,balancesheet
1370.0,unnamed_8,7065.0,balancesheet
1371.0,unnamed_8,6423.0,balancesheet
1372.0,unnamed_8,8121.0,balancesheet
1373.0,unnamed_8,8138.0,balancesheet
1374.0,unnamed_8,7890.0,balancesheet
1375.0,unnamed_8,464.0,balancesheet
1376.0,unnamed_8,614.0,balancesheet
1377.0,unnamed_8,699.0,balancesheet
1378.0,unnamed_8,771.0,balancesheet
1379.0,unnamed_8,1189.0,balancesheet
1380.0,unnamed_8,1474.0,balancesheet
1381.0,unnamed_8,1567.0,balancesheet
1382.0,unnamed_8,2633.0,balancesheet
1383.0,unnamed_8,2523.0,balancesheet
1384.0,unnamed_8,2544.0,balancesheet
1385.0,unnamed_8,2998.0,balancesheet
1386.0,unnamed_8,3709.0,balancesheet
1387.0,unnamed_8,3894.0,balancesheet
1388.0,unnamed_8,1245.0,balancesheet
1389.0,unnamed_8,2594.0,balancesheet
1390.0,unnamed_8,4033.0,balancesheet
1391.0,unnamed_8,4309.0,balancesheet
1392.0,unnamed_8,6460.0,balancesheet
1393.0,unnamed_8,7622.0,balancesheet
1394.0,unnamed_8,7061.0,balancesheet
1395.0,unnamed_8,8872.0,balancesheet
1396.0,unnamed_8,9018.0,balancesheet
1397.0,unnamed_8,14784.0,balancesheet
1398.0,unnamed_8,14932.0,balancesheet
1399.0,unnamed_8,13903.0,balancesheet
1400.0,unnamed_8,13818.0,balancesheet
1401.0,unnamed_8,4434.0,balancesheet
1402.0,unnamed_8,5181.0,balancesheet
1403.0,unnamed_8,4922.0,balancesheet
1404.0,unnamed_8,4662.0,balancesheet
1405.0,unnamed_8,4573.0,balancesheet
1406.0,unnamed_8,4798.0,balancesheet
1407.0,unnamed_8,4913.0,balancesheet
1408.0,unnamed_8,11656.0,balancesheet
1409.0,unnamed_8,12023.0,balancesheet
1410.0,unnamed_8,12599.0,balancesheet
1411.0,unnamed_8,13070.0,balancesheet
1412.0,unnamed_8,19358.0,balancesheet
1413.0,unnamed_8,21712.0,balancesheet
1414.0,unnamed_8,9828.0,balancesheet
1415.0,unnamed_8,9544.0,balancesheet
1416.0,unnamed_8,11638.0,balancesheet
1417.0,unnamed_8,11774.0,balancesheet
1418.0,unnamed_8,11701.0,balancesheet
1419.0,unnamed_8,11973.0,balancesheet
1420.0,unnamed_8,12290.0,balancesheet
1421.0,unnamed_8,20928.0,balancesheet
1422.0,unnamed_8,21021.0,balancesheet
1423.0,unnamed_8,21298.0,balancesheet
1424.0,unnamed_8,20515.0,balancesheet
1425.0,unnamed_8,19604.0,balancesheet
1426.0,unnamed_8,20729.0,balancesheet
1427.0,unnamed_8,68002.0,balancesheet
1428.0,unnamed_8,74907.0,balancesheet
1429.0,unnamed_8,68100.0,balancesheet
1430.0,unnamed_8,72200.0,balancesheet
1431.0,unnamed_8,92007.0,balancesheet
1432.0,unnamed_8,96105.0,balancesheet
1433.0,unnamed_8,124442.0,balancesheet
1434.0,unnamed_8,134551.0,balancesheet
1435.0,unnamed_8,135775.0,balancesheet
1436.0,unnamed_8,133288.0,balancesheet
1437.0,unnamed_8,146621.0,balancesheet
1438.0,unnamed_8,148814.0,balancesheet
1439.0,unnamed_8,149550.0,balancesheet
1440.0,unnamed_8,1245.0,balancesheet
1441.0,unnamed_8,2594.0,balancesheet
1442.0,unnamed_8,4033.0,balancesheet
1443.0,unnamed_8,4309.0,balancesheet
1444.0,unnamed_8,6460.0,balancesheet
1445.0,unnamed_8,7622.0,balancesheet
1446.0,unnamed_8,7061.0,balancesheet
1447.0,unnamed_8,8872.0,balancesheet
1448.0,unnamed_8,9018.0,balancesheet
1449.0,unnamed_8,14784.0,balancesheet
1450.0,unnamed_8,14932.0,balancesheet
1451.0,unnamed_8,13903.0,balancesheet
1452.0,unnamed_8,13818.0,balancesheet
1453.0,unnamed_8,41353.0,balancesheet
1454.0,unnamed_8,43394.0,balancesheet
1455.0,unnamed_8,44726.0,balancesheet
1456.0,unnamed_8,36414.0,balancesheet
1457.0,unnamed_8,46595.0,balancesheet
1458.0,unnamed_8,44656.0,balancesheet
1459.0,unnamed_8,44305.0,balancesheet
1460.0,unnamed_8,47666.0,balancesheet
1461.0,unnamed_8,52179.0,balancesheet
1462.0,unnamed_8,57389.0,balancesheet
1463.0,unnamed_8,61747.0,balancesheet
1464.0,unnamed_8,67210.0,balancesheet
1465.0,unnamed_8,70167.0,balancesheet
1466.0,unnamed_8,55512.0,balancesheet
1467.0,unnamed_8,69092.0,balancesheet
1468.0,unnamed_8,88479.0,balancesheet
1469.0,unnamed_8,107232.0,balancesheet
1470.0,unnamed_8,95944.0,balancesheet
1471.0,unnamed_8,121414.0,balancesheet
1472.0,unnamed_8,111234.0,balancesheet
1473.0,unnamed_8,127107.0,balancesheet
1474.0,unnamed_8,138708.0,balancesheet
1475.0,unnamed_8,138855.0,balancesheet
1476.0,unnamed_8,132080.0,balancesheet
1477.0,unnamed_8,121285.0,balancesheet
1478.0,unnamed_8,157718.0,balancesheet
,unnamed_9,,balancesheet
136.0,unnamed_9,1.0,balancesheet
137.0,unnamed_9,1.0,balancesheet
138.0,unnamed_9,4.0,balancesheet
139.0,unnamed_9,3.0,balancesheet
140.0,unnamed_9,6.0,balancesheet
141.0,unnamed_9,2.0,balancesheet
142.0,unnamed_9,1.0,balancesheet
143.0,unnamed_9,2.0,balancesheet
144.0,unnamed_9,1.0,balancesheet
145.0,unnamed_9,1.0,balancesheet
146.0,unnamed_9,4.0,balancesheet
147.0,unnamed_9,10.0,balancesheet
148.0,unnamed_9,13.0,balancesheet
149.0,unnamed_9,0.0,balancesheet
150.0,unnamed_9,10.0,balancesheet
151.0,unnamed_9,258.0,balancesheet
152.0,unnamed_9,1343.0,balancesheet
153.0,unnamed_9,2353.0,balancesheet
154.0,unnamed_9,694.0,balancesheet
155.0,unnamed_9,2212.0,balancesheet
156.0,unnamed_9,5255.0,balancesheet
157.0,unnamed_9,5060.0,balancesheet
158.0,unnamed_9,6200.0,balancesheet
159.0,unnamed_9,3003.0,balancesheet
160.0,unnamed_9,4355.0,balancesheet
170.0,unnamed_9,29248.0,balancesheet
171.0,unnamed_9,13574.0,balancesheet
172.0,unnamed_9,6733.0,balancesheet
173.0,unnamed_9,7705.0,balancesheet
174.0,unnamed_9,7731.0,balancesheet
175.0,unnamed_9,5526.0,balancesheet
176.0,unnamed_9,5765.0,balancesheet
177.0,unnamed_9,7347.0,balancesheet
178.0,unnamed_9,8825.0,balancesheet
179.0,unnamed_9,23544.0,balancesheet
180.0,unnamed_9,24025.0,balancesheet
181.0,unnamed_9,35180.0,balancesheet
182.0,unnamed_9,29745.0,balancesheet
192.0,unnamed_9,267.0,balancesheet
193.0,unnamed_9,1725.0,balancesheet
194.0,unnamed_9,743.0,balancesheet
195.0,unnamed_9,1208.0,balancesheet
196.0,unnamed_9,4452.0,balancesheet
197.0,unnamed_9,19999.0,balancesheet
198.0,unnamed_9,5291.0,balancesheet
199.0,unnamed_9,6427.0,balancesheet
200.0,unnamed_9,14617.0,balancesheet
201.0,unnamed_9,2951.0,balancesheet
202.0,unnamed_9,2025.0,balancesheet
203.0,unnamed_9,1276.0,balancesheet
204.0,unnamed_9,1967.0,balancesheet
205.0,unnamed_9,4514.0,balancesheet
206.0,unnamed_9,4545.0,balancesheet
207.0,unnamed_9,4483.0,balancesheet
208.0,unnamed_9,3216.0,balancesheet
209.0,unnamed_9,3697.0,balancesheet
210.0,unnamed_9,4023.0,balancesheet
211.0,unnamed_9,6637.0,balancesheet
212.0,unnamed_9,10936.0,balancesheet
213.0,unnamed_9,13328.0,balancesheet
214.0,unnamed_9,18976.0,balancesheet
215.0,unnamed_9,3660.0,balancesheet
216.0,unnamed_9,191.0,balancesheet
217.0,unnamed_9,88.0,balancesheet
218.0,unnamed_9,125.0,balancesheet
219.0,unnamed_9,120.0,balancesheet
220.0,unnamed_9,350.0,balancesheet
221.0,unnamed_9,2347.0,balancesheet
222.0,unnamed_9,6439.0,balancesheet
223.0,unnamed_9,10270.0,balancesheet
224.0,unnamed_9,12880.0,balancesheet
225.0,unnamed_9,925.0,balancesheet
226.0,unnamed_9,9455.0,balancesheet
227.0,unnamed_9,524.0,balancesheet
228.0,unnamed_9,698.0,balancesheet
229.0,unnamed_9,692.0,balancesheet
230.0,unnamed_9,416.0,balancesheet
231.0,unnamed_9,582.0,balancesheet
232.0,unnamed_9,667.0,balancesheet
233.0,unnamed_9,1008.0,balancesheet
234.0,unnamed_9,1554.0,balancesheet
235.0,unnamed_9,2422.0,balancesheet
236.0,unnamed_9,2168.0,balancesheet
237.0,unnamed_9,2526.0,balancesheet
238.0,unnamed_9,2658.0,balancesheet
239.0,unnamed_9,6472.0,balancesheet
240.0,unnamed_9,403.0,balancesheet
241.0,unnamed_9,491.0,balancesheet
242.0,unnamed_9,533.0,balancesheet
243.0,unnamed_9,562.0,balancesheet
244.0,unnamed_9,347.0,balancesheet
245.0,unnamed_9,712.0,balancesheet
246.0,unnamed_9,822.0,balancesheet
247.0,unnamed_9,236.0,balancesheet
248.0,unnamed_9,234.0,balancesheet
249.0,unnamed_9,46.0,balancesheet
250.0,unnamed_9,610.0,balancesheet
251.0,unnamed_9,873.0,balancesheet
252.0,unnamed_9,1042.0,balancesheet
253.0,unnamed_9,59.0,balancesheet
254.0,unnamed_9,72.0,balancesheet
255.0,unnamed_9,196.0,balancesheet
256.0,unnamed_9,107.0,balancesheet
257.0,unnamed_9,258.0,balancesheet
258.0,unnamed_9,1405.0,balancesheet
259.0,unnamed_9,210.0,balancesheet
260.0,unnamed_9,140.0,balancesheet
261.0,unnamed_9,183.0,balancesheet
262.0,unnamed_9,426.0,balancesheet
263.0,unnamed_9,1020.0,balancesheet
264.0,unnamed_9,2698.0,balancesheet
265.0,unnamed_9,2272.0,balancesheet
266.0,unnamed_9,59.0,balancesheet
267.0,unnamed_9,72.0,balancesheet
268.0,unnamed_9,196.0,balancesheet
269.0,unnamed_9,107.0,balancesheet
270.0,unnamed_9,258.0,balancesheet
271.0,unnamed_9,1405.0,balancesheet
272.0,unnamed_9,210.0,balancesheet
273.0,unnamed_9,140.0,balancesheet
274.0,unnamed_9,183.0,balancesheet
275.0,unnamed_9,426.0,balancesheet
276.0,unnamed_9,1020.0,balancesheet
277.0,unnamed_9,2698.0,balancesheet
278.0,unnamed_9,2272.0,balancesheet
279.0,unnamed_9,102.0,balancesheet
280.0,unnamed_9,190.0,balancesheet
281.0,unnamed_9,342.0,balancesheet
282.0,unnamed_9,696.0,balancesheet
283.0,unnamed_9,1171.0,balancesheet
284.0,unnamed_9,1619.0,balancesheet
285.0,unnamed_9,1502.0,balancesheet
286.0,unnamed_9,1527.0,balancesheet
287.0,unnamed_9,142.0,balancesheet
288.0,unnamed_9,102.0,balancesheet
289.0,unnamed_9,105.0,balancesheet
290.0,unnamed_9,216.0,balancesheet
291.0,unnamed_9,292.0,balancesheet
292.0,unnamed_9,352.0,balancesheet
293.0,unnamed_9,288.0,balancesheet
294.0,unnamed_9,483.0,balancesheet
295.0,unnamed_9,118.0,balancesheet
296.0,unnamed_9,215.0,balancesheet
297.0,unnamed_9,142.0,balancesheet
298.0,unnamed_9,267.0,balancesheet
299.0,unnamed_9,294.0,balancesheet
300.0,unnamed_9,144.0,balancesheet
301.0,unnamed_9,255.0,balancesheet
302.0,unnamed_9,52.0,balancesheet
303.0,unnamed_9,42.0,balancesheet
304.0,unnamed_9,56.0,balancesheet
305.0,unnamed_9,48.0,balancesheet
306.0,unnamed_9,60.0,balancesheet
307.0,unnamed_9,16.0,balancesheet
308.0,unnamed_9,77.0,balancesheet
309.0,unnamed_9,85.0,balancesheet
310.0,unnamed_9,35.0,balancesheet
311.0,unnamed_9,141.0,balancesheet
312.0,unnamed_9,2.0,balancesheet
313.0,unnamed_9,1.0,balancesheet
314.0,unnamed_9,3.0,balancesheet
315.0,unnamed_9,11.0,balancesheet
316.0,unnamed_9,4.0,balancesheet
317.0,unnamed_9,28.0,balancesheet
318.0,unnamed_9,66.0,balancesheet
319.0,unnamed_9,45.0,balancesheet
320.0,unnamed_9,129.0,balancesheet
321.0,unnamed_9,113.0,balancesheet
322.0,unnamed_9,191.0,balancesheet
323.0,unnamed_9,220.0,balancesheet
324.0,unnamed_9,105.0,balancesheet
325.0,unnamed_9,0.0,balancesheet
326.0,unnamed_9,0.0,balancesheet
327.0,unnamed_9,0.0,balancesheet
328.0,unnamed_9,0.0,balancesheet
329.0,unnamed_9,0.0,balancesheet
330.0,unnamed_9,0.0,balancesheet
331.0,unnamed_9,0.0,balancesheet
332.0,unnamed_9,0.0,balancesheet
333.0,unnamed_9,0.0,balancesheet
334.0,unnamed_9,0.0,balancesheet
335.0,unnamed_9,0.0,balancesheet
336.0,unnamed_9,0.0,balancesheet
337.0,unnamed_9,0.0,balancesheet
338.0,unnamed_9,0.0,balancesheet
339.0,unnamed_9,0.0,balancesheet
340.0,unnamed_9,0.0,balancesheet
341.0,unnamed_9,0.0,balancesheet
342.0,unnamed_9,0.0,balancesheet
343.0,unnamed_9,0.0,balancesheet
344.0,unnamed_9,51.0,balancesheet
345.0,unnamed_9,34.0,balancesheet
346.0,unnamed_9,80.0,balancesheet
347.0,unnamed_9,43.0,balancesheet
348.0,unnamed_9,29.0,balancesheet
349.0,unnamed_9,0.0,balancesheet
350.0,unnamed_9,0.0,balancesheet
351.0,unnamed_9,0.0,balancesheet
352.0,unnamed_9,0.0,balancesheet
353.0,unnamed_9,0.0,balancesheet
354.0,unnamed_9,0.0,balancesheet
355.0,unnamed_9,0.0,balancesheet
356.0,unnamed_9,0.0,balancesheet
357.0,unnamed_9,0.0,balancesheet
358.0,unnamed_9,1.0,balancesheet
359.0,unnamed_9,3.0,balancesheet
360.0,unnamed_9,6.0,balancesheet
361.0,unnamed_9,0.0,balancesheet
362.0,unnamed_9,0.0,balancesheet
363.0,unnamed_9,0.0,balancesheet
364.0,unnamed_9,0.0,balancesheet
365.0,unnamed_9,0.0,balancesheet
366.0,unnamed_9,0.0,balancesheet
367.0,unnamed_9,0.0,balancesheet
368.0,unnamed_9,0.0,balancesheet
369.0,unnamed_9,1.0,balancesheet
370.0,unnamed_9,0.0,balancesheet
371.0,unnamed_9,0.0,balancesheet
372.0,unnamed_9,0.0,balancesheet
373.0,unnamed_9,1.0,balancesheet
374.0,unnamed_9,2992.0,balancesheet
375.0,unnamed_9,0.0,balancesheet
376.0,unnamed_9,17415.0,balancesheet
377.0,unnamed_9,5702.0,balancesheet
378.0,unnamed_9,10838.0,balancesheet
379.0,unnamed_9,9751.0,balancesheet
380.0,unnamed_9,9634.0,balancesheet
381.0,unnamed_9,4282.0,balancesheet
382.0,unnamed_9,5726.0,balancesheet
383.0,unnamed_9,5955.0,balancesheet
384.0,unnamed_9,49425.0,balancesheet
385.0,unnamed_9,16904.0,balancesheet
386.0,unnamed_9,8753.0,balancesheet
387.0,unnamed_9,2467.0,balancesheet
388.0,unnamed_9,2931.0,balancesheet
389.0,unnamed_9,2614.0,balancesheet
390.0,unnamed_9,318.0,balancesheet
391.0,unnamed_9,168.0,balancesheet
392.0,unnamed_9,203.0,balancesheet
393.0,unnamed_9,235.0,balancesheet
394.0,unnamed_9,314.0,balancesheet
395.0,unnamed_9,420.0,balancesheet
396.0,unnamed_9,431.0,balancesheet
397.0,unnamed_9,354.0,balancesheet
398.0,unnamed_9,308.0,balancesheet
399.0,unnamed_9,311.0,balancesheet
400.0,unnamed_9,408.0,balancesheet
401.0,unnamed_9,440.0,balancesheet
402.0,unnamed_9,276.0,balancesheet
403.0,unnamed_9,151.0,balancesheet
404.0,unnamed_9,129.0,balancesheet
405.0,unnamed_9,313.0,balancesheet
406.0,unnamed_9,644.0,balancesheet
407.0,unnamed_9,487.0,balancesheet
408.0,unnamed_9,488.0,balancesheet
409.0,unnamed_9,606.0,balancesheet
410.0,unnamed_9,366.0,balancesheet
411.0,unnamed_9,224.0,balancesheet
412.0,unnamed_9,282.0,balancesheet
413.0,unnamed_9,7463.0,balancesheet
414.0,unnamed_9,9372.0,balancesheet
415.0,unnamed_9,15787.0,balancesheet
416.0,unnamed_9,17459.0,balancesheet
417.0,unnamed_9,16834.0,balancesheet
418.0,unnamed_9,9875.0,balancesheet
419.0,unnamed_9,13654.0,balancesheet
420.0,unnamed_9,17757.0,balancesheet
421.0,unnamed_9,17037.0,balancesheet
422.0,unnamed_9,15433.0,balancesheet
423.0,unnamed_9,16249.0,balancesheet
424.0,unnamed_9,20204.0,balancesheet
425.0,unnamed_9,9127.0,balancesheet
426.0,unnamed_9,147.0,balancesheet
427.0,unnamed_9,107.0,balancesheet
428.0,unnamed_9,48.0,balancesheet
429.0,unnamed_9,90.0,balancesheet
430.0,unnamed_9,30.0,balancesheet
431.0,unnamed_9,203.0,balancesheet
432.0,unnamed_9,101.0,balancesheet
433.0,unnamed_9,40.0,balancesheet
434.0,unnamed_9,117.0,balancesheet
435.0,unnamed_9,536.0,balancesheet
436.0,unnamed_9,105.0,balancesheet
437.0,unnamed_9,188.0,balancesheet
438.0,unnamed_9,56.0,balancesheet
439.0,unnamed_9,1.0,balancesheet
440.0,unnamed_9,1.0,balancesheet
441.0,unnamed_9,1.0,balancesheet
442.0,unnamed_9,0.0,balancesheet
443.0,unnamed_9,0.0,balancesheet
444.0,unnamed_9,0.0,balancesheet
445.0,unnamed_9,0.0,balancesheet
446.0,unnamed_9,0.0,balancesheet
447.0,unnamed_9,2.0,balancesheet
448.0,unnamed_9,2.0,balancesheet
449.0,unnamed_9,0.0,balancesheet
450.0,unnamed_9,0.0,balancesheet
451.0,unnamed_9,0.0,balancesheet
452.0,unnamed_9,0.0,balancesheet
453.0,unnamed_9,0.0,balancesheet
454.0,unnamed_9,0.0,balancesheet
455.0,unnamed_9,0.0,balancesheet
456.0,unnamed_9,4.0,balancesheet
457.0,unnamed_9,14.0,balancesheet
458.0,unnamed_9,11.0,balancesheet
459.0,unnamed_9,10.0,balancesheet
460.0,unnamed_9,37.0,balancesheet
461.0,unnamed_9,60.0,balancesheet
462.0,unnamed_9,13.0,balancesheet
463.0,unnamed_9,0.0,balancesheet
464.0,unnamed_9,378.0,balancesheet
465.0,unnamed_9,442.0,balancesheet
466.0,unnamed_9,581.0,balancesheet
467.0,unnamed_9,2061.0,balancesheet
468.0,unnamed_9,1683.0,balancesheet
469.0,unnamed_9,981.0,balancesheet
470.0,unnamed_9,676.0,balancesheet
471.0,unnamed_9,825.0,balancesheet
472.0,unnamed_9,969.0,balancesheet
473.0,unnamed_9,766.0,balancesheet
474.0,unnamed_9,1093.0,balancesheet
475.0,unnamed_9,1153.0,balancesheet
476.0,unnamed_9,1097.0,balancesheet
477.0,unnamed_9,3496.0,balancesheet
478.0,unnamed_9,4316.0,balancesheet
479.0,unnamed_9,5159.0,balancesheet
480.0,unnamed_9,4553.0,balancesheet
481.0,unnamed_9,8585.0,balancesheet
482.0,unnamed_9,10273.0,balancesheet
483.0,unnamed_9,9658.0,balancesheet
484.0,unnamed_9,8328.0,balancesheet
485.0,unnamed_9,10490.0,balancesheet
486.0,unnamed_9,12897.0,balancesheet
487.0,unnamed_9,17622.0,balancesheet
488.0,unnamed_9,18960.0,balancesheet
489.0,unnamed_9,16129.0,balancesheet
490.0,unnamed_9,93.0,balancesheet
491.0,unnamed_9,22.0,balancesheet
492.0,unnamed_9,50.0,balancesheet
493.0,unnamed_9,45.0,balancesheet
494.0,unnamed_9,42.0,balancesheet
495.0,unnamed_9,42.0,balancesheet
496.0,unnamed_9,64.0,balancesheet
497.0,unnamed_9,147.0,balancesheet
498.0,unnamed_9,147.0,balancesheet
499.0,unnamed_9,168.0,balancesheet
500.0,unnamed_9,175.0,balancesheet
501.0,unnamed_9,232.0,balancesheet
502.0,unnamed_9,190.0,balancesheet
503.0,unnamed_9,303.0,balancesheet
504.0,unnamed_9,144.0,balancesheet
505.0,unnamed_9,218.0,balancesheet
506.0,unnamed_9,264.0,balancesheet
507.0,unnamed_9,444.0,balancesheet
508.0,unnamed_9,120.0,balancesheet
509.0,unnamed_9,492.0,balancesheet
510.0,unnamed_9,920.0,balancesheet
511.0,unnamed_9,711.0,balancesheet
512.0,unnamed_9,470.0,balancesheet
513.0,unnamed_9,212.0,balancesheet
514.0,unnamed_9,778.0,balancesheet
515.0,unnamed_9,1316.0,balancesheet
516.0,unnamed_9,7834.0,balancesheet
517.0,unnamed_9,5979.0,balancesheet
518.0,unnamed_9,5901.0,balancesheet
519.0,unnamed_9,1779.0,balancesheet
520.0,unnamed_9,153.0,balancesheet
521.0,unnamed_9,137.0,balancesheet
522.0,unnamed_9,103.0,balancesheet
523.0,unnamed_9,89.0,balancesheet
524.0,unnamed_9,95.0,balancesheet
525.0,unnamed_9,81.0,balancesheet
526.0,unnamed_9,61.0,balancesheet
527.0,unnamed_9,71.0,balancesheet
528.0,unnamed_9,73.0,balancesheet
529.0,unnamed_9,118.0,balancesheet
530.0,unnamed_9,89.0,balancesheet
531.0,unnamed_9,98.0,balancesheet
532.0,unnamed_9,82.0,balancesheet
533.0,unnamed_9,153.0,balancesheet
534.0,unnamed_9,147.0,balancesheet
535.0,unnamed_9,377.0,balancesheet
536.0,unnamed_9,364.0,balancesheet
537.0,unnamed_9,1020.0,balancesheet
538.0,unnamed_9,1129.0,balancesheet
539.0,unnamed_9,829.0,balancesheet
540.0,unnamed_9,935.0,balancesheet
541.0,unnamed_9,1107.0,balancesheet
542.0,unnamed_9,565.0,balancesheet
543.0,unnamed_9,639.0,balancesheet
544.0,unnamed_9,529.0,balancesheet
545.0,unnamed_9,772.0,balancesheet
546.0,unnamed_9,3324.0,balancesheet
547.0,unnamed_9,3470.0,balancesheet
548.0,unnamed_9,2934.0,balancesheet
549.0,unnamed_9,1535.0,balancesheet
550.0,unnamed_9,1565.0,balancesheet
551.0,unnamed_9,1293.0,balancesheet
552.0,unnamed_9,1030.0,balancesheet
553.0,unnamed_9,1419.0,balancesheet
554.0,unnamed_9,1852.0,balancesheet
555.0,unnamed_9,504.0,balancesheet
556.0,unnamed_9,464.0,balancesheet
557.0,unnamed_9,419.0,balancesheet
558.0,unnamed_9,94.0,balancesheet
559.0,unnamed_9,374.0,balancesheet
560.0,unnamed_9,333.0,balancesheet
561.0,unnamed_9,450.0,balancesheet
562.0,unnamed_9,312.0,balancesheet
563.0,unnamed_9,314.0,balancesheet
564.0,unnamed_9,505.0,balancesheet
565.0,unnamed_9,472.0,balancesheet
566.0,unnamed_9,555.0,balancesheet
567.0,unnamed_9,230.0,balancesheet
568.0,unnamed_9,18376.0,balancesheet
569.0,unnamed_9,18490.0,balancesheet
570.0,unnamed_9,13806.0,balancesheet
571.0,unnamed_9,3688.0,balancesheet
572.0,unnamed_9,4126.0,balancesheet
573.0,unnamed_9,5938.0,balancesheet
574.0,unnamed_9,9738.0,balancesheet
575.0,unnamed_9,11666.0,balancesheet
576.0,unnamed_9,13400.0,balancesheet
577.0,unnamed_9,15490.0,balancesheet
578.0,unnamed_9,16646.0,balancesheet
579.0,unnamed_9,23627.0,balancesheet
580.0,unnamed_9,26281.0,balancesheet
581.0,unnamed_9,141.0,balancesheet
582.0,unnamed_9,167.0,balancesheet
583.0,unnamed_9,225.0,balancesheet
584.0,unnamed_9,44.0,balancesheet
585.0,unnamed_9,97.0,balancesheet
586.0,unnamed_9,84.0,balancesheet
587.0,unnamed_9,52.0,balancesheet
588.0,unnamed_9,57.0,balancesheet
589.0,unnamed_9,57.0,balancesheet
590.0,unnamed_9,116.0,balancesheet
591.0,unnamed_9,45.0,balancesheet
592.0,unnamed_9,83.0,balancesheet
593.0,unnamed_9,199.0,balancesheet
594.0,unnamed_9,6084.0,balancesheet
595.0,unnamed_9,4045.0,balancesheet
596.0,unnamed_9,2755.0,balancesheet
597.0,unnamed_9,1788.0,balancesheet
598.0,unnamed_9,1297.0,balancesheet
599.0,unnamed_9,2290.0,balancesheet
600.0,unnamed_9,2766.0,balancesheet
601.0,unnamed_9,3904.0,balancesheet
602.0,unnamed_9,5769.0,balancesheet
603.0,unnamed_9,6615.0,balancesheet
604.0,unnamed_9,7778.0,balancesheet
605.0,unnamed_9,18358.0,balancesheet
606.0,unnamed_9,15903.0,balancesheet
607.0,unnamed_9,21.0,balancesheet
608.0,unnamed_9,1.0,balancesheet
609.0,unnamed_9,1.0,balancesheet
610.0,unnamed_9,0.0,balancesheet
611.0,unnamed_9,0.0,balancesheet
612.0,unnamed_9,0.0,balancesheet
613.0,unnamed_9,1.0,balancesheet
614.0,unnamed_9,23.0,balancesheet
615.0,unnamed_9,9.0,balancesheet
616.0,unnamed_9,3.0,balancesheet
630.0,unnamed_9,494.0,balancesheet
631.0,unnamed_9,531.0,balancesheet
632.0,unnamed_9,552.0,balancesheet
633.0,unnamed_9,611.0,balancesheet
634.0,unnamed_9,448.0,balancesheet
635.0,unnamed_9,320.0,balancesheet
636.0,unnamed_9,235.0,balancesheet
637.0,unnamed_9,400.0,balancesheet
638.0,unnamed_9,312.0,balancesheet
639.0,unnamed_9,129.0,balancesheet
640.0,unnamed_9,40.0,balancesheet
641.0,unnamed_9,108.0,balancesheet
642.0,unnamed_9,172.0,balancesheet
643.0,unnamed_9,25.0,balancesheet
644.0,unnamed_9,44.0,balancesheet
645.0,unnamed_9,38.0,balancesheet
646.0,unnamed_9,20.0,balancesheet
647.0,unnamed_9,12.0,balancesheet
648.0,unnamed_9,24.0,balancesheet
649.0,unnamed_9,233.0,balancesheet
650.0,unnamed_9,86.0,balancesheet
651.0,unnamed_9,90.0,balancesheet
652.0,unnamed_9,57.0,balancesheet
653.0,unnamed_9,166.0,balancesheet
654.0,unnamed_9,299.0,balancesheet
655.0,unnamed_9,130.0,balancesheet
656.0,unnamed_9,0.0,balancesheet
657.0,unnamed_9,0.0,balancesheet
658.0,unnamed_9,0.0,balancesheet
659.0,unnamed_9,0.0,balancesheet
660.0,unnamed_9,0.0,balancesheet
661.0,unnamed_9,0.0,balancesheet
662.0,unnamed_9,0.0,balancesheet
663.0,unnamed_9,0.0,balancesheet
664.0,unnamed_9,0.0,balancesheet
665.0,unnamed_9,0.0,balancesheet
666.0,unnamed_9,0.0,balancesheet
667.0,unnamed_9,0.0,balancesheet
668.0,unnamed_9,29.0,balancesheet
669.0,unnamed_9,10.0,balancesheet
670.0,unnamed_9,6.0,balancesheet
671.0,unnamed_9,12.0,balancesheet
672.0,unnamed_9,16.0,balancesheet
673.0,unnamed_9,5.0,balancesheet
674.0,unnamed_9,10.0,balancesheet
675.0,unnamed_9,8.0,balancesheet
676.0,unnamed_9,14.0,balancesheet
677.0,unnamed_9,20.0,balancesheet
678.0,unnamed_9,31.0,balancesheet
679.0,unnamed_9,28.0,balancesheet
680.0,unnamed_9,0.0,balancesheet
681.0,unnamed_9,855.0,balancesheet
682.0,unnamed_9,719.0,balancesheet
683.0,unnamed_9,653.0,balancesheet
684.0,unnamed_9,581.0,balancesheet
685.0,unnamed_9,355.0,balancesheet
686.0,unnamed_9,573.0,balancesheet
687.0,unnamed_9,391.0,balancesheet
688.0,unnamed_9,495.0,balancesheet
689.0,unnamed_9,517.0,balancesheet
690.0,unnamed_9,454.0,balancesheet
691.0,unnamed_9,484.0,balancesheet
692.0,unnamed_9,145.0,balancesheet
693.0,unnamed_9,33834.0,balancesheet
694.0,unnamed_9,23059.0,balancesheet
695.0,unnamed_9,14111.0,balancesheet
696.0,unnamed_9,4214.0,balancesheet
697.0,unnamed_9,1814.0,balancesheet
698.0,unnamed_9,2063.0,balancesheet
699.0,unnamed_9,4097.0,balancesheet
700.0,unnamed_9,7721.0,balancesheet
701.0,unnamed_9,10202.0,balancesheet
702.0,unnamed_9,4945.0,balancesheet
703.0,unnamed_9,7700.0,balancesheet
704.0,unnamed_9,14867.0,balancesheet
705.0,unnamed_9,22341.0,balancesheet
706.0,unnamed_9,222.0,balancesheet
707.0,unnamed_9,373.0,balancesheet
708.0,unnamed_9,516.0,balancesheet
709.0,unnamed_9,408.0,balancesheet
710.0,unnamed_9,229.0,balancesheet
711.0,unnamed_9,461.0,balancesheet
712.0,unnamed_9,406.0,balancesheet
713.0,unnamed_9,597.0,balancesheet
714.0,unnamed_9,745.0,balancesheet
715.0,unnamed_9,1313.0,balancesheet
716.0,unnamed_9,1132.0,balancesheet
717.0,unnamed_9,1025.0,balancesheet
718.0,unnamed_9,1022.0,balancesheet
719.0,unnamed_9,0.0,balancesheet
720.0,unnamed_9,0.0,balancesheet
721.0,unnamed_9,0.0,balancesheet
722.0,unnamed_9,0.0,balancesheet
723.0,unnamed_9,0.0,balancesheet
724.0,unnamed_9,0.0,balancesheet
725.0,unnamed_9,0.0,balancesheet
726.0,unnamed_9,0.0,balancesheet
727.0,unnamed_9,0.0,balancesheet
728.0,unnamed_9,0.0,balancesheet
729.0,unnamed_9,0.0,balancesheet
730.0,unnamed_9,0.0,balancesheet
731.0,unnamed_9,10.0,balancesheet
732.0,unnamed_9,17.0,balancesheet
733.0,unnamed_9,9.0,balancesheet
734.0,unnamed_9,10.0,balancesheet
735.0,unnamed_9,11.0,balancesheet
736.0,unnamed_9,38.0,balancesheet
737.0,unnamed_9,17.0,balancesheet
738.0,unnamed_9,12.0,balancesheet
739.0,unnamed_9,14.0,balancesheet
740.0,unnamed_9,11.0,balancesheet
741.0,unnamed_9,25.0,balancesheet
742.0,unnamed_9,94.0,balancesheet
743.0,unnamed_9,0.0,balancesheet
744.0,unnamed_9,7.0,balancesheet
745.0,unnamed_9,5.0,balancesheet
746.0,unnamed_9,6.0,balancesheet
747.0,unnamed_9,7.0,balancesheet
748.0,unnamed_9,7.0,balancesheet
749.0,unnamed_9,18.0,balancesheet
750.0,unnamed_9,13.0,balancesheet
751.0,unnamed_9,20.0,balancesheet
752.0,unnamed_9,22.0,balancesheet
753.0,unnamed_9,54.0,balancesheet
754.0,unnamed_9,117.0,balancesheet
755.0,unnamed_9,49.0,balancesheet
756.0,unnamed_9,0.0,balancesheet
757.0,unnamed_9,0.0,balancesheet
758.0,unnamed_9,0.0,balancesheet
759.0,unnamed_9,1.0,balancesheet
760.0,unnamed_9,0.0,balancesheet
761.0,unnamed_9,2.0,balancesheet
762.0,unnamed_9,2.0,balancesheet
763.0,unnamed_9,4.0,balancesheet
764.0,unnamed_9,1.0,balancesheet
765.0,unnamed_9,3.0,balancesheet
766.0,unnamed_9,51.0,balancesheet
767.0,unnamed_9,251.0,balancesheet
768.0,unnamed_9,15.0,balancesheet
769.0,unnamed_9,64.0,balancesheet
770.0,unnamed_9,16.0,balancesheet
771.0,unnamed_9,25.0,balancesheet
772.0,unnamed_9,38.0,balancesheet
773.0,unnamed_9,37.0,balancesheet
774.0,unnamed_9,28.0,balancesheet
775.0,unnamed_9,25.0,balancesheet
776.0,unnamed_9,22.0,balancesheet
777.0,unnamed_9,78.0,balancesheet
778.0,unnamed_9,75.0,balancesheet
779.0,unnamed_9,95.0,balancesheet
780.0,unnamed_9,135.0,balancesheet
781.0,unnamed_9,197.0,balancesheet
782.0,unnamed_9,1140.0,balancesheet
783.0,unnamed_9,961.0,balancesheet
784.0,unnamed_9,776.0,balancesheet
785.0,unnamed_9,960.0,balancesheet
786.0,unnamed_9,1365.0,balancesheet
787.0,unnamed_9,1606.0,balancesheet
788.0,unnamed_9,1388.0,balancesheet
789.0,unnamed_9,954.0,balancesheet
790.0,unnamed_9,922.0,balancesheet
791.0,unnamed_9,416.0,balancesheet
792.0,unnamed_9,288.0,balancesheet
793.0,unnamed_9,293.0,balancesheet
794.0,unnamed_9,505.0,balancesheet
795.0,unnamed_9,27240.0,balancesheet
796.0,unnamed_9,38061.0,balancesheet
797.0,unnamed_9,40378.0,balancesheet
798.0,unnamed_9,26219.0,balancesheet
799.0,unnamed_9,16778.0,balancesheet
800.0,unnamed_9,19130.0,balancesheet
801.0,unnamed_9,28281.0,balancesheet
802.0,unnamed_9,32845.0,balancesheet
803.0,unnamed_9,36291.0,balancesheet
804.0,unnamed_9,47469.0,balancesheet
805.0,unnamed_9,51133.0,balancesheet
806.0,unnamed_9,61032.0,balancesheet
807.0,unnamed_9,66316.0,balancesheet
808.0,unnamed_9,16.0,balancesheet
809.0,unnamed_9,14.0,balancesheet
810.0,unnamed_9,17.0,balancesheet
811.0,unnamed_9,8.0,balancesheet
812.0,unnamed_9,40.0,balancesheet
813.0,unnamed_9,16.0,balancesheet
814.0,unnamed_9,24.0,balancesheet
815.0,unnamed_9,26.0,balancesheet
816.0,unnamed_9,34.0,balancesheet
817.0,unnamed_9,443.0,balancesheet
818.0,unnamed_9,466.0,balancesheet
819.0,unnamed_9,0.0,balancesheet
820.0,unnamed_9,0.0,balancesheet
821.0,unnamed_9,0.0,balancesheet
822.0,unnamed_9,0.0,balancesheet
823.0,unnamed_9,0.0,balancesheet
824.0,unnamed_9,0.0,balancesheet
825.0,unnamed_9,0.0,balancesheet
826.0,unnamed_9,0.0,balancesheet
827.0,unnamed_9,0.0,balancesheet
828.0,unnamed_9,0.0,balancesheet
829.0,unnamed_9,0.0,balancesheet
830.0,unnamed_9,4.0,balancesheet
831.0,unnamed_9,0.0,balancesheet
832.0,unnamed_9,2062.0,balancesheet
833.0,unnamed_9,3117.0,balancesheet
834.0,unnamed_9,2700.0,balancesheet
835.0,unnamed_9,2560.0,balancesheet
836.0,unnamed_9,3730.0,balancesheet
837.0,unnamed_9,5508.0,balancesheet
838.0,unnamed_9,4136.0,balancesheet
839.0,unnamed_9,3256.0,balancesheet
840.0,unnamed_9,4011.0,balancesheet
841.0,unnamed_9,3226.0,balancesheet
842.0,unnamed_9,3003.0,balancesheet
843.0,unnamed_9,2861.0,balancesheet
844.0,unnamed_9,1387.0,balancesheet
845.0,unnamed_9,53385.0,balancesheet
846.0,unnamed_9,72034.0,balancesheet
847.0,unnamed_9,63393.0,balancesheet
848.0,unnamed_9,57668.0,balancesheet
849.0,unnamed_9,59042.0,balancesheet
850.0,unnamed_9,61512.0,balancesheet
851.0,unnamed_9,69056.0,balancesheet
852.0,unnamed_9,83832.0,balancesheet
853.0,unnamed_9,100309.0,balancesheet
854.0,unnamed_9,106719.0,balancesheet
855.0,unnamed_9,113945.0,balancesheet
856.0,unnamed_9,116022.0,balancesheet
857.0,unnamed_9,91497.0,balancesheet
858.0,unnamed_9,46555.0,balancesheet
859.0,unnamed_9,53825.0,balancesheet
860.0,unnamed_9,67555.0,balancesheet
861.0,unnamed_9,75046.0,balancesheet
862.0,unnamed_9,86896.0,balancesheet
863.0,unnamed_9,83386.0,balancesheet
864.0,unnamed_9,118397.0,balancesheet
865.0,unnamed_9,98508.0,balancesheet
866.0,unnamed_9,97506.0,balancesheet
867.0,unnamed_9,91126.0,balancesheet
868.0,unnamed_9,89179.0,balancesheet
869.0,unnamed_9,87664.0,balancesheet
870.0,unnamed_9,95612.0,balancesheet
871.0,unnamed_9,19962.0,balancesheet
872.0,unnamed_9,14924.0,balancesheet
873.0,unnamed_9,16378.0,balancesheet
874.0,unnamed_9,16742.0,balancesheet
875.0,unnamed_9,17588.0,balancesheet
876.0,unnamed_9,19087.0,balancesheet
877.0,unnamed_9,15037.0,balancesheet
878.0,unnamed_9,17180.0,balancesheet
879.0,unnamed_9,19167.0,balancesheet
880.0,unnamed_9,22522.0,balancesheet
881.0,unnamed_9,31357.0,balancesheet
882.0,unnamed_9,39831.0,balancesheet
883.0,unnamed_9,44386.0,balancesheet
884.0,unnamed_9,295.0,balancesheet
885.0,unnamed_9,245.0,balancesheet
886.0,unnamed_9,231.0,balancesheet
887.0,unnamed_9,188.0,balancesheet
888.0,unnamed_9,94.0,balancesheet
889.0,unnamed_9,105.0,balancesheet
890.0,unnamed_9,143.0,balancesheet
891.0,unnamed_9,639.0,balancesheet
892.0,unnamed_9,246.0,balancesheet
893.0,unnamed_9,358.0,balancesheet
894.0,unnamed_9,358.0,balancesheet
895.0,unnamed_9,1742.0,balancesheet
896.0,unnamed_9,2340.0,balancesheet
897.0,unnamed_9,10.0,balancesheet
898.0,unnamed_9,10.0,balancesheet
899.0,unnamed_9,12.0,balancesheet
900.0,unnamed_9,0.0,balancesheet
901.0,unnamed_9,1.0,balancesheet
902.0,unnamed_9,0.0,balancesheet
903.0,unnamed_9,2.0,balancesheet
904.0,unnamed_9,0.0,balancesheet
905.0,unnamed_9,0.0,balancesheet
906.0,unnamed_9,0.0,balancesheet
907.0,unnamed_9,4.0,balancesheet
908.0,unnamed_9,0.0,balancesheet
909.0,unnamed_9,0.0,balancesheet
910.0,unnamed_9,386.0,balancesheet
911.0,unnamed_9,647.0,balancesheet
912.0,unnamed_9,956.0,balancesheet
913.0,unnamed_9,1397.0,balancesheet
914.0,unnamed_9,1935.0,balancesheet
915.0,unnamed_9,2585.0,balancesheet
916.0,unnamed_9,1067.0,balancesheet
917.0,unnamed_9,852.0,balancesheet
918.0,unnamed_9,877.0,balancesheet
919.0,unnamed_9,1310.0,balancesheet
920.0,unnamed_9,1478.0,balancesheet
921.0,unnamed_9,2498.0,balancesheet
922.0,unnamed_9,2693.0,balancesheet
923.0,unnamed_9,1966.0,balancesheet
924.0,unnamed_9,2640.0,balancesheet
925.0,unnamed_9,1890.0,balancesheet
926.0,unnamed_9,1007.0,balancesheet
927.0,unnamed_9,1252.0,balancesheet
928.0,unnamed_9,2132.0,balancesheet
929.0,unnamed_9,1607.0,balancesheet
930.0,unnamed_9,1415.0,balancesheet
931.0,unnamed_9,1497.0,balancesheet
932.0,unnamed_9,2936.0,balancesheet
933.0,unnamed_9,4143.0,balancesheet
934.0,unnamed_9,7735.0,balancesheet
935.0,unnamed_9,8303.0,balancesheet
936.0,unnamed_9,1631.0,balancesheet
937.0,unnamed_9,2191.0,balancesheet
938.0,unnamed_9,3032.0,balancesheet
939.0,unnamed_9,2371.0,balancesheet
940.0,unnamed_9,4279.0,balancesheet
941.0,unnamed_9,4269.0,balancesheet
942.0,unnamed_9,4760.0,balancesheet
943.0,unnamed_9,6856.0,balancesheet
944.0,unnamed_9,7873.0,balancesheet
945.0,unnamed_9,6703.0,balancesheet
946.0,unnamed_9,3969.0,balancesheet
947.0,unnamed_9,8039.0,balancesheet
948.0,unnamed_9,4544.0,balancesheet
949.0,unnamed_9,142.0,balancesheet
950.0,unnamed_9,57.0,balancesheet
951.0,unnamed_9,25.0,balancesheet
952.0,unnamed_9,20.0,balancesheet
953.0,unnamed_9,1.0,balancesheet
954.0,unnamed_9,7.0,balancesheet
955.0,unnamed_9,12.0,balancesheet
956.0,unnamed_9,59.0,balancesheet
957.0,unnamed_9,66.0,balancesheet
958.0,unnamed_9,503.0,balancesheet
959.0,unnamed_9,902.0,balancesheet
960.0,unnamed_9,551.0,balancesheet
961.0,unnamed_9,498.0,balancesheet
962.0,unnamed_9,142.0,balancesheet
963.0,unnamed_9,57.0,balancesheet
964.0,unnamed_9,25.0,balancesheet
965.0,unnamed_9,20.0,balancesheet
966.0,unnamed_9,1.0,balancesheet
967.0,unnamed_9,7.0,balancesheet
968.0,unnamed_9,12.0,balancesheet
969.0,unnamed_9,59.0,balancesheet
970.0,unnamed_9,66.0,balancesheet
971.0,unnamed_9,503.0,balancesheet
972.0,unnamed_9,902.0,balancesheet
973.0,unnamed_9,551.0,balancesheet
974.0,unnamed_9,498.0,balancesheet
975.0,unnamed_9,159.0,balancesheet
976.0,unnamed_9,112.0,balancesheet
977.0,unnamed_9,4.0,balancesheet
978.0,unnamed_9,176.0,balancesheet
979.0,unnamed_9,109.0,balancesheet
980.0,unnamed_9,6.0,balancesheet
981.0,unnamed_9,6.0,balancesheet
982.0,unnamed_9,6.0,balancesheet
983.0,unnamed_9,6.0,balancesheet
984.0,unnamed_9,0.0,balancesheet
985.0,unnamed_9,0.0,balancesheet
986.0,unnamed_9,4.0,balancesheet
987.0,unnamed_9,0.0,balancesheet
988.0,unnamed_9,710.0,balancesheet
989.0,unnamed_9,734.0,balancesheet
990.0,unnamed_9,148.0,balancesheet
991.0,unnamed_9,199.0,balancesheet
992.0,unnamed_9,331.0,balancesheet
993.0,unnamed_9,403.0,balancesheet
994.0,unnamed_9,0.0,balancesheet
995.0,unnamed_9,0.0,balancesheet
996.0,unnamed_9,0.0,balancesheet
997.0,unnamed_9,0.0,balancesheet
998.0,unnamed_9,0.0,balancesheet
999.0,unnamed_9,0.0,balancesheet
1000.0,unnamed_9,0.0,balancesheet
1001.0,unnamed_9,0.0,balancesheet
1002.0,unnamed_9,0.0,balancesheet
1003.0,unnamed_9,0.0,balancesheet
1004.0,unnamed_9,0.0,balancesheet
1005.0,unnamed_9,0.0,balancesheet
1006.0,unnamed_9,0.0,balancesheet
1007.0,unnamed_9,5898.0,balancesheet
1008.0,unnamed_9,9400.0,balancesheet
1009.0,unnamed_9,8265.0,balancesheet
1010.0,unnamed_9,7271.0,balancesheet
1011.0,unnamed_9,4363.0,balancesheet
1012.0,unnamed_9,5950.0,balancesheet
1013.0,unnamed_9,11889.0,balancesheet
1014.0,unnamed_9,27191.0,balancesheet
1015.0,unnamed_9,32566.0,balancesheet
1016.0,unnamed_9,16905.0,balancesheet
1017.0,unnamed_9,22166.0,balancesheet
1018.0,unnamed_9,29676.0,balancesheet
1019.0,unnamed_9,29555.0,balancesheet
1020.0,unnamed_9,977.0,balancesheet
1021.0,unnamed_9,615.0,balancesheet
1022.0,unnamed_9,454.0,balancesheet
1023.0,unnamed_9,321.0,balancesheet
1024.0,unnamed_9,531.0,balancesheet
1025.0,unnamed_9,294.0,balancesheet
1026.0,unnamed_9,400.0,balancesheet
1027.0,unnamed_9,391.0,balancesheet
1028.0,unnamed_9,473.0,balancesheet
1029.0,unnamed_9,2091.0,balancesheet
1030.0,unnamed_9,4788.0,balancesheet
1031.0,unnamed_9,10285.0,balancesheet
1032.0,unnamed_9,10410.0,balancesheet
1033.0,unnamed_9,38.0,balancesheet
1034.0,unnamed_9,3.0,balancesheet
1035.0,unnamed_9,0.0,balancesheet
1036.0,unnamed_9,19230.0,balancesheet
1037.0,unnamed_9,17811.0,balancesheet
1038.0,unnamed_9,9073.0,balancesheet
1039.0,unnamed_9,11827.0,balancesheet
1040.0,unnamed_9,9716.0,balancesheet
1041.0,unnamed_9,4978.0,balancesheet
1042.0,unnamed_9,4027.0,balancesheet
1043.0,unnamed_9,3126.0,balancesheet
1044.0,unnamed_9,1712.0,balancesheet
1045.0,unnamed_9,2538.0,balancesheet
1046.0,unnamed_9,7870.0,balancesheet
1047.0,unnamed_9,9611.0,balancesheet
1048.0,unnamed_9,12418.0,balancesheet
1049.0,unnamed_9,0.0,balancesheet
1050.0,unnamed_9,1.0,balancesheet
1051.0,unnamed_9,2.0,balancesheet
1052.0,unnamed_9,47.0,balancesheet
1053.0,unnamed_9,105.0,balancesheet
1054.0,unnamed_9,129.0,balancesheet
1055.0,unnamed_9,199.0,balancesheet
1056.0,unnamed_9,288.0,balancesheet
1057.0,unnamed_9,336.0,balancesheet
1058.0,unnamed_9,53.0,balancesheet
1059.0,unnamed_9,22.0,balancesheet
1060.0,unnamed_9,39.0,balancesheet
1061.0,unnamed_9,53.0,balancesheet
1062.0,unnamed_9,428.0,balancesheet
1063.0,unnamed_9,458.0,balancesheet
1064.0,unnamed_9,462.0,balancesheet
1065.0,unnamed_9,158.0,balancesheet
1066.0,unnamed_9,148.0,balancesheet
1067.0,unnamed_9,228.0,balancesheet
1068.0,unnamed_9,242.0,balancesheet
1069.0,unnamed_9,259.0,balancesheet
1070.0,unnamed_9,294.0,balancesheet
1071.0,unnamed_9,225.0,balancesheet
1072.0,unnamed_9,406.0,balancesheet
1073.0,unnamed_9,148.0,balancesheet
1074.0,unnamed_9,161.0,balancesheet
1075.0,unnamed_9,4.0,balancesheet
1076.0,unnamed_9,3.0,balancesheet
1077.0,unnamed_9,18.0,balancesheet
1078.0,unnamed_9,4.0,balancesheet
1079.0,unnamed_9,2.0,balancesheet
1080.0,unnamed_9,10.0,balancesheet
1081.0,unnamed_9,5.0,balancesheet
1082.0,unnamed_9,4.0,balancesheet
1083.0,unnamed_9,2.0,balancesheet
1084.0,unnamed_9,4.0,balancesheet
1085.0,unnamed_9,3.0,balancesheet
1086.0,unnamed_9,15.0,balancesheet
1087.0,unnamed_9,4.0,balancesheet
1088.0,unnamed_9,3.0,balancesheet
1089.0,unnamed_9,18.0,balancesheet
1090.0,unnamed_9,4.0,balancesheet
1091.0,unnamed_9,2.0,balancesheet
1092.0,unnamed_9,10.0,balancesheet
1093.0,unnamed_9,5.0,balancesheet
1094.0,unnamed_9,4.0,balancesheet
1095.0,unnamed_9,2.0,balancesheet
1096.0,unnamed_9,4.0,balancesheet
1097.0,unnamed_9,3.0,balancesheet
1098.0,unnamed_9,15.0,balancesheet
1099.0,unnamed_9,4.0,balancesheet
1100.0,unnamed_9,3.0,balancesheet
1101.0,unnamed_9,18.0,balancesheet
1102.0,unnamed_9,4.0,balancesheet
1103.0,unnamed_9,2.0,balancesheet
1104.0,unnamed_9,10.0,balancesheet
1105.0,unnamed_9,5.0,balancesheet
1106.0,unnamed_9,4.0,balancesheet
1107.0,unnamed_9,2.0,balancesheet
1108.0,unnamed_9,4.0,balancesheet
1109.0,unnamed_9,3.0,balancesheet
1110.0,unnamed_9,15.0,balancesheet
1111.0,unnamed_9,4.0,balancesheet
1112.0,unnamed_9,3.0,balancesheet
1113.0,unnamed_9,18.0,balancesheet
1114.0,unnamed_9,4.0,balancesheet
1115.0,unnamed_9,2.0,balancesheet
1116.0,unnamed_9,10.0,balancesheet
1117.0,unnamed_9,5.0,balancesheet
1118.0,unnamed_9,4.0,balancesheet
1119.0,unnamed_9,2.0,balancesheet
1120.0,unnamed_9,4.0,balancesheet
1121.0,unnamed_9,3.0,balancesheet
1122.0,unnamed_9,15.0,balancesheet
1123.0,unnamed_9,4.0,balancesheet
1124.0,unnamed_9,3.0,balancesheet
1125.0,unnamed_9,18.0,balancesheet
1126.0,unnamed_9,4.0,balancesheet
1127.0,unnamed_9,2.0,balancesheet
1128.0,unnamed_9,10.0,balancesheet
1129.0,unnamed_9,5.0,balancesheet
1130.0,unnamed_9,4.0,balancesheet
1131.0,unnamed_9,2.0,balancesheet
1132.0,unnamed_9,4.0,balancesheet
1133.0,unnamed_9,3.0,balancesheet
1134.0,unnamed_9,15.0,balancesheet
1135.0,unnamed_9,35265.0,balancesheet
1136.0,unnamed_9,50069.0,balancesheet
1137.0,unnamed_9,53681.0,balancesheet
1138.0,unnamed_9,45611.0,balancesheet
1139.0,unnamed_9,38264.0,balancesheet
1140.0,unnamed_9,37669.0,balancesheet
1141.0,unnamed_9,37631.0,balancesheet
1142.0,unnamed_9,35177.0,balancesheet
1143.0,unnamed_9,24838.0,balancesheet
1144.0,unnamed_9,12854.0,balancesheet
1145.0,unnamed_9,13772.0,balancesheet
1146.0,unnamed_9,18197.0,balancesheet
1147.0,unnamed_9,23767.0,balancesheet
1148.0,unnamed_9,35265.0,balancesheet
1149.0,unnamed_9,50069.0,balancesheet
1150.0,unnamed_9,53681.0,balancesheet
1151.0,unnamed_9,45611.0,balancesheet
1152.0,unnamed_9,38264.0,balancesheet
1153.0,unnamed_9,37669.0,balancesheet
1154.0,unnamed_9,37631.0,balancesheet
1155.0,unnamed_9,35177.0,balancesheet
1156.0,unnamed_9,24838.0,balancesheet
1157.0,unnamed_9,12854.0,balancesheet
1158.0,unnamed_9,13772.0,balancesheet
1159.0,unnamed_9,18197.0,balancesheet
1160.0,unnamed_9,23767.0,balancesheet
1161.0,unnamed_9,9.0,balancesheet
1162.0,unnamed_9,10.0,balancesheet
1163.0,unnamed_9,10.0,balancesheet
1164.0,unnamed_9,78.0,balancesheet
1165.0,unnamed_9,166.0,balancesheet
1166.0,unnamed_9,129.0,balancesheet
1167.0,unnamed_9,199.0,balancesheet
1168.0,unnamed_9,288.0,balancesheet
1169.0,unnamed_9,336.0,balancesheet
1170.0,unnamed_9,6.0,balancesheet
1171.0,unnamed_9,3.0,balancesheet
1172.0,unnamed_9,24.0,balancesheet
1173.0,unnamed_9,49.0,balancesheet
1174.0,unnamed_9,49952.0,balancesheet
1175.0,unnamed_9,91494.0,balancesheet
1176.0,unnamed_9,166462.0,balancesheet
1177.0,unnamed_9,228697.0,balancesheet
1178.0,unnamed_9,324837.0,balancesheet
1179.0,unnamed_9,187022.0,balancesheet
1180.0,unnamed_9,179463.0,balancesheet
1181.0,unnamed_9,109106.0,balancesheet
1182.0,unnamed_9,125953.0,balancesheet
1183.0,unnamed_9,172506.0,balancesheet
1184.0,unnamed_9,293752.0,balancesheet
1185.0,unnamed_9,338855.0,balancesheet
1186.0,unnamed_9,198873.0,balancesheet
1187.0,unnamed_9,3.0,balancesheet
1188.0,unnamed_9,4.0,balancesheet
1189.0,unnamed_9,7.0,balancesheet
1190.0,unnamed_9,146.0,balancesheet
1191.0,unnamed_9,31.0,balancesheet
1192.0,unnamed_9,70.0,balancesheet
1193.0,unnamed_9,32.0,balancesheet
1194.0,unnamed_9,13.0,balancesheet
1195.0,unnamed_9,1.0,balancesheet
1196.0,unnamed_9,3.0,balancesheet
1197.0,unnamed_9,1.0,balancesheet
1198.0,unnamed_9,6.0,balancesheet
1199.0,unnamed_9,0.0,balancesheet
1200.0,unnamed_9,736.0,balancesheet
1201.0,unnamed_9,892.0,balancesheet
1202.0,unnamed_9,798.0,balancesheet
1203.0,unnamed_9,951.0,balancesheet
1204.0,unnamed_9,1543.0,balancesheet
1205.0,unnamed_9,1527.0,balancesheet
1206.0,unnamed_9,837.0,balancesheet
1207.0,unnamed_9,742.0,balancesheet
1208.0,unnamed_9,783.0,balancesheet
1209.0,unnamed_9,726.0,balancesheet
1210.0,unnamed_9,1201.0,balancesheet
1211.0,unnamed_9,2423.0,balancesheet
1212.0,unnamed_9,1051.0,balancesheet
1213.0,unnamed_9,133.0,balancesheet
1214.0,unnamed_9,758.0,balancesheet
1215.0,unnamed_9,511.0,balancesheet
1216.0,unnamed_9,264.0,balancesheet
1217.0,unnamed_9,710.0,balancesheet
1218.0,unnamed_9,1427.0,balancesheet
1219.0,unnamed_9,1129.0,balancesheet
1220.0,unnamed_9,1197.0,balancesheet
1221.0,unnamed_9,997.0,balancesheet
1222.0,unnamed_9,1054.0,balancesheet
1223.0,unnamed_9,2797.0,balancesheet
1224.0,unnamed_9,1930.0,balancesheet
1225.0,unnamed_9,2777.0,balancesheet
1226.0,unnamed_9,1.0,balancesheet
1227.0,unnamed_9,1.0,balancesheet
1228.0,unnamed_9,1.0,balancesheet
1229.0,unnamed_9,0.0,balancesheet
1230.0,unnamed_9,1.0,balancesheet
1231.0,unnamed_9,7.0,balancesheet
1232.0,unnamed_9,18.0,balancesheet
1233.0,unnamed_9,59.0,balancesheet
1234.0,unnamed_9,407.0,balancesheet
1235.0,unnamed_9,369.0,balancesheet
1236.0,unnamed_9,395.0,balancesheet
1237.0,unnamed_9,381.0,balancesheet
1238.0,unnamed_9,738.0,balancesheet
1239.0,unnamed_9,1378.0,balancesheet
1240.0,unnamed_9,2142.0,balancesheet
1241.0,unnamed_9,1881.0,balancesheet
1242.0,unnamed_9,1853.0,balancesheet
1243.0,unnamed_9,1602.0,balancesheet
1244.0,unnamed_9,617.0,balancesheet
1245.0,unnamed_9,723.0,balancesheet
1246.0,unnamed_9,846.0,balancesheet
1247.0,unnamed_9,723.0,balancesheet
1248.0,unnamed_9,43128.0,balancesheet
1249.0,unnamed_9,38748.0,balancesheet
1250.0,unnamed_9,38461.0,balancesheet
1251.0,unnamed_9,27557.0,balancesheet
1252.0,unnamed_9,32055.0,balancesheet
1253.0,unnamed_9,24959.0,balancesheet
1254.0,unnamed_9,18585.0,balancesheet
1255.0,unnamed_9,16314.0,balancesheet
1256.0,unnamed_9,15879.0,balancesheet
1257.0,unnamed_9,19529.0,balancesheet
1258.0,unnamed_9,22889.0,balancesheet
1259.0,unnamed_9,27719.0,balancesheet
1260.0,unnamed_9,0.0,balancesheet
1261.0,unnamed_9,0.0,balancesheet
1262.0,unnamed_9,0.0,balancesheet
1263.0,unnamed_9,0.0,balancesheet
1264.0,unnamed_9,0.0,balancesheet
1265.0,unnamed_9,0.0,balancesheet
1266.0,unnamed_9,0.0,balancesheet
1267.0,unnamed_9,0.0,balancesheet
1268.0,unnamed_9,0.0,balancesheet
1269.0,unnamed_9,0.0,balancesheet
1270.0,unnamed_9,66.0,balancesheet
1271.0,unnamed_9,0.0,balancesheet
1272.0,unnamed_9,0.0,balancesheet
1273.0,unnamed_9,249.0,balancesheet
1274.0,unnamed_9,41.0,balancesheet
1275.0,unnamed_9,32.0,balancesheet
1276.0,unnamed_9,79.0,balancesheet
1277.0,unnamed_9,143.0,balancesheet
1278.0,unnamed_9,62.0,balancesheet
1279.0,unnamed_9,58.0,balancesheet
1280.0,unnamed_9,88.0,balancesheet
1281.0,unnamed_9,35.0,balancesheet
1282.0,unnamed_9,52.0,balancesheet
1283.0,unnamed_9,50.0,balancesheet
1284.0,unnamed_9,103.0,balancesheet
1285.0,unnamed_9,131.0,balancesheet
1286.0,unnamed_9,110.0,balancesheet
1287.0,unnamed_9,114.0,balancesheet
1288.0,unnamed_9,282.0,balancesheet
1289.0,unnamed_9,199.0,balancesheet
1290.0,unnamed_9,102.0,balancesheet
1291.0,unnamed_9,118.0,balancesheet
1292.0,unnamed_9,121.0,balancesheet
1293.0,unnamed_9,97.0,balancesheet
1294.0,unnamed_9,96.0,balancesheet
1295.0,unnamed_9,83.0,balancesheet
1296.0,unnamed_9,37.0,balancesheet
1297.0,unnamed_9,66.0,balancesheet
1298.0,unnamed_9,13.0,balancesheet
1299.0,unnamed_9,2.0,balancesheet
1300.0,unnamed_9,4.0,balancesheet
1301.0,unnamed_9,13.0,balancesheet
1302.0,unnamed_9,21.0,balancesheet
1303.0,unnamed_9,34.0,balancesheet
1304.0,unnamed_9,44.0,balancesheet
1305.0,unnamed_9,54.0,balancesheet
1306.0,unnamed_9,63.0,balancesheet
1307.0,unnamed_9,37.0,balancesheet
1308.0,unnamed_9,22.0,balancesheet
1309.0,unnamed_9,36.0,balancesheet
1310.0,unnamed_9,563.0,balancesheet
1311.0,unnamed_9,842.0,balancesheet
1312.0,unnamed_9,2039.0,balancesheet
1313.0,unnamed_9,2175.0,balancesheet
1314.0,unnamed_9,2801.0,balancesheet
1315.0,unnamed_9,2465.0,balancesheet
1316.0,unnamed_9,1411.0,balancesheet
1317.0,unnamed_9,1220.0,balancesheet
1318.0,unnamed_9,1567.0,balancesheet
1319.0,unnamed_9,1287.0,balancesheet
1320.0,unnamed_9,4973.0,balancesheet
1321.0,unnamed_9,5354.0,balancesheet
1322.0,unnamed_9,1150.0,balancesheet
1323.0,unnamed_9,3601.0,balancesheet
1324.0,unnamed_9,2186.0,balancesheet
1325.0,unnamed_9,2250.0,balancesheet
1326.0,unnamed_9,1469.0,balancesheet
1327.0,unnamed_9,921.0,balancesheet
1328.0,unnamed_9,1511.0,balancesheet
1329.0,unnamed_9,1153.0,balancesheet
1330.0,unnamed_9,920.0,balancesheet
1331.0,unnamed_9,1687.0,balancesheet
1332.0,unnamed_9,4785.0,balancesheet
1333.0,unnamed_9,4040.0,balancesheet
1334.0,unnamed_9,6811.0,balancesheet
1335.0,unnamed_9,6410.0,balancesheet
1336.0,unnamed_9,36.0,balancesheet
1337.0,unnamed_9,48.0,balancesheet
1338.0,unnamed_9,93.0,balancesheet
1339.0,unnamed_9,47.0,balancesheet
1340.0,unnamed_9,64.0,balancesheet
1341.0,unnamed_9,313.0,balancesheet
1342.0,unnamed_9,745.0,balancesheet
1343.0,unnamed_9,1006.0,balancesheet
1344.0,unnamed_9,1041.0,balancesheet
1345.0,unnamed_9,552.0,balancesheet
1346.0,unnamed_9,743.0,balancesheet
1347.0,unnamed_9,1033.0,balancesheet
1348.0,unnamed_9,417.0,balancesheet
1349.0,unnamed_9,106.0,balancesheet
1350.0,unnamed_9,138.0,balancesheet
1351.0,unnamed_9,92.0,balancesheet
1352.0,unnamed_9,55.0,balancesheet
1353.0,unnamed_9,5.0,balancesheet
1354.0,unnamed_9,10.0,balancesheet
1355.0,unnamed_9,87.0,balancesheet
1356.0,unnamed_9,23.0,balancesheet
1357.0,unnamed_9,108.0,balancesheet
1358.0,unnamed_9,105.0,balancesheet
1359.0,unnamed_9,102.0,balancesheet
1360.0,unnamed_9,224.0,balancesheet
1361.0,unnamed_9,219.0,balancesheet
1362.0,unnamed_9,285.0,balancesheet
1363.0,unnamed_9,534.0,balancesheet
1364.0,unnamed_9,678.0,balancesheet
1365.0,unnamed_9,1042.0,balancesheet
1366.0,unnamed_9,519.0,balancesheet
1367.0,unnamed_9,647.0,balancesheet
1368.0,unnamed_9,617.0,balancesheet
1369.0,unnamed_9,712.0,balancesheet
1370.0,unnamed_9,889.0,balancesheet
1371.0,unnamed_9,630.0,balancesheet
1372.0,unnamed_9,765.0,balancesheet
1373.0,unnamed_9,361.0,balancesheet
1374.0,unnamed_9,412.0,balancesheet
1375.0,unnamed_9,42.0,balancesheet
1376.0,unnamed_9,33.0,balancesheet
1377.0,unnamed_9,55.0,balancesheet
1378.0,unnamed_9,107.0,balancesheet
1379.0,unnamed_9,152.0,balancesheet
1380.0,unnamed_9,43.0,balancesheet
1381.0,unnamed_9,32.0,balancesheet
1382.0,unnamed_9,18.0,balancesheet
1383.0,unnamed_9,32.0,balancesheet
1384.0,unnamed_9,85.0,balancesheet
1385.0,unnamed_9,144.0,balancesheet
1386.0,unnamed_9,97.0,balancesheet
1387.0,unnamed_9,65.0,balancesheet
1388.0,unnamed_9,34.0,balancesheet
1389.0,unnamed_9,266.0,balancesheet
1390.0,unnamed_9,568.0,balancesheet
1391.0,unnamed_9,629.0,balancesheet
1392.0,unnamed_9,373.0,balancesheet
1393.0,unnamed_9,240.0,balancesheet
1394.0,unnamed_9,276.0,balancesheet
1395.0,unnamed_9,50.0,balancesheet
1396.0,unnamed_9,118.0,balancesheet
1397.0,unnamed_9,165.0,balancesheet
1398.0,unnamed_9,120.0,balancesheet
1399.0,unnamed_9,133.0,balancesheet
1400.0,unnamed_9,11.0,balancesheet
1401.0,unnamed_9,91.0,balancesheet
1402.0,unnamed_9,60.0,balancesheet
1403.0,unnamed_9,47.0,balancesheet
1404.0,unnamed_9,39.0,balancesheet
1405.0,unnamed_9,63.0,balancesheet
1406.0,unnamed_9,135.0,balancesheet
1407.0,unnamed_9,424.0,balancesheet
1408.0,unnamed_9,95.0,balancesheet
1409.0,unnamed_9,113.0,balancesheet
1410.0,unnamed_9,247.0,balancesheet
1411.0,unnamed_9,295.0,balancesheet
1412.0,unnamed_9,190.0,balancesheet
1413.0,unnamed_9,193.0,balancesheet
1414.0,unnamed_9,1895.0,balancesheet
1415.0,unnamed_9,3168.0,balancesheet
1416.0,unnamed_9,2766.0,balancesheet
1417.0,unnamed_9,1670.0,balancesheet
1418.0,unnamed_9,1541.0,balancesheet
1419.0,unnamed_9,1278.0,balancesheet
1420.0,unnamed_9,963.0,balancesheet
1421.0,unnamed_9,906.0,balancesheet
1422.0,unnamed_9,926.0,balancesheet
1423.0,unnamed_9,1205.0,balancesheet
1424.0,unnamed_9,1234.0,balancesheet
1425.0,unnamed_9,1564.0,balancesheet
1426.0,unnamed_9,1500.0,balancesheet
1427.0,unnamed_9,14277.0,balancesheet
1428.0,unnamed_9,26822.0,balancesheet
1429.0,unnamed_9,28678.0,balancesheet
1430.0,unnamed_9,35996.0,balancesheet
1431.0,unnamed_9,15784.0,balancesheet
1432.0,unnamed_9,16614.0,balancesheet
1433.0,unnamed_9,18641.0,balancesheet
1434.0,unnamed_9,19497.0,balancesheet
1435.0,unnamed_9,19007.0,balancesheet
1436.0,unnamed_9,22046.0,balancesheet
1437.0,unnamed_9,31213.0,balancesheet
1438.0,unnamed_9,34356.0,balancesheet
1439.0,unnamed_9,39051.0,balancesheet
1440.0,unnamed_9,34.0,balancesheet
1441.0,unnamed_9,266.0,balancesheet
1442.0,unnamed_9,568.0,balancesheet
1443.0,unnamed_9,629.0,balancesheet
1444.0,unnamed_9,373.0,balancesheet
1445.0,unnamed_9,240.0,balancesheet
1446.0,unnamed_9,276.0,balancesheet
1447.0,unnamed_9,50.0,balancesheet
1448.0,unnamed_9,118.0,balancesheet
1449.0,unnamed_9,165.0,balancesheet
1450.0,unnamed_9,120.0,balancesheet
1451.0,unnamed_9,133.0,balancesheet
1452.0,unnamed_9,11.0,balancesheet
1453.0,unnamed_9,2358.0,balancesheet
1454.0,unnamed_9,3389.0,balancesheet
1455.0,unnamed_9,3323.0,balancesheet
1456.0,unnamed_9,1345.0,balancesheet
1457.0,unnamed_9,2178.0,balancesheet
1458.0,unnamed_9,1653.0,balancesheet
1459.0,unnamed_9,2576.0,balancesheet
1460.0,unnamed_9,1612.0,balancesheet
1461.0,unnamed_9,3270.0,balancesheet
1462.0,unnamed_9,4635.0,balancesheet
1463.0,unnamed_9,5376.0,balancesheet
1464.0,unnamed_9,11561.0,balancesheet
1465.0,unnamed_9,14306.0,balancesheet
1466.0,unnamed_9,18454.0,balancesheet
1467.0,unnamed_9,33263.0,balancesheet
1468.0,unnamed_9,28640.0,balancesheet
1469.0,unnamed_9,25919.0,balancesheet
1470.0,unnamed_9,33699.0,balancesheet
1471.0,unnamed_9,40034.0,balancesheet
1472.0,unnamed_9,31884.0,balancesheet
1473.0,unnamed_9,35622.0,balancesheet
1474.0,unnamed_9,20964.0,balancesheet
1475.0,unnamed_9,10251.0,balancesheet
1476.0,unnamed_9,14274.0,balancesheet
1477.0,unnamed_9,35698.0,balancesheet
1478.0,unnamed_9,15526.0,balancesheet
,unnamed_10,,balancesheet
136.0,unnamed_10,0.0,balancesheet
137.0,unnamed_10,0.0,balancesheet
138.0,unnamed_10,0.0,balancesheet
139.0,unnamed_10,0.0,balancesheet
140.0,unnamed_10,0.0,balancesheet
141.0,unnamed_10,0.0,balancesheet
142.0,unnamed_10,0.0,balancesheet
143.0,unnamed_10,0.0,balancesheet
144.0,unnamed_10,0.0,balancesheet
145.0,unnamed_10,0.0,balancesheet
146.0,unnamed_10,0.0,balancesheet
147.0,unnamed_10,0.0,balancesheet
148.0,unnamed_10,0.0,balancesheet
149.0,unnamed_10,0.0,balancesheet
150.0,unnamed_10,0.0,balancesheet
151.0,unnamed_10,20.0,balancesheet
152.0,unnamed_10,105.0,balancesheet
153.0,unnamed_10,0.0,balancesheet
154.0,unnamed_10,336.0,balancesheet
155.0,unnamed_10,313.0,balancesheet
156.0,unnamed_10,442.0,balancesheet
157.0,unnamed_10,561.0,balancesheet
158.0,unnamed_10,1370.0,balancesheet
159.0,unnamed_10,766.0,balancesheet
160.0,unnamed_10,1608.0,balancesheet
170.0,unnamed_10,323.0,balancesheet
171.0,unnamed_10,288.0,balancesheet
172.0,unnamed_10,744.0,balancesheet
173.0,unnamed_10,805.0,balancesheet
174.0,unnamed_10,1042.0,balancesheet
175.0,unnamed_10,1461.0,balancesheet
176.0,unnamed_10,1511.0,balancesheet
177.0,unnamed_10,1952.0,balancesheet
178.0,unnamed_10,5503.0,balancesheet
179.0,unnamed_10,4292.0,balancesheet
180.0,unnamed_10,6310.0,balancesheet
181.0,unnamed_10,8701.0,balancesheet
182.0,unnamed_10,10322.0,balancesheet
192.0,unnamed_10,26.0,balancesheet
193.0,unnamed_10,87.0,balancesheet
194.0,unnamed_10,77.0,balancesheet
195.0,unnamed_10,476.0,balancesheet
196.0,unnamed_10,502.0,balancesheet
197.0,unnamed_10,574.0,balancesheet
198.0,unnamed_10,1149.0,balancesheet
199.0,unnamed_10,1515.0,balancesheet
200.0,unnamed_10,2331.0,balancesheet
201.0,unnamed_10,222.0,balancesheet
202.0,unnamed_10,63.0,balancesheet
203.0,unnamed_10,260.0,balancesheet
204.0,unnamed_10,545.0,balancesheet
205.0,unnamed_10,1161.0,balancesheet
206.0,unnamed_10,1079.0,balancesheet
207.0,unnamed_10,782.0,balancesheet
208.0,unnamed_10,1178.0,balancesheet
209.0,unnamed_10,2236.0,balancesheet
210.0,unnamed_10,3161.0,balancesheet
211.0,unnamed_10,7432.0,balancesheet
212.0,unnamed_10,4289.0,balancesheet
213.0,unnamed_10,4489.0,balancesheet
214.0,unnamed_10,22.0,balancesheet
215.0,unnamed_10,115.0,balancesheet
216.0,unnamed_10,357.0,balancesheet
217.0,unnamed_10,0.0,balancesheet
218.0,unnamed_10,164.0,balancesheet
219.0,unnamed_10,0.0,balancesheet
220.0,unnamed_10,3.0,balancesheet
221.0,unnamed_10,3.0,balancesheet
222.0,unnamed_10,20.0,balancesheet
223.0,unnamed_10,183.0,balancesheet
224.0,unnamed_10,654.0,balancesheet
225.0,unnamed_10,374.0,balancesheet
226.0,unnamed_10,321.0,balancesheet
227.0,unnamed_10,1581.0,balancesheet
228.0,unnamed_10,1714.0,balancesheet
229.0,unnamed_10,2097.0,balancesheet
230.0,unnamed_10,2149.0,balancesheet
231.0,unnamed_10,175.0,balancesheet
232.0,unnamed_10,153.0,balancesheet
233.0,unnamed_10,133.0,balancesheet
234.0,unnamed_10,150.0,balancesheet
235.0,unnamed_10,167.0,balancesheet
236.0,unnamed_10,198.0,balancesheet
237.0,unnamed_10,214.0,balancesheet
238.0,unnamed_10,849.0,balancesheet
239.0,unnamed_10,2223.0,balancesheet
240.0,unnamed_10,527.0,balancesheet
241.0,unnamed_10,322.0,balancesheet
242.0,unnamed_10,311.0,balancesheet
243.0,unnamed_10,352.0,balancesheet
244.0,unnamed_10,406.0,balancesheet
245.0,unnamed_10,352.0,balancesheet
246.0,unnamed_10,462.0,balancesheet
247.0,unnamed_10,434.0,balancesheet
248.0,unnamed_10,1343.0,balancesheet
249.0,unnamed_10,816.0,balancesheet
250.0,unnamed_10,574.0,balancesheet
251.0,unnamed_10,986.0,balancesheet
252.0,unnamed_10,1012.0,balancesheet
253.0,unnamed_10,296.0,balancesheet
254.0,unnamed_10,1424.0,balancesheet
255.0,unnamed_10,1588.0,balancesheet
256.0,unnamed_10,2712.0,balancesheet
257.0,unnamed_10,2652.0,balancesheet
258.0,unnamed_10,2141.0,balancesheet
259.0,unnamed_10,2569.0,balancesheet
260.0,unnamed_10,2019.0,balancesheet
261.0,unnamed_10,4737.0,balancesheet
262.0,unnamed_10,3248.0,balancesheet
263.0,unnamed_10,4262.0,balancesheet
264.0,unnamed_10,4588.0,balancesheet
265.0,unnamed_10,3695.0,balancesheet
266.0,unnamed_10,296.0,balancesheet
267.0,unnamed_10,1424.0,balancesheet
268.0,unnamed_10,1588.0,balancesheet
269.0,unnamed_10,2712.0,balancesheet
270.0,unnamed_10,2652.0,balancesheet
271.0,unnamed_10,2141.0,balancesheet
272.0,unnamed_10,2569.0,balancesheet
273.0,unnamed_10,2019.0,balancesheet
274.0,unnamed_10,4737.0,balancesheet
275.0,unnamed_10,3248.0,balancesheet
276.0,unnamed_10,4262.0,balancesheet
277.0,unnamed_10,4588.0,balancesheet
278.0,unnamed_10,3695.0,balancesheet
279.0,unnamed_10,180.0,balancesheet
280.0,unnamed_10,176.0,balancesheet
281.0,unnamed_10,282.0,balancesheet
282.0,unnamed_10,417.0,balancesheet
283.0,unnamed_10,634.0,balancesheet
284.0,unnamed_10,682.0,balancesheet
285.0,unnamed_10,706.0,balancesheet
286.0,unnamed_10,922.0,balancesheet
287.0,unnamed_10,113378.0,balancesheet
288.0,unnamed_10,113093.0,balancesheet
289.0,unnamed_10,118527.0,balancesheet
290.0,unnamed_10,131399.0,balancesheet
291.0,unnamed_10,129018.0,balancesheet
292.0,unnamed_10,153037.0,balancesheet
293.0,unnamed_10,174056.0,balancesheet
294.0,unnamed_10,155282.0,balancesheet
295.0,unnamed_10,225336.0,balancesheet
296.0,unnamed_10,274608.0,balancesheet
297.0,unnamed_10,288095.0,balancesheet
298.0,unnamed_10,332354.0,balancesheet
299.0,unnamed_10,6059.0,balancesheet
300.0,unnamed_10,8448.0,balancesheet
301.0,unnamed_10,8985.0,balancesheet
302.0,unnamed_10,11067.0,balancesheet
303.0,unnamed_10,15477.0,balancesheet
304.0,unnamed_10,18895.0,balancesheet
305.0,unnamed_10,20603.0,balancesheet
306.0,unnamed_10,19914.0,balancesheet
307.0,unnamed_10,24687.0,balancesheet
308.0,unnamed_10,26634.0,balancesheet
309.0,unnamed_10,26183.0,balancesheet
310.0,unnamed_10,28087.0,balancesheet
311.0,unnamed_10,28552.0,balancesheet
312.0,unnamed_10,43251.0,balancesheet
313.0,unnamed_10,45314.0,balancesheet
314.0,unnamed_10,51367.0,balancesheet
315.0,unnamed_10,53698.0,balancesheet
316.0,unnamed_10,62658.0,balancesheet
317.0,unnamed_10,69428.0,balancesheet
318.0,unnamed_10,81679.0,balancesheet
319.0,unnamed_10,91821.0,balancesheet
320.0,unnamed_10,113654.0,balancesheet
321.0,unnamed_10,119222.0,balancesheet
322.0,unnamed_10,136176.0,balancesheet
323.0,unnamed_10,168385.0,balancesheet
324.0,unnamed_10,185250.0,balancesheet
325.0,unnamed_10,9577.0,balancesheet
326.0,unnamed_10,11325.0,balancesheet
327.0,unnamed_10,13078.0,balancesheet
328.0,unnamed_10,13276.0,balancesheet
329.0,unnamed_10,17364.0,balancesheet
330.0,unnamed_10,24575.0,balancesheet
331.0,unnamed_10,26257.0,balancesheet
332.0,unnamed_10,32068.0,balancesheet
333.0,unnamed_10,44914.0,balancesheet
334.0,unnamed_10,52964.0,balancesheet
335.0,unnamed_10,52555.0,balancesheet
336.0,unnamed_10,64715.0,balancesheet
337.0,unnamed_10,71252.0,balancesheet
338.0,unnamed_10,326.0,balancesheet
339.0,unnamed_10,1029.0,balancesheet
340.0,unnamed_10,4070.0,balancesheet
341.0,unnamed_10,3139.0,balancesheet
342.0,unnamed_10,8599.0,balancesheet
343.0,unnamed_10,17544.0,balancesheet
344.0,unnamed_10,18397.0,balancesheet
345.0,unnamed_10,12246.0,balancesheet
346.0,unnamed_10,22752.0,balancesheet
347.0,unnamed_10,30881.0,balancesheet
348.0,unnamed_10,31036.0,balancesheet
349.0,unnamed_10,125617.0,balancesheet
350.0,unnamed_10,122113.0,balancesheet
351.0,unnamed_10,124739.0,balancesheet
352.0,unnamed_10,128894.0,balancesheet
353.0,unnamed_10,140716.0,balancesheet
354.0,unnamed_10,175137.0,balancesheet
355.0,unnamed_10,195716.0,balancesheet
356.0,unnamed_10,289727.0,balancesheet
357.0,unnamed_10,281859.0,balancesheet
358.0,unnamed_10,347587.0,balancesheet
359.0,unnamed_10,397487.0,balancesheet
360.0,unnamed_10,407136.0,balancesheet
361.0,unnamed_10,0.0,balancesheet
362.0,unnamed_10,0.0,balancesheet
363.0,unnamed_10,0.0,balancesheet
364.0,unnamed_10,0.0,balancesheet
365.0,unnamed_10,0.0,balancesheet
366.0,unnamed_10,0.0,balancesheet
367.0,unnamed_10,0.0,balancesheet
368.0,unnamed_10,0.0,balancesheet
369.0,unnamed_10,0.0,balancesheet
370.0,unnamed_10,0.0,balancesheet
371.0,unnamed_10,0.0,balancesheet
372.0,unnamed_10,1.0,balancesheet
373.0,unnamed_10,1.0,balancesheet
374.0,unnamed_10,7710.0,balancesheet
375.0,unnamed_10,15531.0,balancesheet
376.0,unnamed_10,10752.0,balancesheet
377.0,unnamed_10,11977.0,balancesheet
378.0,unnamed_10,14339.0,balancesheet
379.0,unnamed_10,16159.0,balancesheet
380.0,unnamed_10,15711.0,balancesheet
381.0,unnamed_10,25476.0,balancesheet
382.0,unnamed_10,27550.0,balancesheet
383.0,unnamed_10,29349.0,balancesheet
384.0,unnamed_10,32954.0,balancesheet
385.0,unnamed_10,31602.0,balancesheet
386.0,unnamed_10,34438.0,balancesheet
387.0,unnamed_10,6.0,balancesheet
388.0,unnamed_10,6.0,balancesheet
389.0,unnamed_10,6.0,balancesheet
390.0,unnamed_10,796.0,balancesheet
391.0,unnamed_10,757.0,balancesheet
392.0,unnamed_10,429.0,balancesheet
393.0,unnamed_10,152.0,balancesheet
394.0,unnamed_10,162.0,balancesheet
395.0,unnamed_10,185.0,balancesheet
396.0,unnamed_10,205.0,balancesheet
397.0,unnamed_10,235.0,balancesheet
398.0,unnamed_10,256.0,balancesheet
399.0,unnamed_10,267.0,balancesheet
400.0,unnamed_10,1529.0,balancesheet
401.0,unnamed_10,2202.0,balancesheet
402.0,unnamed_10,2890.0,balancesheet
403.0,unnamed_10,4628.0,balancesheet
404.0,unnamed_10,3927.0,balancesheet
405.0,unnamed_10,5240.0,balancesheet
406.0,unnamed_10,4054.0,balancesheet
407.0,unnamed_10,4042.0,balancesheet
408.0,unnamed_10,5157.0,balancesheet
409.0,unnamed_10,5528.0,balancesheet
410.0,unnamed_10,5023.0,balancesheet
411.0,unnamed_10,5125.0,balancesheet
412.0,unnamed_10,5821.0,balancesheet
413.0,unnamed_10,7470.0,balancesheet
414.0,unnamed_10,6985.0,balancesheet
415.0,unnamed_10,7712.0,balancesheet
416.0,unnamed_10,9401.0,balancesheet
417.0,unnamed_10,21327.0,balancesheet
418.0,unnamed_10,23725.0,balancesheet
419.0,unnamed_10,24907.0,balancesheet
420.0,unnamed_10,27029.0,balancesheet
421.0,unnamed_10,26768.0,balancesheet
422.0,unnamed_10,23616.0,balancesheet
423.0,unnamed_10,26778.0,balancesheet
424.0,unnamed_10,26631.0,balancesheet
425.0,unnamed_10,27239.0,balancesheet
426.0,unnamed_10,108.0,balancesheet
427.0,unnamed_10,198.0,balancesheet
428.0,unnamed_10,518.0,balancesheet
429.0,unnamed_10,788.0,balancesheet
430.0,unnamed_10,487.0,balancesheet
431.0,unnamed_10,1079.0,balancesheet
432.0,unnamed_10,1476.0,balancesheet
433.0,unnamed_10,2893.0,balancesheet
434.0,unnamed_10,2781.0,balancesheet
435.0,unnamed_10,1762.0,balancesheet
436.0,unnamed_10,3324.0,balancesheet
437.0,unnamed_10,2767.0,balancesheet
438.0,unnamed_10,2368.0,balancesheet
439.0,unnamed_10,127534.0,balancesheet
440.0,unnamed_10,135445.0,balancesheet
441.0,unnamed_10,152122.0,balancesheet
442.0,unnamed_10,152470.0,balancesheet
443.0,unnamed_10,162073.0,balancesheet
444.0,unnamed_10,157444.0,balancesheet
445.0,unnamed_10,168678.0,balancesheet
446.0,unnamed_10,192645.0,balancesheet
447.0,unnamed_10,286191.0,balancesheet
448.0,unnamed_10,311347.0,balancesheet
449.0,unnamed_10,352893.0,balancesheet
450.0,unnamed_10,399207.0,balancesheet
451.0,unnamed_10,172.0,balancesheet
452.0,unnamed_10,39.0,balancesheet
453.0,unnamed_10,25.0,balancesheet
454.0,unnamed_10,16.0,balancesheet
455.0,unnamed_10,182.0,balancesheet
456.0,unnamed_10,23.0,balancesheet
457.0,unnamed_10,42.0,balancesheet
458.0,unnamed_10,33.0,balancesheet
459.0,unnamed_10,1583.0,balancesheet
460.0,unnamed_10,2055.0,balancesheet
461.0,unnamed_10,3562.0,balancesheet
462.0,unnamed_10,4036.0,balancesheet
463.0,unnamed_10,5787.0,balancesheet
464.0,unnamed_10,2532.0,balancesheet
465.0,unnamed_10,709.0,balancesheet
466.0,unnamed_10,640.0,balancesheet
467.0,unnamed_10,759.0,balancesheet
468.0,unnamed_10,973.0,balancesheet
469.0,unnamed_10,1259.0,balancesheet
470.0,unnamed_10,2554.0,balancesheet
471.0,unnamed_10,1471.0,balancesheet
472.0,unnamed_10,2710.0,balancesheet
473.0,unnamed_10,2551.0,balancesheet
474.0,unnamed_10,3662.0,balancesheet
475.0,unnamed_10,5449.0,balancesheet
476.0,unnamed_10,4995.0,balancesheet
477.0,unnamed_10,2395.0,balancesheet
478.0,unnamed_10,3775.0,balancesheet
479.0,unnamed_10,2813.0,balancesheet
480.0,unnamed_10,2906.0,balancesheet
481.0,unnamed_10,1483.0,balancesheet
482.0,unnamed_10,1704.0,balancesheet
483.0,unnamed_10,3170.0,balancesheet
484.0,unnamed_10,1973.0,balancesheet
485.0,unnamed_10,5950.0,balancesheet
486.0,unnamed_10,8921.0,balancesheet
487.0,unnamed_10,7139.0,balancesheet
488.0,unnamed_10,7110.0,balancesheet
489.0,unnamed_10,9058.0,balancesheet
490.0,unnamed_10,929.0,balancesheet
491.0,unnamed_10,1076.0,balancesheet
492.0,unnamed_10,1813.0,balancesheet
493.0,unnamed_10,2691.0,balancesheet
494.0,unnamed_10,3240.0,balancesheet
495.0,unnamed_10,3805.0,balancesheet
496.0,unnamed_10,3359.0,balancesheet
497.0,unnamed_10,2800.0,balancesheet
498.0,unnamed_10,4160.0,balancesheet
499.0,unnamed_10,6220.0,balancesheet
500.0,unnamed_10,6265.0,balancesheet
501.0,unnamed_10,6933.0,balancesheet
502.0,unnamed_10,7599.0,balancesheet
503.0,unnamed_10,408.0,balancesheet
504.0,unnamed_10,502.0,balancesheet
505.0,unnamed_10,733.0,balancesheet
506.0,unnamed_10,803.0,balancesheet
507.0,unnamed_10,1631.0,balancesheet
508.0,unnamed_10,1889.0,balancesheet
509.0,unnamed_10,1946.0,balancesheet
510.0,unnamed_10,971.0,balancesheet
511.0,unnamed_10,0.0,balancesheet
512.0,unnamed_10,72.0,balancesheet
513.0,unnamed_10,77.0,balancesheet
514.0,unnamed_10,82.0,balancesheet
515.0,unnamed_10,85.0,balancesheet
516.0,unnamed_10,1334.0,balancesheet
517.0,unnamed_10,891.0,balancesheet
518.0,unnamed_10,623.0,balancesheet
519.0,unnamed_10,21310.0,balancesheet
520.0,unnamed_10,1209.0,balancesheet
521.0,unnamed_10,20832.0,balancesheet
522.0,unnamed_10,21005.0,balancesheet
523.0,unnamed_10,18566.0,balancesheet
524.0,unnamed_10,19746.0,balancesheet
525.0,unnamed_10,19779.0,balancesheet
526.0,unnamed_10,19481.0,balancesheet
527.0,unnamed_10,20138.0,balancesheet
528.0,unnamed_10,20900.0,balancesheet
529.0,unnamed_10,16.0,balancesheet
530.0,unnamed_10,16.0,balancesheet
531.0,unnamed_10,15.0,balancesheet
532.0,unnamed_10,29.0,balancesheet
533.0,unnamed_10,26.0,balancesheet
534.0,unnamed_10,68.0,balancesheet
535.0,unnamed_10,17.0,balancesheet
536.0,unnamed_10,15.0,balancesheet
537.0,unnamed_10,3.0,balancesheet
538.0,unnamed_10,6.0,balancesheet
539.0,unnamed_10,202.0,balancesheet
540.0,unnamed_10,107.0,balancesheet
541.0,unnamed_10,87.0,balancesheet
542.0,unnamed_10,197.0,balancesheet
543.0,unnamed_10,1067.0,balancesheet
544.0,unnamed_10,2248.0,balancesheet
545.0,unnamed_10,3833.0,balancesheet
546.0,unnamed_10,2110.0,balancesheet
547.0,unnamed_10,2298.0,balancesheet
548.0,unnamed_10,2587.0,balancesheet
549.0,unnamed_10,2678.0,balancesheet
550.0,unnamed_10,2212.0,balancesheet
551.0,unnamed_10,2616.0,balancesheet
552.0,unnamed_10,4986.0,balancesheet
553.0,unnamed_10,4930.0,balancesheet
554.0,unnamed_10,3663.0,balancesheet
555.0,unnamed_10,638.0,balancesheet
556.0,unnamed_10,825.0,balancesheet
557.0,unnamed_10,1078.0,balancesheet
558.0,unnamed_10,3388.0,balancesheet
559.0,unnamed_10,4987.0,balancesheet
560.0,unnamed_10,5581.0,balancesheet
561.0,unnamed_10,4923.0,balancesheet
562.0,unnamed_10,5749.0,balancesheet
563.0,unnamed_10,3902.0,balancesheet
564.0,unnamed_10,7721.0,balancesheet
565.0,unnamed_10,12321.0,balancesheet
566.0,unnamed_10,13527.0,balancesheet
567.0,unnamed_10,14693.0,balancesheet
568.0,unnamed_10,1254.0,balancesheet
569.0,unnamed_10,1282.0,balancesheet
570.0,unnamed_10,1272.0,balancesheet
571.0,unnamed_10,9844.0,balancesheet
572.0,unnamed_10,10125.0,balancesheet
573.0,unnamed_10,10452.0,balancesheet
574.0,unnamed_10,10722.0,balancesheet
575.0,unnamed_10,9893.0,balancesheet
576.0,unnamed_10,13058.0,balancesheet
577.0,unnamed_10,16408.0,balancesheet
578.0,unnamed_10,17248.0,balancesheet
579.0,unnamed_10,21910.0,balancesheet
580.0,unnamed_10,24103.0,balancesheet
581.0,unnamed_10,121.0,balancesheet
582.0,unnamed_10,136.0,balancesheet
583.0,unnamed_10,186.0,balancesheet
584.0,unnamed_10,190.0,balancesheet
585.0,unnamed_10,934.0,balancesheet
586.0,unnamed_10,997.0,balancesheet
587.0,unnamed_10,516.0,balancesheet
588.0,unnamed_10,672.0,balancesheet
589.0,unnamed_10,679.0,balancesheet
590.0,unnamed_10,1015.0,balancesheet
591.0,unnamed_10,3029.0,balancesheet
592.0,unnamed_10,3504.0,balancesheet
593.0,unnamed_10,3517.0,balancesheet
594.0,unnamed_10,8011.0,balancesheet
595.0,unnamed_10,7611.0,balancesheet
596.0,unnamed_10,7255.0,balancesheet
597.0,unnamed_10,10601.0,balancesheet
598.0,unnamed_10,14200.0,balancesheet
599.0,unnamed_10,65995.0,balancesheet
600.0,unnamed_10,62747.0,balancesheet
601.0,unnamed_10,66337.0,balancesheet
602.0,unnamed_10,88017.0,balancesheet
603.0,unnamed_10,96766.0,balancesheet
604.0,unnamed_10,105355.0,balancesheet
605.0,unnamed_10,129306.0,balancesheet
606.0,unnamed_10,102453.0,balancesheet
607.0,unnamed_10,0.0,balancesheet
608.0,unnamed_10,22.0,balancesheet
609.0,unnamed_10,24.0,balancesheet
610.0,unnamed_10,22.0,balancesheet
611.0,unnamed_10,18.0,balancesheet
612.0,unnamed_10,17.0,balancesheet
613.0,unnamed_10,29.0,balancesheet
614.0,unnamed_10,35.0,balancesheet
615.0,unnamed_10,43.0,balancesheet
616.0,unnamed_10,48.0,balancesheet
630.0,unnamed_10,713.0,balancesheet
631.0,unnamed_10,662.0,balancesheet
632.0,unnamed_10,869.0,balancesheet
633.0,unnamed_10,698.0,balancesheet
634.0,unnamed_10,1306.0,balancesheet
635.0,unnamed_10,2660.0,balancesheet
636.0,unnamed_10,2305.0,balancesheet
637.0,unnamed_10,7066.0,balancesheet
638.0,unnamed_10,6862.0,balancesheet
639.0,unnamed_10,6351.0,balancesheet
640.0,unnamed_10,5495.0,balancesheet
641.0,unnamed_10,7137.0,balancesheet
642.0,unnamed_10,7642.0,balancesheet
643.0,unnamed_10,0.0,balancesheet
644.0,unnamed_10,0.0,balancesheet
645.0,unnamed_10,0.0,balancesheet
646.0,unnamed_10,189.0,balancesheet
647.0,unnamed_10,162.0,balancesheet
648.0,unnamed_10,0.0,balancesheet
649.0,unnamed_10,0.0,balancesheet
650.0,unnamed_10,0.0,balancesheet
651.0,unnamed_10,306.0,balancesheet
652.0,unnamed_10,426.0,balancesheet
653.0,unnamed_10,201.0,balancesheet
654.0,unnamed_10,20.0,balancesheet
655.0,unnamed_10,20.0,balancesheet
656.0,unnamed_10,110960.0,balancesheet
657.0,unnamed_10,119571.0,balancesheet
658.0,unnamed_10,149454.0,balancesheet
659.0,unnamed_10,193634.0,balancesheet
660.0,unnamed_10,210777.0,balancesheet
661.0,unnamed_10,238461.0,balancesheet
662.0,unnamed_10,289446.0,balancesheet
663.0,unnamed_10,389305.0,balancesheet
664.0,unnamed_10,438823.0,balancesheet
665.0,unnamed_10,449264.0,balancesheet
666.0,unnamed_10,511582.0,balancesheet
667.0,unnamed_10,1005682.0,balancesheet
668.0,unnamed_10,40404.0,balancesheet
669.0,unnamed_10,50527.0,balancesheet
670.0,unnamed_10,67024.0,balancesheet
671.0,unnamed_10,74144.0,balancesheet
672.0,unnamed_10,91723.0,balancesheet
673.0,unnamed_10,106590.0,balancesheet
674.0,unnamed_10,124958.0,balancesheet
675.0,unnamed_10,127256.0,balancesheet
676.0,unnamed_10,173564.0,balancesheet
677.0,unnamed_10,216551.0,balancesheet
678.0,unnamed_10,238197.0,balancesheet
679.0,unnamed_10,291128.0,balancesheet
680.0,unnamed_10,325023.0,balancesheet
681.0,unnamed_10,4106.0,balancesheet
682.0,unnamed_10,3118.0,balancesheet
683.0,unnamed_10,4501.0,balancesheet
684.0,unnamed_10,6066.0,balancesheet
685.0,unnamed_10,7669.0,balancesheet
686.0,unnamed_10,6114.0,balancesheet
687.0,unnamed_10,8359.0,balancesheet
688.0,unnamed_10,10582.0,balancesheet
689.0,unnamed_10,10528.0,balancesheet
690.0,unnamed_10,10891.0,balancesheet
691.0,unnamed_10,12751.0,balancesheet
692.0,unnamed_10,14980.0,balancesheet
693.0,unnamed_10,12601.0,balancesheet
694.0,unnamed_10,12961.0,balancesheet
695.0,unnamed_10,12346.0,balancesheet
696.0,unnamed_10,12463.0,balancesheet
697.0,unnamed_10,15157.0,balancesheet
698.0,unnamed_10,10781.0,balancesheet
699.0,unnamed_10,9012.0,balancesheet
700.0,unnamed_10,9411.0,balancesheet
701.0,unnamed_10,17133.0,balancesheet
702.0,unnamed_10,14119.0,balancesheet
703.0,unnamed_10,14116.0,balancesheet
704.0,unnamed_10,15444.0,balancesheet
705.0,unnamed_10,22453.0,balancesheet
706.0,unnamed_10,2252.0,balancesheet
707.0,unnamed_10,2838.0,balancesheet
708.0,unnamed_10,3025.0,balancesheet
709.0,unnamed_10,2592.0,balancesheet
710.0,unnamed_10,3794.0,balancesheet
711.0,unnamed_10,2873.0,balancesheet
712.0,unnamed_10,2716.0,balancesheet
713.0,unnamed_10,1255.0,balancesheet
714.0,unnamed_10,2709.0,balancesheet
715.0,unnamed_10,3521.0,balancesheet
716.0,unnamed_10,2882.0,balancesheet
717.0,unnamed_10,4625.0,balancesheet
718.0,unnamed_10,4316.0,balancesheet
719.0,unnamed_10,255667.0,balancesheet
720.0,unnamed_10,267609.0,balancesheet
721.0,unnamed_10,274311.0,balancesheet
722.0,unnamed_10,286044.0,balancesheet
723.0,unnamed_10,304373.0,balancesheet
724.0,unnamed_10,372208.0,balancesheet
725.0,unnamed_10,398201.0,balancesheet
726.0,unnamed_10,443473.0,balancesheet
727.0,unnamed_10,536579.0,balancesheet
728.0,unnamed_10,567098.0,balancesheet
729.0,unnamed_10,639552.0,balancesheet
730.0,unnamed_10,827163.0,balancesheet
731.0,unnamed_10,7800.0,balancesheet
732.0,unnamed_10,9290.0,balancesheet
733.0,unnamed_10,10200.0,balancesheet
734.0,unnamed_10,11426.0,balancesheet
735.0,unnamed_10,14806.0,balancesheet
736.0,unnamed_10,18193.0,balancesheet
737.0,unnamed_10,20714.0,balancesheet
738.0,unnamed_10,26327.0,balancesheet
739.0,unnamed_10,30788.0,balancesheet
740.0,unnamed_10,38412.0,balancesheet
741.0,unnamed_10,42836.0,balancesheet
742.0,unnamed_10,48584.0,balancesheet
743.0,unnamed_10,51557.0,balancesheet
744.0,unnamed_10,73716.0,balancesheet
745.0,unnamed_10,80101.0,balancesheet
746.0,unnamed_10,99491.0,balancesheet
747.0,unnamed_10,103024.0,balancesheet
748.0,unnamed_10,121581.0,balancesheet
749.0,unnamed_10,138537.0,balancesheet
750.0,unnamed_10,159003.0,balancesheet
751.0,unnamed_10,150776.0,balancesheet
752.0,unnamed_10,211727.0,balancesheet
753.0,unnamed_10,238101.0,balancesheet
754.0,unnamed_10,248216.0,balancesheet
755.0,unnamed_10,289728.0,balancesheet
756.0,unnamed_10,314855.0,balancesheet
757.0,unnamed_10,0.0,balancesheet
758.0,unnamed_10,0.0,balancesheet
759.0,unnamed_10,1.0,balancesheet
760.0,unnamed_10,124.0,balancesheet
761.0,unnamed_10,16.0,balancesheet
762.0,unnamed_10,15.0,balancesheet
763.0,unnamed_10,20.0,balancesheet
764.0,unnamed_10,21.0,balancesheet
765.0,unnamed_10,50.0,balancesheet
766.0,unnamed_10,173.0,balancesheet
767.0,unnamed_10,132.0,balancesheet
768.0,unnamed_10,188.0,balancesheet
769.0,unnamed_10,178.0,balancesheet
770.0,unnamed_10,19654.0,balancesheet
771.0,unnamed_10,21563.0,balancesheet
772.0,unnamed_10,22878.0,balancesheet
773.0,unnamed_10,34054.0,balancesheet
774.0,unnamed_10,36702.0,balancesheet
775.0,unnamed_10,50077.0,balancesheet
776.0,unnamed_10,59266.0,balancesheet
777.0,unnamed_10,59980.0,balancesheet
778.0,unnamed_10,69695.0,balancesheet
779.0,unnamed_10,70971.0,balancesheet
780.0,unnamed_10,83116.0,balancesheet
781.0,unnamed_10,106527.0,balancesheet
782.0,unnamed_10,2116.0,balancesheet
783.0,unnamed_10,4331.0,balancesheet
784.0,unnamed_10,2270.0,balancesheet
785.0,unnamed_10,1892.0,balancesheet
786.0,unnamed_10,16423.0,balancesheet
787.0,unnamed_10,12163.0,balancesheet
788.0,unnamed_10,11261.0,balancesheet
789.0,unnamed_10,8792.0,balancesheet
790.0,unnamed_10,14205.0,balancesheet
791.0,unnamed_10,20324.0,balancesheet
792.0,unnamed_10,19478.0,balancesheet
793.0,unnamed_10,24623.0,balancesheet
794.0,unnamed_10,17394.0,balancesheet
795.0,unnamed_10,17351.0,balancesheet
796.0,unnamed_10,15895.0,balancesheet
797.0,unnamed_10,16069.0,balancesheet
798.0,unnamed_10,31185.0,balancesheet
799.0,unnamed_10,43687.0,balancesheet
800.0,unnamed_10,44806.0,balancesheet
801.0,unnamed_10,44112.0,balancesheet
802.0,unnamed_10,35571.0,balancesheet
803.0,unnamed_10,44717.0,balancesheet
804.0,unnamed_10,52352.0,balancesheet
805.0,unnamed_10,52190.0,balancesheet
806.0,unnamed_10,65542.0,balancesheet
807.0,unnamed_10,70178.0,balancesheet
808.0,unnamed_10,0.0,balancesheet
809.0,unnamed_10,0.0,balancesheet
810.0,unnamed_10,0.0,balancesheet
811.0,unnamed_10,0.0,balancesheet
812.0,unnamed_10,0.0,balancesheet
813.0,unnamed_10,0.0,balancesheet
814.0,unnamed_10,0.0,balancesheet
815.0,unnamed_10,0.0,balancesheet
816.0,unnamed_10,0.0,balancesheet
817.0,unnamed_10,0.0,balancesheet
818.0,unnamed_10,15.0,balancesheet
819.0,unnamed_10,13.0,balancesheet
820.0,unnamed_10,11.0,balancesheet
821.0,unnamed_10,9.0,balancesheet
822.0,unnamed_10,8.0,balancesheet
823.0,unnamed_10,8.0,balancesheet
824.0,unnamed_10,14.0,balancesheet
825.0,unnamed_10,13.0,balancesheet
826.0,unnamed_10,12.0,balancesheet
827.0,unnamed_10,12.0,balancesheet
828.0,unnamed_10,10.0,balancesheet
829.0,unnamed_10,14.0,balancesheet
830.0,unnamed_10,54.0,balancesheet
831.0,unnamed_10,56.0,balancesheet
832.0,unnamed_10,5981.0,balancesheet
833.0,unnamed_10,7284.0,balancesheet
834.0,unnamed_10,6943.0,balancesheet
835.0,unnamed_10,11748.0,balancesheet
836.0,unnamed_10,17581.0,balancesheet
837.0,unnamed_10,22053.0,balancesheet
838.0,unnamed_10,25043.0,balancesheet
839.0,unnamed_10,28663.0,balancesheet
840.0,unnamed_10,24871.0,balancesheet
841.0,unnamed_10,24841.0,balancesheet
842.0,unnamed_10,29415.0,balancesheet
843.0,unnamed_10,31114.0,balancesheet
844.0,unnamed_10,28409.0,balancesheet
845.0,unnamed_10,2128.0,balancesheet
846.0,unnamed_10,4746.0,balancesheet
847.0,unnamed_10,4749.0,balancesheet
848.0,unnamed_10,33387.0,balancesheet
849.0,unnamed_10,70746.0,balancesheet
850.0,unnamed_10,67335.0,balancesheet
851.0,unnamed_10,66909.0,balancesheet
852.0,unnamed_10,56755.0,balancesheet
853.0,unnamed_10,60320.0,balancesheet
854.0,unnamed_10,66642.0,balancesheet
855.0,unnamed_10,78873.0,balancesheet
856.0,unnamed_10,102207.0,balancesheet
857.0,unnamed_10,106077.0,balancesheet
858.0,unnamed_10,4923.0,balancesheet
859.0,unnamed_10,3300.0,balancesheet
860.0,unnamed_10,1902.0,balancesheet
861.0,unnamed_10,6473.0,balancesheet
862.0,unnamed_10,7614.0,balancesheet
863.0,unnamed_10,8876.0,balancesheet
864.0,unnamed_10,8132.0,balancesheet
865.0,unnamed_10,9307.0,balancesheet
866.0,unnamed_10,10589.0,balancesheet
867.0,unnamed_10,10626.0,balancesheet
868.0,unnamed_10,13935.0,balancesheet
869.0,unnamed_10,15885.0,balancesheet
870.0,unnamed_10,16500.0,balancesheet
871.0,unnamed_10,1447.0,balancesheet
872.0,unnamed_10,1273.0,balancesheet
873.0,unnamed_10,1020.0,balancesheet
874.0,unnamed_10,606.0,balancesheet
875.0,unnamed_10,1020.0,balancesheet
876.0,unnamed_10,1125.0,balancesheet
877.0,unnamed_10,1283.0,balancesheet
878.0,unnamed_10,1398.0,balancesheet
879.0,unnamed_10,1842.0,balancesheet
880.0,unnamed_10,2386.0,balancesheet
881.0,unnamed_10,499.0,balancesheet
882.0,unnamed_10,479.0,balancesheet
883.0,unnamed_10,499.0,balancesheet
884.0,unnamed_10,851.0,balancesheet
885.0,unnamed_10,812.0,balancesheet
886.0,unnamed_10,1325.0,balancesheet
887.0,unnamed_10,1756.0,balancesheet
888.0,unnamed_10,1979.0,balancesheet
889.0,unnamed_10,2658.0,balancesheet
890.0,unnamed_10,1751.0,balancesheet
891.0,unnamed_10,1464.0,balancesheet
892.0,unnamed_10,774.0,balancesheet
893.0,unnamed_10,778.0,balancesheet
894.0,unnamed_10,778.0,balancesheet
895.0,unnamed_10,464.0,balancesheet
896.0,unnamed_10,786.0,balancesheet
897.0,unnamed_10,261.0,balancesheet
898.0,unnamed_10,538.0,balancesheet
899.0,unnamed_10,1175.0,balancesheet
900.0,unnamed_10,568.0,balancesheet
901.0,unnamed_10,551.0,balancesheet
902.0,unnamed_10,1565.0,balancesheet
903.0,unnamed_10,1204.0,balancesheet
904.0,unnamed_10,1133.0,balancesheet
905.0,unnamed_10,2324.0,balancesheet
906.0,unnamed_10,15614.0,balancesheet
907.0,unnamed_10,12403.0,balancesheet
908.0,unnamed_10,31203.0,balancesheet
909.0,unnamed_10,45320.0,balancesheet
910.0,unnamed_10,72.0,balancesheet
911.0,unnamed_10,75.0,balancesheet
912.0,unnamed_10,65.0,balancesheet
913.0,unnamed_10,590.0,balancesheet
914.0,unnamed_10,474.0,balancesheet
915.0,unnamed_10,792.0,balancesheet
916.0,unnamed_10,855.0,balancesheet
917.0,unnamed_10,796.0,balancesheet
918.0,unnamed_10,846.0,balancesheet
919.0,unnamed_10,6462.0,balancesheet
920.0,unnamed_10,6290.0,balancesheet
921.0,unnamed_10,6521.0,balancesheet
922.0,unnamed_10,6615.0,balancesheet
923.0,unnamed_10,7421.0,balancesheet
924.0,unnamed_10,10527.0,balancesheet
925.0,unnamed_10,13298.0,balancesheet
926.0,unnamed_10,20676.0,balancesheet
927.0,unnamed_10,29151.0,balancesheet
928.0,unnamed_10,36123.0,balancesheet
929.0,unnamed_10,37504.0,balancesheet
930.0,unnamed_10,37488.0,balancesheet
931.0,unnamed_10,42945.0,balancesheet
932.0,unnamed_10,42035.0,balancesheet
933.0,unnamed_10,49184.0,balancesheet
934.0,unnamed_10,57296.0,balancesheet
935.0,unnamed_10,57820.0,balancesheet
936.0,unnamed_10,6440.0,balancesheet
937.0,unnamed_10,8082.0,balancesheet
938.0,unnamed_10,10027.0,balancesheet
939.0,unnamed_10,11603.0,balancesheet
940.0,unnamed_10,14662.0,balancesheet
941.0,unnamed_10,16018.0,balancesheet
942.0,unnamed_10,18268.0,balancesheet
943.0,unnamed_10,19210.0,balancesheet
944.0,unnamed_10,28778.0,balancesheet
945.0,unnamed_10,30060.0,balancesheet
946.0,unnamed_10,35272.0,balancesheet
947.0,unnamed_10,35208.0,balancesheet
948.0,unnamed_10,34411.0,balancesheet
949.0,unnamed_10,49.0,balancesheet
950.0,unnamed_10,169.0,balancesheet
951.0,unnamed_10,104.0,balancesheet
952.0,unnamed_10,43.0,balancesheet
953.0,unnamed_10,941.0,balancesheet
954.0,unnamed_10,1264.0,balancesheet
955.0,unnamed_10,1740.0,balancesheet
956.0,unnamed_10,2219.0,balancesheet
957.0,unnamed_10,3730.0,balancesheet
958.0,unnamed_10,6048.0,balancesheet
959.0,unnamed_10,5458.0,balancesheet
960.0,unnamed_10,8744.0,balancesheet
961.0,unnamed_10,9664.0,balancesheet
962.0,unnamed_10,49.0,balancesheet
963.0,unnamed_10,169.0,balancesheet
964.0,unnamed_10,104.0,balancesheet
965.0,unnamed_10,43.0,balancesheet
966.0,unnamed_10,941.0,balancesheet
967.0,unnamed_10,1264.0,balancesheet
968.0,unnamed_10,1740.0,balancesheet
969.0,unnamed_10,2219.0,balancesheet
970.0,unnamed_10,3730.0,balancesheet
971.0,unnamed_10,6048.0,balancesheet
972.0,unnamed_10,5458.0,balancesheet
973.0,unnamed_10,8744.0,balancesheet
974.0,unnamed_10,9664.0,balancesheet
975.0,unnamed_10,376.0,balancesheet
976.0,unnamed_10,181.0,balancesheet
977.0,unnamed_10,595.0,balancesheet
978.0,unnamed_10,611.0,balancesheet
979.0,unnamed_10,1180.0,balancesheet
980.0,unnamed_10,1384.0,balancesheet
981.0,unnamed_10,1405.0,balancesheet
982.0,unnamed_10,1553.0,balancesheet
983.0,unnamed_10,1579.0,balancesheet
984.0,unnamed_10,574.0,balancesheet
985.0,unnamed_10,246.0,balancesheet
986.0,unnamed_10,2500.0,balancesheet
987.0,unnamed_10,1460.0,balancesheet
988.0,unnamed_10,2900287.0,balancesheet
989.0,unnamed_10,2976100.0,balancesheet
990.0,unnamed_10,3517445.0,balancesheet
991.0,unnamed_10,3926212.0,balancesheet
992.0,unnamed_10,4243008.0,balancesheet
993.0,unnamed_10,4976133.0,balancesheet
994.0,unnamed_10,5413779.0,balancesheet
995.0,unnamed_10,40907.0,balancesheet
996.0,unnamed_10,38791.0,balancesheet
997.0,unnamed_10,45589.0,balancesheet
998.0,unnamed_10,70274.0,balancesheet
999.0,unnamed_10,68462.0,balancesheet
1000.0,unnamed_10,90977.0,balancesheet
1001.0,unnamed_10,103487.0,balancesheet
1002.0,unnamed_10,111197.0,balancesheet
1003.0,unnamed_10,156946.0,balancesheet
1004.0,unnamed_10,164529.0,balancesheet
1005.0,unnamed_10,195338.0,balancesheet
1006.0,unnamed_10,246446.0,balancesheet
1007.0,unnamed_10,1750.0,balancesheet
1008.0,unnamed_10,663.0,balancesheet
1009.0,unnamed_10,599.0,balancesheet
1010.0,unnamed_10,1195.0,balancesheet
1011.0,unnamed_10,1366.0,balancesheet
1012.0,unnamed_10,1469.0,balancesheet
1013.0,unnamed_10,1894.0,balancesheet
1014.0,unnamed_10,1259.0,balancesheet
1015.0,unnamed_10,8581.0,balancesheet
1016.0,unnamed_10,4940.0,balancesheet
1017.0,unnamed_10,4806.0,balancesheet
1018.0,unnamed_10,7246.0,balancesheet
1019.0,unnamed_10,10740.0,balancesheet
1020.0,unnamed_10,955.0,balancesheet
1021.0,unnamed_10,888.0,balancesheet
1022.0,unnamed_10,1619.0,balancesheet
1023.0,unnamed_10,1012.0,balancesheet
1024.0,unnamed_10,1579.0,balancesheet
1025.0,unnamed_10,2415.0,balancesheet
1026.0,unnamed_10,2451.0,balancesheet
1027.0,unnamed_10,1854.0,balancesheet
1028.0,unnamed_10,4052.0,balancesheet
1029.0,unnamed_10,6623.0,balancesheet
1030.0,unnamed_10,6033.0,balancesheet
1031.0,unnamed_10,7035.0,balancesheet
1032.0,unnamed_10,10101.0,balancesheet
1033.0,unnamed_10,108141.0,balancesheet
1034.0,unnamed_10,133292.0,balancesheet
1035.0,unnamed_10,137439.0,balancesheet
1036.0,unnamed_10,809.0,balancesheet
1037.0,unnamed_10,342.0,balancesheet
1038.0,unnamed_10,1785.0,balancesheet
1039.0,unnamed_10,392.0,balancesheet
1040.0,unnamed_10,368.0,balancesheet
1041.0,unnamed_10,146.0,balancesheet
1042.0,unnamed_10,150.0,balancesheet
1043.0,unnamed_10,181.0,balancesheet
1044.0,unnamed_10,1156.0,balancesheet
1045.0,unnamed_10,470.0,balancesheet
1046.0,unnamed_10,907.0,balancesheet
1047.0,unnamed_10,819.0,balancesheet
1048.0,unnamed_10,863.0,balancesheet
1049.0,unnamed_10,27.0,balancesheet
1050.0,unnamed_10,27.0,balancesheet
1051.0,unnamed_10,528.0,balancesheet
1052.0,unnamed_10,2230.0,balancesheet
1053.0,unnamed_10,3145.0,balancesheet
1054.0,unnamed_10,5493.0,balancesheet
1055.0,unnamed_10,4604.0,balancesheet
1056.0,unnamed_10,4404.0,balancesheet
1057.0,unnamed_10,3499.0,balancesheet
1058.0,unnamed_10,3774.0,balancesheet
1059.0,unnamed_10,5973.0,balancesheet
1060.0,unnamed_10,10971.0,balancesheet
1061.0,unnamed_10,13219.0,balancesheet
1062.0,unnamed_10,294.0,balancesheet
1063.0,unnamed_10,260.0,balancesheet
1064.0,unnamed_10,370.0,balancesheet
1065.0,unnamed_10,706.0,balancesheet
1066.0,unnamed_10,1443.0,balancesheet
1067.0,unnamed_10,1246.0,balancesheet
1068.0,unnamed_10,1548.0,balancesheet
1069.0,unnamed_10,1186.0,balancesheet
1070.0,unnamed_10,516.0,balancesheet
1071.0,unnamed_10,459.0,balancesheet
1072.0,unnamed_10,881.0,balancesheet
1073.0,unnamed_10,2235.0,balancesheet
1074.0,unnamed_10,2546.0,balancesheet
1075.0,unnamed_10,777.0,balancesheet
1076.0,unnamed_10,645.0,balancesheet
1077.0,unnamed_10,1586.0,balancesheet
1078.0,unnamed_10,1622.0,balancesheet
1079.0,unnamed_10,3280.0,balancesheet
1080.0,unnamed_10,2413.0,balancesheet
1081.0,unnamed_10,4457.0,balancesheet
1082.0,unnamed_10,2048.0,balancesheet
1083.0,unnamed_10,2033.0,balancesheet
1084.0,unnamed_10,3472.0,balancesheet
1085.0,unnamed_10,3188.0,balancesheet
1086.0,unnamed_10,4345.0,balancesheet
1087.0,unnamed_10,777.0,balancesheet
1088.0,unnamed_10,645.0,balancesheet
1089.0,unnamed_10,1586.0,balancesheet
1090.0,unnamed_10,1622.0,balancesheet
1091.0,unnamed_10,3280.0,balancesheet
1092.0,unnamed_10,2413.0,balancesheet
1093.0,unnamed_10,4457.0,balancesheet
1094.0,unnamed_10,2048.0,balancesheet
1095.0,unnamed_10,2033.0,balancesheet
1096.0,unnamed_10,3472.0,balancesheet
1097.0,unnamed_10,3188.0,balancesheet
1098.0,unnamed_10,4345.0,balancesheet
1099.0,unnamed_10,777.0,balancesheet
1100.0,unnamed_10,645.0,balancesheet
1101.0,unnamed_10,1586.0,balancesheet
1102.0,unnamed_10,1622.0,balancesheet
1103.0,unnamed_10,3280.0,balancesheet
1104.0,unnamed_10,2413.0,balancesheet
1105.0,unnamed_10,4457.0,balancesheet
1106.0,unnamed_10,2048.0,balancesheet
1107.0,unnamed_10,2033.0,balancesheet
1108.0,unnamed_10,3472.0,balancesheet
1109.0,unnamed_10,3188.0,balancesheet
1110.0,unnamed_10,4345.0,balancesheet
1111.0,unnamed_10,777.0,balancesheet
1112.0,unnamed_10,645.0,balancesheet
1113.0,unnamed_10,1586.0,balancesheet
1114.0,unnamed_10,1622.0,balancesheet
1115.0,unnamed_10,3280.0,balancesheet
1116.0,unnamed_10,2413.0,balancesheet
1117.0,unnamed_10,4457.0,balancesheet
1118.0,unnamed_10,2048.0,balancesheet
1119.0,unnamed_10,2033.0,balancesheet
1120.0,unnamed_10,3472.0,balancesheet
1121.0,unnamed_10,3188.0,balancesheet
1122.0,unnamed_10,4345.0,balancesheet
1123.0,unnamed_10,777.0,balancesheet
1124.0,unnamed_10,645.0,balancesheet
1125.0,unnamed_10,1586.0,balancesheet
1126.0,unnamed_10,1622.0,balancesheet
1127.0,unnamed_10,3280.0,balancesheet
1128.0,unnamed_10,2413.0,balancesheet
1129.0,unnamed_10,4457.0,balancesheet
1130.0,unnamed_10,2048.0,balancesheet
1131.0,unnamed_10,2033.0,balancesheet
1132.0,unnamed_10,3472.0,balancesheet
1133.0,unnamed_10,3188.0,balancesheet
1134.0,unnamed_10,4345.0,balancesheet
1135.0,unnamed_10,586.0,balancesheet
1136.0,unnamed_10,423.0,balancesheet
1137.0,unnamed_10,220.0,balancesheet
1138.0,unnamed_10,919.0,balancesheet
1139.0,unnamed_10,1165.0,balancesheet
1140.0,unnamed_10,1224.0,balancesheet
1141.0,unnamed_10,1296.0,balancesheet
1142.0,unnamed_10,1431.0,balancesheet
1143.0,unnamed_10,1486.0,balancesheet
1144.0,unnamed_10,3788.0,balancesheet
1145.0,unnamed_10,3489.0,balancesheet
1146.0,unnamed_10,4163.0,balancesheet
1147.0,unnamed_10,3410.0,balancesheet
1148.0,unnamed_10,586.0,balancesheet
1149.0,unnamed_10,423.0,balancesheet
1150.0,unnamed_10,220.0,balancesheet
1151.0,unnamed_10,919.0,balancesheet
1152.0,unnamed_10,1165.0,balancesheet
1153.0,unnamed_10,1224.0,balancesheet
1154.0,unnamed_10,1296.0,balancesheet
1155.0,unnamed_10,1431.0,balancesheet
1156.0,unnamed_10,1486.0,balancesheet
1157.0,unnamed_10,3788.0,balancesheet
1158.0,unnamed_10,3489.0,balancesheet
1159.0,unnamed_10,4163.0,balancesheet
1160.0,unnamed_10,3410.0,balancesheet
1161.0,unnamed_10,638.0,balancesheet
1162.0,unnamed_10,1690.0,balancesheet
1163.0,unnamed_10,1596.0,balancesheet
1164.0,unnamed_10,2352.0,balancesheet
1165.0,unnamed_10,2617.0,balancesheet
1166.0,unnamed_10,2948.0,balancesheet
1167.0,unnamed_10,2463.0,balancesheet
1168.0,unnamed_10,2386.0,balancesheet
1169.0,unnamed_10,1981.0,balancesheet
1170.0,unnamed_10,2190.0,balancesheet
1171.0,unnamed_10,3170.0,balancesheet
1172.0,unnamed_10,5352.0,balancesheet
1173.0,unnamed_10,6790.0,balancesheet
1174.0,unnamed_10,42848.0,balancesheet
1175.0,unnamed_10,60602.0,balancesheet
1176.0,unnamed_10,76451.0,balancesheet
1177.0,unnamed_10,84015.0,balancesheet
1178.0,unnamed_10,82899.0,balancesheet
1179.0,unnamed_10,82862.0,balancesheet
1180.0,unnamed_10,235635.0,balancesheet
1181.0,unnamed_10,276767.0,balancesheet
1182.0,unnamed_10,364828.0,balancesheet
1183.0,unnamed_10,394264.0,balancesheet
1184.0,unnamed_10,235560.0,balancesheet
1185.0,unnamed_10,225672.0,balancesheet
1186.0,unnamed_10,244559.0,balancesheet
1187.0,unnamed_10,50047.0,balancesheet
1188.0,unnamed_10,56275.0,balancesheet
1189.0,unnamed_10,69385.0,balancesheet
1190.0,unnamed_10,77843.0,balancesheet
1191.0,unnamed_10,95830.0,balancesheet
1192.0,unnamed_10,114436.0,balancesheet
1193.0,unnamed_10,139325.0,balancesheet
1194.0,unnamed_10,158813.0,balancesheet
1195.0,unnamed_10,218756.0,balancesheet
1196.0,unnamed_10,264437.0,balancesheet
1197.0,unnamed_10,303988.0,balancesheet
1198.0,unnamed_10,384943.0,balancesheet
1199.0,unnamed_10,435926.0,balancesheet
1200.0,unnamed_10,114.0,balancesheet
1201.0,unnamed_10,87.0,balancesheet
1202.0,unnamed_10,154.0,balancesheet
1203.0,unnamed_10,416.0,balancesheet
1204.0,unnamed_10,435.0,balancesheet
1205.0,unnamed_10,746.0,balancesheet
1206.0,unnamed_10,674.0,balancesheet
1207.0,unnamed_10,765.0,balancesheet
1208.0,unnamed_10,830.0,balancesheet
1209.0,unnamed_10,3288.0,balancesheet
1210.0,unnamed_10,1547.0,balancesheet
1211.0,unnamed_10,1220.0,balancesheet
1212.0,unnamed_10,2596.0,balancesheet
1213.0,unnamed_10,2203.0,balancesheet
1214.0,unnamed_10,2244.0,balancesheet
1215.0,unnamed_10,1662.0,balancesheet
1216.0,unnamed_10,3030.0,balancesheet
1217.0,unnamed_10,4042.0,balancesheet
1218.0,unnamed_10,5434.0,balancesheet
1219.0,unnamed_10,2286.0,balancesheet
1220.0,unnamed_10,6358.0,balancesheet
1221.0,unnamed_10,8500.0,balancesheet
1222.0,unnamed_10,9033.0,balancesheet
1223.0,unnamed_10,8683.0,balancesheet
1224.0,unnamed_10,7556.0,balancesheet
1225.0,unnamed_10,6943.0,balancesheet
1226.0,unnamed_10,829.0,balancesheet
1227.0,unnamed_10,2145.0,balancesheet
1228.0,unnamed_10,324.0,balancesheet
1229.0,unnamed_10,2205.0,balancesheet
1230.0,unnamed_10,4718.0,balancesheet
1231.0,unnamed_10,6765.0,balancesheet
1232.0,unnamed_10,11645.0,balancesheet
1233.0,unnamed_10,11708.0,balancesheet
1234.0,unnamed_10,6765.0,balancesheet
1235.0,unnamed_10,6146.0,balancesheet
1236.0,unnamed_10,5532.0,balancesheet
1237.0,unnamed_10,20915.0,balancesheet
1238.0,unnamed_10,29913.0,balancesheet
1239.0,unnamed_10,25797.0,balancesheet
1240.0,unnamed_10,22887.0,balancesheet
1241.0,unnamed_10,20032.0,balancesheet
1242.0,unnamed_10,18775.0,balancesheet
1243.0,unnamed_10,26154.0,balancesheet
1244.0,unnamed_10,33073.0,balancesheet
1245.0,unnamed_10,33384.0,balancesheet
1246.0,unnamed_10,43970.0,balancesheet
1247.0,unnamed_10,16059.0,balancesheet
1248.0,unnamed_10,37910.0,balancesheet
1249.0,unnamed_10,39606.0,balancesheet
1250.0,unnamed_10,53386.0,balancesheet
1251.0,unnamed_10,46962.0,balancesheet
1252.0,unnamed_10,28700.0,balancesheet
1253.0,unnamed_10,33065.0,balancesheet
1254.0,unnamed_10,24753.0,balancesheet
1255.0,unnamed_10,16660.0,balancesheet
1256.0,unnamed_10,17291.0,balancesheet
1257.0,unnamed_10,13150.0,balancesheet
1258.0,unnamed_10,11869.0,balancesheet
1259.0,unnamed_10,12823.0,balancesheet
1260.0,unnamed_10,3280.0,balancesheet
1261.0,unnamed_10,2435.0,balancesheet
1262.0,unnamed_10,3037.0,balancesheet
1263.0,unnamed_10,1340.0,balancesheet
1264.0,unnamed_10,1518.0,balancesheet
1265.0,unnamed_10,2456.0,balancesheet
1266.0,unnamed_10,4126.0,balancesheet
1267.0,unnamed_10,2936.0,balancesheet
1268.0,unnamed_10,3347.0,balancesheet
1269.0,unnamed_10,6971.0,balancesheet
1270.0,unnamed_10,7430.0,balancesheet
1271.0,unnamed_10,9472.0,balancesheet
1272.0,unnamed_10,11616.0,balancesheet
1273.0,unnamed_10,0.0,balancesheet
1274.0,unnamed_10,8.0,balancesheet
1275.0,unnamed_10,114.0,balancesheet
1276.0,unnamed_10,110.0,balancesheet
1277.0,unnamed_10,0.0,balancesheet
1278.0,unnamed_10,0.0,balancesheet
1279.0,unnamed_10,0.0,balancesheet
1280.0,unnamed_10,0.0,balancesheet
1281.0,unnamed_10,3.0,balancesheet
1282.0,unnamed_10,1.0,balancesheet
1283.0,unnamed_10,1.0,balancesheet
1284.0,unnamed_10,1.0,balancesheet
1285.0,unnamed_10,218.0,balancesheet
1286.0,unnamed_10,238.0,balancesheet
1287.0,unnamed_10,216.0,balancesheet
1288.0,unnamed_10,77.0,balancesheet
1289.0,unnamed_10,0.0,balancesheet
1290.0,unnamed_10,0.0,balancesheet
1291.0,unnamed_10,25.0,balancesheet
1292.0,unnamed_10,22.0,balancesheet
1293.0,unnamed_10,0.0,balancesheet
1294.0,unnamed_10,222.0,balancesheet
1295.0,unnamed_10,286.0,balancesheet
1296.0,unnamed_10,645.0,balancesheet
1297.0,unnamed_10,819.0,balancesheet
1298.0,unnamed_10,81808.0,balancesheet
1299.0,unnamed_10,94636.0,balancesheet
1300.0,unnamed_10,85818.0,balancesheet
1301.0,unnamed_10,90573.0,balancesheet
1302.0,unnamed_10,113441.0,balancesheet
1303.0,unnamed_10,125485.0,balancesheet
1304.0,unnamed_10,128391.0,balancesheet
1305.0,unnamed_10,154251.0,balancesheet
1306.0,unnamed_10,339059.0,balancesheet
1307.0,unnamed_10,351839.0,balancesheet
1308.0,unnamed_10,343727.0,balancesheet
1309.0,unnamed_10,343953.0,balancesheet
1310.0,unnamed_10,2412.0,balancesheet
1311.0,unnamed_10,2786.0,balancesheet
1312.0,unnamed_10,2716.0,balancesheet
1313.0,unnamed_10,1830.0,balancesheet
1314.0,unnamed_10,1192.0,balancesheet
1315.0,unnamed_10,7143.0,balancesheet
1316.0,unnamed_10,7903.0,balancesheet
1317.0,unnamed_10,10143.0,balancesheet
1318.0,unnamed_10,9612.0,balancesheet
1319.0,unnamed_10,12849.0,balancesheet
1320.0,unnamed_10,14824.0,balancesheet
1321.0,unnamed_10,15026.0,balancesheet
1322.0,unnamed_10,17744.0,balancesheet
1323.0,unnamed_10,4709.0,balancesheet
1324.0,unnamed_10,4862.0,balancesheet
1325.0,unnamed_10,4500.0,balancesheet
1326.0,unnamed_10,5095.0,balancesheet
1327.0,unnamed_10,6691.0,balancesheet
1328.0,unnamed_10,5447.0,balancesheet
1329.0,unnamed_10,2921.0,balancesheet
1330.0,unnamed_10,5929.0,balancesheet
1331.0,unnamed_10,12178.0,balancesheet
1332.0,unnamed_10,6336.0,balancesheet
1333.0,unnamed_10,7297.0,balancesheet
1334.0,unnamed_10,8249.0,balancesheet
1335.0,unnamed_10,7579.0,balancesheet
1336.0,unnamed_10,348.0,balancesheet
1337.0,unnamed_10,439.0,balancesheet
1338.0,unnamed_10,539.0,balancesheet
1339.0,unnamed_10,943.0,balancesheet
1340.0,unnamed_10,1155.0,balancesheet
1341.0,unnamed_10,421.0,balancesheet
1342.0,unnamed_10,440.0,balancesheet
1343.0,unnamed_10,371.0,balancesheet
1344.0,unnamed_10,468.0,balancesheet
1345.0,unnamed_10,605.0,balancesheet
1346.0,unnamed_10,967.0,balancesheet
1347.0,unnamed_10,1123.0,balancesheet
1348.0,unnamed_10,1166.0,balancesheet
1349.0,unnamed_10,317.0,balancesheet
1350.0,unnamed_10,300.0,balancesheet
1351.0,unnamed_10,740.0,balancesheet
1352.0,unnamed_10,1067.0,balancesheet
1353.0,unnamed_10,1080.0,balancesheet
1354.0,unnamed_10,1023.0,balancesheet
1355.0,unnamed_10,883.0,balancesheet
1356.0,unnamed_10,1515.0,balancesheet
1357.0,unnamed_10,1487.0,balancesheet
1358.0,unnamed_10,1284.0,balancesheet
1359.0,unnamed_10,1110.0,balancesheet
1360.0,unnamed_10,1416.0,balancesheet
1361.0,unnamed_10,1517.0,balancesheet
1362.0,unnamed_10,60.0,balancesheet
1363.0,unnamed_10,186.0,balancesheet
1364.0,unnamed_10,298.0,balancesheet
1365.0,unnamed_10,780.0,balancesheet
1366.0,unnamed_10,804.0,balancesheet
1367.0,unnamed_10,492.0,balancesheet
1368.0,unnamed_10,353.0,balancesheet
1369.0,unnamed_10,2.0,balancesheet
1370.0,unnamed_10,181.0,balancesheet
1371.0,unnamed_10,226.0,balancesheet
1372.0,unnamed_10,199.0,balancesheet
1373.0,unnamed_10,173.0,balancesheet
1374.0,unnamed_10,127.0,balancesheet
1375.0,unnamed_10,3.0,balancesheet
1376.0,unnamed_10,3.0,balancesheet
1377.0,unnamed_10,3.0,balancesheet
1378.0,unnamed_10,30.0,balancesheet
1379.0,unnamed_10,431.0,balancesheet
1380.0,unnamed_10,36.0,balancesheet
1381.0,unnamed_10,108.0,balancesheet
1382.0,unnamed_10,158.0,balancesheet
1383.0,unnamed_10,2824.0,balancesheet
1384.0,unnamed_10,294.0,balancesheet
1385.0,unnamed_10,2515.0,balancesheet
1386.0,unnamed_10,2345.0,balancesheet
1387.0,unnamed_10,2535.0,balancesheet
1388.0,unnamed_10,4099.0,balancesheet
1389.0,unnamed_10,1472.0,balancesheet
1390.0,unnamed_10,2103.0,balancesheet
1391.0,unnamed_10,1297.0,balancesheet
1392.0,unnamed_10,2396.0,balancesheet
1393.0,unnamed_10,4841.0,balancesheet
1394.0,unnamed_10,7342.0,balancesheet
1395.0,unnamed_10,5848.0,balancesheet
1396.0,unnamed_10,10238.0,balancesheet
1397.0,unnamed_10,4884.0,balancesheet
1398.0,unnamed_10,3388.0,balancesheet
1399.0,unnamed_10,3238.0,balancesheet
1400.0,unnamed_10,2312.0,balancesheet
1401.0,unnamed_10,578.0,balancesheet
1402.0,unnamed_10,611.0,balancesheet
1403.0,unnamed_10,622.0,balancesheet
1404.0,unnamed_10,1366.0,balancesheet
1405.0,unnamed_10,1451.0,balancesheet
1406.0,unnamed_10,1161.0,balancesheet
1407.0,unnamed_10,1188.0,balancesheet
1408.0,unnamed_10,1323.0,balancesheet
1409.0,unnamed_10,806.0,balancesheet
1410.0,unnamed_10,797.0,balancesheet
1411.0,unnamed_10,1433.0,balancesheet
1412.0,unnamed_10,871.0,balancesheet
1413.0,unnamed_10,992.0,balancesheet
1414.0,unnamed_10,1897.0,balancesheet
1415.0,unnamed_10,3434.0,balancesheet
1416.0,unnamed_10,1662.0,balancesheet
1417.0,unnamed_10,22822.0,balancesheet
1418.0,unnamed_10,41980.0,balancesheet
1419.0,unnamed_10,36008.0,balancesheet
1420.0,unnamed_10,29330.0,balancesheet
1421.0,unnamed_10,26356.0,balancesheet
1422.0,unnamed_10,29373.0,balancesheet
1423.0,unnamed_10,30485.0,balancesheet
1424.0,unnamed_10,37163.0,balancesheet
1425.0,unnamed_10,31762.0,balancesheet
1426.0,unnamed_10,36081.0,balancesheet
1427.0,unnamed_10,3258.0,balancesheet
1428.0,unnamed_10,5093.0,balancesheet
1429.0,unnamed_10,3455.0,balancesheet
1430.0,unnamed_10,10714.0,balancesheet
1431.0,unnamed_10,12457.0,balancesheet
1432.0,unnamed_10,17899.0,balancesheet
1433.0,unnamed_10,5738.0,balancesheet
1434.0,unnamed_10,6285.0,balancesheet
1435.0,unnamed_10,10682.0,balancesheet
1436.0,unnamed_10,13140.0,balancesheet
1437.0,unnamed_10,8410.0,balancesheet
1438.0,unnamed_10,6258.0,balancesheet
1439.0,unnamed_10,6471.0,balancesheet
1440.0,unnamed_10,4099.0,balancesheet
1441.0,unnamed_10,1472.0,balancesheet
1442.0,unnamed_10,2103.0,balancesheet
1443.0,unnamed_10,1297.0,balancesheet
1444.0,unnamed_10,2396.0,balancesheet
1445.0,unnamed_10,4841.0,balancesheet
1446.0,unnamed_10,7342.0,balancesheet
1447.0,unnamed_10,5848.0,balancesheet
1448.0,unnamed_10,10238.0,balancesheet
1449.0,unnamed_10,4884.0,balancesheet
1450.0,unnamed_10,3388.0,balancesheet
1451.0,unnamed_10,3238.0,balancesheet
1452.0,unnamed_10,2312.0,balancesheet
1453.0,unnamed_10,3120.0,balancesheet
1454.0,unnamed_10,3019.0,balancesheet
1455.0,unnamed_10,3445.0,balancesheet
1456.0,unnamed_10,11785.0,balancesheet
1457.0,unnamed_10,11873.0,balancesheet
1458.0,unnamed_10,12429.0,balancesheet
1459.0,unnamed_10,13542.0,balancesheet
1460.0,unnamed_10,14535.0,balancesheet
1461.0,unnamed_10,13149.0,balancesheet
1462.0,unnamed_10,14160.0,balancesheet
1463.0,unnamed_10,16670.0,balancesheet
1464.0,unnamed_10,16316.0,balancesheet
1465.0,unnamed_10,15441.0,balancesheet
1466.0,unnamed_10,8765.0,balancesheet
1467.0,unnamed_10,10687.0,balancesheet
1468.0,unnamed_10,15337.0,balancesheet
1469.0,unnamed_10,23767.0,balancesheet
1470.0,unnamed_10,20338.0,balancesheet
1471.0,unnamed_10,20813.0,balancesheet
1472.0,unnamed_10,15771.0,balancesheet
1473.0,unnamed_10,16308.0,balancesheet
1474.0,unnamed_10,24620.0,balancesheet
1475.0,unnamed_10,29380.0,balancesheet
1476.0,unnamed_10,26379.0,balancesheet
1477.0,unnamed_10,22971.0,balancesheet
1478.0,unnamed_10,33381.0,balancesheet
,unnamed_11,,balancesheet
136.0,unnamed_11,798.0,balancesheet
137.0,unnamed_11,1040.0,balancesheet
138.0,unnamed_11,1274.0,balancesheet
139.0,unnamed_11,1505.0,balancesheet
140.0,unnamed_11,1950.0,balancesheet
141.0,unnamed_11,2333.0,balancesheet
142.0,unnamed_11,2835.0,balancesheet
143.0,unnamed_11,3275.0,balancesheet
144.0,unnamed_11,3589.0,balancesheet
145.0,unnamed_11,3952.0,balancesheet
146.0,unnamed_11,4315.0,balancesheet
147.0,unnamed_11,4958.0,balancesheet
148.0,unnamed_11,4834.0,balancesheet
149.0,unnamed_11,0.0,balancesheet
150.0,unnamed_11,909.0,balancesheet
151.0,unnamed_11,1407.0,balancesheet
152.0,unnamed_11,1510.0,balancesheet
153.0,unnamed_11,5621.0,balancesheet
154.0,unnamed_11,7117.0,balancesheet
155.0,unnamed_11,12262.0,balancesheet
156.0,unnamed_11,10550.0,balancesheet
157.0,unnamed_11,11572.0,balancesheet
158.0,unnamed_11,13716.0,balancesheet
159.0,unnamed_11,15849.0,balancesheet
160.0,unnamed_11,24958.0,balancesheet
170.0,unnamed_11,33529.0,balancesheet
171.0,unnamed_11,33661.0,balancesheet
172.0,unnamed_11,39407.0,balancesheet
173.0,unnamed_11,22696.0,balancesheet
174.0,unnamed_11,25170.0,balancesheet
175.0,unnamed_11,38864.0,balancesheet
176.0,unnamed_11,26240.0,balancesheet
177.0,unnamed_11,27099.0,balancesheet
178.0,unnamed_11,26451.0,balancesheet
179.0,unnamed_11,43627.0,balancesheet
180.0,unnamed_11,54062.0,balancesheet
181.0,unnamed_11,50728.0,balancesheet
182.0,unnamed_11,56949.0,balancesheet
192.0,unnamed_11,1525.0,balancesheet
193.0,unnamed_11,4777.0,balancesheet
194.0,unnamed_11,3449.0,balancesheet
195.0,unnamed_11,4186.0,balancesheet
196.0,unnamed_11,7309.0,balancesheet
197.0,unnamed_11,10029.0,balancesheet
198.0,unnamed_11,12133.0,balancesheet
199.0,unnamed_11,17860.0,balancesheet
200.0,unnamed_11,16678.0,balancesheet
201.0,unnamed_11,6480.0,balancesheet
202.0,unnamed_11,9426.0,balancesheet
203.0,unnamed_11,10020.0,balancesheet
204.0,unnamed_11,14990.0,balancesheet
205.0,unnamed_11,16641.0,balancesheet
206.0,unnamed_11,18938.0,balancesheet
207.0,unnamed_11,22924.0,balancesheet
208.0,unnamed_11,24808.0,balancesheet
209.0,unnamed_11,20358.0,balancesheet
210.0,unnamed_11,28591.0,balancesheet
211.0,unnamed_11,26271.0,balancesheet
212.0,unnamed_11,26627.0,balancesheet
213.0,unnamed_11,29062.0,balancesheet
214.0,unnamed_11,6600.0,balancesheet
215.0,unnamed_11,8599.0,balancesheet
216.0,unnamed_11,12846.0,balancesheet
217.0,unnamed_11,18765.0,balancesheet
218.0,unnamed_11,16831.0,balancesheet
219.0,unnamed_11,17271.0,balancesheet
220.0,unnamed_11,17213.0,balancesheet
221.0,unnamed_11,16830.0,balancesheet
222.0,unnamed_11,19495.0,balancesheet
223.0,unnamed_11,18254.0,balancesheet
224.0,unnamed_11,20836.0,balancesheet
225.0,unnamed_11,27694.0,balancesheet
226.0,unnamed_11,29863.0,balancesheet
227.0,unnamed_11,4289.0,balancesheet
228.0,unnamed_11,4399.0,balancesheet
229.0,unnamed_11,4780.0,balancesheet
230.0,unnamed_11,5398.0,balancesheet
231.0,unnamed_11,10657.0,balancesheet
232.0,unnamed_11,13791.0,balancesheet
233.0,unnamed_11,15613.0,balancesheet
234.0,unnamed_11,17773.0,balancesheet
235.0,unnamed_11,16643.0,balancesheet
236.0,unnamed_11,20585.0,balancesheet
237.0,unnamed_11,25430.0,balancesheet
238.0,unnamed_11,29365.0,balancesheet
239.0,unnamed_11,27019.0,balancesheet
240.0,unnamed_11,1543.0,balancesheet
241.0,unnamed_11,1855.0,balancesheet
242.0,unnamed_11,2372.0,balancesheet
243.0,unnamed_11,2448.0,balancesheet
244.0,unnamed_11,2759.0,balancesheet
245.0,unnamed_11,2759.0,balancesheet
246.0,unnamed_11,2901.0,balancesheet
247.0,unnamed_11,3187.0,balancesheet
248.0,unnamed_11,3037.0,balancesheet
249.0,unnamed_11,4104.0,balancesheet
250.0,unnamed_11,4712.0,balancesheet
251.0,unnamed_11,5219.0,balancesheet
252.0,unnamed_11,7293.0,balancesheet
253.0,unnamed_11,3989.0,balancesheet
254.0,unnamed_11,4019.0,balancesheet
255.0,unnamed_11,4471.0,balancesheet
256.0,unnamed_11,4324.0,balancesheet
257.0,unnamed_11,6192.0,balancesheet
258.0,unnamed_11,6485.0,balancesheet
259.0,unnamed_11,6974.0,balancesheet
260.0,unnamed_11,7707.0,balancesheet
261.0,unnamed_11,9577.0,balancesheet
262.0,unnamed_11,13765.0,balancesheet
263.0,unnamed_11,14728.0,balancesheet
264.0,unnamed_11,15468.0,balancesheet
265.0,unnamed_11,15629.0,balancesheet
266.0,unnamed_11,3989.0,balancesheet
267.0,unnamed_11,4019.0,balancesheet
268.0,unnamed_11,4471.0,balancesheet
269.0,unnamed_11,4324.0,balancesheet
270.0,unnamed_11,6192.0,balancesheet
271.0,unnamed_11,6485.0,balancesheet
272.0,unnamed_11,6974.0,balancesheet
273.0,unnamed_11,7707.0,balancesheet
274.0,unnamed_11,9577.0,balancesheet
275.0,unnamed_11,13765.0,balancesheet
276.0,unnamed_11,14728.0,balancesheet
277.0,unnamed_11,15468.0,balancesheet
278.0,unnamed_11,15629.0,balancesheet
279.0,unnamed_11,1624.0,balancesheet
280.0,unnamed_11,701.0,balancesheet
281.0,unnamed_11,655.0,balancesheet
282.0,unnamed_11,711.0,balancesheet
283.0,unnamed_11,878.0,balancesheet
284.0,unnamed_11,1010.0,balancesheet
285.0,unnamed_11,1209.0,balancesheet
286.0,unnamed_11,974.0,balancesheet
287.0,unnamed_11,224792.0,balancesheet
288.0,unnamed_11,270810.0,balancesheet
289.0,unnamed_11,346164.0,balancesheet
290.0,unnamed_11,411414.0,balancesheet
291.0,unnamed_11,478633.0,balancesheet
292.0,unnamed_11,546618.0,balancesheet
293.0,unnamed_11,635860.0,balancesheet
294.0,unnamed_11,768196.0,balancesheet
295.0,unnamed_11,771050.0,balancesheet
296.0,unnamed_11,916203.0,balancesheet
297.0,unnamed_11,1051181.0,balancesheet
298.0,unnamed_11,1179758.0,balancesheet
299.0,unnamed_11,3934.0,balancesheet
300.0,unnamed_11,4056.0,balancesheet
301.0,unnamed_11,4277.0,balancesheet
302.0,unnamed_11,4095.0,balancesheet
303.0,unnamed_11,4117.0,balancesheet
304.0,unnamed_11,4312.0,balancesheet
305.0,unnamed_11,6420.0,balancesheet
306.0,unnamed_11,4837.0,balancesheet
307.0,unnamed_11,7232.0,balancesheet
308.0,unnamed_11,6564.0,balancesheet
309.0,unnamed_11,6026.0,balancesheet
310.0,unnamed_11,8005.0,balancesheet
311.0,unnamed_11,13934.0,balancesheet
312.0,unnamed_11,20910.0,balancesheet
313.0,unnamed_11,27805.0,balancesheet
314.0,unnamed_11,35598.0,balancesheet
315.0,unnamed_11,48969.0,balancesheet
316.0,unnamed_11,64306.0,balancesheet
317.0,unnamed_11,90266.0,balancesheet
318.0,unnamed_11,124587.0,balancesheet
319.0,unnamed_11,156223.0,balancesheet
320.0,unnamed_11,162879.0,balancesheet
321.0,unnamed_11,210493.0,balancesheet
322.0,unnamed_11,264698.0,balancesheet
323.0,unnamed_11,363355.0,balancesheet
324.0,unnamed_11,409792.0,balancesheet
325.0,unnamed_11,666.0,balancesheet
326.0,unnamed_11,592.0,balancesheet
327.0,unnamed_11,271.0,balancesheet
328.0,unnamed_11,1651.0,balancesheet
329.0,unnamed_11,302.0,balancesheet
330.0,unnamed_11,478.0,balancesheet
331.0,unnamed_11,558.0,balancesheet
332.0,unnamed_11,287.0,balancesheet
333.0,unnamed_11,234.0,balancesheet
334.0,unnamed_11,314.0,balancesheet
335.0,unnamed_11,355.0,balancesheet
336.0,unnamed_11,203.0,balancesheet
337.0,unnamed_11,1054.0,balancesheet
338.0,unnamed_11,32201.0,balancesheet
339.0,unnamed_11,45654.0,balancesheet
340.0,unnamed_11,59295.0,balancesheet
341.0,unnamed_11,81189.0,balancesheet
342.0,unnamed_11,114939.0,balancesheet
343.0,unnamed_11,145526.0,balancesheet
344.0,unnamed_11,151707.0,balancesheet
345.0,unnamed_11,198510.0,balancesheet
346.0,unnamed_11,250087.0,balancesheet
347.0,unnamed_11,341568.0,balancesheet
348.0,unnamed_11,386167.0,balancesheet
349.0,unnamed_11,431220.0,balancesheet
350.0,unnamed_11,551142.0,balancesheet
351.0,unnamed_11,606248.0,balancesheet
352.0,unnamed_11,555920.0,balancesheet
353.0,unnamed_11,572570.0,balancesheet
354.0,unnamed_11,567126.0,balancesheet
355.0,unnamed_11,616586.0,balancesheet
356.0,unnamed_11,900941.0,balancesheet
357.0,unnamed_11,912367.0,balancesheet
358.0,unnamed_11,981435.0,balancesheet
359.0,unnamed_11,1118516.0,balancesheet
360.0,unnamed_11,1238579.0,balancesheet
361.0,unnamed_11,33.0,balancesheet
362.0,unnamed_11,39.0,balancesheet
363.0,unnamed_11,43.0,balancesheet
364.0,unnamed_11,46.0,balancesheet
365.0,unnamed_11,71.0,balancesheet
366.0,unnamed_11,110.0,balancesheet
367.0,unnamed_11,114.0,balancesheet
368.0,unnamed_11,108.0,balancesheet
369.0,unnamed_11,136.0,balancesheet
370.0,unnamed_11,145.0,balancesheet
371.0,unnamed_11,126.0,balancesheet
372.0,unnamed_11,142.0,balancesheet
373.0,unnamed_11,190.0,balancesheet
374.0,unnamed_11,21594.0,balancesheet
375.0,unnamed_11,25347.0,balancesheet
376.0,unnamed_11,29494.0,balancesheet
377.0,unnamed_11,34500.0,balancesheet
378.0,unnamed_11,28910.0,balancesheet
379.0,unnamed_11,36411.0,balancesheet
380.0,unnamed_11,47850.0,balancesheet
381.0,unnamed_11,100077.0,balancesheet
382.0,unnamed_11,87661.0,balancesheet
383.0,unnamed_11,81820.0,balancesheet
384.0,unnamed_11,84784.0,balancesheet
385.0,unnamed_11,90210.0,balancesheet
386.0,unnamed_11,87592.0,balancesheet
387.0,unnamed_11,64679.0,balancesheet
388.0,unnamed_11,67665.0,balancesheet
389.0,unnamed_11,64134.0,balancesheet
390.0,unnamed_11,60494.0,balancesheet
391.0,unnamed_11,57171.0,balancesheet
392.0,unnamed_11,60235.0,balancesheet
393.0,unnamed_11,61132.0,balancesheet
394.0,unnamed_11,56998.0,balancesheet
395.0,unnamed_11,52864.0,balancesheet
396.0,unnamed_11,53956.0,balancesheet
397.0,unnamed_11,54599.0,balancesheet
398.0,unnamed_11,56650.0,balancesheet
399.0,unnamed_11,58645.0,balancesheet
400.0,unnamed_11,5102.0,balancesheet
401.0,unnamed_11,5311.0,balancesheet
402.0,unnamed_11,6298.0,balancesheet
403.0,unnamed_11,6505.0,balancesheet
404.0,unnamed_11,6231.0,balancesheet
405.0,unnamed_11,7056.0,balancesheet
406.0,unnamed_11,6836.0,balancesheet
407.0,unnamed_11,7450.0,balancesheet
408.0,unnamed_11,7888.0,balancesheet
409.0,unnamed_11,8066.0,balancesheet
410.0,unnamed_11,9140.0,balancesheet
411.0,unnamed_11,10236.0,balancesheet
412.0,unnamed_11,10766.0,balancesheet
413.0,unnamed_11,39974.0,balancesheet
414.0,unnamed_11,44523.0,balancesheet
415.0,unnamed_11,33714.0,balancesheet
416.0,unnamed_11,34203.0,balancesheet
417.0,unnamed_11,37241.0,balancesheet
418.0,unnamed_11,41217.0,balancesheet
419.0,unnamed_11,49050.0,balancesheet
420.0,unnamed_11,45900.0,balancesheet
421.0,unnamed_11,53075.0,balancesheet
422.0,unnamed_11,64578.0,balancesheet
423.0,unnamed_11,58406.0,balancesheet
424.0,unnamed_11,68785.0,balancesheet
425.0,unnamed_11,74599.0,balancesheet
426.0,unnamed_11,891.0,balancesheet
427.0,unnamed_11,954.0,balancesheet
428.0,unnamed_11,1383.0,balancesheet
429.0,unnamed_11,1665.0,balancesheet
430.0,unnamed_11,2432.0,balancesheet
431.0,unnamed_11,2560.0,balancesheet
432.0,unnamed_11,2972.0,balancesheet
433.0,unnamed_11,3019.0,balancesheet
434.0,unnamed_11,3310.0,balancesheet
435.0,unnamed_11,3475.0,balancesheet
436.0,unnamed_11,3266.0,balancesheet
437.0,unnamed_11,3346.0,balancesheet
438.0,unnamed_11,4092.0,balancesheet
439.0,unnamed_11,288907.0,balancesheet
440.0,unnamed_11,358982.0,balancesheet
441.0,unnamed_11,399466.0,balancesheet
442.0,unnamed_11,404049.0,balancesheet
443.0,unnamed_11,426901.0,balancesheet
444.0,unnamed_11,465657.0,balancesheet
445.0,unnamed_11,534672.0,balancesheet
446.0,unnamed_11,540472.0,balancesheet
447.0,unnamed_11,882077.0,balancesheet
448.0,unnamed_11,935992.0,balancesheet
449.0,unnamed_11,1017803.0,balancesheet
450.0,unnamed_11,1123480.0,balancesheet
451.0,unnamed_11,17984.0,balancesheet
452.0,unnamed_11,21431.0,balancesheet
453.0,unnamed_11,23775.0,balancesheet
454.0,unnamed_11,27753.0,balancesheet
455.0,unnamed_11,30266.0,balancesheet
456.0,unnamed_11,43970.0,balancesheet
457.0,unnamed_11,57267.0,balancesheet
458.0,unnamed_11,63732.0,balancesheet
459.0,unnamed_11,72823.0,balancesheet
460.0,unnamed_11,80127.0,balancesheet
461.0,unnamed_11,109602.0,balancesheet
462.0,unnamed_11,151075.0,balancesheet
463.0,unnamed_11,174489.0,balancesheet
464.0,unnamed_11,5138.0,balancesheet
465.0,unnamed_11,5753.0,balancesheet
466.0,unnamed_11,7620.0,balancesheet
467.0,unnamed_11,8862.0,balancesheet
468.0,unnamed_11,8721.0,balancesheet
469.0,unnamed_11,10483.0,balancesheet
470.0,unnamed_11,10923.0,balancesheet
471.0,unnamed_11,11444.0,balancesheet
472.0,unnamed_11,11661.0,balancesheet
473.0,unnamed_11,13857.0,balancesheet
474.0,unnamed_11,15384.0,balancesheet
475.0,unnamed_11,16323.0,balancesheet
476.0,unnamed_11,18221.0,balancesheet
477.0,unnamed_11,91626.0,balancesheet
478.0,unnamed_11,82063.0,balancesheet
479.0,unnamed_11,87179.0,balancesheet
480.0,unnamed_11,84018.0,balancesheet
481.0,unnamed_11,84708.0,balancesheet
482.0,unnamed_11,85920.0,balancesheet
483.0,unnamed_11,87576.0,balancesheet
484.0,unnamed_11,102936.0,balancesheet
485.0,unnamed_11,102206.0,balancesheet
486.0,unnamed_11,110942.0,balancesheet
487.0,unnamed_11,132087.0,balancesheet
488.0,unnamed_11,134731.0,balancesheet
489.0,unnamed_11,140529.0,balancesheet
490.0,unnamed_11,2105.0,balancesheet
491.0,unnamed_11,2447.0,balancesheet
492.0,unnamed_11,2365.0,balancesheet
493.0,unnamed_11,2529.0,balancesheet
494.0,unnamed_11,2492.0,balancesheet
495.0,unnamed_11,2827.0,balancesheet
496.0,unnamed_11,3045.0,balancesheet
497.0,unnamed_11,4137.0,balancesheet
498.0,unnamed_11,4283.0,balancesheet
499.0,unnamed_11,3589.0,balancesheet
500.0,unnamed_11,3633.0,balancesheet
501.0,unnamed_11,4136.0,balancesheet
502.0,unnamed_11,4710.0,balancesheet
503.0,unnamed_11,1519.0,balancesheet
504.0,unnamed_11,1842.0,balancesheet
505.0,unnamed_11,2145.0,balancesheet
506.0,unnamed_11,2392.0,balancesheet
507.0,unnamed_11,2521.0,balancesheet
508.0,unnamed_11,2780.0,balancesheet
509.0,unnamed_11,3511.0,balancesheet
510.0,unnamed_11,3858.0,balancesheet
511.0,unnamed_11,6356.0,balancesheet
512.0,unnamed_11,8493.0,balancesheet
513.0,unnamed_11,9414.0,balancesheet
514.0,unnamed_11,9861.0,balancesheet
515.0,unnamed_11,9527.0,balancesheet
516.0,unnamed_11,35630.0,balancesheet
517.0,unnamed_11,38820.0,balancesheet
518.0,unnamed_11,40119.0,balancesheet
519.0,unnamed_11,34697.0,balancesheet
520.0,unnamed_11,37952.0,balancesheet
521.0,unnamed_11,31533.0,balancesheet
522.0,unnamed_11,39053.0,balancesheet
523.0,unnamed_11,32049.0,balancesheet
524.0,unnamed_11,28791.0,balancesheet
525.0,unnamed_11,26444.0,balancesheet
526.0,unnamed_11,28245.0,balancesheet
527.0,unnamed_11,34981.0,balancesheet
528.0,unnamed_11,37770.0,balancesheet
529.0,unnamed_11,433.0,balancesheet
530.0,unnamed_11,532.0,balancesheet
531.0,unnamed_11,713.0,balancesheet
532.0,unnamed_11,897.0,balancesheet
533.0,unnamed_11,3063.0,balancesheet
534.0,unnamed_11,2033.0,balancesheet
535.0,unnamed_11,2212.0,balancesheet
536.0,unnamed_11,5749.0,balancesheet
537.0,unnamed_11,5624.0,balancesheet
538.0,unnamed_11,5076.0,balancesheet
539.0,unnamed_11,5733.0,balancesheet
540.0,unnamed_11,6716.0,balancesheet
541.0,unnamed_11,7304.0,balancesheet
542.0,unnamed_11,8567.0,balancesheet
543.0,unnamed_11,9559.0,balancesheet
544.0,unnamed_11,10303.0,balancesheet
545.0,unnamed_11,9162.0,balancesheet
546.0,unnamed_11,9290.0,balancesheet
547.0,unnamed_11,9612.0,balancesheet
548.0,unnamed_11,9707.0,balancesheet
549.0,unnamed_11,12160.0,balancesheet
550.0,unnamed_11,14605.0,balancesheet
551.0,unnamed_11,17715.0,balancesheet
552.0,unnamed_11,16974.0,balancesheet
553.0,unnamed_11,22004.0,balancesheet
554.0,unnamed_11,23960.0,balancesheet
555.0,unnamed_11,2337.0,balancesheet
556.0,unnamed_11,2391.0,balancesheet
557.0,unnamed_11,2597.0,balancesheet
558.0,unnamed_11,667.0,balancesheet
559.0,unnamed_11,775.0,balancesheet
560.0,unnamed_11,2106.0,balancesheet
561.0,unnamed_11,4140.0,balancesheet
562.0,unnamed_11,4011.0,balancesheet
563.0,unnamed_11,7909.0,balancesheet
564.0,unnamed_11,5490.0,balancesheet
565.0,unnamed_11,3715.0,balancesheet
566.0,unnamed_11,6119.0,balancesheet
567.0,unnamed_11,5968.0,balancesheet
568.0,unnamed_11,15876.0,balancesheet
569.0,unnamed_11,19314.0,balancesheet
570.0,unnamed_11,20615.0,balancesheet
571.0,unnamed_11,15584.0,balancesheet
572.0,unnamed_11,13948.0,balancesheet
573.0,unnamed_11,14482.0,balancesheet
574.0,unnamed_11,15267.0,balancesheet
575.0,unnamed_11,15145.0,balancesheet
576.0,unnamed_11,13413.0,balancesheet
577.0,unnamed_11,20114.0,balancesheet
578.0,unnamed_11,24214.0,balancesheet
579.0,unnamed_11,24010.0,balancesheet
580.0,unnamed_11,24257.0,balancesheet
581.0,unnamed_11,2937.0,balancesheet
582.0,unnamed_11,2895.0,balancesheet
583.0,unnamed_11,3164.0,balancesheet
584.0,unnamed_11,3514.0,balancesheet
585.0,unnamed_11,3826.0,balancesheet
586.0,unnamed_11,4468.0,balancesheet
587.0,unnamed_11,4855.0,balancesheet
588.0,unnamed_11,4920.0,balancesheet
589.0,unnamed_11,4602.0,balancesheet
590.0,unnamed_11,5731.0,balancesheet
591.0,unnamed_11,4429.0,balancesheet
592.0,unnamed_11,4365.0,balancesheet
593.0,unnamed_11,4771.0,balancesheet
594.0,unnamed_11,9467.0,balancesheet
595.0,unnamed_11,10872.0,balancesheet
596.0,unnamed_11,12194.0,balancesheet
597.0,unnamed_11,12916.0,balancesheet
598.0,unnamed_11,12464.0,balancesheet
599.0,unnamed_11,70356.0,balancesheet
600.0,unnamed_11,88484.0,balancesheet
601.0,unnamed_11,86204.0,balancesheet
602.0,unnamed_11,88540.0,balancesheet
603.0,unnamed_11,96771.0,balancesheet
604.0,unnamed_11,128793.0,balancesheet
605.0,unnamed_11,163959.0,balancesheet
606.0,unnamed_11,220454.0,balancesheet
607.0,unnamed_11,71.0,balancesheet
608.0,unnamed_11,72.0,balancesheet
609.0,unnamed_11,74.0,balancesheet
610.0,unnamed_11,93.0,balancesheet
611.0,unnamed_11,104.0,balancesheet
612.0,unnamed_11,124.0,balancesheet
613.0,unnamed_11,127.0,balancesheet
614.0,unnamed_11,156.0,balancesheet
615.0,unnamed_11,158.0,balancesheet
616.0,unnamed_11,181.0,balancesheet
630.0,unnamed_11,14440.0,balancesheet
631.0,unnamed_11,21343.0,balancesheet
632.0,unnamed_11,25548.0,balancesheet
633.0,unnamed_11,28315.0,balancesheet
634.0,unnamed_11,28773.0,balancesheet
635.0,unnamed_11,26256.0,balancesheet
636.0,unnamed_11,32921.0,balancesheet
637.0,unnamed_11,37863.0,balancesheet
638.0,unnamed_11,41728.0,balancesheet
639.0,unnamed_11,47364.0,balancesheet
640.0,unnamed_11,53096.0,balancesheet
641.0,unnamed_11,56698.0,balancesheet
642.0,unnamed_11,57469.0,balancesheet
643.0,unnamed_11,2933.0,balancesheet
644.0,unnamed_11,3688.0,balancesheet
645.0,unnamed_11,3209.0,balancesheet
646.0,unnamed_11,2954.0,balancesheet
647.0,unnamed_11,3694.0,balancesheet
648.0,unnamed_11,3765.0,balancesheet
649.0,unnamed_11,4012.0,balancesheet
650.0,unnamed_11,3638.0,balancesheet
651.0,unnamed_11,5166.0,balancesheet
652.0,unnamed_11,6606.0,balancesheet
653.0,unnamed_11,7170.0,balancesheet
654.0,unnamed_11,8126.0,balancesheet
655.0,unnamed_11,8206.0,balancesheet
656.0,unnamed_11,293989.0,balancesheet
657.0,unnamed_11,381023.0,balancesheet
658.0,unnamed_11,454417.0,balancesheet
659.0,unnamed_11,564912.0,balancesheet
660.0,unnamed_11,677567.0,balancesheet
661.0,unnamed_11,860717.0,balancesheet
662.0,unnamed_11,998991.0,balancesheet
663.0,unnamed_11,1186750.0,balancesheet
664.0,unnamed_11,1355435.0,balancesheet
665.0,unnamed_11,1667238.0,balancesheet
666.0,unnamed_11,2010419.0,balancesheet
667.0,unnamed_11,3011909.0,balancesheet
668.0,unnamed_11,1232.0,balancesheet
669.0,unnamed_11,1458.0,balancesheet
670.0,unnamed_11,1932.0,balancesheet
671.0,unnamed_11,2053.0,balancesheet
672.0,unnamed_11,3020.0,balancesheet
673.0,unnamed_11,3551.0,balancesheet
674.0,unnamed_11,4682.0,balancesheet
675.0,unnamed_11,4637.0,balancesheet
676.0,unnamed_11,5493.0,balancesheet
677.0,unnamed_11,7559.0,balancesheet
678.0,unnamed_11,8844.0,balancesheet
679.0,unnamed_11,9982.0,balancesheet
680.0,unnamed_11,11272.0,balancesheet
681.0,unnamed_11,2914.0,balancesheet
682.0,unnamed_11,3864.0,balancesheet
683.0,unnamed_11,3958.0,balancesheet
684.0,unnamed_11,4066.0,balancesheet
685.0,unnamed_11,4411.0,balancesheet
686.0,unnamed_11,6865.0,balancesheet
687.0,unnamed_11,4451.0,balancesheet
688.0,unnamed_11,5639.0,balancesheet
689.0,unnamed_11,5240.0,balancesheet
690.0,unnamed_11,6413.0,balancesheet
691.0,unnamed_11,6685.0,balancesheet
692.0,unnamed_11,7548.0,balancesheet
693.0,unnamed_11,36226.0,balancesheet
694.0,unnamed_11,40798.0,balancesheet
695.0,unnamed_11,43330.0,balancesheet
696.0,unnamed_11,38821.0,balancesheet
697.0,unnamed_11,44486.0,balancesheet
698.0,unnamed_11,49081.0,balancesheet
699.0,unnamed_11,53003.0,balancesheet
700.0,unnamed_11,62291.0,balancesheet
701.0,unnamed_11,61218.0,balancesheet
702.0,unnamed_11,95917.0,balancesheet
703.0,unnamed_11,91047.0,balancesheet
704.0,unnamed_11,88602.0,balancesheet
705.0,unnamed_11,96066.0,balancesheet
706.0,unnamed_11,7186.0,balancesheet
707.0,unnamed_11,7797.0,balancesheet
708.0,unnamed_11,8067.0,balancesheet
709.0,unnamed_11,8535.0,balancesheet
710.0,unnamed_11,7264.0,balancesheet
711.0,unnamed_11,10000.0,balancesheet
712.0,unnamed_11,10792.0,balancesheet
713.0,unnamed_11,12822.0,balancesheet
714.0,unnamed_11,13843.0,balancesheet
715.0,unnamed_11,14199.0,balancesheet
716.0,unnamed_11,16385.0,balancesheet
717.0,unnamed_11,19095.0,balancesheet
718.0,unnamed_11,21400.0,balancesheet
719.0,unnamed_11,413682.0,balancesheet
720.0,unnamed_11,474646.0,balancesheet
721.0,unnamed_11,545897.0,balancesheet
722.0,unnamed_11,623999.0,balancesheet
723.0,unnamed_11,672013.0,balancesheet
724.0,unnamed_11,742608.0,balancesheet
725.0,unnamed_11,830933.0,balancesheet
726.0,unnamed_11,923411.0,balancesheet
727.0,unnamed_11,1026424.0,balancesheet
728.0,unnamed_11,1174833.0,balancesheet
729.0,unnamed_11,1307868.0,balancesheet
730.0,unnamed_11,1521186.0,balancesheet
731.0,unnamed_11,4436.0,balancesheet
732.0,unnamed_11,5064.0,balancesheet
733.0,unnamed_11,4056.0,balancesheet
734.0,unnamed_11,3730.0,balancesheet
735.0,unnamed_11,8018.0,balancesheet
736.0,unnamed_11,11151.0,balancesheet
737.0,unnamed_11,10707.0,balancesheet
738.0,unnamed_11,10039.0,balancesheet
739.0,unnamed_11,7779.0,balancesheet
740.0,unnamed_11,11485.0,balancesheet
741.0,unnamed_11,11342.0,balancesheet
742.0,unnamed_11,13700.0,balancesheet
743.0,unnamed_11,15697.0,balancesheet
744.0,unnamed_11,1332.0,balancesheet
745.0,unnamed_11,1171.0,balancesheet
746.0,unnamed_11,1509.0,balancesheet
747.0,unnamed_11,1522.0,balancesheet
748.0,unnamed_11,2946.0,balancesheet
749.0,unnamed_11,2859.0,balancesheet
750.0,unnamed_11,3607.0,balancesheet
751.0,unnamed_11,4303.0,balancesheet
752.0,unnamed_11,4560.0,balancesheet
753.0,unnamed_11,5848.0,balancesheet
754.0,unnamed_11,7039.0,balancesheet
755.0,unnamed_11,8553.0,balancesheet
756.0,unnamed_11,11220.0,balancesheet
757.0,unnamed_11,21.0,balancesheet
758.0,unnamed_11,25.0,balancesheet
759.0,unnamed_11,46.0,balancesheet
760.0,unnamed_11,58.0,balancesheet
761.0,unnamed_11,137.0,balancesheet
762.0,unnamed_11,167.0,balancesheet
763.0,unnamed_11,201.0,balancesheet
764.0,unnamed_11,199.0,balancesheet
765.0,unnamed_11,509.0,balancesheet
766.0,unnamed_11,442.0,balancesheet
767.0,unnamed_11,414.0,balancesheet
768.0,unnamed_11,471.0,balancesheet
769.0,unnamed_11,427.0,balancesheet
770.0,unnamed_11,52896.0,balancesheet
771.0,unnamed_11,64447.0,balancesheet
772.0,unnamed_11,87751.0,balancesheet
773.0,unnamed_11,107587.0,balancesheet
774.0,unnamed_11,140611.0,balancesheet
775.0,unnamed_11,170211.0,balancesheet
776.0,unnamed_11,216843.0,balancesheet
777.0,unnamed_11,245257.0,balancesheet
778.0,unnamed_11,291469.0,balancesheet
779.0,unnamed_11,329155.0,balancesheet
780.0,unnamed_11,372695.0,balancesheet
781.0,unnamed_11,406211.0,balancesheet
782.0,unnamed_11,35880.0,balancesheet
783.0,unnamed_11,43296.0,balancesheet
784.0,unnamed_11,51897.0,balancesheet
785.0,unnamed_11,58860.0,balancesheet
786.0,unnamed_11,51181.0,balancesheet
787.0,unnamed_11,53006.0,balancesheet
788.0,unnamed_11,55707.0,balancesheet
789.0,unnamed_11,58265.0,balancesheet
790.0,unnamed_11,66879.0,balancesheet
791.0,unnamed_11,70189.0,balancesheet
792.0,unnamed_11,75605.0,balancesheet
793.0,unnamed_11,83482.0,balancesheet
794.0,unnamed_11,92054.0,balancesheet
795.0,unnamed_11,130514.0,balancesheet
796.0,unnamed_11,139443.0,balancesheet
797.0,unnamed_11,100655.0,balancesheet
798.0,unnamed_11,74278.0,balancesheet
799.0,unnamed_11,97295.0,balancesheet
800.0,unnamed_11,107871.0,balancesheet
801.0,unnamed_11,130476.0,balancesheet
802.0,unnamed_11,114524.0,balancesheet
803.0,unnamed_11,117053.0,balancesheet
804.0,unnamed_11,150546.0,balancesheet
805.0,unnamed_11,158624.0,balancesheet
806.0,unnamed_11,160111.0,balancesheet
807.0,unnamed_11,171079.0,balancesheet
808.0,unnamed_11,990.0,balancesheet
809.0,unnamed_11,1264.0,balancesheet
810.0,unnamed_11,1639.0,balancesheet
811.0,unnamed_11,2122.0,balancesheet
812.0,unnamed_11,2372.0,balancesheet
813.0,unnamed_11,2941.0,balancesheet
814.0,unnamed_11,2818.0,balancesheet
815.0,unnamed_11,3522.0,balancesheet
816.0,unnamed_11,4704.0,balancesheet
817.0,unnamed_11,5306.0,balancesheet
818.0,unnamed_11,6005.0,balancesheet
819.0,unnamed_11,70729.0,balancesheet
820.0,unnamed_11,83906.0,balancesheet
821.0,unnamed_11,87626.0,balancesheet
822.0,unnamed_11,108381.0,balancesheet
823.0,unnamed_11,129630.0,balancesheet
824.0,unnamed_11,161443.0,balancesheet
825.0,unnamed_11,206579.0,balancesheet
826.0,unnamed_11,275482.0,balancesheet
827.0,unnamed_11,380424.0,balancesheet
828.0,unnamed_11,449932.0,balancesheet
829.0,unnamed_11,490326.0,balancesheet
830.0,unnamed_11,485003.0,balancesheet
831.0,unnamed_11,494269.0,balancesheet
832.0,unnamed_11,15146.0,balancesheet
833.0,unnamed_11,17526.0,balancesheet
834.0,unnamed_11,21006.0,balancesheet
835.0,unnamed_11,22237.0,balancesheet
836.0,unnamed_11,18694.0,balancesheet
837.0,unnamed_11,20156.0,balancesheet
838.0,unnamed_11,23185.0,balancesheet
839.0,unnamed_11,23678.0,balancesheet
840.0,unnamed_11,21580.0,balancesheet
841.0,unnamed_11,24898.0,balancesheet
842.0,unnamed_11,27561.0,balancesheet
843.0,unnamed_11,29959.0,balancesheet
844.0,unnamed_11,34784.0,balancesheet
845.0,unnamed_11,78267.0,balancesheet
846.0,unnamed_11,92273.0,balancesheet
847.0,unnamed_11,89771.0,balancesheet
848.0,unnamed_11,84440.0,balancesheet
849.0,unnamed_11,103612.0,balancesheet
850.0,unnamed_11,104328.0,balancesheet
851.0,unnamed_11,125987.0,balancesheet
852.0,unnamed_11,123884.0,balancesheet
853.0,unnamed_11,137372.0,balancesheet
854.0,unnamed_11,155496.0,balancesheet
855.0,unnamed_11,169478.0,balancesheet
856.0,unnamed_11,193091.0,balancesheet
857.0,unnamed_11,209602.0,balancesheet
858.0,unnamed_11,55465.0,balancesheet
859.0,unnamed_11,58785.0,balancesheet
860.0,unnamed_11,58403.0,balancesheet
861.0,unnamed_11,50217.0,balancesheet
862.0,unnamed_11,49560.0,balancesheet
863.0,unnamed_11,61985.0,balancesheet
864.0,unnamed_11,69409.0,balancesheet
865.0,unnamed_11,81951.0,balancesheet
866.0,unnamed_11,86681.0,balancesheet
867.0,unnamed_11,89156.0,balancesheet
868.0,unnamed_11,103651.0,balancesheet
869.0,unnamed_11,116795.0,balancesheet
870.0,unnamed_11,120866.0,balancesheet
871.0,unnamed_11,17415.0,balancesheet
872.0,unnamed_11,15643.0,balancesheet
873.0,unnamed_11,16123.0,balancesheet
874.0,unnamed_11,22866.0,balancesheet
875.0,unnamed_11,19352.0,balancesheet
876.0,unnamed_11,21520.0,balancesheet
877.0,unnamed_11,25437.0,balancesheet
878.0,unnamed_11,28297.0,balancesheet
879.0,unnamed_11,30133.0,balancesheet
880.0,unnamed_11,30554.0,balancesheet
881.0,unnamed_11,32218.0,balancesheet
882.0,unnamed_11,31513.0,balancesheet
883.0,unnamed_11,31511.0,balancesheet
884.0,unnamed_11,1799.0,balancesheet
885.0,unnamed_11,1586.0,balancesheet
886.0,unnamed_11,1633.0,balancesheet
887.0,unnamed_11,2136.0,balancesheet
888.0,unnamed_11,2673.0,balancesheet
889.0,unnamed_11,2924.0,balancesheet
890.0,unnamed_11,2937.0,balancesheet
891.0,unnamed_11,3618.0,balancesheet
892.0,unnamed_11,4219.0,balancesheet
893.0,unnamed_11,4799.0,balancesheet
894.0,unnamed_11,4799.0,balancesheet
895.0,unnamed_11,4857.0,balancesheet
896.0,unnamed_11,4057.0,balancesheet
897.0,unnamed_11,402.0,balancesheet
898.0,unnamed_11,363.0,balancesheet
899.0,unnamed_11,455.0,balancesheet
900.0,unnamed_11,1276.0,balancesheet
901.0,unnamed_11,1343.0,balancesheet
902.0,unnamed_11,943.0,balancesheet
903.0,unnamed_11,1895.0,balancesheet
904.0,unnamed_11,1518.0,balancesheet
905.0,unnamed_11,3834.0,balancesheet
906.0,unnamed_11,3836.0,balancesheet
907.0,unnamed_11,3450.0,balancesheet
908.0,unnamed_11,4077.0,balancesheet
909.0,unnamed_11,4055.0,balancesheet
910.0,unnamed_11,7005.0,balancesheet
911.0,unnamed_11,8603.0,balancesheet
912.0,unnamed_11,10276.0,balancesheet
913.0,unnamed_11,10531.0,balancesheet
914.0,unnamed_11,17343.0,balancesheet
915.0,unnamed_11,18885.0,balancesheet
916.0,unnamed_11,22409.0,balancesheet
917.0,unnamed_11,22635.0,balancesheet
918.0,unnamed_11,25926.0,balancesheet
919.0,unnamed_11,26543.0,balancesheet
920.0,unnamed_11,30415.0,balancesheet
921.0,unnamed_11,45037.0,balancesheet
922.0,unnamed_11,56115.0,balancesheet
923.0,unnamed_11,8107.0,balancesheet
924.0,unnamed_11,7275.0,balancesheet
925.0,unnamed_11,6800.0,balancesheet
926.0,unnamed_11,8513.0,balancesheet
927.0,unnamed_11,8247.0,balancesheet
928.0,unnamed_11,8604.0,balancesheet
929.0,unnamed_11,9421.0,balancesheet
930.0,unnamed_11,8980.0,balancesheet
931.0,unnamed_11,11946.0,balancesheet
932.0,unnamed_11,15937.0,balancesheet
933.0,unnamed_11,18837.0,balancesheet
934.0,unnamed_11,22408.0,balancesheet
935.0,unnamed_11,26237.0,balancesheet
936.0,unnamed_11,49752.0,balancesheet
937.0,unnamed_11,59234.0,balancesheet
938.0,unnamed_11,62270.0,balancesheet
939.0,unnamed_11,65293.0,balancesheet
940.0,unnamed_11,73905.0,balancesheet
941.0,unnamed_11,89900.0,balancesheet
942.0,unnamed_11,109878.0,balancesheet
943.0,unnamed_11,109960.0,balancesheet
944.0,unnamed_11,106938.0,balancesheet
945.0,unnamed_11,109607.0,balancesheet
946.0,unnamed_11,137902.0,balancesheet
947.0,unnamed_11,163345.0,balancesheet
948.0,unnamed_11,180997.0,balancesheet
949.0,unnamed_11,1438.0,balancesheet
950.0,unnamed_11,1791.0,balancesheet
951.0,unnamed_11,2166.0,balancesheet
952.0,unnamed_11,2437.0,balancesheet
953.0,unnamed_11,2934.0,balancesheet
954.0,unnamed_11,3385.0,balancesheet
955.0,unnamed_11,3982.0,balancesheet
956.0,unnamed_11,4617.0,balancesheet
957.0,unnamed_11,5004.0,balancesheet
958.0,unnamed_11,10548.0,balancesheet
959.0,unnamed_11,13442.0,balancesheet
960.0,unnamed_11,13269.0,balancesheet
961.0,unnamed_11,13149.0,balancesheet
962.0,unnamed_11,1438.0,balancesheet
963.0,unnamed_11,1791.0,balancesheet
964.0,unnamed_11,2166.0,balancesheet
965.0,unnamed_11,2437.0,balancesheet
966.0,unnamed_11,2934.0,balancesheet
967.0,unnamed_11,3385.0,balancesheet
968.0,unnamed_11,3982.0,balancesheet
969.0,unnamed_11,4617.0,balancesheet
970.0,unnamed_11,5004.0,balancesheet
971.0,unnamed_11,10548.0,balancesheet
972.0,unnamed_11,13442.0,balancesheet
973.0,unnamed_11,13269.0,balancesheet
974.0,unnamed_11,13149.0,balancesheet
975.0,unnamed_11,7951.0,balancesheet
976.0,unnamed_11,8003.0,balancesheet
977.0,unnamed_11,25008.0,balancesheet
978.0,unnamed_11,28295.0,balancesheet
979.0,unnamed_11,30888.0,balancesheet
980.0,unnamed_11,36664.0,balancesheet
981.0,unnamed_11,46314.0,balancesheet
982.0,unnamed_11,37112.0,balancesheet
983.0,unnamed_11,35776.0,balancesheet
984.0,unnamed_11,35908.0,balancesheet
985.0,unnamed_11,37048.0,balancesheet
986.0,unnamed_11,43524.0,balancesheet
987.0,unnamed_11,44661.0,balancesheet
988.0,unnamed_11,501059.0,balancesheet
989.0,unnamed_11,494784.0,balancesheet
990.0,unnamed_11,294208.0,balancesheet
991.0,unnamed_11,309878.0,balancesheet
992.0,unnamed_11,314678.0,balancesheet
993.0,unnamed_11,318844.0,balancesheet
994.0,unnamed_11,301145.0,balancesheet
995.0,unnamed_11,74308.0,balancesheet
996.0,unnamed_11,82142.0,balancesheet
997.0,unnamed_11,101490.0,balancesheet
998.0,unnamed_11,168769.0,balancesheet
999.0,unnamed_11,205967.0,balancesheet
1000.0,unnamed_11,244201.0,balancesheet
1001.0,unnamed_11,288987.0,balancesheet
1002.0,unnamed_11,329301.0,balancesheet
1003.0,unnamed_11,319355.0,balancesheet
1004.0,unnamed_11,379245.0,balancesheet
1005.0,unnamed_11,422017.0,balancesheet
1006.0,unnamed_11,517711.0,balancesheet
1007.0,unnamed_11,15148.0,balancesheet
1008.0,unnamed_11,20531.0,balancesheet
1009.0,unnamed_11,24613.0,balancesheet
1010.0,unnamed_11,17302.0,balancesheet
1011.0,unnamed_11,23546.0,balancesheet
1012.0,unnamed_11,26703.0,balancesheet
1013.0,unnamed_11,38370.0,balancesheet
1014.0,unnamed_11,41285.0,balancesheet
1015.0,unnamed_11,42253.0,balancesheet
1016.0,unnamed_11,74760.0,balancesheet
1017.0,unnamed_11,79115.0,balancesheet
1018.0,unnamed_11,78515.0,balancesheet
1019.0,unnamed_11,78579.0,balancesheet
1020.0,unnamed_11,4521.0,balancesheet
1021.0,unnamed_11,4107.0,balancesheet
1022.0,unnamed_11,4157.0,balancesheet
1023.0,unnamed_11,6908.0,balancesheet
1024.0,unnamed_11,6789.0,balancesheet
1025.0,unnamed_11,5135.0,balancesheet
1026.0,unnamed_11,5251.0,balancesheet
1027.0,unnamed_11,5974.0,balancesheet
1028.0,unnamed_11,6045.0,balancesheet
1029.0,unnamed_11,6970.0,balancesheet
1030.0,unnamed_11,12576.0,balancesheet
1031.0,unnamed_11,11501.0,balancesheet
1032.0,unnamed_11,12847.0,balancesheet
1033.0,unnamed_11,6593.0,balancesheet
1034.0,unnamed_11,11395.0,balancesheet
1035.0,unnamed_11,6613.0,balancesheet
1036.0,unnamed_11,17605.0,balancesheet
1037.0,unnamed_11,15771.0,balancesheet
1038.0,unnamed_11,18035.0,balancesheet
1039.0,unnamed_11,15142.0,balancesheet
1040.0,unnamed_11,14559.0,balancesheet
1041.0,unnamed_11,15657.0,balancesheet
1042.0,unnamed_11,15784.0,balancesheet
1043.0,unnamed_11,17055.0,balancesheet
1044.0,unnamed_11,20624.0,balancesheet
1045.0,unnamed_11,28147.0,balancesheet
1046.0,unnamed_11,17108.0,balancesheet
1047.0,unnamed_11,19862.0,balancesheet
1048.0,unnamed_11,20158.0,balancesheet
1049.0,unnamed_11,169229.0,balancesheet
1050.0,unnamed_11,194220.0,balancesheet
1051.0,unnamed_11,228280.0,balancesheet
1052.0,unnamed_11,244745.0,balancesheet
1053.0,unnamed_11,255990.0,balancesheet
1054.0,unnamed_11,516749.0,balancesheet
1055.0,unnamed_11,623871.0,balancesheet
1056.0,unnamed_11,689590.0,balancesheet
1057.0,unnamed_11,771530.0,balancesheet
1058.0,unnamed_11,786454.0,balancesheet
1059.0,unnamed_11,889334.0,balancesheet
1060.0,unnamed_11,1027102.0,balancesheet
1061.0,unnamed_11,1089326.0,balancesheet
1062.0,unnamed_11,1248.0,balancesheet
1063.0,unnamed_11,1481.0,balancesheet
1064.0,unnamed_11,1505.0,balancesheet
1065.0,unnamed_11,1713.0,balancesheet
1066.0,unnamed_11,1904.0,balancesheet
1067.0,unnamed_11,2383.0,balancesheet
1068.0,unnamed_11,2666.0,balancesheet
1069.0,unnamed_11,3270.0,balancesheet
1070.0,unnamed_11,3586.0,balancesheet
1071.0,unnamed_11,4107.0,balancesheet
1072.0,unnamed_11,4304.0,balancesheet
1073.0,unnamed_11,4242.0,balancesheet
1074.0,unnamed_11,4550.0,balancesheet
1075.0,unnamed_11,6860.0,balancesheet
1076.0,unnamed_11,10865.0,balancesheet
1077.0,unnamed_11,17392.0,balancesheet
1078.0,unnamed_11,27987.0,balancesheet
1079.0,unnamed_11,39620.0,balancesheet
1080.0,unnamed_11,60340.0,balancesheet
1081.0,unnamed_11,79185.0,balancesheet
1082.0,unnamed_11,76572.0,balancesheet
1083.0,unnamed_11,69117.0,balancesheet
1084.0,unnamed_11,62024.0,balancesheet
1085.0,unnamed_11,63468.0,balancesheet
1086.0,unnamed_11,67804.0,balancesheet
1087.0,unnamed_11,6860.0,balancesheet
1088.0,unnamed_11,10865.0,balancesheet
1089.0,unnamed_11,17392.0,balancesheet
1090.0,unnamed_11,27987.0,balancesheet
1091.0,unnamed_11,39620.0,balancesheet
1092.0,unnamed_11,60340.0,balancesheet
1093.0,unnamed_11,79185.0,balancesheet
1094.0,unnamed_11,76572.0,balancesheet
1095.0,unnamed_11,69117.0,balancesheet
1096.0,unnamed_11,62024.0,balancesheet
1097.0,unnamed_11,63468.0,balancesheet
1098.0,unnamed_11,67804.0,balancesheet
1099.0,unnamed_11,6860.0,balancesheet
1100.0,unnamed_11,10865.0,balancesheet
1101.0,unnamed_11,17392.0,balancesheet
1102.0,unnamed_11,27987.0,balancesheet
1103.0,unnamed_11,39620.0,balancesheet
1104.0,unnamed_11,60340.0,balancesheet
1105.0,unnamed_11,79185.0,balancesheet
1106.0,unnamed_11,76572.0,balancesheet
1107.0,unnamed_11,69117.0,balancesheet
1108.0,unnamed_11,62024.0,balancesheet
1109.0,unnamed_11,63468.0,balancesheet
1110.0,unnamed_11,67804.0,balancesheet
1111.0,unnamed_11,6860.0,balancesheet
1112.0,unnamed_11,10865.0,balancesheet
1113.0,unnamed_11,17392.0,balancesheet
1114.0,unnamed_11,27987.0,balancesheet
1115.0,unnamed_11,39620.0,balancesheet
1116.0,unnamed_11,60340.0,balancesheet
1117.0,unnamed_11,79185.0,balancesheet
1118.0,unnamed_11,76572.0,balancesheet
1119.0,unnamed_11,69117.0,balancesheet
1120.0,unnamed_11,62024.0,balancesheet
1121.0,unnamed_11,63468.0,balancesheet
1122.0,unnamed_11,67804.0,balancesheet
1123.0,unnamed_11,6860.0,balancesheet
1124.0,unnamed_11,10865.0,balancesheet
1125.0,unnamed_11,17392.0,balancesheet
1126.0,unnamed_11,27987.0,balancesheet
1127.0,unnamed_11,39620.0,balancesheet
1128.0,unnamed_11,60340.0,balancesheet
1129.0,unnamed_11,79185.0,balancesheet
1130.0,unnamed_11,76572.0,balancesheet
1131.0,unnamed_11,69117.0,balancesheet
1132.0,unnamed_11,62024.0,balancesheet
1133.0,unnamed_11,63468.0,balancesheet
1134.0,unnamed_11,67804.0,balancesheet
1135.0,unnamed_11,14964.0,balancesheet
1136.0,unnamed_11,16736.0,balancesheet
1137.0,unnamed_11,15693.0,balancesheet
1138.0,unnamed_11,17688.0,balancesheet
1139.0,unnamed_11,18555.0,balancesheet
1140.0,unnamed_11,30264.0,balancesheet
1141.0,unnamed_11,35713.0,balancesheet
1142.0,unnamed_11,38951.0,balancesheet
1143.0,unnamed_11,45659.0,balancesheet
1144.0,unnamed_11,42536.0,balancesheet
1145.0,unnamed_11,49527.0,balancesheet
1146.0,unnamed_11,50708.0,balancesheet
1147.0,unnamed_11,53941.0,balancesheet
1148.0,unnamed_11,14964.0,balancesheet
1149.0,unnamed_11,16736.0,balancesheet
1150.0,unnamed_11,15693.0,balancesheet
1151.0,unnamed_11,17688.0,balancesheet
1152.0,unnamed_11,18555.0,balancesheet
1153.0,unnamed_11,30264.0,balancesheet
1154.0,unnamed_11,35713.0,balancesheet
1155.0,unnamed_11,38951.0,balancesheet
1156.0,unnamed_11,45659.0,balancesheet
1157.0,unnamed_11,42536.0,balancesheet
1158.0,unnamed_11,49527.0,balancesheet
1159.0,unnamed_11,50708.0,balancesheet
1160.0,unnamed_11,53941.0,balancesheet
1161.0,unnamed_11,129851.0,balancesheet
1162.0,unnamed_11,151170.0,balancesheet
1163.0,unnamed_11,181740.0,balancesheet
1164.0,unnamed_11,204261.0,balancesheet
1165.0,unnamed_11,207108.0,balancesheet
1166.0,unnamed_11,239162.0,balancesheet
1167.0,unnamed_11,295627.0,balancesheet
1168.0,unnamed_11,344190.0,balancesheet
1169.0,unnamed_11,398282.0,balancesheet
1170.0,unnamed_11,408035.0,balancesheet
1171.0,unnamed_11,461689.0,balancesheet
1172.0,unnamed_11,542184.0,balancesheet
1173.0,unnamed_11,587766.0,balancesheet
1174.0,unnamed_11,136070.0,balancesheet
1175.0,unnamed_11,135330.0,balancesheet
1176.0,unnamed_11,105115.0,balancesheet
1177.0,unnamed_11,101375.0,balancesheet
1178.0,unnamed_11,100540.0,balancesheet
1179.0,unnamed_11,137504.0,balancesheet
1180.0,unnamed_11,184158.0,balancesheet
1181.0,unnamed_11,244484.0,balancesheet
1182.0,unnamed_11,288026.0,balancesheet
1183.0,unnamed_11,304054.0,balancesheet
1184.0,unnamed_11,351765.0,balancesheet
1185.0,unnamed_11,410536.0,balancesheet
1186.0,unnamed_11,402944.0,balancesheet
1187.0,unnamed_11,3382.0,balancesheet
1188.0,unnamed_11,4058.0,balancesheet
1189.0,unnamed_11,4437.0,balancesheet
1190.0,unnamed_11,5139.0,balancesheet
1191.0,unnamed_11,5871.0,balancesheet
1192.0,unnamed_11,6703.0,balancesheet
1193.0,unnamed_11,6814.0,balancesheet
1194.0,unnamed_11,6186.0,balancesheet
1195.0,unnamed_11,7509.0,balancesheet
1196.0,unnamed_11,7978.0,balancesheet
1197.0,unnamed_11,9743.0,balancesheet
1198.0,unnamed_11,12152.0,balancesheet
1199.0,unnamed_11,12009.0,balancesheet
1200.0,unnamed_11,3498.0,balancesheet
1201.0,unnamed_11,3885.0,balancesheet
1202.0,unnamed_11,4743.0,balancesheet
1203.0,unnamed_11,5235.0,balancesheet
1204.0,unnamed_11,7371.0,balancesheet
1205.0,unnamed_11,9028.0,balancesheet
1206.0,unnamed_11,9556.0,balancesheet
1207.0,unnamed_11,9740.0,balancesheet
1208.0,unnamed_11,10019.0,balancesheet
1209.0,unnamed_11,11439.0,balancesheet
1210.0,unnamed_11,11294.0,balancesheet
1211.0,unnamed_11,12822.0,balancesheet
1212.0,unnamed_11,13495.0,balancesheet
1213.0,unnamed_11,2042.0,balancesheet
1214.0,unnamed_11,2132.0,balancesheet
1215.0,unnamed_11,2820.0,balancesheet
1216.0,unnamed_11,3118.0,balancesheet
1217.0,unnamed_11,3814.0,balancesheet
1218.0,unnamed_11,4691.0,balancesheet
1219.0,unnamed_11,5896.0,balancesheet
1220.0,unnamed_11,6227.0,balancesheet
1221.0,unnamed_11,5800.0,balancesheet
1222.0,unnamed_11,6380.0,balancesheet
1223.0,unnamed_11,7373.0,balancesheet
1224.0,unnamed_11,8848.0,balancesheet
1225.0,unnamed_11,8482.0,balancesheet
1226.0,unnamed_11,354.0,balancesheet
1227.0,unnamed_11,879.0,balancesheet
1228.0,unnamed_11,985.0,balancesheet
1229.0,unnamed_11,4959.0,balancesheet
1230.0,unnamed_11,11204.0,balancesheet
1231.0,unnamed_11,8483.0,balancesheet
1232.0,unnamed_11,5245.0,balancesheet
1233.0,unnamed_11,5048.0,balancesheet
1234.0,unnamed_11,26454.0,balancesheet
1235.0,unnamed_11,32368.0,balancesheet
1236.0,unnamed_11,41586.0,balancesheet
1237.0,unnamed_11,33016.0,balancesheet
1238.0,unnamed_11,28135.0,balancesheet
1239.0,unnamed_11,30090.0,balancesheet
1240.0,unnamed_11,40093.0,balancesheet
1241.0,unnamed_11,37024.0,balancesheet
1242.0,unnamed_11,38898.0,balancesheet
1243.0,unnamed_11,41531.0,balancesheet
1244.0,unnamed_11,38477.0,balancesheet
1245.0,unnamed_11,36873.0,balancesheet
1246.0,unnamed_11,37260.0,balancesheet
1247.0,unnamed_11,2119.0,balancesheet
1248.0,unnamed_11,45877.0,balancesheet
1249.0,unnamed_11,41819.0,balancesheet
1250.0,unnamed_11,32903.0,balancesheet
1251.0,unnamed_11,45671.0,balancesheet
1252.0,unnamed_11,39333.0,balancesheet
1253.0,unnamed_11,44147.0,balancesheet
1254.0,unnamed_11,48495.0,balancesheet
1255.0,unnamed_11,60052.0,balancesheet
1256.0,unnamed_11,67311.0,balancesheet
1257.0,unnamed_11,61032.0,balancesheet
1258.0,unnamed_11,54397.0,balancesheet
1259.0,unnamed_11,63934.0,balancesheet
1260.0,unnamed_11,43922.0,balancesheet
1261.0,unnamed_11,49742.0,balancesheet
1262.0,unnamed_11,58962.0,balancesheet
1263.0,unnamed_11,66522.0,balancesheet
1264.0,unnamed_11,72791.0,balancesheet
1265.0,unnamed_11,94782.0,balancesheet
1266.0,unnamed_11,101146.0,balancesheet
1267.0,unnamed_11,110841.0,balancesheet
1268.0,unnamed_11,126126.0,balancesheet
1269.0,unnamed_11,134879.0,balancesheet
1270.0,unnamed_11,199363.0,balancesheet
1271.0,unnamed_11,235076.0,balancesheet
1272.0,unnamed_11,260256.0,balancesheet
1273.0,unnamed_11,8739.0,balancesheet
1274.0,unnamed_11,8886.0,balancesheet
1275.0,unnamed_11,9037.0,balancesheet
1276.0,unnamed_11,10570.0,balancesheet
1277.0,unnamed_11,11630.0,balancesheet
1278.0,unnamed_11,12893.0,balancesheet
1279.0,unnamed_11,14081.0,balancesheet
1280.0,unnamed_11,14576.0,balancesheet
1281.0,unnamed_11,14713.0,balancesheet
1282.0,unnamed_11,16949.0,balancesheet
1283.0,unnamed_11,18556.0,balancesheet
1284.0,unnamed_11,22082.0,balancesheet
1285.0,unnamed_11,8265.0,balancesheet
1286.0,unnamed_11,8810.0,balancesheet
1287.0,unnamed_11,5637.0,balancesheet
1288.0,unnamed_11,6084.0,balancesheet
1289.0,unnamed_11,6780.0,balancesheet
1290.0,unnamed_11,7033.0,balancesheet
1291.0,unnamed_11,7124.0,balancesheet
1292.0,unnamed_11,6745.0,balancesheet
1293.0,unnamed_11,6521.0,balancesheet
1294.0,unnamed_11,6690.0,balancesheet
1295.0,unnamed_11,7813.0,balancesheet
1296.0,unnamed_11,8934.0,balancesheet
1297.0,unnamed_11,9272.0,balancesheet
1298.0,unnamed_11,228608.0,balancesheet
1299.0,unnamed_11,257753.0,balancesheet
1300.0,unnamed_11,295053.0,balancesheet
1301.0,unnamed_11,312840.0,balancesheet
1302.0,unnamed_11,338322.0,balancesheet
1303.0,unnamed_11,361777.0,balancesheet
1304.0,unnamed_11,366402.0,balancesheet
1305.0,unnamed_11,396470.0,balancesheet
1306.0,unnamed_11,735952.0,balancesheet
1307.0,unnamed_11,834718.0,balancesheet
1308.0,unnamed_11,935782.0,balancesheet
1309.0,unnamed_11,1048783.0,balancesheet
1310.0,unnamed_11,11756.0,balancesheet
1311.0,unnamed_11,18650.0,balancesheet
1312.0,unnamed_11,31286.0,balancesheet
1313.0,unnamed_11,35550.0,balancesheet
1314.0,unnamed_11,39427.0,balancesheet
1315.0,unnamed_11,35837.0,balancesheet
1316.0,unnamed_11,33439.0,balancesheet
1317.0,unnamed_11,33984.0,balancesheet
1318.0,unnamed_11,34890.0,balancesheet
1319.0,unnamed_11,32975.0,balancesheet
1320.0,unnamed_11,36849.0,balancesheet
1321.0,unnamed_11,41717.0,balancesheet
1322.0,unnamed_11,40904.0,balancesheet
1323.0,unnamed_11,6222.0,balancesheet
1324.0,unnamed_11,7037.0,balancesheet
1325.0,unnamed_11,7961.0,balancesheet
1326.0,unnamed_11,9319.0,balancesheet
1327.0,unnamed_11,8693.0,balancesheet
1328.0,unnamed_11,10468.0,balancesheet
1329.0,unnamed_11,15806.0,balancesheet
1330.0,unnamed_11,15215.0,balancesheet
1331.0,unnamed_11,16900.0,balancesheet
1332.0,unnamed_11,17203.0,balancesheet
1333.0,unnamed_11,20464.0,balancesheet
1334.0,unnamed_11,22859.0,balancesheet
1335.0,unnamed_11,25579.0,balancesheet
1336.0,unnamed_11,1404.0,balancesheet
1337.0,unnamed_11,1628.0,balancesheet
1338.0,unnamed_11,2301.0,balancesheet
1339.0,unnamed_11,2118.0,balancesheet
1340.0,unnamed_11,2547.0,balancesheet
1341.0,unnamed_11,9362.0,balancesheet
1342.0,unnamed_11,12145.0,balancesheet
1343.0,unnamed_11,14085.0,balancesheet
1344.0,unnamed_11,16135.0,balancesheet
1345.0,unnamed_11,19788.0,balancesheet
1346.0,unnamed_11,27566.0,balancesheet
1347.0,unnamed_11,33977.0,balancesheet
1348.0,unnamed_11,36512.0,balancesheet
1349.0,unnamed_11,943.0,balancesheet
1350.0,unnamed_11,778.0,balancesheet
1351.0,unnamed_11,706.0,balancesheet
1352.0,unnamed_11,558.0,balancesheet
1353.0,unnamed_11,588.0,balancesheet
1354.0,unnamed_11,691.0,balancesheet
1355.0,unnamed_11,927.0,balancesheet
1356.0,unnamed_11,1230.0,balancesheet
1357.0,unnamed_11,1075.0,balancesheet
1358.0,unnamed_11,1651.0,balancesheet
1359.0,unnamed_11,2343.0,balancesheet
1360.0,unnamed_11,3072.0,balancesheet
1361.0,unnamed_11,3735.0,balancesheet
1362.0,unnamed_11,2587.0,balancesheet
1363.0,unnamed_11,3427.0,balancesheet
1364.0,unnamed_11,4011.0,balancesheet
1365.0,unnamed_11,4206.0,balancesheet
1366.0,unnamed_11,4589.0,balancesheet
1367.0,unnamed_11,5249.0,balancesheet
1368.0,unnamed_11,5395.0,balancesheet
1369.0,unnamed_11,5763.0,balancesheet
1370.0,unnamed_11,5940.0,balancesheet
1371.0,unnamed_11,5628.0,balancesheet
1372.0,unnamed_11,5524.0,balancesheet
1373.0,unnamed_11,5834.0,balancesheet
1374.0,unnamed_11,6659.0,balancesheet
1375.0,unnamed_11,5375.0,balancesheet
1376.0,unnamed_11,5461.0,balancesheet
1377.0,unnamed_11,5111.0,balancesheet
1378.0,unnamed_11,5434.0,balancesheet
1379.0,unnamed_11,6636.0,balancesheet
1380.0,unnamed_11,7968.0,balancesheet
1381.0,unnamed_11,10003.0,balancesheet
1382.0,unnamed_11,10735.0,balancesheet
1383.0,unnamed_11,11065.0,balancesheet
1384.0,unnamed_11,18265.0,balancesheet
1385.0,unnamed_11,21363.0,balancesheet
1386.0,unnamed_11,25396.0,balancesheet
1387.0,unnamed_11,32332.0,balancesheet
1388.0,unnamed_11,3607.0,balancesheet
1389.0,unnamed_11,11607.0,balancesheet
1390.0,unnamed_11,13145.0,balancesheet
1391.0,unnamed_11,16289.0,balancesheet
1392.0,unnamed_11,16828.0,balancesheet
1393.0,unnamed_11,17728.0,balancesheet
1394.0,unnamed_11,18766.0,balancesheet
1395.0,unnamed_11,22548.0,balancesheet
1396.0,unnamed_11,20228.0,balancesheet
1397.0,unnamed_11,24583.0,balancesheet
1398.0,unnamed_11,27388.0,balancesheet
1399.0,unnamed_11,25875.0,balancesheet
1400.0,unnamed_11,26686.0,balancesheet
1401.0,unnamed_11,3691.0,balancesheet
1402.0,unnamed_11,4060.0,balancesheet
1403.0,unnamed_11,3867.0,balancesheet
1404.0,unnamed_11,3828.0,balancesheet
1405.0,unnamed_11,3465.0,balancesheet
1406.0,unnamed_11,4366.0,balancesheet
1407.0,unnamed_11,4355.0,balancesheet
1408.0,unnamed_11,5399.0,balancesheet
1409.0,unnamed_11,7276.0,balancesheet
1410.0,unnamed_11,7431.0,balancesheet
1411.0,unnamed_11,7965.0,balancesheet
1412.0,unnamed_11,7461.0,balancesheet
1413.0,unnamed_11,8074.0,balancesheet
1414.0,unnamed_11,38312.0,balancesheet
1415.0,unnamed_11,50682.0,balancesheet
1416.0,unnamed_11,57252.0,balancesheet
1417.0,unnamed_11,52025.0,balancesheet
1418.0,unnamed_11,47111.0,balancesheet
1419.0,unnamed_11,55867.0,balancesheet
1420.0,unnamed_11,71318.0,balancesheet
1421.0,unnamed_11,71937.0,balancesheet
1422.0,unnamed_11,78672.0,balancesheet
1423.0,unnamed_11,87936.0,balancesheet
1424.0,unnamed_11,83947.0,balancesheet
1425.0,unnamed_11,92542.0,balancesheet
1426.0,unnamed_11,102814.0,balancesheet
1427.0,unnamed_11,61340.0,balancesheet
1428.0,unnamed_11,64781.0,balancesheet
1429.0,unnamed_11,58876.0,balancesheet
1430.0,unnamed_11,57974.0,balancesheet
1431.0,unnamed_11,52200.0,balancesheet
1432.0,unnamed_11,78103.0,balancesheet
1433.0,unnamed_11,83952.0,balancesheet
1434.0,unnamed_11,88816.0,balancesheet
1435.0,unnamed_11,78445.0,balancesheet
1436.0,unnamed_11,113948.0,balancesheet
1437.0,unnamed_11,99151.0,balancesheet
1438.0,unnamed_11,79885.0,balancesheet
1439.0,unnamed_11,85769.0,balancesheet
1440.0,unnamed_11,3607.0,balancesheet
1441.0,unnamed_11,11607.0,balancesheet
1442.0,unnamed_11,13145.0,balancesheet
1443.0,unnamed_11,16289.0,balancesheet
1444.0,unnamed_11,16828.0,balancesheet
1445.0,unnamed_11,17728.0,balancesheet
1446.0,unnamed_11,18766.0,balancesheet
1447.0,unnamed_11,22548.0,balancesheet
1448.0,unnamed_11,20228.0,balancesheet
1449.0,unnamed_11,24583.0,balancesheet
1450.0,unnamed_11,27388.0,balancesheet
1451.0,unnamed_11,25875.0,balancesheet
1452.0,unnamed_11,26686.0,balancesheet
1453.0,unnamed_11,20426.0,balancesheet
1454.0,unnamed_11,21582.0,balancesheet
1455.0,unnamed_11,23692.0,balancesheet
1456.0,unnamed_11,20513.0,balancesheet
1457.0,unnamed_11,22184.0,balancesheet
1458.0,unnamed_11,23154.0,balancesheet
1459.0,unnamed_11,23651.0,balancesheet
1460.0,unnamed_11,25861.0,balancesheet
1461.0,unnamed_11,30056.0,balancesheet
1462.0,unnamed_11,36365.0,balancesheet
1463.0,unnamed_11,44303.0,balancesheet
1464.0,unnamed_11,43968.0,balancesheet
1465.0,unnamed_11,45216.0,balancesheet
1466.0,unnamed_11,85600.0,balancesheet
1467.0,unnamed_11,105385.0,balancesheet
1468.0,unnamed_11,104858.0,balancesheet
1469.0,unnamed_11,106266.0,balancesheet
1470.0,unnamed_11,122600.0,balancesheet
1471.0,unnamed_11,144932.0,balancesheet
1472.0,unnamed_11,146814.0,balancesheet
1473.0,unnamed_11,141141.0,balancesheet
1474.0,unnamed_11,157278.0,balancesheet
1475.0,unnamed_11,150575.0,balancesheet
1476.0,unnamed_11,161941.0,balancesheet
1477.0,unnamed_11,189566.0,balancesheet
1478.0,unnamed_11,184031.0,balancesheet
,unnamed_12,,balancesheet
136.0,unnamed_12,907.0,balancesheet
137.0,unnamed_12,1139.0,balancesheet
138.0,unnamed_12,1374.0,balancesheet
139.0,unnamed_12,1616.0,balancesheet
140.0,unnamed_12,2066.0,balancesheet
141.0,unnamed_12,2416.0,balancesheet
142.0,unnamed_12,2941.0,balancesheet
143.0,unnamed_12,3547.0,balancesheet
144.0,unnamed_12,3840.0,balancesheet
145.0,unnamed_12,4224.0,balancesheet
146.0,unnamed_12,4556.0,balancesheet
147.0,unnamed_12,5193.0,balancesheet
148.0,unnamed_12,5063.0,balancesheet
149.0,unnamed_12,0.0,balancesheet
150.0,unnamed_12,11492.0,balancesheet
151.0,unnamed_12,11746.0,balancesheet
152.0,unnamed_12,12811.0,balancesheet
153.0,unnamed_12,17265.0,balancesheet
154.0,unnamed_12,32558.0,balancesheet
155.0,unnamed_12,39711.0,balancesheet
156.0,unnamed_12,43234.0,balancesheet
157.0,unnamed_12,47464.0,balancesheet
158.0,unnamed_12,53932.0,balancesheet
159.0,unnamed_12,58538.0,balancesheet
160.0,unnamed_12,69107.0,balancesheet
170.0,unnamed_12,111871.0,balancesheet
171.0,unnamed_12,118102.0,balancesheet
172.0,unnamed_12,130718.0,balancesheet
173.0,unnamed_12,41679.0,balancesheet
174.0,unnamed_12,47611.0,balancesheet
175.0,unnamed_12,56405.0,balancesheet
176.0,unnamed_12,42536.0,balancesheet
177.0,unnamed_12,46875.0,balancesheet
178.0,unnamed_12,51617.0,balancesheet
179.0,unnamed_12,101586.0,balancesheet
180.0,unnamed_12,141278.0,balancesheet
181.0,unnamed_12,160586.0,balancesheet
182.0,unnamed_12,181768.0,balancesheet
192.0,unnamed_12,6160.0,balancesheet
193.0,unnamed_12,15709.0,balancesheet
194.0,unnamed_12,14658.0,balancesheet
195.0,unnamed_12,18424.0,balancesheet
196.0,unnamed_12,28692.0,balancesheet
197.0,unnamed_12,58954.0,balancesheet
198.0,unnamed_12,66909.0,balancesheet
199.0,unnamed_12,88086.0,balancesheet
200.0,unnamed_12,98258.0,balancesheet
201.0,unnamed_12,21035.0,balancesheet
202.0,unnamed_12,24677.0,balancesheet
203.0,unnamed_12,32082.0,balancesheet
204.0,unnamed_12,38385.0,balancesheet
205.0,unnamed_12,43369.0,balancesheet
206.0,unnamed_12,47233.0,balancesheet
207.0,unnamed_12,56311.0,balancesheet
208.0,unnamed_12,61917.0,balancesheet
209.0,unnamed_12,74582.0,balancesheet
210.0,unnamed_12,98328.0,balancesheet
211.0,unnamed_12,112563.0,balancesheet
212.0,unnamed_12,116999.0,balancesheet
213.0,unnamed_12,126015.0,balancesheet
214.0,unnamed_12,54688.0,balancesheet
215.0,unnamed_12,58739.0,balancesheet
216.0,unnamed_12,58474.0,balancesheet
217.0,unnamed_12,75794.0,balancesheet
218.0,unnamed_12,71511.0,balancesheet
219.0,unnamed_12,69528.0,balancesheet
220.0,unnamed_12,67985.0,balancesheet
221.0,unnamed_12,75025.0,balancesheet
222.0,unnamed_12,78806.0,balancesheet
223.0,unnamed_12,81981.0,balancesheet
224.0,unnamed_12,85821.0,balancesheet
225.0,unnamed_12,92009.0,balancesheet
226.0,unnamed_12,110784.0,balancesheet
227.0,unnamed_12,12345.0,balancesheet
228.0,unnamed_12,12956.0,balancesheet
229.0,unnamed_12,13878.0,balancesheet
230.0,unnamed_12,14133.0,balancesheet
231.0,unnamed_12,32824.0,balancesheet
232.0,unnamed_12,35509.0,balancesheet
233.0,unnamed_12,37391.0,balancesheet
234.0,unnamed_12,40178.0,balancesheet
235.0,unnamed_12,39718.0,balancesheet
236.0,unnamed_12,45205.0,balancesheet
237.0,unnamed_12,51721.0,balancesheet
238.0,unnamed_12,65261.0,balancesheet
239.0,unnamed_12,76572.0,balancesheet
240.0,unnamed_12,4814.0,balancesheet
241.0,unnamed_12,5350.0,balancesheet
242.0,unnamed_12,6459.0,balancesheet
243.0,unnamed_12,7360.0,balancesheet
244.0,unnamed_12,8103.0,balancesheet
245.0,unnamed_12,8596.0,balancesheet
246.0,unnamed_12,9166.0,balancesheet
247.0,unnamed_12,11289.0,balancesheet
248.0,unnamed_12,11392.0,balancesheet
249.0,unnamed_12,13261.0,balancesheet
250.0,unnamed_12,14416.0,balancesheet
251.0,unnamed_12,16742.0,balancesheet
252.0,unnamed_12,19548.0,balancesheet
253.0,unnamed_12,6784.0,balancesheet
254.0,unnamed_12,8075.0,balancesheet
255.0,unnamed_12,8914.0,balancesheet
256.0,unnamed_12,10559.0,balancesheet
257.0,unnamed_12,12405.0,balancesheet
258.0,unnamed_12,13763.0,balancesheet
259.0,unnamed_12,16249.0,balancesheet
260.0,unnamed_12,16138.0,balancesheet
261.0,unnamed_12,20355.0,balancesheet
262.0,unnamed_12,22958.0,balancesheet
263.0,unnamed_12,25779.0,balancesheet
264.0,unnamed_12,29901.0,balancesheet
265.0,unnamed_12,29474.0,balancesheet
266.0,unnamed_12,6784.0,balancesheet
267.0,unnamed_12,8075.0,balancesheet
268.0,unnamed_12,8914.0,balancesheet
269.0,unnamed_12,10559.0,balancesheet
270.0,unnamed_12,12405.0,balancesheet
271.0,unnamed_12,13763.0,balancesheet
272.0,unnamed_12,16249.0,balancesheet
273.0,unnamed_12,16138.0,balancesheet
274.0,unnamed_12,20355.0,balancesheet
275.0,unnamed_12,22958.0,balancesheet
276.0,unnamed_12,25779.0,balancesheet
277.0,unnamed_12,29901.0,balancesheet
278.0,unnamed_12,29474.0,balancesheet
279.0,unnamed_12,2803.0,balancesheet
280.0,unnamed_12,2048.0,balancesheet
281.0,unnamed_12,2476.0,balancesheet
282.0,unnamed_12,3204.0,balancesheet
283.0,unnamed_12,4415.0,balancesheet
284.0,unnamed_12,5645.0,balancesheet
285.0,unnamed_12,6592.0,balancesheet
286.0,unnamed_12,6842.0,balancesheet
287.0,unnamed_12,340558.0,balancesheet
288.0,unnamed_12,386350.0,balancesheet
289.0,unnamed_12,467243.0,balancesheet
290.0,unnamed_12,546387.0,balancesheet
291.0,unnamed_12,611462.0,balancesheet
292.0,unnamed_12,703703.0,balancesheet
293.0,unnamed_12,814046.0,balancesheet
294.0,unnamed_12,927872.0,balancesheet
295.0,unnamed_12,1001005.0,balancesheet
296.0,unnamed_12,1195779.0,balancesheet
297.0,unnamed_12,1344418.0,balancesheet
298.0,unnamed_12,1518239.0,balancesheet
299.0,unnamed_12,12642.0,balancesheet
300.0,unnamed_12,15308.0,balancesheet
301.0,unnamed_12,15966.0,balancesheet
302.0,unnamed_12,17240.0,balancesheet
303.0,unnamed_12,21638.0,balancesheet
304.0,unnamed_12,25141.0,balancesheet
305.0,unnamed_12,28834.0,balancesheet
306.0,unnamed_12,26510.0,balancesheet
307.0,unnamed_12,33602.0,balancesheet
308.0,unnamed_12,35111.0,balancesheet
309.0,unnamed_12,35136.0,balancesheet
310.0,unnamed_12,39344.0,balancesheet
311.0,unnamed_12,45842.0,balancesheet
312.0,unnamed_12,65370.0,balancesheet
313.0,unnamed_12,74383.0,balancesheet
314.0,unnamed_12,88228.0,balancesheet
315.0,unnamed_12,103951.0,balancesheet
316.0,unnamed_12,128614.0,balancesheet
317.0,unnamed_12,161514.0,balancesheet
318.0,unnamed_12,208428.0,balancesheet
319.0,unnamed_12,251304.0,balancesheet
320.0,unnamed_12,279845.0,balancesheet
321.0,unnamed_12,333413.0,balancesheet
322.0,unnamed_12,405401.0,balancesheet
323.0,unnamed_12,537415.0,balancesheet
324.0,unnamed_12,601195.0,balancesheet
325.0,unnamed_12,10775.0,balancesheet
326.0,unnamed_12,12448.0,balancesheet
327.0,unnamed_12,13893.0,balancesheet
328.0,unnamed_12,15472.0,balancesheet
329.0,unnamed_12,17889.0,balancesheet
330.0,unnamed_12,25269.0,balancesheet
331.0,unnamed_12,27008.0,balancesheet
332.0,unnamed_12,32729.0,balancesheet
333.0,unnamed_12,45490.0,balancesheet
334.0,unnamed_12,53588.0,balancesheet
335.0,unnamed_12,53188.0,balancesheet
336.0,unnamed_12,65161.0,balancesheet
337.0,unnamed_12,72533.0,balancesheet
338.0,unnamed_12,32780.0,balancesheet
339.0,unnamed_12,46973.0,balancesheet
340.0,unnamed_12,63731.0,balancesheet
341.0,unnamed_12,84798.0,balancesheet
342.0,unnamed_12,124233.0,balancesheet
343.0,unnamed_12,164391.0,balancesheet
344.0,unnamed_12,171470.0,balancesheet
345.0,unnamed_12,212506.0,balancesheet
346.0,unnamed_12,275226.0,balancesheet
347.0,unnamed_12,375742.0,balancesheet
348.0,unnamed_12,420656.0,balancesheet
349.0,unnamed_12,559387.0,balancesheet
350.0,unnamed_12,676104.0,balancesheet
351.0,unnamed_12,733966.0,balancesheet
352.0,unnamed_12,691173.0,balancesheet
353.0,unnamed_12,719216.0,balancesheet
354.0,unnamed_12,747796.0,balancesheet
355.0,unnamed_12,819670.0,balancesheet
356.0,unnamed_12,1199935.0,balancesheet
357.0,unnamed_12,1202667.0,balancesheet
358.0,unnamed_12,1340121.0,balancesheet
359.0,unnamed_12,1525871.0,balancesheet
360.0,unnamed_12,1654775.0,balancesheet
361.0,unnamed_12,45.0,balancesheet
362.0,unnamed_12,46.0,balancesheet
363.0,unnamed_12,49.0,balancesheet
364.0,unnamed_12,52.0,balancesheet
365.0,unnamed_12,77.0,balancesheet
366.0,unnamed_12,121.0,balancesheet
367.0,unnamed_12,126.0,balancesheet
368.0,unnamed_12,122.0,balancesheet
369.0,unnamed_12,152.0,balancesheet
370.0,unnamed_12,163.0,balancesheet
371.0,unnamed_12,144.0,balancesheet
372.0,unnamed_12,161.0,balancesheet
373.0,unnamed_12,225.0,balancesheet
374.0,unnamed_12,157970.0,balancesheet
375.0,unnamed_12,181492.0,balancesheet
376.0,unnamed_12,181939.0,balancesheet
377.0,unnamed_12,224472.0,balancesheet
378.0,unnamed_12,232322.0,balancesheet
379.0,unnamed_12,249521.0,balancesheet
380.0,unnamed_12,274026.0,balancesheet
381.0,unnamed_12,359091.0,balancesheet
382.0,unnamed_12,344417.0,balancesheet
383.0,unnamed_12,361207.0,balancesheet
384.0,unnamed_12,444557.0,balancesheet
385.0,unnamed_12,442019.0,balancesheet
386.0,unnamed_12,460982.0,balancesheet
387.0,unnamed_12,71818.0,balancesheet
388.0,unnamed_12,75331.0,balancesheet
389.0,unnamed_12,70983.0,balancesheet
390.0,unnamed_12,65577.0,balancesheet
391.0,unnamed_12,61698.0,balancesheet
392.0,unnamed_12,63940.0,balancesheet
393.0,unnamed_12,64490.0,balancesheet
394.0,unnamed_12,60291.0,balancesheet
395.0,unnamed_12,55960.0,balancesheet
396.0,unnamed_12,56991.0,balancesheet
397.0,unnamed_12,57664.0,balancesheet
398.0,unnamed_12,59788.0,balancesheet
399.0,unnamed_12,61793.0,balancesheet
400.0,unnamed_12,7902.0,balancesheet
401.0,unnamed_12,8891.0,balancesheet
402.0,unnamed_12,10431.0,balancesheet
403.0,unnamed_12,12433.0,balancesheet
404.0,unnamed_12,11800.0,balancesheet
405.0,unnamed_12,13927.0,balancesheet
406.0,unnamed_12,12710.0,balancesheet
407.0,unnamed_12,13320.0,balancesheet
408.0,unnamed_12,14774.0,balancesheet
409.0,unnamed_12,15410.0,balancesheet
410.0,unnamed_12,16259.0,balancesheet
411.0,unnamed_12,17355.0,balancesheet
412.0,unnamed_12,18521.0,balancesheet
413.0,unnamed_12,79628.0,balancesheet
414.0,unnamed_12,88460.0,balancesheet
415.0,unnamed_12,86322.0,balancesheet
416.0,unnamed_12,86422.0,balancesheet
417.0,unnamed_12,109086.0,balancesheet
418.0,unnamed_12,120356.0,balancesheet
419.0,unnamed_12,136926.0,balancesheet
420.0,unnamed_12,150860.0,balancesheet
421.0,unnamed_12,160978.0,balancesheet
422.0,unnamed_12,187529.0,balancesheet
423.0,unnamed_12,188109.0,balancesheet
424.0,unnamed_12,202418.0,balancesheet
425.0,unnamed_12,211226.0,balancesheet
426.0,unnamed_12,1883.0,balancesheet
427.0,unnamed_12,2107.0,balancesheet
428.0,unnamed_12,2793.0,balancesheet
429.0,unnamed_12,3494.0,balancesheet
430.0,unnamed_12,4109.0,balancesheet
431.0,unnamed_12,5188.0,balancesheet
432.0,unnamed_12,6238.0,balancesheet
433.0,unnamed_12,7830.0,balancesheet
434.0,unnamed_12,8000.0,balancesheet
435.0,unnamed_12,7527.0,balancesheet
436.0,unnamed_12,9351.0,balancesheet
437.0,unnamed_12,9072.0,balancesheet
438.0,unnamed_12,9467.0,balancesheet
439.0,unnamed_12,419324.0,balancesheet
440.0,unnamed_12,501090.0,balancesheet
441.0,unnamed_12,558558.0,balancesheet
442.0,unnamed_12,563725.0,balancesheet
443.0,unnamed_12,596159.0,balancesheet
444.0,unnamed_12,631435.0,balancesheet
445.0,unnamed_12,711783.0,balancesheet
446.0,unnamed_12,741440.0,balancesheet
447.0,unnamed_12,1179540.0,balancesheet
448.0,unnamed_12,1258789.0,balancesheet
449.0,unnamed_12,1381030.0,balancesheet
450.0,unnamed_12,1535018.0,balancesheet
451.0,unnamed_12,18228.0,balancesheet
452.0,unnamed_12,21544.0,balancesheet
453.0,unnamed_12,23868.0,balancesheet
454.0,unnamed_12,27889.0,balancesheet
455.0,unnamed_12,30598.0,balancesheet
456.0,unnamed_12,44167.0,balancesheet
457.0,unnamed_12,57490.0,balancesheet
458.0,unnamed_12,64058.0,balancesheet
459.0,unnamed_12,74644.0,balancesheet
460.0,unnamed_12,82478.0,balancesheet
461.0,unnamed_12,113627.0,balancesheet
462.0,unnamed_12,156686.0,balancesheet
463.0,unnamed_12,181945.0,balancesheet
464.0,unnamed_12,11658.0,balancesheet
465.0,unnamed_12,13400.0,balancesheet
466.0,unnamed_12,15670.0,balancesheet
467.0,unnamed_12,21049.0,balancesheet
468.0,unnamed_12,20869.0,balancesheet
469.0,unnamed_12,22673.0,balancesheet
470.0,unnamed_12,23762.0,balancesheet
471.0,unnamed_12,23423.0,balancesheet
472.0,unnamed_12,24855.0,balancesheet
473.0,unnamed_12,26857.0,balancesheet
474.0,unnamed_12,29300.0,balancesheet
475.0,unnamed_12,32533.0,balancesheet
476.0,unnamed_12,34655.0,balancesheet
477.0,unnamed_12,110983.0,balancesheet
478.0,unnamed_12,104938.0,balancesheet
479.0,unnamed_12,111267.0,balancesheet
480.0,unnamed_12,113560.0,balancesheet
481.0,unnamed_12,118587.0,balancesheet
482.0,unnamed_12,125471.0,balancesheet
483.0,unnamed_12,133021.0,balancesheet
484.0,unnamed_12,150020.0,balancesheet
485.0,unnamed_12,161051.0,balancesheet
486.0,unnamed_12,179436.0,balancesheet
487.0,unnamed_12,221396.0,balancesheet
488.0,unnamed_12,236470.0,balancesheet
489.0,unnamed_12,249359.0,balancesheet
490.0,unnamed_12,4709.0,balancesheet
491.0,unnamed_12,5312.0,balancesheet
492.0,unnamed_12,6106.0,balancesheet
493.0,unnamed_12,6932.0,balancesheet
494.0,unnamed_12,7732.0,balancesheet
495.0,unnamed_12,8702.0,balancesheet
496.0,unnamed_12,8437.0,balancesheet
497.0,unnamed_12,9337.0,balancesheet
498.0,unnamed_12,10833.0,balancesheet
499.0,unnamed_12,12284.0,balancesheet
500.0,unnamed_12,13652.0,balancesheet
501.0,unnamed_12,15116.0,balancesheet
502.0,unnamed_12,16373.0,balancesheet
503.0,unnamed_12,3139.0,balancesheet
504.0,unnamed_12,3710.0,balancesheet
505.0,unnamed_12,4405.0,balancesheet
506.0,unnamed_12,4898.0,balancesheet
507.0,unnamed_12,6155.0,balancesheet
508.0,unnamed_12,6785.0,balancesheet
509.0,unnamed_12,8036.0,balancesheet
510.0,unnamed_12,8531.0,balancesheet
511.0,unnamed_12,10771.0,balancesheet
512.0,unnamed_12,13360.0,balancesheet
513.0,unnamed_12,14425.0,balancesheet
514.0,unnamed_12,15460.0,balancesheet
515.0,unnamed_12,15586.0,balancesheet
516.0,unnamed_12,64647.0,balancesheet
517.0,unnamed_12,64525.0,balancesheet
518.0,unnamed_12,66262.0,balancesheet
519.0,unnamed_12,61729.0,balancesheet
520.0,unnamed_12,63954.0,balancesheet
521.0,unnamed_12,60585.0,balancesheet
522.0,unnamed_12,66483.0,balancesheet
523.0,unnamed_12,55890.0,balancesheet
524.0,unnamed_12,53488.0,balancesheet
525.0,unnamed_12,51167.0,balancesheet
526.0,unnamed_12,52572.0,balancesheet
527.0,unnamed_12,59069.0,balancesheet
528.0,unnamed_12,62579.0,balancesheet
529.0,unnamed_12,1492.0,balancesheet
530.0,unnamed_12,1808.0,balancesheet
531.0,unnamed_12,2355.0,balancesheet
532.0,unnamed_12,3102.0,balancesheet
533.0,unnamed_12,5819.0,balancesheet
534.0,unnamed_12,5648.0,balancesheet
535.0,unnamed_12,7006.0,balancesheet
536.0,unnamed_12,12076.0,balancesheet
537.0,unnamed_12,13655.0,balancesheet
538.0,unnamed_12,15471.0,balancesheet
539.0,unnamed_12,18105.0,balancesheet
540.0,unnamed_12,21172.0,balancesheet
541.0,unnamed_12,23040.0,balancesheet
542.0,unnamed_12,13380.0,balancesheet
543.0,unnamed_12,15906.0,balancesheet
544.0,unnamed_12,18457.0,balancesheet
545.0,unnamed_12,20330.0,balancesheet
546.0,unnamed_12,21654.0,balancesheet
547.0,unnamed_12,22349.0,balancesheet
548.0,unnamed_12,22418.0,balancesheet
549.0,unnamed_12,23223.0,balancesheet
550.0,unnamed_12,26588.0,balancesheet
551.0,unnamed_12,29746.0,balancesheet
552.0,unnamed_12,32209.0,balancesheet
553.0,unnamed_12,38780.0,balancesheet
554.0,unnamed_12,46728.0,balancesheet
555.0,unnamed_12,4471.0,balancesheet
556.0,unnamed_12,5337.0,balancesheet
557.0,unnamed_12,6403.0,balancesheet
558.0,unnamed_12,4939.0,balancesheet
559.0,unnamed_12,7009.0,balancesheet
560.0,unnamed_12,9522.0,balancesheet
561.0,unnamed_12,11387.0,balancesheet
562.0,unnamed_12,12450.0,balancesheet
563.0,unnamed_12,14559.0,balancesheet
564.0,unnamed_12,16140.0,balancesheet
565.0,unnamed_12,19198.0,balancesheet
566.0,unnamed_12,23115.0,balancesheet
567.0,unnamed_12,24380.0,balancesheet
568.0,unnamed_12,59809.0,balancesheet
569.0,unnamed_12,66865.0,balancesheet
570.0,unnamed_12,69669.0,balancesheet
571.0,unnamed_12,59063.0,balancesheet
572.0,unnamed_12,58291.0,balancesheet
573.0,unnamed_12,61353.0,balancesheet
574.0,unnamed_12,68426.0,balancesheet
575.0,unnamed_12,74934.0,balancesheet
576.0,unnamed_12,81030.0,balancesheet
577.0,unnamed_12,96584.0,balancesheet
578.0,unnamed_12,107805.0,balancesheet
579.0,unnamed_12,124735.0,balancesheet
580.0,unnamed_12,128989.0,balancesheet
581.0,unnamed_12,7695.0,balancesheet
582.0,unnamed_12,8320.0,balancesheet
583.0,unnamed_12,9125.0,balancesheet
584.0,unnamed_12,9679.0,balancesheet
585.0,unnamed_12,12940.0,balancesheet
586.0,unnamed_12,13864.0,balancesheet
587.0,unnamed_12,14094.0,balancesheet
588.0,unnamed_12,14880.0,balancesheet
589.0,unnamed_12,14244.0,balancesheet
590.0,unnamed_12,16082.0,balancesheet
591.0,unnamed_12,17437.0,balancesheet
592.0,unnamed_12,18392.0,balancesheet
593.0,unnamed_12,18984.0,balancesheet
594.0,unnamed_12,44123.0,balancesheet
595.0,unnamed_12,47736.0,balancesheet
596.0,unnamed_12,54033.0,balancesheet
597.0,unnamed_12,59576.0,balancesheet
598.0,unnamed_12,62747.0,balancesheet
599.0,unnamed_12,207899.0,balancesheet
600.0,unnamed_12,241127.0,balancesheet
601.0,unnamed_12,244181.0,balancesheet
602.0,unnamed_12,267349.0,balancesheet
603.0,unnamed_12,289149.0,balancesheet
604.0,unnamed_12,336823.0,balancesheet
605.0,unnamed_12,412116.0,balancesheet
606.0,unnamed_12,448454.0,balancesheet
607.0,unnamed_12,176.0,balancesheet
608.0,unnamed_12,170.0,balancesheet
609.0,unnamed_12,166.0,balancesheet
610.0,unnamed_12,175.0,balancesheet
611.0,unnamed_12,173.0,balancesheet
612.0,unnamed_12,186.0,balancesheet
613.0,unnamed_12,202.0,balancesheet
614.0,unnamed_12,271.0,balancesheet
615.0,unnamed_12,450.0,balancesheet
616.0,unnamed_12,476.0,balancesheet
630.0,unnamed_12,22399.0,balancesheet
631.0,unnamed_12,29980.0,balancesheet
632.0,unnamed_12,35245.0,balancesheet
633.0,unnamed_12,39341.0,balancesheet
634.0,unnamed_12,45762.0,balancesheet
635.0,unnamed_12,47989.0,balancesheet
636.0,unnamed_12,58349.0,balancesheet
637.0,unnamed_12,82819.0,balancesheet
638.0,unnamed_12,86047.0,balancesheet
639.0,unnamed_12,88921.0,balancesheet
640.0,unnamed_12,93250.0,balancesheet
641.0,unnamed_12,99006.0,balancesheet
642.0,unnamed_12,99763.0,balancesheet
643.0,unnamed_12,4458.0,balancesheet
644.0,unnamed_12,5332.0,balancesheet
645.0,unnamed_12,4788.0,balancesheet
646.0,unnamed_12,4387.0,balancesheet
647.0,unnamed_12,5168.0,balancesheet
648.0,unnamed_12,6608.0,balancesheet
649.0,unnamed_12,7148.0,balancesheet
650.0,unnamed_12,7073.0,balancesheet
651.0,unnamed_12,8852.0,balancesheet
652.0,unnamed_12,10523.0,balancesheet
653.0,unnamed_12,11157.0,balancesheet
654.0,unnamed_12,12433.0,balancesheet
655.0,unnamed_12,12843.0,balancesheet
656.0,unnamed_12,407723.0,balancesheet
657.0,unnamed_12,503620.0,balancesheet
658.0,unnamed_12,607097.0,balancesheet
659.0,unnamed_12,762212.0,balancesheet
660.0,unnamed_12,892344.0,balancesheet
661.0,unnamed_12,1103186.0,balancesheet
662.0,unnamed_12,1292806.0,balancesheet
663.0,unnamed_12,1580830.0,balancesheet
664.0,unnamed_12,1799507.0,balancesheet
665.0,unnamed_12,2122934.0,balancesheet
666.0,unnamed_12,2530432.0,balancesheet
667.0,unnamed_12,4030194.0,balancesheet
668.0,unnamed_12,41918.0,balancesheet
669.0,unnamed_12,52275.0,balancesheet
670.0,unnamed_12,69309.0,balancesheet
671.0,unnamed_12,76544.0,balancesheet
672.0,unnamed_12,95097.0,balancesheet
673.0,unnamed_12,110483.0,balancesheet
674.0,unnamed_12,130020.0,balancesheet
675.0,unnamed_12,132224.0,balancesheet
676.0,unnamed_12,179655.0,balancesheet
677.0,unnamed_12,230734.0,balancesheet
678.0,unnamed_12,248069.0,balancesheet
679.0,unnamed_12,302687.0,balancesheet
680.0,unnamed_12,336755.0,balancesheet
681.0,unnamed_12,10122.0,balancesheet
682.0,unnamed_12,10654.0,balancesheet
683.0,unnamed_12,12896.0,balancesheet
684.0,unnamed_12,15312.0,balancesheet
685.0,unnamed_12,17397.0,balancesheet
686.0,unnamed_12,18504.0,balancesheet
687.0,unnamed_12,19674.0,balancesheet
688.0,unnamed_12,23096.0,balancesheet
689.0,unnamed_12,22478.0,balancesheet
690.0,unnamed_12,23917.0,balancesheet
691.0,unnamed_12,26153.0,balancesheet
692.0,unnamed_12,29261.0,balancesheet
693.0,unnamed_12,120590.0,balancesheet
694.0,unnamed_12,137982.0,balancesheet
695.0,unnamed_12,141746.0,balancesheet
696.0,unnamed_12,141146.0,balancesheet
697.0,unnamed_12,146144.0,balancesheet
698.0,unnamed_12,147014.0,balancesheet
699.0,unnamed_12,151972.0,balancesheet
700.0,unnamed_12,168618.0,balancesheet
701.0,unnamed_12,188822.0,balancesheet
702.0,unnamed_12,221855.0,balancesheet
703.0,unnamed_12,223489.0,balancesheet
704.0,unnamed_12,230723.0,balancesheet
705.0,unnamed_12,252264.0,balancesheet
706.0,unnamed_12,12092.0,balancesheet
707.0,unnamed_12,13754.0,balancesheet
708.0,unnamed_12,14430.0,balancesheet
709.0,unnamed_12,14793.0,balancesheet
710.0,unnamed_12,15706.0,balancesheet
711.0,unnamed_12,17862.0,balancesheet
712.0,unnamed_12,18629.0,balancesheet
713.0,unnamed_12,20153.0,balancesheet
714.0,unnamed_12,68740.0,balancesheet
715.0,unnamed_12,70506.0,balancesheet
716.0,unnamed_12,73077.0,balancesheet
717.0,unnamed_12,78489.0,balancesheet
718.0,unnamed_12,80765.0,balancesheet
719.0,unnamed_12,674822.0,balancesheet
720.0,unnamed_12,747762.0,balancesheet
721.0,unnamed_12,826079.0,balancesheet
722.0,unnamed_12,918756.0,balancesheet
723.0,unnamed_12,985725.0,balancesheet
724.0,unnamed_12,1124281.0,balancesheet
725.0,unnamed_12,1238794.0,balancesheet
726.0,unnamed_12,1377292.0,balancesheet
727.0,unnamed_12,1573812.0,balancesheet
728.0,unnamed_12,1752637.0,balancesheet
729.0,unnamed_12,1958490.0,balancesheet
730.0,unnamed_12,2364063.0,balancesheet
731.0,unnamed_12,12637.0,balancesheet
732.0,unnamed_12,14744.0,balancesheet
733.0,unnamed_12,14646.0,balancesheet
734.0,unnamed_12,15676.0,balancesheet
735.0,unnamed_12,23351.0,balancesheet
736.0,unnamed_12,29750.0,balancesheet
737.0,unnamed_12,33403.0,balancesheet
738.0,unnamed_12,37042.0,balancesheet
739.0,unnamed_12,39298.0,balancesheet
740.0,unnamed_12,50848.0,balancesheet
741.0,unnamed_12,55086.0,balancesheet
742.0,unnamed_12,63308.0,balancesheet
743.0,unnamed_12,68014.0,balancesheet
744.0,unnamed_12,75220.0,balancesheet
745.0,unnamed_12,81474.0,balancesheet
746.0,unnamed_12,101215.0,balancesheet
747.0,unnamed_12,104765.0,balancesheet
748.0,unnamed_12,124741.0,balancesheet
749.0,unnamed_12,141819.0,balancesheet
750.0,unnamed_12,163086.0,balancesheet
751.0,unnamed_12,156031.0,balancesheet
752.0,unnamed_12,217220.0,balancesheet
753.0,unnamed_12,244437.0,balancesheet
754.0,unnamed_12,255851.0,balancesheet
755.0,unnamed_12,299001.0,balancesheet
756.0,unnamed_12,326838.0,balancesheet
757.0,unnamed_12,26.0,balancesheet
758.0,unnamed_12,35.0,balancesheet
759.0,unnamed_12,61.0,balancesheet
760.0,unnamed_12,196.0,balancesheet
761.0,unnamed_12,246.0,balancesheet
762.0,unnamed_12,279.0,balancesheet
763.0,unnamed_12,373.0,balancesheet
764.0,unnamed_12,422.0,balancesheet
765.0,unnamed_12,811.0,balancesheet
766.0,unnamed_12,920.0,balancesheet
767.0,unnamed_12,1062.0,balancesheet
768.0,unnamed_12,1222.0,balancesheet
769.0,unnamed_12,1239.0,balancesheet
770.0,unnamed_12,73307.0,balancesheet
771.0,unnamed_12,87026.0,balancesheet
772.0,unnamed_12,111787.0,balancesheet
773.0,unnamed_12,142897.0,balancesheet
774.0,unnamed_12,178648.0,balancesheet
775.0,unnamed_12,221626.0,balancesheet
776.0,unnamed_12,277819.0,balancesheet
777.0,unnamed_12,307058.0,balancesheet
778.0,unnamed_12,362973.0,balancesheet
779.0,unnamed_12,401975.0,balancesheet
780.0,unnamed_12,457804.0,balancesheet
781.0,unnamed_12,514935.0,balancesheet
782.0,unnamed_12,46275.0,balancesheet
783.0,unnamed_12,56966.0,balancesheet
784.0,unnamed_12,66289.0,balancesheet
785.0,unnamed_12,75098.0,balancesheet
786.0,unnamed_12,83148.0,balancesheet
787.0,unnamed_12,79349.0,balancesheet
788.0,unnamed_12,84066.0,balancesheet
789.0,unnamed_12,91800.0,balancesheet
790.0,unnamed_12,107511.0,balancesheet
791.0,unnamed_12,116729.0,balancesheet
792.0,unnamed_12,124596.0,balancesheet
793.0,unnamed_12,136020.0,balancesheet
794.0,unnamed_12,141870.0,balancesheet
795.0,unnamed_12,241878.0,balancesheet
796.0,unnamed_12,265953.0,balancesheet
797.0,unnamed_12,233883.0,balancesheet
798.0,unnamed_12,231715.0,balancesheet
799.0,unnamed_12,273719.0,balancesheet
800.0,unnamed_12,295860.0,balancesheet
801.0,unnamed_12,335363.0,balancesheet
802.0,unnamed_12,329962.0,balancesheet
803.0,unnamed_12,355145.0,balancesheet
804.0,unnamed_12,410882.0,balancesheet
805.0,unnamed_12,441995.0,balancesheet
806.0,unnamed_12,482683.0,balancesheet
807.0,unnamed_12,510310.0,balancesheet
808.0,unnamed_12,1162.0,balancesheet
809.0,unnamed_12,1437.0,balancesheet
810.0,unnamed_12,1826.0,balancesheet
811.0,unnamed_12,2319.0,balancesheet
812.0,unnamed_12,2594.0,balancesheet
813.0,unnamed_12,3241.0,balancesheet
814.0,unnamed_12,3153.0,balancesheet
815.0,unnamed_12,3884.0,balancesheet
816.0,unnamed_12,5089.0,balancesheet
817.0,unnamed_12,6091.0,balancesheet
818.0,unnamed_12,6800.0,balancesheet
819.0,unnamed_12,70755.0,balancesheet
820.0,unnamed_12,83930.0,balancesheet
821.0,unnamed_12,87647.0,balancesheet
822.0,unnamed_12,108400.0,balancesheet
823.0,unnamed_12,129650.0,balancesheet
824.0,unnamed_12,161468.0,balancesheet
825.0,unnamed_12,206604.0,balancesheet
826.0,unnamed_12,275504.0,balancesheet
827.0,unnamed_12,380482.0,balancesheet
828.0,unnamed_12,449980.0,balancesheet
829.0,unnamed_12,490359.0,balancesheet
830.0,unnamed_12,485082.0,balancesheet
831.0,unnamed_12,494348.0,balancesheet
832.0,unnamed_12,35329.0,balancesheet
833.0,unnamed_12,40848.0,balancesheet
834.0,unnamed_12,45952.0,balancesheet
835.0,unnamed_12,51651.0,balancesheet
836.0,unnamed_12,55898.0,balancesheet
837.0,unnamed_12,64241.0,balancesheet
838.0,unnamed_12,71739.0,balancesheet
839.0,unnamed_12,77311.0,balancesheet
840.0,unnamed_12,73761.0,balancesheet
841.0,unnamed_12,77196.0,balancesheet
842.0,unnamed_12,85831.0,balancesheet
843.0,unnamed_12,91754.0,balancesheet
844.0,unnamed_12,94071.0,balancesheet
845.0,unnamed_12,253424.0,balancesheet
846.0,unnamed_12,324976.0,balancesheet
847.0,unnamed_12,337847.0,balancesheet
848.0,unnamed_12,341772.0,balancesheet
849.0,unnamed_12,444525.0,balancesheet
850.0,unnamed_12,459232.0,balancesheet
851.0,unnamed_12,492343.0,balancesheet
852.0,unnamed_12,508364.0,balancesheet
853.0,unnamed_12,541748.0,balancesheet
854.0,unnamed_12,583260.0,balancesheet
855.0,unnamed_12,613115.0,balancesheet
856.0,unnamed_12,709774.0,balancesheet
857.0,unnamed_12,757614.0,balancesheet
858.0,unnamed_12,178776.0,balancesheet
859.0,unnamed_12,200118.0,balancesheet
860.0,unnamed_12,219712.0,balancesheet
861.0,unnamed_12,224665.0,balancesheet
862.0,unnamed_12,248601.0,balancesheet
863.0,unnamed_12,282492.0,balancesheet
864.0,unnamed_12,346923.0,balancesheet
865.0,unnamed_12,377569.0,balancesheet
866.0,unnamed_12,398022.0,balancesheet
867.0,unnamed_12,415831.0,balancesheet
868.0,unnamed_12,447189.0,balancesheet
869.0,unnamed_12,479278.0,balancesheet
870.0,unnamed_12,492230.0,balancesheet
871.0,unnamed_12,62361.0,balancesheet
872.0,unnamed_12,61427.0,balancesheet
873.0,unnamed_12,61436.0,balancesheet
874.0,unnamed_12,62823.0,balancesheet
875.0,unnamed_12,60187.0,balancesheet
876.0,unnamed_12,62933.0,balancesheet
877.0,unnamed_12,66734.0,balancesheet
878.0,unnamed_12,71277.0,balancesheet
879.0,unnamed_12,73136.0,balancesheet
880.0,unnamed_12,77288.0,balancesheet
881.0,unnamed_12,86211.0,balancesheet
882.0,unnamed_12,93297.0,balancesheet
883.0,unnamed_12,97681.0,balancesheet
884.0,unnamed_12,6314.0,balancesheet
885.0,unnamed_12,5820.0,balancesheet
886.0,unnamed_12,6086.0,balancesheet
887.0,unnamed_12,6810.0,balancesheet
888.0,unnamed_12,7363.0,balancesheet
889.0,unnamed_12,8088.0,balancesheet
890.0,unnamed_12,7173.0,balancesheet
891.0,unnamed_12,7900.0,balancesheet
892.0,unnamed_12,8234.0,balancesheet
893.0,unnamed_12,8979.0,balancesheet
894.0,unnamed_12,8979.0,balancesheet
895.0,unnamed_12,10523.0,balancesheet
896.0,unnamed_12,11108.0,balancesheet
897.0,unnamed_12,825.0,balancesheet
898.0,unnamed_12,1060.0,balancesheet
899.0,unnamed_12,2217.0,balancesheet
900.0,unnamed_12,1925.0,balancesheet
901.0,unnamed_12,2053.0,balancesheet
902.0,unnamed_12,2596.0,balancesheet
903.0,unnamed_12,3189.0,balancesheet
904.0,unnamed_12,2893.0,balancesheet
905.0,unnamed_12,6292.0,balancesheet
906.0,unnamed_12,20483.0,balancesheet
907.0,unnamed_12,16658.0,balancesheet
908.0,unnamed_12,36089.0,balancesheet
909.0,unnamed_12,50186.0,balancesheet
910.0,unnamed_12,12739.0,balancesheet
911.0,unnamed_12,15244.0,balancesheet
912.0,unnamed_12,17425.0,balancesheet
913.0,unnamed_12,19665.0,balancesheet
914.0,unnamed_12,31944.0,balancesheet
915.0,unnamed_12,36974.0,balancesheet
916.0,unnamed_12,42754.0,balancesheet
917.0,unnamed_12,45033.0,balancesheet
918.0,unnamed_12,47749.0,balancesheet
919.0,unnamed_12,55726.0,balancesheet
920.0,unnamed_12,61330.0,balancesheet
921.0,unnamed_12,84178.0,balancesheet
922.0,unnamed_12,97879.0,balancesheet
923.0,unnamed_12,27517.0,balancesheet
924.0,unnamed_12,31476.0,balancesheet
925.0,unnamed_12,34477.0,balancesheet
926.0,unnamed_12,42726.0,balancesheet
927.0,unnamed_12,51960.0,balancesheet
928.0,unnamed_12,60248.0,balancesheet
929.0,unnamed_12,63969.0,balancesheet
930.0,unnamed_12,63628.0,balancesheet
931.0,unnamed_12,71376.0,balancesheet
932.0,unnamed_12,74656.0,balancesheet
933.0,unnamed_12,100106.0,balancesheet
934.0,unnamed_12,115304.0,balancesheet
935.0,unnamed_12,121696.0,balancesheet
936.0,unnamed_12,76131.0,balancesheet
937.0,unnamed_12,87889.0,balancesheet
938.0,unnamed_12,94376.0,balancesheet
939.0,unnamed_12,99852.0,balancesheet
940.0,unnamed_12,113835.0,balancesheet
941.0,unnamed_12,136369.0,balancesheet
942.0,unnamed_12,161889.0,balancesheet
943.0,unnamed_12,165716.0,balancesheet
944.0,unnamed_12,164968.0,balancesheet
945.0,unnamed_12,172388.0,balancesheet
946.0,unnamed_12,204283.0,balancesheet
947.0,unnamed_12,234722.0,balancesheet
948.0,unnamed_12,255280.0,balancesheet
949.0,unnamed_12,2328.0,balancesheet
950.0,unnamed_12,2666.0,balancesheet
951.0,unnamed_12,2978.0,balancesheet
952.0,unnamed_12,3137.0,balancesheet
953.0,unnamed_12,4417.0,balancesheet
954.0,unnamed_12,5337.0,balancesheet
955.0,unnamed_12,6664.0,balancesheet
956.0,unnamed_12,8815.0,balancesheet
957.0,unnamed_12,10706.0,balancesheet
958.0,unnamed_12,20572.0,balancesheet
959.0,unnamed_12,23481.0,balancesheet
960.0,unnamed_12,27544.0,balancesheet
961.0,unnamed_12,28761.0,balancesheet
962.0,unnamed_12,2328.0,balancesheet
963.0,unnamed_12,2666.0,balancesheet
964.0,unnamed_12,2978.0,balancesheet
965.0,unnamed_12,3137.0,balancesheet
966.0,unnamed_12,4417.0,balancesheet
967.0,unnamed_12,5337.0,balancesheet
968.0,unnamed_12,6664.0,balancesheet
969.0,unnamed_12,8815.0,balancesheet
970.0,unnamed_12,10706.0,balancesheet
971.0,unnamed_12,20572.0,balancesheet
972.0,unnamed_12,23481.0,balancesheet
973.0,unnamed_12,27544.0,balancesheet
974.0,unnamed_12,28761.0,balancesheet
975.0,unnamed_12,9478.0,balancesheet
976.0,unnamed_12,9268.0,balancesheet
977.0,unnamed_12,27998.0,balancesheet
978.0,unnamed_12,30981.0,balancesheet
979.0,unnamed_12,33931.0,balancesheet
980.0,unnamed_12,40251.0,balancesheet
981.0,unnamed_12,49864.0,balancesheet
982.0,unnamed_12,40693.0,balancesheet
983.0,unnamed_12,39308.0,balancesheet
984.0,unnamed_12,38404.0,balancesheet
985.0,unnamed_12,39122.0,balancesheet
986.0,unnamed_12,47198.0,balancesheet
987.0,unnamed_12,47385.0,balancesheet
988.0,unnamed_12,3427249.0,balancesheet
989.0,unnamed_12,3499834.0,balancesheet
990.0,unnamed_12,3829524.0,balancesheet
991.0,unnamed_12,4254059.0,balancesheet
992.0,unnamed_12,4578491.0,balancesheet
993.0,unnamed_12,5316047.0,balancesheet
994.0,unnamed_12,5719121.0,balancesheet
995.0,unnamed_12,115835.0,balancesheet
996.0,unnamed_12,122197.0,balancesheet
997.0,unnamed_12,148464.0,balancesheet
998.0,unnamed_12,240804.0,balancesheet
999.0,unnamed_12,276188.0,balancesheet
1000.0,unnamed_12,337720.0,balancesheet
1001.0,unnamed_12,395171.0,balancesheet
1002.0,unnamed_12,443173.0,balancesheet
1003.0,unnamed_12,478854.0,balancesheet
1004.0,unnamed_12,546498.0,balancesheet
1005.0,unnamed_12,620430.0,balancesheet
1006.0,unnamed_12,767667.0,balancesheet
1007.0,unnamed_12,57513.0,balancesheet
1008.0,unnamed_12,77640.0,balancesheet
1009.0,unnamed_12,85654.0,balancesheet
1010.0,unnamed_12,81907.0,balancesheet
1011.0,unnamed_12,88005.0,balancesheet
1012.0,unnamed_12,91970.0,balancesheet
1013.0,unnamed_12,114797.0,balancesheet
1014.0,unnamed_12,131820.0,balancesheet
1015.0,unnamed_12,148317.0,balancesheet
1016.0,unnamed_12,196485.0,balancesheet
1017.0,unnamed_12,210539.0,balancesheet
1018.0,unnamed_12,227898.0,balancesheet
1019.0,unnamed_12,233168.0,balancesheet
1020.0,unnamed_12,20378.0,balancesheet
1021.0,unnamed_12,19244.0,balancesheet
1022.0,unnamed_12,19420.0,balancesheet
1023.0,unnamed_12,28539.0,balancesheet
1024.0,unnamed_12,28389.0,balancesheet
1025.0,unnamed_12,26721.0,balancesheet
1026.0,unnamed_12,25926.0,balancesheet
1027.0,unnamed_12,24931.0,balancesheet
1028.0,unnamed_12,26207.0,balancesheet
1029.0,unnamed_12,30514.0,balancesheet
1030.0,unnamed_12,48417.0,balancesheet
1031.0,unnamed_12,57767.0,balancesheet
1032.0,unnamed_12,64932.0,balancesheet
1033.0,unnamed_12,114930.0,balancesheet
1034.0,unnamed_12,144863.0,balancesheet
1035.0,unnamed_12,144222.0,balancesheet
1036.0,unnamed_12,57073.0,balancesheet
1037.0,unnamed_12,68913.0,balancesheet
1038.0,unnamed_12,75537.0,balancesheet
1039.0,unnamed_12,92398.0,balancesheet
1040.0,unnamed_12,90575.0,balancesheet
1041.0,unnamed_12,89230.0,balancesheet
1042.0,unnamed_12,89001.0,balancesheet
1043.0,unnamed_12,89742.0,balancesheet
1044.0,unnamed_12,77840.0,balancesheet
1045.0,unnamed_12,76644.0,balancesheet
1046.0,unnamed_12,69427.0,balancesheet
1047.0,unnamed_12,78676.0,balancesheet
1048.0,unnamed_12,82771.0,balancesheet
1049.0,unnamed_12,169330.0,balancesheet
1050.0,unnamed_12,194320.0,balancesheet
1051.0,unnamed_12,228912.0,balancesheet
1052.0,unnamed_12,247220.0,balancesheet
1053.0,unnamed_12,259537.0,balancesheet
1054.0,unnamed_12,522531.0,balancesheet
1055.0,unnamed_12,628869.0,balancesheet
1056.0,unnamed_12,694521.0,balancesheet
1057.0,unnamed_12,775707.0,balancesheet
1058.0,unnamed_12,791000.0,balancesheet
1059.0,unnamed_12,896112.0,balancesheet
1060.0,unnamed_12,1038877.0,balancesheet
1061.0,unnamed_12,1103361.0,balancesheet
1062.0,unnamed_12,2616.0,balancesheet
1063.0,unnamed_12,2928.0,balancesheet
1064.0,unnamed_12,3315.0,balancesheet
1065.0,unnamed_12,3714.0,balancesheet
1066.0,unnamed_12,4770.0,balancesheet
1067.0,unnamed_12,5199.0,balancesheet
1068.0,unnamed_12,5904.0,balancesheet
1069.0,unnamed_12,6523.0,balancesheet
1070.0,unnamed_12,8814.0,balancesheet
1071.0,unnamed_12,9494.0,balancesheet
1072.0,unnamed_12,10505.0,balancesheet
1073.0,unnamed_12,12076.0,balancesheet
1074.0,unnamed_12,12755.0,balancesheet
1075.0,unnamed_12,7655.0,balancesheet
1076.0,unnamed_12,11540.0,balancesheet
1077.0,unnamed_12,19035.0,balancesheet
1078.0,unnamed_12,29671.0,balancesheet
1079.0,unnamed_12,42960.0,balancesheet
1080.0,unnamed_12,63018.0,balancesheet
1081.0,unnamed_12,83750.0,balancesheet
1082.0,unnamed_12,78874.0,balancesheet
1083.0,unnamed_12,71333.0,balancesheet
1084.0,unnamed_12,65649.0,balancesheet
1085.0,unnamed_12,66805.0,balancesheet
1086.0,unnamed_12,72371.0,balancesheet
1087.0,unnamed_12,7655.0,balancesheet
1088.0,unnamed_12,11540.0,balancesheet
1089.0,unnamed_12,19035.0,balancesheet
1090.0,unnamed_12,29671.0,balancesheet
1091.0,unnamed_12,42960.0,balancesheet
1092.0,unnamed_12,63018.0,balancesheet
1093.0,unnamed_12,83750.0,balancesheet
1094.0,unnamed_12,78874.0,balancesheet
1095.0,unnamed_12,71333.0,balancesheet
1096.0,unnamed_12,65649.0,balancesheet
1097.0,unnamed_12,66805.0,balancesheet
1098.0,unnamed_12,72371.0,balancesheet
1099.0,unnamed_12,7655.0,balancesheet
1100.0,unnamed_12,11540.0,balancesheet
1101.0,unnamed_12,19035.0,balancesheet
1102.0,unnamed_12,29671.0,balancesheet
1103.0,unnamed_12,42960.0,balancesheet
1104.0,unnamed_12,63018.0,balancesheet
1105.0,unnamed_12,83750.0,balancesheet
1106.0,unnamed_12,78874.0,balancesheet
1107.0,unnamed_12,71333.0,balancesheet
1108.0,unnamed_12,65649.0,balancesheet
1109.0,unnamed_12,66805.0,balancesheet
1110.0,unnamed_12,72371.0,balancesheet
1111.0,unnamed_12,7655.0,balancesheet
1112.0,unnamed_12,11540.0,balancesheet
1113.0,unnamed_12,19035.0,balancesheet
1114.0,unnamed_12,29671.0,balancesheet
1115.0,unnamed_12,42960.0,balancesheet
1116.0,unnamed_12,63018.0,balancesheet
1117.0,unnamed_12,83750.0,balancesheet
1118.0,unnamed_12,78874.0,balancesheet
1119.0,unnamed_12,71333.0,balancesheet
1120.0,unnamed_12,65649.0,balancesheet
1121.0,unnamed_12,66805.0,balancesheet
1122.0,unnamed_12,72371.0,balancesheet
1123.0,unnamed_12,7655.0,balancesheet
1124.0,unnamed_12,11540.0,balancesheet
1125.0,unnamed_12,19035.0,balancesheet
1126.0,unnamed_12,29671.0,balancesheet
1127.0,unnamed_12,42960.0,balancesheet
1128.0,unnamed_12,63018.0,balancesheet
1129.0,unnamed_12,83750.0,balancesheet
1130.0,unnamed_12,78874.0,balancesheet
1131.0,unnamed_12,71333.0,balancesheet
1132.0,unnamed_12,65649.0,balancesheet
1133.0,unnamed_12,66805.0,balancesheet
1134.0,unnamed_12,72371.0,balancesheet
1135.0,unnamed_12,113384.0,balancesheet
1136.0,unnamed_12,141480.0,balancesheet
1137.0,unnamed_12,160784.0,balancesheet
1138.0,unnamed_12,179312.0,balancesheet
1139.0,unnamed_12,195662.0,balancesheet
1140.0,unnamed_12,225354.0,balancesheet
1141.0,unnamed_12,247380.0,balancesheet
1142.0,unnamed_12,256671.0,balancesheet
1143.0,unnamed_12,255708.0,balancesheet
1144.0,unnamed_12,250950.0,balancesheet
1145.0,unnamed_12,252225.0,balancesheet
1146.0,unnamed_12,250829.0,balancesheet
1147.0,unnamed_12,255297.0,balancesheet
1148.0,unnamed_12,113384.0,balancesheet
1149.0,unnamed_12,141480.0,balancesheet
1150.0,unnamed_12,160784.0,balancesheet
1151.0,unnamed_12,179312.0,balancesheet
1152.0,unnamed_12,195662.0,balancesheet
1153.0,unnamed_12,225354.0,balancesheet
1154.0,unnamed_12,247380.0,balancesheet
1155.0,unnamed_12,256671.0,balancesheet
1156.0,unnamed_12,255708.0,balancesheet
1157.0,unnamed_12,250950.0,balancesheet
1158.0,unnamed_12,252225.0,balancesheet
1159.0,unnamed_12,250829.0,balancesheet
1160.0,unnamed_12,255297.0,balancesheet
1161.0,unnamed_12,130570.0,balancesheet
1162.0,unnamed_12,152944.0,balancesheet
1163.0,unnamed_12,183456.0,balancesheet
1164.0,unnamed_12,206945.0,balancesheet
1165.0,unnamed_12,210245.0,balancesheet
1166.0,unnamed_12,242370.0,balancesheet
1167.0,unnamed_12,298454.0,balancesheet
1168.0,unnamed_12,347030.0,balancesheet
1169.0,unnamed_12,400867.0,balancesheet
1170.0,unnamed_12,410860.0,balancesheet
1171.0,unnamed_12,465503.0,balancesheet
1172.0,unnamed_12,548191.0,balancesheet
1173.0,unnamed_12,595227.0,balancesheet
1174.0,unnamed_12,362357.0,balancesheet
1175.0,unnamed_12,428843.0,balancesheet
1176.0,unnamed_12,504486.0,balancesheet
1177.0,unnamed_12,598997.0,balancesheet
1178.0,unnamed_12,706802.0,balancesheet
1179.0,unnamed_12,811273.0,balancesheet
1180.0,unnamed_12,997630.0,balancesheet
1181.0,unnamed_12,1163015.0,balancesheet
1182.0,unnamed_12,1320065.0,balancesheet
1183.0,unnamed_12,1498622.0,balancesheet
1184.0,unnamed_12,1605882.0,balancesheet
1185.0,unnamed_12,1755048.0,balancesheet
1186.0,unnamed_12,1815123.0,balancesheet
1187.0,unnamed_12,53714.0,balancesheet
1188.0,unnamed_12,60640.0,balancesheet
1189.0,unnamed_12,74121.0,balancesheet
1190.0,unnamed_12,83429.0,balancesheet
1191.0,unnamed_12,102240.0,balancesheet
1192.0,unnamed_12,121720.0,balancesheet
1193.0,unnamed_12,146734.0,balancesheet
1194.0,unnamed_12,165580.0,balancesheet
1195.0,unnamed_12,226830.0,balancesheet
1196.0,unnamed_12,273337.0,balancesheet
1197.0,unnamed_12,314599.0,balancesheet
1198.0,unnamed_12,398299.0,balancesheet
1199.0,unnamed_12,448497.0,balancesheet
1200.0,unnamed_12,7374.0,balancesheet
1201.0,unnamed_12,7986.0,balancesheet
1202.0,unnamed_12,9047.0,balancesheet
1203.0,unnamed_12,10350.0,balancesheet
1204.0,unnamed_12,15104.0,balancesheet
1205.0,unnamed_12,17783.0,balancesheet
1206.0,unnamed_12,23231.0,balancesheet
1207.0,unnamed_12,23477.0,balancesheet
1208.0,unnamed_12,23765.0,balancesheet
1209.0,unnamed_12,27642.0,balancesheet
1210.0,unnamed_12,25562.0,balancesheet
1211.0,unnamed_12,28834.0,balancesheet
1212.0,unnamed_12,31446.0,balancesheet
1213.0,unnamed_12,6160.0,balancesheet
1214.0,unnamed_12,7329.0,balancesheet
1215.0,unnamed_12,7998.0,balancesheet
1216.0,unnamed_12,9463.0,balancesheet
1217.0,unnamed_12,11166.0,balancesheet
1218.0,unnamed_12,15142.0,balancesheet
1219.0,unnamed_12,15493.0,balancesheet
1220.0,unnamed_12,19944.0,balancesheet
1221.0,unnamed_12,21513.0,balancesheet
1222.0,unnamed_12,23749.0,balancesheet
1223.0,unnamed_12,26334.0,balancesheet
1224.0,unnamed_12,27925.0,balancesheet
1225.0,unnamed_12,27859.0,balancesheet
1226.0,unnamed_12,1374.0,balancesheet
1227.0,unnamed_12,3413.0,balancesheet
1228.0,unnamed_12,2900.0,balancesheet
1229.0,unnamed_12,8704.0,balancesheet
1230.0,unnamed_12,17327.0,balancesheet
1231.0,unnamed_12,21599.0,balancesheet
1232.0,unnamed_12,23356.0,balancesheet
1233.0,unnamed_12,25205.0,balancesheet
1234.0,unnamed_12,43621.0,balancesheet
1235.0,unnamed_12,49533.0,balancesheet
1236.0,unnamed_12,58350.0,balancesheet
1237.0,unnamed_12,71590.0,balancesheet
1238.0,unnamed_12,78672.0,balancesheet
1239.0,unnamed_12,75391.0,balancesheet
1240.0,unnamed_12,82586.0,balancesheet
1241.0,unnamed_12,81000.0,balancesheet
1242.0,unnamed_12,82566.0,balancesheet
1243.0,unnamed_12,107276.0,balancesheet
1244.0,unnamed_12,116924.0,balancesheet
1245.0,unnamed_12,114609.0,balancesheet
1246.0,unnamed_12,125552.0,balancesheet
1247.0,unnamed_12,23037.0,balancesheet
1248.0,unnamed_12,214120.0,balancesheet
1249.0,unnamed_12,190281.0,balancesheet
1250.0,unnamed_12,191980.0,balancesheet
1251.0,unnamed_12,196946.0,balancesheet
1252.0,unnamed_12,180367.0,balancesheet
1253.0,unnamed_12,198568.0,balancesheet
1254.0,unnamed_12,180737.0,balancesheet
1255.0,unnamed_12,183496.0,balancesheet
1256.0,unnamed_12,193947.0,balancesheet
1257.0,unnamed_12,189455.0,balancesheet
1258.0,unnamed_12,188118.0,balancesheet
1259.0,unnamed_12,205175.0,balancesheet
1260.0,unnamed_12,47274.0,balancesheet
1261.0,unnamed_12,52332.0,balancesheet
1262.0,unnamed_12,62154.0,balancesheet
1263.0,unnamed_12,68013.0,balancesheet
1264.0,unnamed_12,74446.0,balancesheet
1265.0,unnamed_12,97360.0,balancesheet
1266.0,unnamed_12,105419.0,balancesheet
1267.0,unnamed_12,114266.0,balancesheet
1268.0,unnamed_12,129910.0,balancesheet
1269.0,unnamed_12,142268.0,balancesheet
1270.0,unnamed_12,210573.0,balancesheet
1271.0,unnamed_12,248266.0,balancesheet
1272.0,unnamed_12,275087.0,balancesheet
1273.0,unnamed_12,10158.0,balancesheet
1274.0,unnamed_12,10290.0,balancesheet
1275.0,unnamed_12,10576.0,balancesheet
1276.0,unnamed_12,11986.0,balancesheet
1277.0,unnamed_12,13138.0,balancesheet
1278.0,unnamed_12,14336.0,balancesheet
1279.0,unnamed_12,15358.0,balancesheet
1280.0,unnamed_12,15860.0,balancesheet
1281.0,unnamed_12,18015.0,balancesheet
1282.0,unnamed_12,20109.0,balancesheet
1283.0,unnamed_12,21646.0,balancesheet
1284.0,unnamed_12,25299.0,balancesheet
1285.0,unnamed_12,16483.0,balancesheet
1286.0,unnamed_12,14858.0,balancesheet
1287.0,unnamed_12,7889.0,balancesheet
1288.0,unnamed_12,8329.0,balancesheet
1289.0,unnamed_12,8896.0,balancesheet
1290.0,unnamed_12,8926.0,balancesheet
1291.0,unnamed_12,9109.0,balancesheet
1292.0,unnamed_12,8844.0,balancesheet
1293.0,unnamed_12,8511.0,balancesheet
1294.0,unnamed_12,8863.0,balancesheet
1295.0,unnamed_12,9716.0,balancesheet
1296.0,unnamed_12,11176.0,balancesheet
1297.0,unnamed_12,11955.0,balancesheet
1298.0,unnamed_12,312912.0,balancesheet
1299.0,unnamed_12,355013.0,balancesheet
1300.0,unnamed_12,383566.0,balancesheet
1301.0,unnamed_12,407365.0,balancesheet
1302.0,unnamed_12,455681.0,balancesheet
1303.0,unnamed_12,491120.0,balancesheet
1304.0,unnamed_12,498581.0,balancesheet
1305.0,unnamed_12,555509.0,balancesheet
1306.0,unnamed_12,1082377.0,balancesheet
1307.0,unnamed_12,1193766.0,balancesheet
1308.0,unnamed_12,1288357.0,balancesheet
1309.0,unnamed_12,1401996.0,balancesheet
1310.0,unnamed_12,20377.0,balancesheet
1311.0,unnamed_12,29095.0,balancesheet
1312.0,unnamed_12,48723.0,balancesheet
1313.0,unnamed_12,55428.0,balancesheet
1314.0,unnamed_12,61095.0,balancesheet
1315.0,unnamed_12,64297.0,balancesheet
1316.0,unnamed_12,64590.0,balancesheet
1317.0,unnamed_12,68194.0,balancesheet
1318.0,unnamed_12,67622.0,balancesheet
1319.0,unnamed_12,69776.0,balancesheet
1320.0,unnamed_12,80712.0,balancesheet
1321.0,unnamed_12,85308.0,balancesheet
1322.0,unnamed_12,88116.0,balancesheet
1323.0,unnamed_12,29582.0,balancesheet
1324.0,unnamed_12,32185.0,balancesheet
1325.0,unnamed_12,38053.0,balancesheet
1326.0,unnamed_12,41193.0,balancesheet
1327.0,unnamed_12,42209.0,balancesheet
1328.0,unnamed_12,57141.0,balancesheet
1329.0,unnamed_12,76525.0,balancesheet
1330.0,unnamed_12,79214.0,balancesheet
1331.0,unnamed_12,86176.0,balancesheet
1332.0,unnamed_12,83811.0,balancesheet
1333.0,unnamed_12,91380.0,balancesheet
1334.0,unnamed_12,100797.0,balancesheet
1335.0,unnamed_12,107611.0,balancesheet
1336.0,unnamed_12,3381.0,balancesheet
1337.0,unnamed_12,3632.0,balancesheet
1338.0,unnamed_12,4570.0,balancesheet
1339.0,unnamed_12,5146.0,balancesheet
1340.0,unnamed_12,6128.0,balancesheet
1341.0,unnamed_12,13190.0,balancesheet
1342.0,unnamed_12,16696.0,balancesheet
1343.0,unnamed_12,19272.0,balancesheet
1344.0,unnamed_12,21865.0,balancesheet
1345.0,unnamed_12,26919.0,balancesheet
1346.0,unnamed_12,35025.0,balancesheet
1347.0,unnamed_12,42024.0,balancesheet
1348.0,unnamed_12,44946.0,balancesheet
1349.0,unnamed_12,2209.0,balancesheet
1350.0,unnamed_12,1936.0,balancesheet
1351.0,unnamed_12,2207.0,balancesheet
1352.0,unnamed_12,2157.0,balancesheet
1353.0,unnamed_12,2222.0,balancesheet
1354.0,unnamed_12,2336.0,balancesheet
1355.0,unnamed_12,2559.0,balancesheet
1356.0,unnamed_12,5507.0,balancesheet
1357.0,unnamed_12,5724.0,balancesheet
1358.0,unnamed_12,7726.0,balancesheet
1359.0,unnamed_12,8082.0,balancesheet
1360.0,unnamed_12,7162.0,balancesheet
1361.0,unnamed_12,8274.0,balancesheet
1362.0,unnamed_12,3753.0,balancesheet
1363.0,unnamed_12,5022.0,balancesheet
1364.0,unnamed_12,7820.0,balancesheet
1365.0,unnamed_12,8886.0,balancesheet
1366.0,unnamed_12,9601.0,balancesheet
1367.0,unnamed_12,14243.0,balancesheet
1368.0,unnamed_12,14113.0,balancesheet
1369.0,unnamed_12,14010.0,balancesheet
1370.0,unnamed_12,14075.0,balancesheet
1371.0,unnamed_12,12906.0,balancesheet
1372.0,unnamed_12,14610.0,balancesheet
1373.0,unnamed_12,14505.0,balancesheet
1374.0,unnamed_12,15088.0,balancesheet
1375.0,unnamed_12,5884.0,balancesheet
1376.0,unnamed_12,6111.0,balancesheet
1377.0,unnamed_12,5868.0,balancesheet
1378.0,unnamed_12,6342.0,balancesheet
1379.0,unnamed_12,8408.0,balancesheet
1380.0,unnamed_12,9521.0,balancesheet
1381.0,unnamed_12,11710.0,balancesheet
1382.0,unnamed_12,13544.0,balancesheet
1383.0,unnamed_12,16444.0,balancesheet
1384.0,unnamed_12,21188.0,balancesheet
1385.0,unnamed_12,27020.0,balancesheet
1386.0,unnamed_12,31547.0,balancesheet
1387.0,unnamed_12,38826.0,balancesheet
1388.0,unnamed_12,8984.0,balancesheet
1389.0,unnamed_12,15940.0,balancesheet
1390.0,unnamed_12,19848.0,balancesheet
1391.0,unnamed_12,22525.0,balancesheet
1392.0,unnamed_12,26057.0,balancesheet
1393.0,unnamed_12,30431.0,balancesheet
1394.0,unnamed_12,33446.0,balancesheet
1395.0,unnamed_12,37318.0,balancesheet
1396.0,unnamed_12,39602.0,balancesheet
1397.0,unnamed_12,44416.0,balancesheet
1398.0,unnamed_12,45827.0,balancesheet
1399.0,unnamed_12,43149.0,balancesheet
1400.0,unnamed_12,42827.0,balancesheet
1401.0,unnamed_12,8794.0,balancesheet
1402.0,unnamed_12,9911.0,balancesheet
1403.0,unnamed_12,9458.0,balancesheet
1404.0,unnamed_12,9895.0,balancesheet
1405.0,unnamed_12,9551.0,balancesheet
1406.0,unnamed_12,10461.0,balancesheet
1407.0,unnamed_12,10881.0,balancesheet
1408.0,unnamed_12,18473.0,balancesheet
1409.0,unnamed_12,20218.0,balancesheet
1410.0,unnamed_12,21075.0,balancesheet
1411.0,unnamed_12,22762.0,balancesheet
1412.0,unnamed_12,27879.0,balancesheet
1413.0,unnamed_12,30970.0,balancesheet
1414.0,unnamed_12,51932.0,balancesheet
1415.0,unnamed_12,66829.0,balancesheet
1416.0,unnamed_12,73318.0,balancesheet
1417.0,unnamed_12,88291.0,balancesheet
1418.0,unnamed_12,102333.0,balancesheet
1419.0,unnamed_12,105126.0,balancesheet
1420.0,unnamed_12,113901.0,balancesheet
1421.0,unnamed_12,120127.0,balancesheet
1422.0,unnamed_12,129992.0,balancesheet
1423.0,unnamed_12,140924.0,balancesheet
1424.0,unnamed_12,142859.0,balancesheet
1425.0,unnamed_12,145472.0,balancesheet
1426.0,unnamed_12,161124.0,balancesheet
1427.0,unnamed_12,146876.0,balancesheet
1428.0,unnamed_12,171604.0,balancesheet
1429.0,unnamed_12,159109.0,balancesheet
1430.0,unnamed_12,176884.0,balancesheet
1431.0,unnamed_12,172447.0,balancesheet
1432.0,unnamed_12,208722.0,balancesheet
1433.0,unnamed_12,232773.0,balancesheet
1434.0,unnamed_12,249149.0,balancesheet
1435.0,unnamed_12,243909.0,balancesheet
1436.0,unnamed_12,282422.0,balancesheet
1437.0,unnamed_12,285396.0,balancesheet
1438.0,unnamed_12,269312.0,balancesheet
1439.0,unnamed_12,280841.0,balancesheet
1440.0,unnamed_12,8984.0,balancesheet
1441.0,unnamed_12,15940.0,balancesheet
1442.0,unnamed_12,19848.0,balancesheet
1443.0,unnamed_12,22525.0,balancesheet
1444.0,unnamed_12,26057.0,balancesheet
1445.0,unnamed_12,30431.0,balancesheet
1446.0,unnamed_12,33446.0,balancesheet
1447.0,unnamed_12,37318.0,balancesheet
1448.0,unnamed_12,39602.0,balancesheet
1449.0,unnamed_12,44416.0,balancesheet
1450.0,unnamed_12,45827.0,balancesheet
1451.0,unnamed_12,43149.0,balancesheet
1452.0,unnamed_12,42827.0,balancesheet
1453.0,unnamed_12,67257.0,balancesheet
1454.0,unnamed_12,71383.0,balancesheet
1455.0,unnamed_12,75185.0,balancesheet
1456.0,unnamed_12,70057.0,balancesheet
1457.0,unnamed_12,82829.0,balancesheet
1458.0,unnamed_12,81892.0,balancesheet
1459.0,unnamed_12,84073.0,balancesheet
1460.0,unnamed_12,89674.0,balancesheet
1461.0,unnamed_12,98655.0,balancesheet
1462.0,unnamed_12,112550.0,balancesheet
1463.0,unnamed_12,128096.0,balancesheet
1464.0,unnamed_12,139054.0,balancesheet
1465.0,unnamed_12,145130.0,balancesheet
1466.0,unnamed_12,168330.0,balancesheet
1467.0,unnamed_12,218426.0,balancesheet
1468.0,unnamed_12,237315.0,balancesheet
1469.0,unnamed_12,263184.0,balancesheet
1470.0,unnamed_12,272580.0,balancesheet
1471.0,unnamed_12,327192.0,balancesheet
1472.0,unnamed_12,305703.0,balancesheet
1473.0,unnamed_12,320179.0,balancesheet
1474.0,unnamed_12,341570.0,balancesheet
1475.0,unnamed_12,329061.0,balancesheet
1476.0,unnamed_12,334674.0,balancesheet
1477.0,unnamed_12,369521.0,balancesheet
1478.0,unnamed_12,390656.0,balancesheet
