metric,year,value,company
,unnamed_1,,cashflow
37.0,unnamed_1,,cashflow
38.0,unnamed_1,,cashflow
39.0,unnamed_1,,cashflow
40.0,unnamed_1,,cashflow
41.0,unnamed_1,,cashflow
42.0,unnamed_1,,cashflow
43.0,unnamed_1,,cashflow
44.0,unnamed_1,,cashflow
45.0,unnamed_1,,cashflow
46.0,unnamed_1,,cashflow
47.0,unnamed_1,,cashflow
48.0,unnamed_1,,cashflow
61.0,unnamed_1,,cashflow
62.0,unnamed_1,,cashflow
63.0,unnamed_1,,cashflow
64.0,unnamed_1,,cashflow
65.0,unnamed_1,,cashflow
66.0,unnamed_1,,cashflow
67.0,unnamed_1,,cashflow
68.0,unnamed_1,,cashflow
69.0,unnamed_1,,cashflow
70.0,unnamed_1,,cashflow
71.0,unnamed_1,,cashflow
72.0,unnamed_1,,cashflow
73.0,unnamed_1,,cashflow
74.0,unnamed_1,,cashflow
75.0,unnamed_1,,cashflow
76.0,unnamed_1,,cashflow
77.0,unnamed_1,,cashflow
78.0,unnamed_1,,cashflow
79.0,unnamed_1,,cashflow
80.0,unnamed_1,,cashflow
81.0,unnamed_1,,cashflow
82.0,unnamed_1,,cashflow
83.0,unnamed_1,,cashflow
84.0,unnamed_1,,cashflow
85.0,unnamed_1,,cashflow
86.0,unnamed_1,,cashflow
87.0,unnamed_1,,cashflow
88.0,unnamed_1,,cashflow
89.0,unnamed_1,,cashflow
90.0,unnamed_1,,cashflow
91.0,unnamed_1,,cashflow
92.0,unnamed_1,,cashflow
93.0,unnamed_1,,cashflow
94.0,unnamed_1,,cashflow
95.0,unnamed_1,,cashflow
96.0,unnamed_1,,cashflow
97.0,unnamed_1,,cashflow
98.0,unnamed_1,,cashflow
99.0,unnamed_1,,cashflow
100.0,unnamed_1,,cashflow
101.0,unnamed_1,,cashflow
102.0,unnamed_1,,cashflow
103.0,unnamed_1,,cashflow
104.0,unnamed_1,,cashflow
105.0,unnamed_1,,cashflow
106.0,unnamed_1,,cashflow
107.0,unnamed_1,,cashflow
108.0,unnamed_1,,cashflow
109.0,unnamed_1,,cashflow
110.0,unnamed_1,,cashflow
111.0,unnamed_1,,cashflow
112.0,unnamed_1,,cashflow
113.0,unnamed_1,,cashflow
114.0,unnamed_1,,cashflow
115.0,unnamed_1,,cashflow
116.0,unnamed_1,,cashflow
117.0,unnamed_1,,cashflow
118.0,unnamed_1,,cashflow
119.0,unnamed_1,,cashflow
120.0,unnamed_1,,cashflow
121.0,unnamed_1,,cashflow
122.0,unnamed_1,,cashflow
123.0,unnamed_1,,cashflow
124.0,unnamed_1,,cashflow
125.0,unnamed_1,,cashflow
126.0,unnamed_1,,cashflow
127.0,unnamed_1,,cashflow
128.0,unnamed_1,,cashflow
129.0,unnamed_1,,cashflow
130.0,unnamed_1,,cashflow
131.0,unnamed_1,,cashflow
132.0,unnamed_1,,cashflow
133.0,unnamed_1,,cashflow
134.0,unnamed_1,,cashflow
135.0,unnamed_1,,cashflow
136.0,unnamed_1,,cashflow
137.0,unnamed_1,,cashflow
138.0,unnamed_1,,cashflow
139.0,unnamed_1,,cashflow
140.0,unnamed_1,,cashflow
141.0,unnamed_1,,cashflow
142.0,unnamed_1,,cashflow
143.0,unnamed_1,,cashflow
144.0,unnamed_1,,cashflow
145.0,unnamed_1,,cashflow
146.0,unnamed_1,,cashflow
147.0,unnamed_1,,cashflow
148.0,unnamed_1,,cashflow
149.0,unnamed_1,,cashflow
150.0,unnamed_1,,cashflow
151.0,unnamed_1,,cashflow
152.0,unnamed_1,,cashflow
153.0,unnamed_1,,cashflow
154.0,unnamed_1,,cashflow
155.0,unnamed_1,,cashflow
156.0,unnamed_1,,cashflow
157.0,unnamed_1,,cashflow
158.0,unnamed_1,,cashflow
159.0,unnamed_1,,cashflow
160.0,unnamed_1,,cashflow
161.0,unnamed_1,,cashflow
162.0,unnamed_1,,cashflow
163.0,unnamed_1,,cashflow
164.0,unnamed_1,,cashflow
165.0,unnamed_1,,cashflow
166.0,unnamed_1,,cashflow
167.0,unnamed_1,,cashflow
168.0,unnamed_1,,cashflow
169.0,unnamed_1,,cashflow
170.0,unnamed_1,,cashflow
171.0,unnamed_1,,cashflow
172.0,unnamed_1,,cashflow
173.0,unnamed_1,,cashflow
174.0,unnamed_1,,cashflow
189.0,unnamed_1,,cashflow
190.0,unnamed_1,,cashflow
191.0,unnamed_1,,cashflow
192.0,unnamed_1,,cashflow
193.0,unnamed_1,,cashflow
194.0,unnamed_1,,cashflow
195.0,unnamed_1,,cashflow
196.0,unnamed_1,,cashflow
197.0,unnamed_1,,cashflow
198.0,unnamed_1,,cashflow
199.0,unnamed_1,,cashflow
200.0,unnamed_1,,cashflow
201.0,unnamed_1,,cashflow
202.0,unnamed_1,,cashflow
203.0,unnamed_1,,cashflow
204.0,unnamed_1,,cashflow
205.0,unnamed_1,,cashflow
206.0,unnamed_1,,cashflow
207.0,unnamed_1,,cashflow
208.0,unnamed_1,,cashflow
209.0,unnamed_1,,cashflow
210.0,unnamed_1,,cashflow
211.0,unnamed_1,,cashflow
212.0,unnamed_1,,cashflow
213.0,unnamed_1,,cashflow
214.0,unnamed_1,,cashflow
215.0,unnamed_1,,cashflow
216.0,unnamed_1,,cashflow
217.0,unnamed_1,,cashflow
218.0,unnamed_1,,cashflow
219.0,unnamed_1,,cashflow
220.0,unnamed_1,,cashflow
221.0,unnamed_1,,cashflow
222.0,unnamed_1,,cashflow
223.0,unnamed_1,,cashflow
224.0,unnamed_1,,cashflow
225.0,unnamed_1,,cashflow
226.0,unnamed_1,,cashflow
227.0,unnamed_1,,cashflow
228.0,unnamed_1,,cashflow
229.0,unnamed_1,,cashflow
230.0,unnamed_1,,cashflow
231.0,unnamed_1,,cashflow
232.0,unnamed_1,,cashflow
233.0,unnamed_1,,cashflow
234.0,unnamed_1,,cashflow
235.0,unnamed_1,,cashflow
236.0,unnamed_1,,cashflow
237.0,unnamed_1,,cashflow
238.0,unnamed_1,,cashflow
239.0,unnamed_1,,cashflow
240.0,unnamed_1,,cashflow
241.0,unnamed_1,,cashflow
242.0,unnamed_1,,cashflow
243.0,unnamed_1,,cashflow
244.0,unnamed_1,,cashflow
245.0,unnamed_1,,cashflow
246.0,unnamed_1,,cashflow
247.0,unnamed_1,,cashflow
248.0,unnamed_1,,cashflow
249.0,unnamed_1,,cashflow
250.0,unnamed_1,,cashflow
251.0,unnamed_1,,cashflow
252.0,unnamed_1,,cashflow
253.0,unnamed_1,,cashflow
254.0,unnamed_1,,cashflow
255.0,unnamed_1,,cashflow
256.0,unnamed_1,,cashflow
257.0,unnamed_1,,cashflow
258.0,unnamed_1,,cashflow
259.0,unnamed_1,,cashflow
260.0,unnamed_1,,cashflow
261.0,unnamed_1,,cashflow
262.0,unnamed_1,,cashflow
263.0,unnamed_1,,cashflow
264.0,unnamed_1,,cashflow
265.0,unnamed_1,,cashflow
266.0,unnamed_1,,cashflow
267.0,unnamed_1,,cashflow
268.0,unnamed_1,,cashflow
269.0,unnamed_1,,cashflow
270.0,unnamed_1,,cashflow
271.0,unnamed_1,,cashflow
272.0,unnamed_1,,cashflow
273.0,unnamed_1,,cashflow
274.0,unnamed_1,,cashflow
275.0,unnamed_1,,cashflow
276.0,unnamed_1,,cashflow
277.0,unnamed_1,,cashflow
278.0,unnamed_1,,cashflow
279.0,unnamed_1,,cashflow
280.0,unnamed_1,,cashflow
281.0,unnamed_1,,cashflow
282.0,unnamed_1,,cashflow
283.0,unnamed_1,,cashflow
284.0,unnamed_1,,cashflow
285.0,unnamed_1,,cashflow
286.0,unnamed_1,,cashflow
287.0,unnamed_1,,cashflow
288.0,unnamed_1,,cashflow
289.0,unnamed_1,,cashflow
290.0,unnamed_1,,cashflow
291.0,unnamed_1,,cashflow
292.0,unnamed_1,,cashflow
293.0,unnamed_1,,cashflow
294.0,unnamed_1,,cashflow
295.0,unnamed_1,,cashflow
296.0,unnamed_1,,cashflow
297.0,unnamed_1,,cashflow
298.0,unnamed_1,,cashflow
299.0,unnamed_1,,cashflow
300.0,unnamed_1,,cashflow
301.0,unnamed_1,,cashflow
302.0,unnamed_1,,cashflow
303.0,unnamed_1,,cashflow
304.0,unnamed_1,,cashflow
305.0,unnamed_1,,cashflow
306.0,unnamed_1,,cashflow
307.0,unnamed_1,,cashflow
308.0,unnamed_1,,cashflow
309.0,unnamed_1,,cashflow
310.0,unnamed_1,,cashflow
311.0,unnamed_1,,cashflow
312.0,unnamed_1,,cashflow
313.0,unnamed_1,,cashflow
314.0,unnamed_1,,cashflow
315.0,unnamed_1,,cashflow
316.0,unnamed_1,,cashflow
317.0,unnamed_1,,cashflow
318.0,unnamed_1,,cashflow
319.0,unnamed_1,,cashflow
320.0,unnamed_1,,cashflow
321.0,unnamed_1,,cashflow
322.0,unnamed_1,,cashflow
323.0,unnamed_1,,cashflow
324.0,unnamed_1,,cashflow
325.0,unnamed_1,,cashflow
326.0,unnamed_1,,cashflow
327.0,unnamed_1,,cashflow
328.0,unnamed_1,,cashflow
329.0,unnamed_1,,cashflow
330.0,unnamed_1,,cashflow
331.0,unnamed_1,,cashflow
332.0,unnamed_1,,cashflow
333.0,unnamed_1,,cashflow
334.0,unnamed_1,,cashflow
335.0,unnamed_1,,cashflow
336.0,unnamed_1,,cashflow
337.0,unnamed_1,,cashflow
338.0,unnamed_1,,cashflow
339.0,unnamed_1,,cashflow
340.0,unnamed_1,,cashflow
341.0,unnamed_1,,cashflow
342.0,unnamed_1,,cashflow
343.0,unnamed_1,,cashflow
344.0,unnamed_1,,cashflow
345.0,unnamed_1,,cashflow
346.0,unnamed_1,,cashflow
347.0,unnamed_1,,cashflow
348.0,unnamed_1,,cashflow
349.0,unnamed_1,,cashflow
350.0,unnamed_1,,cashflow
351.0,unnamed_1,,cashflow
352.0,unnamed_1,,cashflow
353.0,unnamed_1,,cashflow
354.0,unnamed_1,,cashflow
355.0,unnamed_1,,cashflow
356.0,unnamed_1,,cashflow
357.0,unnamed_1,,cashflow
358.0,unnamed_1,,cashflow
359.0,unnamed_1,,cashflow
360.0,unnamed_1,,cashflow
361.0,unnamed_1,,cashflow
362.0,unnamed_1,,cashflow
363.0,unnamed_1,,cashflow
364.0,unnamed_1,,cashflow
365.0,unnamed_1,,cashflow
366.0,unnamed_1,,cashflow
367.0,unnamed_1,,cashflow
368.0,unnamed_1,,cashflow
369.0,unnamed_1,,cashflow
370.0,unnamed_1,,cashflow
371.0,unnamed_1,,cashflow
372.0,unnamed_1,,cashflow
373.0,unnamed_1,,cashflow
374.0,unnamed_1,,cashflow
375.0,unnamed_1,,cashflow
376.0,unnamed_1,,cashflow
377.0,unnamed_1,,cashflow
378.0,unnamed_1,,cashflow
379.0,unnamed_1,,cashflow
380.0,unnamed_1,,cashflow
381.0,unnamed_1,,cashflow
382.0,unnamed_1,,cashflow
383.0,unnamed_1,,cashflow
384.0,unnamed_1,,cashflow
385.0,unnamed_1,,cashflow
386.0,unnamed_1,,cashflow
387.0,unnamed_1,,cashflow
388.0,unnamed_1,,cashflow
389.0,unnamed_1,,cashflow
390.0,unnamed_1,,cashflow
391.0,unnamed_1,,cashflow
392.0,unnamed_1,,cashflow
393.0,unnamed_1,,cashflow
394.0,unnamed_1,,cashflow
395.0,unnamed_1,,cashflow
396.0,unnamed_1,,cashflow
397.0,unnamed_1,,cashflow
398.0,unnamed_1,,cashflow
399.0,unnamed_1,,cashflow
400.0,unnamed_1,,cashflow
401.0,unnamed_1,,cashflow
402.0,unnamed_1,,cashflow
403.0,unnamed_1,,cashflow
404.0,unnamed_1,,cashflow
405.0,unnamed_1,,cashflow
406.0,unnamed_1,,cashflow
407.0,unnamed_1,,cashflow
408.0,unnamed_1,,cashflow
409.0,unnamed_1,,cashflow
410.0,unnamed_1,,cashflow
411.0,unnamed_1,,cashflow
412.0,unnamed_1,,cashflow
413.0,unnamed_1,,cashflow
414.0,unnamed_1,,cashflow
415.0,unnamed_1,,cashflow
416.0,unnamed_1,,cashflow
417.0,unnamed_1,,cashflow
418.0,unnamed_1,,cashflow
419.0,unnamed_1,,cashflow
420.0,unnamed_1,,cashflow
421.0,unnamed_1,,cashflow
422.0,unnamed_1,,cashflow
423.0,unnamed_1,,cashflow
424.0,unnamed_1,,cashflow
425.0,unnamed_1,,cashflow
426.0,unnamed_1,,cashflow
427.0,unnamed_1,,cashflow
428.0,unnamed_1,,cashflow
429.0,unnamed_1,,cashflow
430.0,unnamed_1,,cashflow
431.0,unnamed_1,,cashflow
432.0,unnamed_1,,cashflow
433.0,unnamed_1,,cashflow
434.0,unnamed_1,,cashflow
435.0,unnamed_1,,cashflow
436.0,unnamed_1,,cashflow
437.0,unnamed_1,,cashflow
438.0,unnamed_1,,cashflow
439.0,unnamed_1,,cashflow
440.0,unnamed_1,,cashflow
441.0,unnamed_1,,cashflow
442.0,unnamed_1,,cashflow
443.0,unnamed_1,,cashflow
444.0,unnamed_1,,cashflow
445.0,unnamed_1,,cashflow
446.0,unnamed_1,,cashflow
447.0,unnamed_1,,cashflow
448.0,unnamed_1,,cashflow
449.0,unnamed_1,,cashflow
450.0,unnamed_1,,cashflow
451.0,unnamed_1,,cashflow
452.0,unnamed_1,,cashflow
453.0,unnamed_1,,cashflow
454.0,unnamed_1,,cashflow
455.0,unnamed_1,,cashflow
456.0,unnamed_1,,cashflow
457.0,unnamed_1,,cashflow
458.0,unnamed_1,,cashflow
459.0,unnamed_1,,cashflow
460.0,unnamed_1,,cashflow
461.0,unnamed_1,,cashflow
462.0,unnamed_1,,cashflow
463.0,unnamed_1,,cashflow
464.0,unnamed_1,,cashflow
465.0,unnamed_1,,cashflow
466.0,unnamed_1,,cashflow
467.0,unnamed_1,,cashflow
468.0,unnamed_1,,cashflow
469.0,unnamed_1,,cashflow
470.0,unnamed_1,,cashflow
471.0,unnamed_1,,cashflow
472.0,unnamed_1,,cashflow
473.0,unnamed_1,,cashflow
474.0,unnamed_1,,cashflow
475.0,unnamed_1,,cashflow
476.0,unnamed_1,,cashflow
477.0,unnamed_1,,cashflow
478.0,unnamed_1,,cashflow
479.0,unnamed_1,,cashflow
480.0,unnamed_1,,cashflow
481.0,unnamed_1,,cashflow
482.0,unnamed_1,,cashflow
483.0,unnamed_1,,cashflow
484.0,unnamed_1,,cashflow
485.0,unnamed_1,,cashflow
486.0,unnamed_1,,cashflow
487.0,unnamed_1,,cashflow
488.0,unnamed_1,,cashflow
489.0,unnamed_1,,cashflow
490.0,unnamed_1,,cashflow
491.0,unnamed_1,,cashflow
492.0,unnamed_1,,cashflow
493.0,unnamed_1,,cashflow
494.0,unnamed_1,,cashflow
495.0,unnamed_1,,cashflow
496.0,unnamed_1,,cashflow
497.0,unnamed_1,,cashflow
498.0,unnamed_1,,cashflow
499.0,unnamed_1,,cashflow
500.0,unnamed_1,,cashflow
501.0,unnamed_1,,cashflow
502.0,unnamed_1,,cashflow
503.0,unnamed_1,,cashflow
504.0,unnamed_1,,cashflow
505.0,unnamed_1,,cashflow
506.0,unnamed_1,,cashflow
507.0,unnamed_1,,cashflow
508.0,unnamed_1,,cashflow
509.0,unnamed_1,,cashflow
510.0,unnamed_1,,cashflow
511.0,unnamed_1,,cashflow
512.0,unnamed_1,,cashflow
513.0,unnamed_1,,cashflow
514.0,unnamed_1,,cashflow
515.0,unnamed_1,,cashflow
516.0,unnamed_1,,cashflow
517.0,unnamed_1,,cashflow
518.0,unnamed_1,,cashflow
519.0,unnamed_1,,cashflow
520.0,unnamed_1,,cashflow
521.0,unnamed_1,,cashflow
522.0,unnamed_1,,cashflow
523.0,unnamed_1,,cashflow
524.0,unnamed_1,,cashflow
525.0,unnamed_1,,cashflow
526.0,unnamed_1,,cashflow
527.0,unnamed_1,,cashflow
528.0,unnamed_1,,cashflow
529.0,unnamed_1,,cashflow
530.0,unnamed_1,,cashflow
531.0,unnamed_1,,cashflow
532.0,unnamed_1,,cashflow
533.0,unnamed_1,,cashflow
534.0,unnamed_1,,cashflow
535.0,unnamed_1,,cashflow
536.0,unnamed_1,,cashflow
537.0,unnamed_1,,cashflow
538.0,unnamed_1,,cashflow
539.0,unnamed_1,,cashflow
540.0,unnamed_1,,cashflow
541.0,unnamed_1,,cashflow
542.0,unnamed_1,,cashflow
543.0,unnamed_1,,cashflow
544.0,unnamed_1,,cashflow
545.0,unnamed_1,,cashflow
546.0,unnamed_1,,cashflow
547.0,unnamed_1,,cashflow
548.0,unnamed_1,,cashflow
549.0,unnamed_1,,cashflow
550.0,unnamed_1,,cashflow
551.0,unnamed_1,,cashflow
552.0,unnamed_1,,cashflow
553.0,unnamed_1,,cashflow
554.0,unnamed_1,,cashflow
555.0,unnamed_1,,cashflow
556.0,unnamed_1,,cashflow
557.0,unnamed_1,,cashflow
558.0,unnamed_1,,cashflow
559.0,unnamed_1,,cashflow
560.0,unnamed_1,,cashflow
561.0,unnamed_1,,cashflow
562.0,unnamed_1,,cashflow
563.0,unnamed_1,,cashflow
564.0,unnamed_1,,cashflow
565.0,unnamed_1,,cashflow
566.0,unnamed_1,,cashflow
567.0,unnamed_1,,cashflow
568.0,unnamed_1,,cashflow
569.0,unnamed_1,,cashflow
570.0,unnamed_1,,cashflow
571.0,unnamed_1,,cashflow
572.0,unnamed_1,,cashflow
573.0,unnamed_1,,cashflow
574.0,unnamed_1,,cashflow
575.0,unnamed_1,,cashflow
576.0,unnamed_1,,cashflow
577.0,unnamed_1,,cashflow
578.0,unnamed_1,,cashflow
579.0,unnamed_1,,cashflow
580.0,unnamed_1,,cashflow
581.0,unnamed_1,,cashflow
582.0,unnamed_1,,cashflow
583.0,unnamed_1,,cashflow
584.0,unnamed_1,,cashflow
585.0,unnamed_1,,cashflow
586.0,unnamed_1,,cashflow
587.0,unnamed_1,,cashflow
588.0,unnamed_1,,cashflow
589.0,unnamed_1,,cashflow
590.0,unnamed_1,,cashflow
591.0,unnamed_1,,cashflow
592.0,unnamed_1,,cashflow
593.0,unnamed_1,,cashflow
594.0,unnamed_1,,cashflow
595.0,unnamed_1,,cashflow
596.0,unnamed_1,,cashflow
597.0,unnamed_1,,cashflow
598.0,unnamed_1,,cashflow
599.0,unnamed_1,,cashflow
600.0,unnamed_1,,cashflow
601.0,unnamed_1,,cashflow
602.0,unnamed_1,,cashflow
603.0,unnamed_1,,cashflow
604.0,unnamed_1,,cashflow
605.0,unnamed_1,,cashflow
606.0,unnamed_1,,cashflow
607.0,unnamed_1,,cashflow
608.0,unnamed_1,,cashflow
609.0,unnamed_1,,cashflow
610.0,unnamed_1,,cashflow
611.0,unnamed_1,,cashflow
612.0,unnamed_1,,cashflow
613.0,unnamed_1,,cashflow
614.0,unnamed_1,,cashflow
615.0,unnamed_1,,cashflow
616.0,unnamed_1,,cashflow
617.0,unnamed_1,,cashflow
618.0,unnamed_1,,cashflow
619.0,unnamed_1,,cashflow
620.0,unnamed_1,,cashflow
621.0,unnamed_1,,cashflow
622.0,unnamed_1,,cashflow
623.0,unnamed_1,,cashflow
624.0,unnamed_1,,cashflow
625.0,unnamed_1,,cashflow
626.0,unnamed_1,,cashflow
627.0,unnamed_1,,cashflow
628.0,unnamed_1,,cashflow
629.0,unnamed_1,,cashflow
630.0,unnamed_1,,cashflow
631.0,unnamed_1,,cashflow
632.0,unnamed_1,,cashflow
633.0,unnamed_1,,cashflow
634.0,unnamed_1,,cashflow
635.0,unnamed_1,,cashflow
636.0,unnamed_1,,cashflow
637.0,unnamed_1,,cashflow
638.0,unnamed_1,,cashflow
639.0,unnamed_1,,cashflow
640.0,unnamed_1,,cashflow
641.0,unnamed_1,,cashflow
642.0,unnamed_1,,cashflow
643.0,unnamed_1,,cashflow
644.0,unnamed_1,,cashflow
645.0,unnamed_1,,cashflow
646.0,unnamed_1,,cashflow
647.0,unnamed_1,,cashflow
648.0,unnamed_1,,cashflow
649.0,unnamed_1,,cashflow
650.0,unnamed_1,,cashflow
651.0,unnamed_1,,cashflow
652.0,unnamed_1,,cashflow
653.0,unnamed_1,,cashflow
654.0,unnamed_1,,cashflow
655.0,unnamed_1,,cashflow
656.0,unnamed_1,,cashflow
657.0,unnamed_1,,cashflow
658.0,unnamed_1,,cashflow
659.0,unnamed_1,,cashflow
660.0,unnamed_1,,cashflow
661.0,unnamed_1,,cashflow
662.0,unnamed_1,,cashflow
663.0,unnamed_1,,cashflow
664.0,unnamed_1,,cashflow
665.0,unnamed_1,,cashflow
666.0,unnamed_1,,cashflow
667.0,unnamed_1,,cashflow
668.0,unnamed_1,,cashflow
669.0,unnamed_1,,cashflow
670.0,unnamed_1,,cashflow
671.0,unnamed_1,,cashflow
672.0,unnamed_1,,cashflow
673.0,unnamed_1,,cashflow
674.0,unnamed_1,,cashflow
675.0,unnamed_1,,cashflow
676.0,unnamed_1,,cashflow
677.0,unnamed_1,,cashflow
678.0,unnamed_1,,cashflow
679.0,unnamed_1,,cashflow
680.0,unnamed_1,,cashflow
681.0,unnamed_1,,cashflow
682.0,unnamed_1,,cashflow
683.0,unnamed_1,,cashflow
684.0,unnamed_1,,cashflow
685.0,unnamed_1,,cashflow
686.0,unnamed_1,,cashflow
687.0,unnamed_1,,cashflow
688.0,unnamed_1,,cashflow
689.0,unnamed_1,,cashflow
690.0,unnamed_1,,cashflow
691.0,unnamed_1,,cashflow
692.0,unnamed_1,,cashflow
693.0,unnamed_1,,cashflow
694.0,unnamed_1,,cashflow
695.0,unnamed_1,,cashflow
696.0,unnamed_1,,cashflow
697.0,unnamed_1,,cashflow
698.0,unnamed_1,,cashflow
699.0,unnamed_1,,cashflow
700.0,unnamed_1,,cashflow
701.0,unnamed_1,,cashflow
702.0,unnamed_1,,cashflow
703.0,unnamed_1,,cashflow
704.0,unnamed_1,,cashflow
705.0,unnamed_1,,cashflow
706.0,unnamed_1,,cashflow
707.0,unnamed_1,,cashflow
708.0,unnamed_1,,cashflow
709.0,unnamed_1,,cashflow
710.0,unnamed_1,,cashflow
711.0,unnamed_1,,cashflow
712.0,unnamed_1,,cashflow
713.0,unnamed_1,,cashflow
714.0,unnamed_1,,cashflow
715.0,unnamed_1,,cashflow
716.0,unnamed_1,,cashflow
717.0,unnamed_1,,cashflow
718.0,unnamed_1,,cashflow
719.0,unnamed_1,,cashflow
720.0,unnamed_1,,cashflow
721.0,unnamed_1,,cashflow
722.0,unnamed_1,,cashflow
723.0,unnamed_1,,cashflow
724.0,unnamed_1,,cashflow
725.0,unnamed_1,,cashflow
726.0,unnamed_1,,cashflow
727.0,unnamed_1,,cashflow
728.0,unnamed_1,,cashflow
729.0,unnamed_1,,cashflow
730.0,unnamed_1,,cashflow
731.0,unnamed_1,,cashflow
732.0,unnamed_1,,cashflow
733.0,unnamed_1,,cashflow
734.0,unnamed_1,,cashflow
735.0,unnamed_1,,cashflow
736.0,unnamed_1,,cashflow
737.0,unnamed_1,,cashflow
738.0,unnamed_1,,cashflow
739.0,unnamed_1,,cashflow
740.0,unnamed_1,,cashflow
741.0,unnamed_1,,cashflow
742.0,unnamed_1,,cashflow
743.0,unnamed_1,,cashflow
744.0,unnamed_1,,cashflow
745.0,unnamed_1,,cashflow
746.0,unnamed_1,,cashflow
747.0,unnamed_1,,cashflow
748.0,unnamed_1,,cashflow
749.0,unnamed_1,,cashflow
750.0,unnamed_1,,cashflow
751.0,unnamed_1,,cashflow
752.0,unnamed_1,,cashflow
753.0,unnamed_1,,cashflow
754.0,unnamed_1,,cashflow
755.0,unnamed_1,,cashflow
756.0,unnamed_1,,cashflow
757.0,unnamed_1,,cashflow
758.0,unnamed_1,,cashflow
759.0,unnamed_1,,cashflow
760.0,unnamed_1,,cashflow
761.0,unnamed_1,,cashflow
762.0,unnamed_1,,cashflow
763.0,unnamed_1,,cashflow
764.0,unnamed_1,,cashflow
765.0,unnamed_1,,cashflow
766.0,unnamed_1,,cashflow
767.0,unnamed_1,,cashflow
777.0,unnamed_1,,cashflow
778.0,unnamed_1,,cashflow
779.0,unnamed_1,,cashflow
780.0,unnamed_1,,cashflow
781.0,unnamed_1,,cashflow
782.0,unnamed_1,,cashflow
783.0,unnamed_1,,cashflow
784.0,unnamed_1,,cashflow
785.0,unnamed_1,,cashflow
786.0,unnamed_1,,cashflow
787.0,unnamed_1,,cashflow
788.0,unnamed_1,,cashflow
789.0,unnamed_1,,cashflow
790.0,unnamed_1,,cashflow
791.0,unnamed_1,,cashflow
792.0,unnamed_1,,cashflow
793.0,unnamed_1,,cashflow
794.0,unnamed_1,,cashflow
795.0,unnamed_1,,cashflow
796.0,unnamed_1,,cashflow
797.0,unnamed_1,,cashflow
798.0,unnamed_1,,cashflow
799.0,unnamed_1,,cashflow
800.0,unnamed_1,,cashflow
801.0,unnamed_1,,cashflow
802.0,unnamed_1,,cashflow
803.0,unnamed_1,,cashflow
804.0,unnamed_1,,cashflow
805.0,unnamed_1,,cashflow
806.0,unnamed_1,,cashflow
807.0,unnamed_1,,cashflow
808.0,unnamed_1,,cashflow
809.0,unnamed_1,,cashflow
810.0,unnamed_1,,cashflow
811.0,unnamed_1,,cashflow
812.0,unnamed_1,,cashflow
813.0,unnamed_1,,cashflow
814.0,unnamed_1,,cashflow
815.0,unnamed_1,,cashflow
816.0,unnamed_1,,cashflow
817.0,unnamed_1,,cashflow
818.0,unnamed_1,,cashflow
819.0,unnamed_1,,cashflow
820.0,unnamed_1,,cashflow
821.0,unnamed_1,,cashflow
822.0,unnamed_1,,cashflow
823.0,unnamed_1,,cashflow
824.0,unnamed_1,,cashflow
825.0,unnamed_1,,cashflow
826.0,unnamed_1,,cashflow
827.0,unnamed_1,,cashflow
828.0,unnamed_1,,cashflow
829.0,unnamed_1,,cashflow
830.0,unnamed_1,,cashflow
831.0,unnamed_1,,cashflow
832.0,unnamed_1,,cashflow
833.0,unnamed_1,,cashflow
834.0,unnamed_1,,cashflow
835.0,unnamed_1,,cashflow
836.0,unnamed_1,,cashflow
837.0,unnamed_1,,cashflow
838.0,unnamed_1,,cashflow
839.0,unnamed_1,,cashflow
840.0,unnamed_1,,cashflow
841.0,unnamed_1,,cashflow
842.0,unnamed_1,,cashflow
843.0,unnamed_1,,cashflow
844.0,unnamed_1,,cashflow
845.0,unnamed_1,,cashflow
846.0,unnamed_1,,cashflow
847.0,unnamed_1,,cashflow
848.0,unnamed_1,,cashflow
849.0,unnamed_1,,cashflow
850.0,unnamed_1,,cashflow
851.0,unnamed_1,,cashflow
852.0,unnamed_1,,cashflow
853.0,unnamed_1,,cashflow
854.0,unnamed_1,,cashflow
855.0,unnamed_1,,cashflow
856.0,unnamed_1,,cashflow
857.0,unnamed_1,,cashflow
858.0,unnamed_1,,cashflow
859.0,unnamed_1,,cashflow
860.0,unnamed_1,,cashflow
861.0,unnamed_1,,cashflow
862.0,unnamed_1,,cashflow
863.0,unnamed_1,,cashflow
864.0,unnamed_1,,cashflow
865.0,unnamed_1,,cashflow
866.0,unnamed_1,,cashflow
867.0,unnamed_1,,cashflow
868.0,unnamed_1,,cashflow
869.0,unnamed_1,,cashflow
870.0,unnamed_1,,cashflow
871.0,unnamed_1,,cashflow
872.0,unnamed_1,,cashflow
873.0,unnamed_1,,cashflow
874.0,unnamed_1,,cashflow
875.0,unnamed_1,,cashflow
876.0,unnamed_1,,cashflow
877.0,unnamed_1,,cashflow
878.0,unnamed_1,,cashflow
879.0,unnamed_1,,cashflow
880.0,unnamed_1,,cashflow
881.0,unnamed_1,,cashflow
882.0,unnamed_1,,cashflow
883.0,unnamed_1,,cashflow
884.0,unnamed_1,,cashflow
885.0,unnamed_1,,cashflow
886.0,unnamed_1,,cashflow
887.0,unnamed_1,,cashflow
888.0,unnamed_1,,cashflow
889.0,unnamed_1,,cashflow
890.0,unnamed_1,,cashflow
891.0,unnamed_1,,cashflow
892.0,unnamed_1,,cashflow
893.0,unnamed_1,,cashflow
894.0,unnamed_1,,cashflow
895.0,unnamed_1,,cashflow
896.0,unnamed_1,,cashflow
897.0,unnamed_1,,cashflow
898.0,unnamed_1,,cashflow
899.0,unnamed_1,,cashflow
900.0,unnamed_1,,cashflow
901.0,unnamed_1,,cashflow
902.0,unnamed_1,,cashflow
903.0,unnamed_1,,cashflow
904.0,unnamed_1,,cashflow
905.0,unnamed_1,,cashflow
906.0,unnamed_1,,cashflow
907.0,unnamed_1,,cashflow
908.0,unnamed_1,,cashflow
909.0,unnamed_1,,cashflow
910.0,unnamed_1,,cashflow
911.0,unnamed_1,,cashflow
912.0,unnamed_1,,cashflow
913.0,unnamed_1,,cashflow
914.0,unnamed_1,,cashflow
915.0,unnamed_1,,cashflow
916.0,unnamed_1,,cashflow
917.0,unnamed_1,,cashflow
918.0,unnamed_1,,cashflow
919.0,unnamed_1,,cashflow
920.0,unnamed_1,,cashflow
921.0,unnamed_1,,cashflow
922.0,unnamed_1,,cashflow
923.0,unnamed_1,,cashflow
924.0,unnamed_1,,cashflow
925.0,unnamed_1,,cashflow
926.0,unnamed_1,,cashflow
927.0,unnamed_1,,cashflow
928.0,unnamed_1,,cashflow
929.0,unnamed_1,,cashflow
930.0,unnamed_1,,cashflow
931.0,unnamed_1,,cashflow
932.0,unnamed_1,,cashflow
933.0,unnamed_1,,cashflow
934.0,unnamed_1,,cashflow
935.0,unnamed_1,,cashflow
936.0,unnamed_1,,cashflow
937.0,unnamed_1,,cashflow
938.0,unnamed_1,,cashflow
939.0,unnamed_1,,cashflow
940.0,unnamed_1,,cashflow
941.0,unnamed_1,,cashflow
942.0,unnamed_1,,cashflow
943.0,unnamed_1,,cashflow
944.0,unnamed_1,,cashflow
945.0,unnamed_1,,cashflow
946.0,unnamed_1,,cashflow
947.0,unnamed_1,,cashflow
948.0,unnamed_1,,cashflow
949.0,unnamed_1,,cashflow
950.0,unnamed_1,,cashflow
951.0,unnamed_1,,cashflow
952.0,unnamed_1,,cashflow
953.0,unnamed_1,,cashflow
954.0,unnamed_1,,cashflow
955.0,unnamed_1,,cashflow
956.0,unnamed_1,,cashflow
957.0,unnamed_1,,cashflow
958.0,unnamed_1,,cashflow
959.0,unnamed_1,,cashflow
960.0,unnamed_1,,cashflow
961.0,unnamed_1,,cashflow
962.0,unnamed_1,,cashflow
963.0,unnamed_1,,cashflow
964.0,unnamed_1,,cashflow
965.0,unnamed_1,,cashflow
966.0,unnamed_1,,cashflow
967.0,unnamed_1,,cashflow
968.0,unnamed_1,,cashflow
969.0,unnamed_1,,cashflow
970.0,unnamed_1,,cashflow
971.0,unnamed_1,,cashflow
972.0,unnamed_1,,cashflow
973.0,unnamed_1,,cashflow
974.0,unnamed_1,,cashflow
975.0,unnamed_1,,cashflow
976.0,unnamed_1,,cashflow
977.0,unnamed_1,,cashflow
978.0,unnamed_1,,cashflow
979.0,unnamed_1,,cashflow
980.0,unnamed_1,,cashflow
981.0,unnamed_1,,cashflow
982.0,unnamed_1,,cashflow
983.0,unnamed_1,,cashflow
984.0,unnamed_1,,cashflow
985.0,unnamed_1,,cashflow
986.0,unnamed_1,,cashflow
987.0,unnamed_1,,cashflow
988.0,unnamed_1,,cashflow
989.0,unnamed_1,,cashflow
990.0,unnamed_1,,cashflow
991.0,unnamed_1,,cashflow
992.0,unnamed_1,,cashflow
993.0,unnamed_1,,cashflow
994.0,unnamed_1,,cashflow
995.0,unnamed_1,,cashflow
996.0,unnamed_1,,cashflow
997.0,unnamed_1,,cashflow
998.0,unnamed_1,,cashflow
999.0,unnamed_1,,cashflow
1000.0,unnamed_1,,cashflow
1001.0,unnamed_1,,cashflow
1002.0,unnamed_1,,cashflow
1003.0,unnamed_1,,cashflow
1004.0,unnamed_1,,cashflow
1005.0,unnamed_1,,cashflow
1006.0,unnamed_1,,cashflow
1007.0,unnamed_1,,cashflow
1008.0,unnamed_1,,cashflow
1009.0,unnamed_1,,cashflow
1010.0,unnamed_1,,cashflow
1011.0,unnamed_1,,cashflow
1012.0,unnamed_1,,cashflow
1013.0,unnamed_1,,cashflow
1014.0,unnamed_1,,cashflow
1015.0,unnamed_1,,cashflow
1016.0,unnamed_1,,cashflow
1017.0,unnamed_1,,cashflow
1018.0,unnamed_1,,cashflow
1019.0,unnamed_1,,cashflow
1020.0,unnamed_1,,cashflow
1021.0,unnamed_1,,cashflow
1022.0,unnamed_1,,cashflow
1023.0,unnamed_1,,cashflow
1024.0,unnamed_1,,cashflow
1025.0,unnamed_1,,cashflow
1026.0,unnamed_1,,cashflow
1027.0,unnamed_1,,cashflow
1028.0,unnamed_1,,cashflow
1029.0,unnamed_1,,cashflow
1030.0,unnamed_1,,cashflow
1031.0,unnamed_1,,cashflow
1032.0,unnamed_1,,cashflow
1033.0,unnamed_1,,cashflow
1034.0,unnamed_1,,cashflow
1035.0,unnamed_1,,cashflow
1036.0,unnamed_1,,cashflow
1037.0,unnamed_1,,cashflow
1038.0,unnamed_1,,cashflow
1039.0,unnamed_1,,cashflow
1040.0,unnamed_1,,cashflow
1041.0,unnamed_1,,cashflow
1042.0,unnamed_1,,cashflow
1043.0,unnamed_1,,cashflow
1044.0,unnamed_1,,cashflow
1045.0,unnamed_1,,cashflow
1046.0,unnamed_1,,cashflow
1047.0,unnamed_1,,cashflow
1048.0,unnamed_1,,cashflow
1049.0,unnamed_1,,cashflow
1050.0,unnamed_1,,cashflow
1051.0,unnamed_1,,cashflow
1052.0,unnamed_1,,cashflow
1053.0,unnamed_1,,cashflow
1054.0,unnamed_1,,cashflow
1055.0,unnamed_1,,cashflow
1056.0,unnamed_1,,cashflow
1057.0,unnamed_1,,cashflow
1058.0,unnamed_1,,cashflow
1059.0,unnamed_1,,cashflow
1060.0,unnamed_1,,cashflow
1061.0,unnamed_1,,cashflow
1062.0,unnamed_1,,cashflow
1063.0,unnamed_1,,cashflow
1064.0,unnamed_1,,cashflow
1065.0,unnamed_1,,cashflow
1066.0,unnamed_1,,cashflow
1067.0,unnamed_1,,cashflow
1068.0,unnamed_1,,cashflow
1069.0,unnamed_1,,cashflow
1070.0,unnamed_1,,cashflow
1071.0,unnamed_1,,cashflow
1072.0,unnamed_1,,cashflow
1073.0,unnamed_1,,cashflow
1074.0,unnamed_1,,cashflow
1075.0,unnamed_1,,cashflow
1076.0,unnamed_1,,cashflow
1077.0,unnamed_1,,cashflow
1078.0,unnamed_1,,cashflow
1079.0,unnamed_1,,cashflow
1080.0,unnamed_1,,cashflow
1081.0,unnamed_1,,cashflow
1082.0,unnamed_1,,cashflow
1083.0,unnamed_1,,cashflow
1084.0,unnamed_1,,cashflow
1085.0,unnamed_1,,cashflow
1086.0,unnamed_1,,cashflow
1087.0,unnamed_1,,cashflow
1088.0,unnamed_1,,cashflow
1089.0,unnamed_1,,cashflow
1090.0,unnamed_1,,cashflow
1091.0,unnamed_1,,cashflow
1092.0,unnamed_1,,cashflow
1093.0,unnamed_1,,cashflow
1094.0,unnamed_1,,cashflow
1095.0,unnamed_1,,cashflow
1096.0,unnamed_1,,cashflow
1097.0,unnamed_1,,cashflow
1098.0,unnamed_1,,cashflow
1099.0,unnamed_1,,cashflow
1100.0,unnamed_1,,cashflow
1101.0,unnamed_1,,cashflow
1102.0,unnamed_1,,cashflow
1103.0,unnamed_1,,cashflow
1104.0,unnamed_1,,cashflow
1105.0,unnamed_1,,cashflow
1106.0,unnamed_1,,cashflow
1107.0,unnamed_1,,cashflow
1108.0,unnamed_1,,cashflow
1109.0,unnamed_1,,cashflow
1110.0,unnamed_1,,cashflow
1111.0,unnamed_1,,cashflow
1112.0,unnamed_1,,cashflow
1113.0,unnamed_1,,cashflow
1114.0,unnamed_1,,cashflow
1115.0,unnamed_1,,cashflow
1116.0,unnamed_1,,cashflow
1117.0,unnamed_1,,cashflow
1118.0,unnamed_1,,cashflow
1119.0,unnamed_1,,cashflow
1120.0,unnamed_1,,cashflow
1121.0,unnamed_1,,cashflow
1122.0,unnamed_1,,cashflow
1123.0,unnamed_1,,cashflow
1124.0,unnamed_1,,cashflow
1125.0,unnamed_1,,cashflow
1126.0,unnamed_1,,cashflow
1127.0,unnamed_1,,cashflow
1128.0,unnamed_1,,cashflow
1129.0,unnamed_1,,cashflow
1130.0,unnamed_1,,cashflow
1131.0,unnamed_1,,cashflow
1132.0,unnamed_1,,cashflow
1133.0,unnamed_1,,cashflow
1134.0,unnamed_1,,cashflow
1135.0,unnamed_1,,cashflow
1136.0,unnamed_1,,cashflow
1137.0,unnamed_1,,cashflow
1138.0,unnamed_1,,cashflow
1139.0,unnamed_1,,cashflow
1140.0,unnamed_1,,cashflow
1141.0,unnamed_1,,cashflow
1142.0,unnamed_1,,cashflow
1143.0,unnamed_1,,cashflow
1144.0,unnamed_1,,cashflow
1145.0,unnamed_1,,cashflow
1146.0,unnamed_1,,cashflow
1147.0,unnamed_1,,cashflow
1148.0,unnamed_1,,cashflow
1149.0,unnamed_1,,cashflow
1150.0,unnamed_1,,cashflow
1151.0,unnamed_1,,cashflow
1152.0,unnamed_1,,cashflow
1153.0,unnamed_1,,cashflow
1154.0,unnamed_1,,cashflow
1155.0,unnamed_1,,cashflow
1156.0,unnamed_1,,cashflow
1157.0,unnamed_1,,cashflow
1158.0,unnamed_1,,cashflow
1159.0,unnamed_1,,cashflow
1160.0,unnamed_1,,cashflow
1161.0,unnamed_1,,cashflow
1162.0,unnamed_1,,cashflow
1163.0,unnamed_1,,cashflow
1164.0,unnamed_1,,cashflow
1165.0,unnamed_1,,cashflow
1166.0,unnamed_1,,cashflow
1167.0,unnamed_1,,cashflow
1168.0,unnamed_1,,cashflow
1169.0,unnamed_1,,cashflow
1170.0,unnamed_1,,cashflow
1171.0,unnamed_1,,cashflow
1172.0,unnamed_1,,cashflow
1173.0,unnamed_1,,cashflow
1174.0,unnamed_1,,cashflow
1175.0,unnamed_1,,cashflow
1176.0,unnamed_1,,cashflow
1177.0,unnamed_1,,cashflow
1178.0,unnamed_1,,cashflow
1179.0,unnamed_1,,cashflow
1180.0,unnamed_1,,cashflow
1181.0,unnamed_1,,cashflow
1182.0,unnamed_1,,cashflow
1183.0,unnamed_1,,cashflow
1184.0,unnamed_1,,cashflow
1185.0,unnamed_1,,cashflow
1186.0,unnamed_1,,cashflow
1187.0,unnamed_1,,cashflow
1188.0,unnamed_1,,cashflow
1189.0,unnamed_1,,cashflow
1190.0,unnamed_1,,cashflow
1191.0,unnamed_1,,cashflow
1192.0,unnamed_1,,cashflow
1193.0,unnamed_1,,cashflow
1194.0,unnamed_1,,cashflow
1195.0,unnamed_1,,cashflow
1196.0,unnamed_1,,cashflow
1197.0,unnamed_1,,cashflow
1198.0,unnamed_1,,cashflow
1199.0,unnamed_1,,cashflow
1200.0,unnamed_1,,cashflow
1201.0,unnamed_1,,cashflow
1202.0,unnamed_1,,cashflow
1203.0,unnamed_1,,cashflow
1204.0,unnamed_1,,cashflow
1205.0,unnamed_1,,cashflow
1206.0,unnamed_1,,cashflow
1207.0,unnamed_1,,cashflow
1208.0,unnamed_1,,cashflow
1209.0,unnamed_1,,cashflow
1210.0,unnamed_1,,cashflow
1211.0,unnamed_1,,cashflow
1212.0,unnamed_1,,cashflow
1213.0,unnamed_1,,cashflow
1214.0,unnamed_1,,cashflow
1215.0,unnamed_1,,cashflow
1216.0,unnamed_1,,cashflow
1217.0,unnamed_1,,cashflow
1218.0,unnamed_1,,cashflow
1219.0,unnamed_1,,cashflow
1220.0,unnamed_1,,cashflow
1221.0,unnamed_1,,cashflow
1222.0,unnamed_1,,cashflow
1223.0,unnamed_1,,cashflow
1224.0,unnamed_1,,cashflow
1225.0,unnamed_1,,cashflow
1226.0,unnamed_1,,cashflow
1227.0,unnamed_1,,cashflow
1228.0,unnamed_1,,cashflow
1229.0,unnamed_1,,cashflow
1230.0,unnamed_1,,cashflow
1231.0,unnamed_1,,cashflow
1232.0,unnamed_1,,cashflow
1233.0,unnamed_1,,cashflow
1234.0,unnamed_1,,cashflow
1235.0,unnamed_1,,cashflow
1236.0,unnamed_1,,cashflow
1237.0,unnamed_1,,cashflow
1238.0,unnamed_1,,cashflow
1239.0,unnamed_1,,cashflow
1240.0,unnamed_1,,cashflow
1241.0,unnamed_1,,cashflow
1242.0,unnamed_1,,cashflow
1243.0,unnamed_1,,cashflow
1244.0,unnamed_1,,cashflow
1245.0,unnamed_1,,cashflow
1246.0,unnamed_1,,cashflow
1247.0,unnamed_1,,cashflow
1248.0,unnamed_1,,cashflow
1249.0,unnamed_1,,cashflow
1250.0,unnamed_1,,cashflow
1251.0,unnamed_1,,cashflow
1252.0,unnamed_1,,cashflow
1253.0,unnamed_1,,cashflow
1254.0,unnamed_1,,cashflow
1255.0,unnamed_1,,cashflow
1256.0,unnamed_1,,cashflow
1257.0,unnamed_1,,cashflow
1258.0,unnamed_1,,cashflow
,unnamed_2,,cashflow
37.0,unnamed_2,,cashflow
38.0,unnamed_2,,cashflow
39.0,unnamed_2,,cashflow
40.0,unnamed_2,,cashflow
41.0,unnamed_2,,cashflow
42.0,unnamed_2,,cashflow
43.0,unnamed_2,,cashflow
44.0,unnamed_2,,cashflow
45.0,unnamed_2,,cashflow
46.0,unnamed_2,,cashflow
47.0,unnamed_2,,cashflow
48.0,unnamed_2,,cashflow
61.0,unnamed_2,,cashflow
62.0,unnamed_2,,cashflow
63.0,unnamed_2,,cashflow
64.0,unnamed_2,,cashflow
65.0,unnamed_2,,cashflow
66.0,unnamed_2,,cashflow
67.0,unnamed_2,,cashflow
68.0,unnamed_2,,cashflow
69.0,unnamed_2,,cashflow
70.0,unnamed_2,,cashflow
71.0,unnamed_2,,cashflow
72.0,unnamed_2,,cashflow
73.0,unnamed_2,,cashflow
74.0,unnamed_2,,cashflow
75.0,unnamed_2,,cashflow
76.0,unnamed_2,,cashflow
77.0,unnamed_2,,cashflow
78.0,unnamed_2,,cashflow
79.0,unnamed_2,,cashflow
80.0,unnamed_2,,cashflow
81.0,unnamed_2,,cashflow
82.0,unnamed_2,,cashflow
83.0,unnamed_2,,cashflow
84.0,unnamed_2,,cashflow
85.0,unnamed_2,,cashflow
86.0,unnamed_2,,cashflow
87.0,unnamed_2,,cashflow
88.0,unnamed_2,,cashflow
89.0,unnamed_2,,cashflow
90.0,unnamed_2,,cashflow
91.0,unnamed_2,,cashflow
92.0,unnamed_2,,cashflow
93.0,unnamed_2,,cashflow
94.0,unnamed_2,,cashflow
95.0,unnamed_2,,cashflow
96.0,unnamed_2,,cashflow
97.0,unnamed_2,,cashflow
98.0,unnamed_2,,cashflow
99.0,unnamed_2,,cashflow
100.0,unnamed_2,,cashflow
101.0,unnamed_2,,cashflow
102.0,unnamed_2,,cashflow
103.0,unnamed_2,,cashflow
104.0,unnamed_2,,cashflow
105.0,unnamed_2,,cashflow
106.0,unnamed_2,,cashflow
107.0,unnamed_2,,cashflow
108.0,unnamed_2,,cashflow
109.0,unnamed_2,,cashflow
110.0,unnamed_2,,cashflow
111.0,unnamed_2,,cashflow
112.0,unnamed_2,,cashflow
113.0,unnamed_2,,cashflow
114.0,unnamed_2,,cashflow
115.0,unnamed_2,,cashflow
116.0,unnamed_2,,cashflow
117.0,unnamed_2,,cashflow
118.0,unnamed_2,,cashflow
119.0,unnamed_2,,cashflow
120.0,unnamed_2,,cashflow
121.0,unnamed_2,,cashflow
122.0,unnamed_2,,cashflow
123.0,unnamed_2,,cashflow
124.0,unnamed_2,,cashflow
125.0,unnamed_2,,cashflow
126.0,unnamed_2,,cashflow
127.0,unnamed_2,,cashflow
128.0,unnamed_2,,cashflow
129.0,unnamed_2,,cashflow
130.0,unnamed_2,,cashflow
131.0,unnamed_2,,cashflow
132.0,unnamed_2,,cashflow
133.0,unnamed_2,,cashflow
134.0,unnamed_2,,cashflow
135.0,unnamed_2,,cashflow
136.0,unnamed_2,,cashflow
137.0,unnamed_2,,cashflow
138.0,unnamed_2,,cashflow
139.0,unnamed_2,,cashflow
140.0,unnamed_2,,cashflow
141.0,unnamed_2,,cashflow
142.0,unnamed_2,,cashflow
143.0,unnamed_2,,cashflow
144.0,unnamed_2,,cashflow
145.0,unnamed_2,,cashflow
146.0,unnamed_2,,cashflow
147.0,unnamed_2,,cashflow
148.0,unnamed_2,,cashflow
149.0,unnamed_2,,cashflow
150.0,unnamed_2,,cashflow
151.0,unnamed_2,,cashflow
152.0,unnamed_2,,cashflow
153.0,unnamed_2,,cashflow
154.0,unnamed_2,,cashflow
155.0,unnamed_2,,cashflow
156.0,unnamed_2,,cashflow
157.0,unnamed_2,,cashflow
158.0,unnamed_2,,cashflow
159.0,unnamed_2,,cashflow
160.0,unnamed_2,,cashflow
161.0,unnamed_2,,cashflow
162.0,unnamed_2,,cashflow
163.0,unnamed_2,,cashflow
164.0,unnamed_2,,cashflow
165.0,unnamed_2,,cashflow
166.0,unnamed_2,,cashflow
167.0,unnamed_2,,cashflow
168.0,unnamed_2,,cashflow
169.0,unnamed_2,,cashflow
170.0,unnamed_2,,cashflow
171.0,unnamed_2,,cashflow
172.0,unnamed_2,,cashflow
173.0,unnamed_2,,cashflow
174.0,unnamed_2,,cashflow
189.0,unnamed_2,,cashflow
190.0,unnamed_2,,cashflow
191.0,unnamed_2,,cashflow
192.0,unnamed_2,,cashflow
193.0,unnamed_2,,cashflow
194.0,unnamed_2,,cashflow
195.0,unnamed_2,,cashflow
196.0,unnamed_2,,cashflow
197.0,unnamed_2,,cashflow
198.0,unnamed_2,,cashflow
199.0,unnamed_2,,cashflow
200.0,unnamed_2,,cashflow
201.0,unnamed_2,,cashflow
202.0,unnamed_2,,cashflow
203.0,unnamed_2,,cashflow
204.0,unnamed_2,,cashflow
205.0,unnamed_2,,cashflow
206.0,unnamed_2,,cashflow
207.0,unnamed_2,,cashflow
208.0,unnamed_2,,cashflow
209.0,unnamed_2,,cashflow
210.0,unnamed_2,,cashflow
211.0,unnamed_2,,cashflow
212.0,unnamed_2,,cashflow
213.0,unnamed_2,,cashflow
214.0,unnamed_2,,cashflow
215.0,unnamed_2,,cashflow
216.0,unnamed_2,,cashflow
217.0,unnamed_2,,cashflow
218.0,unnamed_2,,cashflow
219.0,unnamed_2,,cashflow
220.0,unnamed_2,,cashflow
221.0,unnamed_2,,cashflow
222.0,unnamed_2,,cashflow
223.0,unnamed_2,,cashflow
224.0,unnamed_2,,cashflow
225.0,unnamed_2,,cashflow
226.0,unnamed_2,,cashflow
227.0,unnamed_2,,cashflow
228.0,unnamed_2,,cashflow
229.0,unnamed_2,,cashflow
230.0,unnamed_2,,cashflow
231.0,unnamed_2,,cashflow
232.0,unnamed_2,,cashflow
233.0,unnamed_2,,cashflow
234.0,unnamed_2,,cashflow
235.0,unnamed_2,,cashflow
236.0,unnamed_2,,cashflow
237.0,unnamed_2,,cashflow
238.0,unnamed_2,,cashflow
239.0,unnamed_2,,cashflow
240.0,unnamed_2,,cashflow
241.0,unnamed_2,,cashflow
242.0,unnamed_2,,cashflow
243.0,unnamed_2,,cashflow
244.0,unnamed_2,,cashflow
245.0,unnamed_2,,cashflow
246.0,unnamed_2,,cashflow
247.0,unnamed_2,,cashflow
248.0,unnamed_2,,cashflow
249.0,unnamed_2,,cashflow
250.0,unnamed_2,,cashflow
251.0,unnamed_2,,cashflow
252.0,unnamed_2,,cashflow
253.0,unnamed_2,,cashflow
254.0,unnamed_2,,cashflow
255.0,unnamed_2,,cashflow
256.0,unnamed_2,,cashflow
257.0,unnamed_2,,cashflow
258.0,unnamed_2,,cashflow
259.0,unnamed_2,,cashflow
260.0,unnamed_2,,cashflow
261.0,unnamed_2,,cashflow
262.0,unnamed_2,,cashflow
263.0,unnamed_2,,cashflow
264.0,unnamed_2,,cashflow
265.0,unnamed_2,,cashflow
266.0,unnamed_2,,cashflow
267.0,unnamed_2,,cashflow
268.0,unnamed_2,,cashflow
269.0,unnamed_2,,cashflow
270.0,unnamed_2,,cashflow
271.0,unnamed_2,,cashflow
272.0,unnamed_2,,cashflow
273.0,unnamed_2,,cashflow
274.0,unnamed_2,,cashflow
275.0,unnamed_2,,cashflow
276.0,unnamed_2,,cashflow
277.0,unnamed_2,,cashflow
278.0,unnamed_2,,cashflow
279.0,unnamed_2,,cashflow
280.0,unnamed_2,,cashflow
281.0,unnamed_2,,cashflow
282.0,unnamed_2,,cashflow
283.0,unnamed_2,,cashflow
284.0,unnamed_2,,cashflow
285.0,unnamed_2,,cashflow
286.0,unnamed_2,,cashflow
287.0,unnamed_2,,cashflow
288.0,unnamed_2,,cashflow
289.0,unnamed_2,,cashflow
290.0,unnamed_2,,cashflow
291.0,unnamed_2,,cashflow
292.0,unnamed_2,,cashflow
293.0,unnamed_2,,cashflow
294.0,unnamed_2,,cashflow
295.0,unnamed_2,,cashflow
296.0,unnamed_2,,cashflow
297.0,unnamed_2,,cashflow
298.0,unnamed_2,,cashflow
299.0,unnamed_2,,cashflow
300.0,unnamed_2,,cashflow
301.0,unnamed_2,,cashflow
302.0,unnamed_2,,cashflow
303.0,unnamed_2,,cashflow
304.0,unnamed_2,,cashflow
305.0,unnamed_2,,cashflow
306.0,unnamed_2,,cashflow
307.0,unnamed_2,,cashflow
308.0,unnamed_2,,cashflow
309.0,unnamed_2,,cashflow
310.0,unnamed_2,,cashflow
311.0,unnamed_2,,cashflow
312.0,unnamed_2,,cashflow
313.0,unnamed_2,,cashflow
314.0,unnamed_2,,cashflow
315.0,unnamed_2,,cashflow
316.0,unnamed_2,,cashflow
317.0,unnamed_2,,cashflow
318.0,unnamed_2,,cashflow
319.0,unnamed_2,,cashflow
320.0,unnamed_2,,cashflow
321.0,unnamed_2,,cashflow
322.0,unnamed_2,,cashflow
323.0,unnamed_2,,cashflow
324.0,unnamed_2,,cashflow
325.0,unnamed_2,,cashflow
326.0,unnamed_2,,cashflow
327.0,unnamed_2,,cashflow
328.0,unnamed_2,,cashflow
329.0,unnamed_2,,cashflow
330.0,unnamed_2,,cashflow
331.0,unnamed_2,,cashflow
332.0,unnamed_2,,cashflow
333.0,unnamed_2,,cashflow
334.0,unnamed_2,,cashflow
335.0,unnamed_2,,cashflow
336.0,unnamed_2,,cashflow
337.0,unnamed_2,,cashflow
338.0,unnamed_2,,cashflow
339.0,unnamed_2,,cashflow
340.0,unnamed_2,,cashflow
341.0,unnamed_2,,cashflow
342.0,unnamed_2,,cashflow
343.0,unnamed_2,,cashflow
344.0,unnamed_2,,cashflow
345.0,unnamed_2,,cashflow
346.0,unnamed_2,,cashflow
347.0,unnamed_2,,cashflow
348.0,unnamed_2,,cashflow
349.0,unnamed_2,,cashflow
350.0,unnamed_2,,cashflow
351.0,unnamed_2,,cashflow
352.0,unnamed_2,,cashflow
353.0,unnamed_2,,cashflow
354.0,unnamed_2,,cashflow
355.0,unnamed_2,,cashflow
356.0,unnamed_2,,cashflow
357.0,unnamed_2,,cashflow
358.0,unnamed_2,,cashflow
359.0,unnamed_2,,cashflow
360.0,unnamed_2,,cashflow
361.0,unnamed_2,,cashflow
362.0,unnamed_2,,cashflow
363.0,unnamed_2,,cashflow
364.0,unnamed_2,,cashflow
365.0,unnamed_2,,cashflow
366.0,unnamed_2,,cashflow
367.0,unnamed_2,,cashflow
368.0,unnamed_2,,cashflow
369.0,unnamed_2,,cashflow
370.0,unnamed_2,,cashflow
371.0,unnamed_2,,cashflow
372.0,unnamed_2,,cashflow
373.0,unnamed_2,,cashflow
374.0,unnamed_2,,cashflow
375.0,unnamed_2,,cashflow
376.0,unnamed_2,,cashflow
377.0,unnamed_2,,cashflow
378.0,unnamed_2,,cashflow
379.0,unnamed_2,,cashflow
380.0,unnamed_2,,cashflow
381.0,unnamed_2,,cashflow
382.0,unnamed_2,,cashflow
383.0,unnamed_2,,cashflow
384.0,unnamed_2,,cashflow
385.0,unnamed_2,,cashflow
386.0,unnamed_2,,cashflow
387.0,unnamed_2,,cashflow
388.0,unnamed_2,,cashflow
389.0,unnamed_2,,cashflow
390.0,unnamed_2,,cashflow
391.0,unnamed_2,,cashflow
392.0,unnamed_2,,cashflow
393.0,unnamed_2,,cashflow
394.0,unnamed_2,,cashflow
395.0,unnamed_2,,cashflow
396.0,unnamed_2,,cashflow
397.0,unnamed_2,,cashflow
398.0,unnamed_2,,cashflow
399.0,unnamed_2,,cashflow
400.0,unnamed_2,,cashflow
401.0,unnamed_2,,cashflow
402.0,unnamed_2,,cashflow
403.0,unnamed_2,,cashflow
404.0,unnamed_2,,cashflow
405.0,unnamed_2,,cashflow
406.0,unnamed_2,,cashflow
407.0,unnamed_2,,cashflow
408.0,unnamed_2,,cashflow
409.0,unnamed_2,,cashflow
410.0,unnamed_2,,cashflow
411.0,unnamed_2,,cashflow
412.0,unnamed_2,,cashflow
413.0,unnamed_2,,cashflow
414.0,unnamed_2,,cashflow
415.0,unnamed_2,,cashflow
416.0,unnamed_2,,cashflow
417.0,unnamed_2,,cashflow
418.0,unnamed_2,,cashflow
419.0,unnamed_2,,cashflow
420.0,unnamed_2,,cashflow
421.0,unnamed_2,,cashflow
422.0,unnamed_2,,cashflow
423.0,unnamed_2,,cashflow
424.0,unnamed_2,,cashflow
425.0,unnamed_2,,cashflow
426.0,unnamed_2,,cashflow
427.0,unnamed_2,,cashflow
428.0,unnamed_2,,cashflow
429.0,unnamed_2,,cashflow
430.0,unnamed_2,,cashflow
431.0,unnamed_2,,cashflow
432.0,unnamed_2,,cashflow
433.0,unnamed_2,,cashflow
434.0,unnamed_2,,cashflow
435.0,unnamed_2,,cashflow
436.0,unnamed_2,,cashflow
437.0,unnamed_2,,cashflow
438.0,unnamed_2,,cashflow
439.0,unnamed_2,,cashflow
440.0,unnamed_2,,cashflow
441.0,unnamed_2,,cashflow
442.0,unnamed_2,,cashflow
443.0,unnamed_2,,cashflow
444.0,unnamed_2,,cashflow
445.0,unnamed_2,,cashflow
446.0,unnamed_2,,cashflow
447.0,unnamed_2,,cashflow
448.0,unnamed_2,,cashflow
449.0,unnamed_2,,cashflow
450.0,unnamed_2,,cashflow
451.0,unnamed_2,,cashflow
452.0,unnamed_2,,cashflow
453.0,unnamed_2,,cashflow
454.0,unnamed_2,,cashflow
455.0,unnamed_2,,cashflow
456.0,unnamed_2,,cashflow
457.0,unnamed_2,,cashflow
458.0,unnamed_2,,cashflow
459.0,unnamed_2,,cashflow
460.0,unnamed_2,,cashflow
461.0,unnamed_2,,cashflow
462.0,unnamed_2,,cashflow
463.0,unnamed_2,,cashflow
464.0,unnamed_2,,cashflow
465.0,unnamed_2,,cashflow
466.0,unnamed_2,,cashflow
467.0,unnamed_2,,cashflow
468.0,unnamed_2,,cashflow
469.0,unnamed_2,,cashflow
470.0,unnamed_2,,cashflow
471.0,unnamed_2,,cashflow
472.0,unnamed_2,,cashflow
473.0,unnamed_2,,cashflow
474.0,unnamed_2,,cashflow
475.0,unnamed_2,,cashflow
476.0,unnamed_2,,cashflow
477.0,unnamed_2,,cashflow
478.0,unnamed_2,,cashflow
479.0,unnamed_2,,cashflow
480.0,unnamed_2,,cashflow
481.0,unnamed_2,,cashflow
482.0,unnamed_2,,cashflow
483.0,unnamed_2,,cashflow
484.0,unnamed_2,,cashflow
485.0,unnamed_2,,cashflow
486.0,unnamed_2,,cashflow
487.0,unnamed_2,,cashflow
488.0,unnamed_2,,cashflow
489.0,unnamed_2,,cashflow
490.0,unnamed_2,,cashflow
491.0,unnamed_2,,cashflow
492.0,unnamed_2,,cashflow
493.0,unnamed_2,,cashflow
494.0,unnamed_2,,cashflow
495.0,unnamed_2,,cashflow
496.0,unnamed_2,,cashflow
497.0,unnamed_2,,cashflow
498.0,unnamed_2,,cashflow
499.0,unnamed_2,,cashflow
500.0,unnamed_2,,cashflow
501.0,unnamed_2,,cashflow
502.0,unnamed_2,,cashflow
503.0,unnamed_2,,cashflow
504.0,unnamed_2,,cashflow
505.0,unnamed_2,,cashflow
506.0,unnamed_2,,cashflow
507.0,unnamed_2,,cashflow
508.0,unnamed_2,,cashflow
509.0,unnamed_2,,cashflow
510.0,unnamed_2,,cashflow
511.0,unnamed_2,,cashflow
512.0,unnamed_2,,cashflow
513.0,unnamed_2,,cashflow
514.0,unnamed_2,,cashflow
515.0,unnamed_2,,cashflow
516.0,unnamed_2,,cashflow
517.0,unnamed_2,,cashflow
518.0,unnamed_2,,cashflow
519.0,unnamed_2,,cashflow
520.0,unnamed_2,,cashflow
521.0,unnamed_2,,cashflow
522.0,unnamed_2,,cashflow
523.0,unnamed_2,,cashflow
524.0,unnamed_2,,cashflow
525.0,unnamed_2,,cashflow
526.0,unnamed_2,,cashflow
527.0,unnamed_2,,cashflow
528.0,unnamed_2,,cashflow
529.0,unnamed_2,,cashflow
530.0,unnamed_2,,cashflow
531.0,unnamed_2,,cashflow
532.0,unnamed_2,,cashflow
533.0,unnamed_2,,cashflow
534.0,unnamed_2,,cashflow
535.0,unnamed_2,,cashflow
536.0,unnamed_2,,cashflow
537.0,unnamed_2,,cashflow
538.0,unnamed_2,,cashflow
539.0,unnamed_2,,cashflow
540.0,unnamed_2,,cashflow
541.0,unnamed_2,,cashflow
542.0,unnamed_2,,cashflow
543.0,unnamed_2,,cashflow
544.0,unnamed_2,,cashflow
545.0,unnamed_2,,cashflow
546.0,unnamed_2,,cashflow
547.0,unnamed_2,,cashflow
548.0,unnamed_2,,cashflow
549.0,unnamed_2,,cashflow
550.0,unnamed_2,,cashflow
551.0,unnamed_2,,cashflow
552.0,unnamed_2,,cashflow
553.0,unnamed_2,,cashflow
554.0,unnamed_2,,cashflow
555.0,unnamed_2,,cashflow
556.0,unnamed_2,,cashflow
557.0,unnamed_2,,cashflow
558.0,unnamed_2,,cashflow
559.0,unnamed_2,,cashflow
560.0,unnamed_2,,cashflow
561.0,unnamed_2,,cashflow
562.0,unnamed_2,,cashflow
563.0,unnamed_2,,cashflow
564.0,unnamed_2,,cashflow
565.0,unnamed_2,,cashflow
566.0,unnamed_2,,cashflow
567.0,unnamed_2,,cashflow
568.0,unnamed_2,,cashflow
569.0,unnamed_2,,cashflow
570.0,unnamed_2,,cashflow
571.0,unnamed_2,,cashflow
572.0,unnamed_2,,cashflow
573.0,unnamed_2,,cashflow
574.0,unnamed_2,,cashflow
575.0,unnamed_2,,cashflow
576.0,unnamed_2,,cashflow
577.0,unnamed_2,,cashflow
578.0,unnamed_2,,cashflow
579.0,unnamed_2,,cashflow
580.0,unnamed_2,,cashflow
581.0,unnamed_2,,cashflow
582.0,unnamed_2,,cashflow
583.0,unnamed_2,,cashflow
584.0,unnamed_2,,cashflow
585.0,unnamed_2,,cashflow
586.0,unnamed_2,,cashflow
587.0,unnamed_2,,cashflow
588.0,unnamed_2,,cashflow
589.0,unnamed_2,,cashflow
590.0,unnamed_2,,cashflow
591.0,unnamed_2,,cashflow
592.0,unnamed_2,,cashflow
593.0,unnamed_2,,cashflow
594.0,unnamed_2,,cashflow
595.0,unnamed_2,,cashflow
596.0,unnamed_2,,cashflow
597.0,unnamed_2,,cashflow
598.0,unnamed_2,,cashflow
599.0,unnamed_2,,cashflow
600.0,unnamed_2,,cashflow
601.0,unnamed_2,,cashflow
602.0,unnamed_2,,cashflow
603.0,unnamed_2,,cashflow
604.0,unnamed_2,,cashflow
605.0,unnamed_2,,cashflow
606.0,unnamed_2,,cashflow
607.0,unnamed_2,,cashflow
608.0,unnamed_2,,cashflow
609.0,unnamed_2,,cashflow
610.0,unnamed_2,,cashflow
611.0,unnamed_2,,cashflow
612.0,unnamed_2,,cashflow
613.0,unnamed_2,,cashflow
614.0,unnamed_2,,cashflow
615.0,unnamed_2,,cashflow
616.0,unnamed_2,,cashflow
617.0,unnamed_2,,cashflow
618.0,unnamed_2,,cashflow
619.0,unnamed_2,,cashflow
620.0,unnamed_2,,cashflow
621.0,unnamed_2,,cashflow
622.0,unnamed_2,,cashflow
623.0,unnamed_2,,cashflow
624.0,unnamed_2,,cashflow
625.0,unnamed_2,,cashflow
626.0,unnamed_2,,cashflow
627.0,unnamed_2,,cashflow
628.0,unnamed_2,,cashflow
629.0,unnamed_2,,cashflow
630.0,unnamed_2,,cashflow
631.0,unnamed_2,,cashflow
632.0,unnamed_2,,cashflow
633.0,unnamed_2,,cashflow
634.0,unnamed_2,,cashflow
635.0,unnamed_2,,cashflow
636.0,unnamed_2,,cashflow
637.0,unnamed_2,,cashflow
638.0,unnamed_2,,cashflow
639.0,unnamed_2,,cashflow
640.0,unnamed_2,,cashflow
641.0,unnamed_2,,cashflow
642.0,unnamed_2,,cashflow
643.0,unnamed_2,,cashflow
644.0,unnamed_2,,cashflow
645.0,unnamed_2,,cashflow
646.0,unnamed_2,,cashflow
647.0,unnamed_2,,cashflow
648.0,unnamed_2,,cashflow
649.0,unnamed_2,,cashflow
650.0,unnamed_2,,cashflow
651.0,unnamed_2,,cashflow
652.0,unnamed_2,,cashflow
653.0,unnamed_2,,cashflow
654.0,unnamed_2,,cashflow
655.0,unnamed_2,,cashflow
656.0,unnamed_2,,cashflow
657.0,unnamed_2,,cashflow
658.0,unnamed_2,,cashflow
659.0,unnamed_2,,cashflow
660.0,unnamed_2,,cashflow
661.0,unnamed_2,,cashflow
662.0,unnamed_2,,cashflow
663.0,unnamed_2,,cashflow
664.0,unnamed_2,,cashflow
665.0,unnamed_2,,cashflow
666.0,unnamed_2,,cashflow
667.0,unnamed_2,,cashflow
668.0,unnamed_2,,cashflow
669.0,unnamed_2,,cashflow
670.0,unnamed_2,,cashflow
671.0,unnamed_2,,cashflow
672.0,unnamed_2,,cashflow
673.0,unnamed_2,,cashflow
674.0,unnamed_2,,cashflow
675.0,unnamed_2,,cashflow
676.0,unnamed_2,,cashflow
677.0,unnamed_2,,cashflow
678.0,unnamed_2,,cashflow
679.0,unnamed_2,,cashflow
680.0,unnamed_2,,cashflow
681.0,unnamed_2,,cashflow
682.0,unnamed_2,,cashflow
683.0,unnamed_2,,cashflow
684.0,unnamed_2,,cashflow
685.0,unnamed_2,,cashflow
686.0,unnamed_2,,cashflow
687.0,unnamed_2,,cashflow
688.0,unnamed_2,,cashflow
689.0,unnamed_2,,cashflow
690.0,unnamed_2,,cashflow
691.0,unnamed_2,,cashflow
692.0,unnamed_2,,cashflow
693.0,unnamed_2,,cashflow
694.0,unnamed_2,,cashflow
695.0,unnamed_2,,cashflow
696.0,unnamed_2,,cashflow
697.0,unnamed_2,,cashflow
698.0,unnamed_2,,cashflow
699.0,unnamed_2,,cashflow
700.0,unnamed_2,,cashflow
701.0,unnamed_2,,cashflow
702.0,unnamed_2,,cashflow
703.0,unnamed_2,,cashflow
704.0,unnamed_2,,cashflow
705.0,unnamed_2,,cashflow
706.0,unnamed_2,,cashflow
707.0,unnamed_2,,cashflow
708.0,unnamed_2,,cashflow
709.0,unnamed_2,,cashflow
710.0,unnamed_2,,cashflow
711.0,unnamed_2,,cashflow
712.0,unnamed_2,,cashflow
713.0,unnamed_2,,cashflow
714.0,unnamed_2,,cashflow
715.0,unnamed_2,,cashflow
716.0,unnamed_2,,cashflow
717.0,unnamed_2,,cashflow
718.0,unnamed_2,,cashflow
719.0,unnamed_2,,cashflow
720.0,unnamed_2,,cashflow
721.0,unnamed_2,,cashflow
722.0,unnamed_2,,cashflow
723.0,unnamed_2,,cashflow
724.0,unnamed_2,,cashflow
725.0,unnamed_2,,cashflow
726.0,unnamed_2,,cashflow
727.0,unnamed_2,,cashflow
728.0,unnamed_2,,cashflow
729.0,unnamed_2,,cashflow
730.0,unnamed_2,,cashflow
731.0,unnamed_2,,cashflow
732.0,unnamed_2,,cashflow
733.0,unnamed_2,,cashflow
734.0,unnamed_2,,cashflow
735.0,unnamed_2,,cashflow
736.0,unnamed_2,,cashflow
737.0,unnamed_2,,cashflow
738.0,unnamed_2,,cashflow
739.0,unnamed_2,,cashflow
740.0,unnamed_2,,cashflow
741.0,unnamed_2,,cashflow
742.0,unnamed_2,,cashflow
743.0,unnamed_2,,cashflow
744.0,unnamed_2,,cashflow
745.0,unnamed_2,,cashflow
746.0,unnamed_2,,cashflow
747.0,unnamed_2,,cashflow
748.0,unnamed_2,,cashflow
749.0,unnamed_2,,cashflow
750.0,unnamed_2,,cashflow
751.0,unnamed_2,,cashflow
752.0,unnamed_2,,cashflow
753.0,unnamed_2,,cashflow
754.0,unnamed_2,,cashflow
755.0,unnamed_2,,cashflow
756.0,unnamed_2,,cashflow
757.0,unnamed_2,,cashflow
758.0,unnamed_2,,cashflow
759.0,unnamed_2,,cashflow
760.0,unnamed_2,,cashflow
761.0,unnamed_2,,cashflow
762.0,unnamed_2,,cashflow
763.0,unnamed_2,,cashflow
764.0,unnamed_2,,cashflow
765.0,unnamed_2,,cashflow
766.0,unnamed_2,,cashflow
767.0,unnamed_2,,cashflow
777.0,unnamed_2,,cashflow
778.0,unnamed_2,,cashflow
779.0,unnamed_2,,cashflow
780.0,unnamed_2,,cashflow
781.0,unnamed_2,,cashflow
782.0,unnamed_2,,cashflow
783.0,unnamed_2,,cashflow
784.0,unnamed_2,,cashflow
785.0,unnamed_2,,cashflow
786.0,unnamed_2,,cashflow
787.0,unnamed_2,,cashflow
788.0,unnamed_2,,cashflow
789.0,unnamed_2,,cashflow
790.0,unnamed_2,,cashflow
791.0,unnamed_2,,cashflow
792.0,unnamed_2,,cashflow
793.0,unnamed_2,,cashflow
794.0,unnamed_2,,cashflow
795.0,unnamed_2,,cashflow
796.0,unnamed_2,,cashflow
797.0,unnamed_2,,cashflow
798.0,unnamed_2,,cashflow
799.0,unnamed_2,,cashflow
800.0,unnamed_2,,cashflow
801.0,unnamed_2,,cashflow
802.0,unnamed_2,,cashflow
803.0,unnamed_2,,cashflow
804.0,unnamed_2,,cashflow
805.0,unnamed_2,,cashflow
806.0,unnamed_2,,cashflow
807.0,unnamed_2,,cashflow
808.0,unnamed_2,,cashflow
809.0,unnamed_2,,cashflow
810.0,unnamed_2,,cashflow
811.0,unnamed_2,,cashflow
812.0,unnamed_2,,cashflow
813.0,unnamed_2,,cashflow
814.0,unnamed_2,,cashflow
815.0,unnamed_2,,cashflow
816.0,unnamed_2,,cashflow
817.0,unnamed_2,,cashflow
818.0,unnamed_2,,cashflow
819.0,unnamed_2,,cashflow
820.0,unnamed_2,,cashflow
821.0,unnamed_2,,cashflow
822.0,unnamed_2,,cashflow
823.0,unnamed_2,,cashflow
824.0,unnamed_2,,cashflow
825.0,unnamed_2,,cashflow
826.0,unnamed_2,,cashflow
827.0,unnamed_2,,cashflow
828.0,unnamed_2,,cashflow
829.0,unnamed_2,,cashflow
830.0,unnamed_2,,cashflow
831.0,unnamed_2,,cashflow
832.0,unnamed_2,,cashflow
833.0,unnamed_2,,cashflow
834.0,unnamed_2,,cashflow
835.0,unnamed_2,,cashflow
836.0,unnamed_2,,cashflow
837.0,unnamed_2,,cashflow
838.0,unnamed_2,,cashflow
839.0,unnamed_2,,cashflow
840.0,unnamed_2,,cashflow
841.0,unnamed_2,,cashflow
842.0,unnamed_2,,cashflow
843.0,unnamed_2,,cashflow
844.0,unnamed_2,,cashflow
845.0,unnamed_2,,cashflow
846.0,unnamed_2,,cashflow
847.0,unnamed_2,,cashflow
848.0,unnamed_2,,cashflow
849.0,unnamed_2,,cashflow
850.0,unnamed_2,,cashflow
851.0,unnamed_2,,cashflow
852.0,unnamed_2,,cashflow
853.0,unnamed_2,,cashflow
854.0,unnamed_2,,cashflow
855.0,unnamed_2,,cashflow
856.0,unnamed_2,,cashflow
857.0,unnamed_2,,cashflow
858.0,unnamed_2,,cashflow
859.0,unnamed_2,,cashflow
860.0,unnamed_2,,cashflow
861.0,unnamed_2,,cashflow
862.0,unnamed_2,,cashflow
863.0,unnamed_2,,cashflow
864.0,unnamed_2,,cashflow
865.0,unnamed_2,,cashflow
866.0,unnamed_2,,cashflow
867.0,unnamed_2,,cashflow
868.0,unnamed_2,,cashflow
869.0,unnamed_2,,cashflow
870.0,unnamed_2,,cashflow
871.0,unnamed_2,,cashflow
872.0,unnamed_2,,cashflow
873.0,unnamed_2,,cashflow
874.0,unnamed_2,,cashflow
875.0,unnamed_2,,cashflow
876.0,unnamed_2,,cashflow
877.0,unnamed_2,,cashflow
878.0,unnamed_2,,cashflow
879.0,unnamed_2,,cashflow
880.0,unnamed_2,,cashflow
881.0,unnamed_2,,cashflow
882.0,unnamed_2,,cashflow
883.0,unnamed_2,,cashflow
884.0,unnamed_2,,cashflow
885.0,unnamed_2,,cashflow
886.0,unnamed_2,,cashflow
887.0,unnamed_2,,cashflow
888.0,unnamed_2,,cashflow
889.0,unnamed_2,,cashflow
890.0,unnamed_2,,cashflow
891.0,unnamed_2,,cashflow
892.0,unnamed_2,,cashflow
893.0,unnamed_2,,cashflow
894.0,unnamed_2,,cashflow
895.0,unnamed_2,,cashflow
896.0,unnamed_2,,cashflow
897.0,unnamed_2,,cashflow
898.0,unnamed_2,,cashflow
899.0,unnamed_2,,cashflow
900.0,unnamed_2,,cashflow
901.0,unnamed_2,,cashflow
902.0,unnamed_2,,cashflow
903.0,unnamed_2,,cashflow
904.0,unnamed_2,,cashflow
905.0,unnamed_2,,cashflow
906.0,unnamed_2,,cashflow
907.0,unnamed_2,,cashflow
908.0,unnamed_2,,cashflow
909.0,unnamed_2,,cashflow
910.0,unnamed_2,,cashflow
911.0,unnamed_2,,cashflow
912.0,unnamed_2,,cashflow
913.0,unnamed_2,,cashflow
914.0,unnamed_2,,cashflow
915.0,unnamed_2,,cashflow
916.0,unnamed_2,,cashflow
917.0,unnamed_2,,cashflow
918.0,unnamed_2,,cashflow
919.0,unnamed_2,,cashflow
920.0,unnamed_2,,cashflow
921.0,unnamed_2,,cashflow
922.0,unnamed_2,,cashflow
923.0,unnamed_2,,cashflow
924.0,unnamed_2,,cashflow
925.0,unnamed_2,,cashflow
926.0,unnamed_2,,cashflow
927.0,unnamed_2,,cashflow
928.0,unnamed_2,,cashflow
929.0,unnamed_2,,cashflow
930.0,unnamed_2,,cashflow
931.0,unnamed_2,,cashflow
932.0,unnamed_2,,cashflow
933.0,unnamed_2,,cashflow
934.0,unnamed_2,,cashflow
935.0,unnamed_2,,cashflow
936.0,unnamed_2,,cashflow
937.0,unnamed_2,,cashflow
938.0,unnamed_2,,cashflow
939.0,unnamed_2,,cashflow
940.0,unnamed_2,,cashflow
941.0,unnamed_2,,cashflow
942.0,unnamed_2,,cashflow
943.0,unnamed_2,,cashflow
944.0,unnamed_2,,cashflow
945.0,unnamed_2,,cashflow
946.0,unnamed_2,,cashflow
947.0,unnamed_2,,cashflow
948.0,unnamed_2,,cashflow
949.0,unnamed_2,,cashflow
950.0,unnamed_2,,cashflow
951.0,unnamed_2,,cashflow
952.0,unnamed_2,,cashflow
953.0,unnamed_2,,cashflow
954.0,unnamed_2,,cashflow
955.0,unnamed_2,,cashflow
956.0,unnamed_2,,cashflow
957.0,unnamed_2,,cashflow
958.0,unnamed_2,,cashflow
959.0,unnamed_2,,cashflow
960.0,unnamed_2,,cashflow
961.0,unnamed_2,,cashflow
962.0,unnamed_2,,cashflow
963.0,unnamed_2,,cashflow
964.0,unnamed_2,,cashflow
965.0,unnamed_2,,cashflow
966.0,unnamed_2,,cashflow
967.0,unnamed_2,,cashflow
968.0,unnamed_2,,cashflow
969.0,unnamed_2,,cashflow
970.0,unnamed_2,,cashflow
971.0,unnamed_2,,cashflow
972.0,unnamed_2,,cashflow
973.0,unnamed_2,,cashflow
974.0,unnamed_2,,cashflow
975.0,unnamed_2,,cashflow
976.0,unnamed_2,,cashflow
977.0,unnamed_2,,cashflow
978.0,unnamed_2,,cashflow
979.0,unnamed_2,,cashflow
980.0,unnamed_2,,cashflow
981.0,unnamed_2,,cashflow
982.0,unnamed_2,,cashflow
983.0,unnamed_2,,cashflow
984.0,unnamed_2,,cashflow
985.0,unnamed_2,,cashflow
986.0,unnamed_2,,cashflow
987.0,unnamed_2,,cashflow
988.0,unnamed_2,,cashflow
989.0,unnamed_2,,cashflow
990.0,unnamed_2,,cashflow
991.0,unnamed_2,,cashflow
992.0,unnamed_2,,cashflow
993.0,unnamed_2,,cashflow
994.0,unnamed_2,,cashflow
995.0,unnamed_2,,cashflow
996.0,unnamed_2,,cashflow
997.0,unnamed_2,,cashflow
998.0,unnamed_2,,cashflow
999.0,unnamed_2,,cashflow
1000.0,unnamed_2,,cashflow
1001.0,unnamed_2,,cashflow
1002.0,unnamed_2,,cashflow
1003.0,unnamed_2,,cashflow
1004.0,unnamed_2,,cashflow
1005.0,unnamed_2,,cashflow
1006.0,unnamed_2,,cashflow
1007.0,unnamed_2,,cashflow
1008.0,unnamed_2,,cashflow
1009.0,unnamed_2,,cashflow
1010.0,unnamed_2,,cashflow
1011.0,unnamed_2,,cashflow
1012.0,unnamed_2,,cashflow
1013.0,unnamed_2,,cashflow
1014.0,unnamed_2,,cashflow
1015.0,unnamed_2,,cashflow
1016.0,unnamed_2,,cashflow
1017.0,unnamed_2,,cashflow
1018.0,unnamed_2,,cashflow
1019.0,unnamed_2,,cashflow
1020.0,unnamed_2,,cashflow
1021.0,unnamed_2,,cashflow
1022.0,unnamed_2,,cashflow
1023.0,unnamed_2,,cashflow
1024.0,unnamed_2,,cashflow
1025.0,unnamed_2,,cashflow
1026.0,unnamed_2,,cashflow
1027.0,unnamed_2,,cashflow
1028.0,unnamed_2,,cashflow
1029.0,unnamed_2,,cashflow
1030.0,unnamed_2,,cashflow
1031.0,unnamed_2,,cashflow
1032.0,unnamed_2,,cashflow
1033.0,unnamed_2,,cashflow
1034.0,unnamed_2,,cashflow
1035.0,unnamed_2,,cashflow
1036.0,unnamed_2,,cashflow
1037.0,unnamed_2,,cashflow
1038.0,unnamed_2,,cashflow
1039.0,unnamed_2,,cashflow
1040.0,unnamed_2,,cashflow
1041.0,unnamed_2,,cashflow
1042.0,unnamed_2,,cashflow
1043.0,unnamed_2,,cashflow
1044.0,unnamed_2,,cashflow
1045.0,unnamed_2,,cashflow
1046.0,unnamed_2,,cashflow
1047.0,unnamed_2,,cashflow
1048.0,unnamed_2,,cashflow
1049.0,unnamed_2,,cashflow
1050.0,unnamed_2,,cashflow
1051.0,unnamed_2,,cashflow
1052.0,unnamed_2,,cashflow
1053.0,unnamed_2,,cashflow
1054.0,unnamed_2,,cashflow
1055.0,unnamed_2,,cashflow
1056.0,unnamed_2,,cashflow
1057.0,unnamed_2,,cashflow
1058.0,unnamed_2,,cashflow
1059.0,unnamed_2,,cashflow
1060.0,unnamed_2,,cashflow
1061.0,unnamed_2,,cashflow
1062.0,unnamed_2,,cashflow
1063.0,unnamed_2,,cashflow
1064.0,unnamed_2,,cashflow
1065.0,unnamed_2,,cashflow
1066.0,unnamed_2,,cashflow
1067.0,unnamed_2,,cashflow
1068.0,unnamed_2,,cashflow
1069.0,unnamed_2,,cashflow
1070.0,unnamed_2,,cashflow
1071.0,unnamed_2,,cashflow
1072.0,unnamed_2,,cashflow
1073.0,unnamed_2,,cashflow
1074.0,unnamed_2,,cashflow
1075.0,unnamed_2,,cashflow
1076.0,unnamed_2,,cashflow
1077.0,unnamed_2,,cashflow
1078.0,unnamed_2,,cashflow
1079.0,unnamed_2,,cashflow
1080.0,unnamed_2,,cashflow
1081.0,unnamed_2,,cashflow
1082.0,unnamed_2,,cashflow
1083.0,unnamed_2,,cashflow
1084.0,unnamed_2,,cashflow
1085.0,unnamed_2,,cashflow
1086.0,unnamed_2,,cashflow
1087.0,unnamed_2,,cashflow
1088.0,unnamed_2,,cashflow
1089.0,unnamed_2,,cashflow
1090.0,unnamed_2,,cashflow
1091.0,unnamed_2,,cashflow
1092.0,unnamed_2,,cashflow
1093.0,unnamed_2,,cashflow
1094.0,unnamed_2,,cashflow
1095.0,unnamed_2,,cashflow
1096.0,unnamed_2,,cashflow
1097.0,unnamed_2,,cashflow
1098.0,unnamed_2,,cashflow
1099.0,unnamed_2,,cashflow
1100.0,unnamed_2,,cashflow
1101.0,unnamed_2,,cashflow
1102.0,unnamed_2,,cashflow
1103.0,unnamed_2,,cashflow
1104.0,unnamed_2,,cashflow
1105.0,unnamed_2,,cashflow
1106.0,unnamed_2,,cashflow
1107.0,unnamed_2,,cashflow
1108.0,unnamed_2,,cashflow
1109.0,unnamed_2,,cashflow
1110.0,unnamed_2,,cashflow
1111.0,unnamed_2,,cashflow
1112.0,unnamed_2,,cashflow
1113.0,unnamed_2,,cashflow
1114.0,unnamed_2,,cashflow
1115.0,unnamed_2,,cashflow
1116.0,unnamed_2,,cashflow
1117.0,unnamed_2,,cashflow
1118.0,unnamed_2,,cashflow
1119.0,unnamed_2,,cashflow
1120.0,unnamed_2,,cashflow
1121.0,unnamed_2,,cashflow
1122.0,unnamed_2,,cashflow
1123.0,unnamed_2,,cashflow
1124.0,unnamed_2,,cashflow
1125.0,unnamed_2,,cashflow
1126.0,unnamed_2,,cashflow
1127.0,unnamed_2,,cashflow
1128.0,unnamed_2,,cashflow
1129.0,unnamed_2,,cashflow
1130.0,unnamed_2,,cashflow
1131.0,unnamed_2,,cashflow
1132.0,unnamed_2,,cashflow
1133.0,unnamed_2,,cashflow
1134.0,unnamed_2,,cashflow
1135.0,unnamed_2,,cashflow
1136.0,unnamed_2,,cashflow
1137.0,unnamed_2,,cashflow
1138.0,unnamed_2,,cashflow
1139.0,unnamed_2,,cashflow
1140.0,unnamed_2,,cashflow
1141.0,unnamed_2,,cashflow
1142.0,unnamed_2,,cashflow
1143.0,unnamed_2,,cashflow
1144.0,unnamed_2,,cashflow
1145.0,unnamed_2,,cashflow
1146.0,unnamed_2,,cashflow
1147.0,unnamed_2,,cashflow
1148.0,unnamed_2,,cashflow
1149.0,unnamed_2,,cashflow
1150.0,unnamed_2,,cashflow
1151.0,unnamed_2,,cashflow
1152.0,unnamed_2,,cashflow
1153.0,unnamed_2,,cashflow
1154.0,unnamed_2,,cashflow
1155.0,unnamed_2,,cashflow
1156.0,unnamed_2,,cashflow
1157.0,unnamed_2,,cashflow
1158.0,unnamed_2,,cashflow
1159.0,unnamed_2,,cashflow
1160.0,unnamed_2,,cashflow
1161.0,unnamed_2,,cashflow
1162.0,unnamed_2,,cashflow
1163.0,unnamed_2,,cashflow
1164.0,unnamed_2,,cashflow
1165.0,unnamed_2,,cashflow
1166.0,unnamed_2,,cashflow
1167.0,unnamed_2,,cashflow
1168.0,unnamed_2,,cashflow
1169.0,unnamed_2,,cashflow
1170.0,unnamed_2,,cashflow
1171.0,unnamed_2,,cashflow
1172.0,unnamed_2,,cashflow
1173.0,unnamed_2,,cashflow
1174.0,unnamed_2,,cashflow
1175.0,unnamed_2,,cashflow
1176.0,unnamed_2,,cashflow
1177.0,unnamed_2,,cashflow
1178.0,unnamed_2,,cashflow
1179.0,unnamed_2,,cashflow
1180.0,unnamed_2,,cashflow
1181.0,unnamed_2,,cashflow
1182.0,unnamed_2,,cashflow
1183.0,unnamed_2,,cashflow
1184.0,unnamed_2,,cashflow
1185.0,unnamed_2,,cashflow
1186.0,unnamed_2,,cashflow
1187.0,unnamed_2,,cashflow
1188.0,unnamed_2,,cashflow
1189.0,unnamed_2,,cashflow
1190.0,unnamed_2,,cashflow
1191.0,unnamed_2,,cashflow
1192.0,unnamed_2,,cashflow
1193.0,unnamed_2,,cashflow
1194.0,unnamed_2,,cashflow
1195.0,unnamed_2,,cashflow
1196.0,unnamed_2,,cashflow
1197.0,unnamed_2,,cashflow
1198.0,unnamed_2,,cashflow
1199.0,unnamed_2,,cashflow
1200.0,unnamed_2,,cashflow
1201.0,unnamed_2,,cashflow
1202.0,unnamed_2,,cashflow
1203.0,unnamed_2,,cashflow
1204.0,unnamed_2,,cashflow
1205.0,unnamed_2,,cashflow
1206.0,unnamed_2,,cashflow
1207.0,unnamed_2,,cashflow
1208.0,unnamed_2,,cashflow
1209.0,unnamed_2,,cashflow
1210.0,unnamed_2,,cashflow
1211.0,unnamed_2,,cashflow
1212.0,unnamed_2,,cashflow
1213.0,unnamed_2,,cashflow
1214.0,unnamed_2,,cashflow
1215.0,unnamed_2,,cashflow
1216.0,unnamed_2,,cashflow
1217.0,unnamed_2,,cashflow
1218.0,unnamed_2,,cashflow
1219.0,unnamed_2,,cashflow
1220.0,unnamed_2,,cashflow
1221.0,unnamed_2,,cashflow
1222.0,unnamed_2,,cashflow
1223.0,unnamed_2,,cashflow
1224.0,unnamed_2,,cashflow
1225.0,unnamed_2,,cashflow
1226.0,unnamed_2,,cashflow
1227.0,unnamed_2,,cashflow
1228.0,unnamed_2,,cashflow
1229.0,unnamed_2,,cashflow
1230.0,unnamed_2,,cashflow
1231.0,unnamed_2,,cashflow
1232.0,unnamed_2,,cashflow
1233.0,unnamed_2,,cashflow
1234.0,unnamed_2,,cashflow
1235.0,unnamed_2,,cashflow
1236.0,unnamed_2,,cashflow
1237.0,unnamed_2,,cashflow
1238.0,unnamed_2,,cashflow
1239.0,unnamed_2,,cashflow
1240.0,unnamed_2,,cashflow
1241.0,unnamed_2,,cashflow
1242.0,unnamed_2,,cashflow
1243.0,unnamed_2,,cashflow
1244.0,unnamed_2,,cashflow
1245.0,unnamed_2,,cashflow
1246.0,unnamed_2,,cashflow
1247.0,unnamed_2,,cashflow
1248.0,unnamed_2,,cashflow
1249.0,unnamed_2,,cashflow
1250.0,unnamed_2,,cashflow
1251.0,unnamed_2,,cashflow
1252.0,unnamed_2,,cashflow
1253.0,unnamed_2,,cashflow
1254.0,unnamed_2,,cashflow
1255.0,unnamed_2,,cashflow
1256.0,unnamed_2,,cashflow
1257.0,unnamed_2,,cashflow
1258.0,unnamed_2,,cashflow
,unnamed_3,,cashflow
37.0,unnamed_3,11615.0,cashflow
38.0,unnamed_3,14751.0,cashflow
39.0,unnamed_3,19369.0,cashflow
40.0,unnamed_3,19109.0,cashflow
41.0,unnamed_3,25223.0,cashflow
42.0,unnamed_3,25067.0,cashflow
43.0,unnamed_3,28593.0,cashflow
44.0,unnamed_3,32369.0,cashflow
45.0,unnamed_3,38802.0,cashflow
46.0,unnamed_3,39949.0,cashflow
47.0,unnamed_3,41965.0,cashflow
48.0,unnamed_3,44338.0,cashflow
61.0,unnamed_3,101.0,cashflow
62.0,unnamed_3,155.0,cashflow
63.0,unnamed_3,215.0,cashflow
64.0,unnamed_3,249.0,cashflow
65.0,unnamed_3,307.0,cashflow
66.0,unnamed_3,153.0,cashflow
67.0,unnamed_3,499.0,cashflow
68.0,unnamed_3,626.0,cashflow
69.0,unnamed_3,727.0,cashflow
70.0,unnamed_3,948.0,cashflow
71.0,unnamed_3,893.0,cashflow
72.0,unnamed_3,1213.0,cashflow
73.0,unnamed_3,0.0,cashflow
74.0,unnamed_3,-35.0,cashflow
75.0,unnamed_3,1544.0,cashflow
76.0,unnamed_3,2189.0,cashflow
77.0,unnamed_3,2198.0,cashflow
78.0,unnamed_3,2591.0,cashflow
79.0,unnamed_3,5437.0,cashflow
80.0,unnamed_3,3784.0,cashflow
81.0,unnamed_3,4097.0,cashflow
82.0,unnamed_3,3777.0,cashflow
83.0,unnamed_3,6038.0,cashflow
84.0,unnamed_3,0.0,cashflow
85.0,unnamed_3,-35.0,cashflow
86.0,unnamed_3,1544.0,cashflow
87.0,unnamed_3,2189.0,cashflow
88.0,unnamed_3,2198.0,cashflow
89.0,unnamed_3,2591.0,cashflow
90.0,unnamed_3,5437.0,cashflow
91.0,unnamed_3,3784.0,cashflow
92.0,unnamed_3,4097.0,cashflow
93.0,unnamed_3,3777.0,cashflow
94.0,unnamed_3,6038.0,cashflow
95.0,unnamed_3,7666.0,cashflow
96.0,unnamed_3,8228.0,cashflow
97.0,unnamed_3,8532.0,cashflow
98.0,unnamed_3,5112.0,cashflow
99.0,unnamed_3,774.0,cashflow
100.0,unnamed_3,2942.0,cashflow
101.0,unnamed_3,3236.0,cashflow
102.0,unnamed_3,2454.0,cashflow
103.0,unnamed_3,4043.0,cashflow
104.0,unnamed_3,1385.0,cashflow
105.0,unnamed_3,17626.0,cashflow
106.0,unnamed_3,10312.0,cashflow
107.0,unnamed_3,28.0,cashflow
108.0,unnamed_3,649.0,cashflow
109.0,unnamed_3,1625.0,cashflow
110.0,unnamed_3,1965.0,cashflow
111.0,unnamed_3,1601.0,cashflow
112.0,unnamed_3,3127.0,cashflow
113.0,unnamed_3,7265.0,cashflow
114.0,unnamed_3,7713.0,cashflow
115.0,unnamed_3,1379.0,cashflow
116.0,unnamed_3,1132.0,cashflow
117.0,unnamed_3,3057.0,cashflow
118.0,unnamed_3,2381.0,cashflow
119.0,unnamed_3,4063.0,cashflow
120.0,unnamed_3,5608.0,cashflow
121.0,unnamed_3,6029.0,cashflow
122.0,unnamed_3,7402.0,cashflow
123.0,unnamed_3,7556.0,cashflow
124.0,unnamed_3,10420.0,cashflow
125.0,unnamed_3,11900.0,cashflow
126.0,unnamed_3,15018.0,cashflow
127.0,unnamed_3,3001.0,cashflow
128.0,unnamed_3,3238.0,cashflow
129.0,unnamed_3,5824.0,cashflow
130.0,unnamed_3,5257.0,cashflow
131.0,unnamed_3,4725.0,cashflow
132.0,unnamed_3,5101.0,cashflow
133.0,unnamed_3,5610.0,cashflow
134.0,unnamed_3,5598.0,cashflow
135.0,unnamed_3,7014.0,cashflow
136.0,unnamed_3,10233.0,cashflow
137.0,unnamed_3,8431.0,cashflow
138.0,unnamed_3,14170.0,cashflow
139.0,unnamed_3,1860.0,cashflow
140.0,unnamed_3,1267.0,cashflow
141.0,unnamed_3,1675.0,cashflow
142.0,unnamed_3,1557.0,cashflow
143.0,unnamed_3,2810.0,cashflow
144.0,unnamed_3,3416.0,cashflow
145.0,unnamed_3,1703.0,cashflow
146.0,unnamed_3,4739.0,cashflow
147.0,unnamed_3,4832.0,cashflow
148.0,unnamed_3,5309.0,cashflow
149.0,unnamed_3,735.0,cashflow
150.0,unnamed_3,5646.0,cashflow
151.0,unnamed_3,443.0,cashflow
152.0,unnamed_3,373.0,cashflow
153.0,unnamed_3,470.0,cashflow
154.0,unnamed_3,597.0,cashflow
155.0,unnamed_3,623.0,cashflow
156.0,unnamed_3,537.0,cashflow
157.0,unnamed_3,905.0,cashflow
158.0,unnamed_3,1293.0,cashflow
159.0,unnamed_3,1265.0,cashflow
160.0,unnamed_3,1696.0,cashflow
161.0,unnamed_3,1377.0,cashflow
162.0,unnamed_3,1920.0,cashflow
163.0,unnamed_3,1187.0,cashflow
164.0,unnamed_3,1402.0,cashflow
165.0,unnamed_3,1188.0,cashflow
166.0,unnamed_3,2243.0,cashflow
167.0,unnamed_3,1527.0,cashflow
168.0,unnamed_3,2113.0,cashflow
169.0,unnamed_3,2470.0,cashflow
170.0,unnamed_3,3038.0,cashflow
171.0,unnamed_3,3683.0,cashflow
172.0,unnamed_3,986.0,cashflow
173.0,unnamed_3,4193.0,cashflow
174.0,unnamed_3,6104.0,cashflow
189.0,unnamed_3,277.0,cashflow
190.0,unnamed_3,356.0,cashflow
191.0,unnamed_3,492.0,cashflow
192.0,unnamed_3,654.0,cashflow
193.0,unnamed_3,732.0,cashflow
194.0,unnamed_3,853.0,cashflow
195.0,unnamed_3,955.0,cashflow
196.0,unnamed_3,2573.0,cashflow
197.0,unnamed_3,14464.0,cashflow
198.0,unnamed_3,-15162.0,cashflow
199.0,unnamed_3,-34495.0,cashflow
200.0,unnamed_3,32209.0,cashflow
201.0,unnamed_3,-38390.0,cashflow
202.0,unnamed_3,37125.0,cashflow
203.0,unnamed_3,30416.0,cashflow
204.0,unnamed_3,12633.0,cashflow
205.0,unnamed_3,28137.0,cashflow
206.0,unnamed_3,22075.0,cashflow
207.0,unnamed_3,-5555.0,cashflow
208.0,unnamed_3,2218.0,cashflow
209.0,unnamed_3,3502.0,cashflow
210.0,unnamed_3,2114.0,cashflow
211.0,unnamed_3,3690.0,cashflow
212.0,unnamed_3,3267.0,cashflow
213.0,unnamed_3,4328.0,cashflow
214.0,unnamed_3,2487.0,cashflow
215.0,unnamed_3,3850.0,cashflow
216.0,unnamed_3,3120.0,cashflow
217.0,unnamed_3,4197.0,cashflow
218.0,unnamed_3,5277.0,cashflow
219.0,unnamed_3,6558.0,cashflow
220.0,unnamed_3,2218.0,cashflow
221.0,unnamed_3,3502.0,cashflow
222.0,unnamed_3,2114.0,cashflow
223.0,unnamed_3,3690.0,cashflow
224.0,unnamed_3,3267.0,cashflow
225.0,unnamed_3,4328.0,cashflow
226.0,unnamed_3,2487.0,cashflow
227.0,unnamed_3,3850.0,cashflow
228.0,unnamed_3,3120.0,cashflow
229.0,unnamed_3,4197.0,cashflow
230.0,unnamed_3,5277.0,cashflow
231.0,unnamed_3,6558.0,cashflow
232.0,unnamed_3,-6922.0,cashflow
233.0,unnamed_3,-9807.0,cashflow
234.0,unnamed_3,-10731.0,cashflow
235.0,unnamed_3,-9795.0,cashflow
236.0,unnamed_3,-10922.0,cashflow
237.0,unnamed_3,-19580.0,cashflow
238.0,unnamed_3,-27076.0,cashflow
239.0,unnamed_3,-23369.0,cashflow
240.0,unnamed_3,4547.0,cashflow
241.0,unnamed_3,-33670.0,cashflow
242.0,unnamed_3,-39480.0,cashflow
243.0,unnamed_3,-68674.0,cashflow
244.0,unnamed_3,473.0,cashflow
245.0,unnamed_3,872.0,cashflow
246.0,unnamed_3,796.0,cashflow
247.0,unnamed_3,1147.0,cashflow
248.0,unnamed_3,-923.0,cashflow
249.0,unnamed_3,1631.0,cashflow
250.0,unnamed_3,628.0,cashflow
251.0,unnamed_3,1920.0,cashflow
252.0,unnamed_3,272.0,cashflow
253.0,unnamed_3,1610.0,cashflow
254.0,unnamed_3,1728.0,cashflow
255.0,unnamed_3,1941.0,cashflow
256.0,unnamed_3,-7064.0,cashflow
257.0,unnamed_3,-9870.0,cashflow
258.0,unnamed_3,-10439.0,cashflow
259.0,unnamed_3,-20566.0,cashflow
260.0,unnamed_3,-29062.0,cashflow
261.0,unnamed_3,-24412.0,cashflow
262.0,unnamed_3,-807.0,cashflow
263.0,unnamed_3,-37090.0,cashflow
264.0,unnamed_3,-42112.0,cashflow
265.0,unnamed_3,-72760.0,cashflow
266.0,unnamed_3,23196.0,cashflow
267.0,unnamed_3,42233.0,cashflow
268.0,unnamed_3,17838.0,cashflow
269.0,unnamed_3,-10011.0,cashflow
270.0,unnamed_3,17865.0,cashflow
271.0,unnamed_3,-59692.0,cashflow
272.0,unnamed_3,-1449.0,cashflow
273.0,unnamed_3,18531.0,cashflow
274.0,unnamed_3,-887.0,cashflow
275.0,unnamed_3,6210.0,cashflow
276.0,unnamed_3,-21354.0,cashflow
277.0,unnamed_3,-6274.0,cashflow
278.0,unnamed_3,-1539.0,cashflow
279.0,unnamed_3,-569.0,cashflow
280.0,unnamed_3,1434.0,cashflow
281.0,unnamed_3,2260.0,cashflow
282.0,unnamed_3,-61.0,cashflow
283.0,unnamed_3,-687.0,cashflow
284.0,unnamed_3,1514.0,cashflow
285.0,unnamed_3,2570.0,cashflow
286.0,unnamed_3,5093.0,cashflow
287.0,unnamed_3,4207.0,cashflow
288.0,unnamed_3,1199.0,cashflow
289.0,unnamed_3,4659.0,cashflow
290.0,unnamed_3,22608.0,cashflow
291.0,unnamed_3,26233.0,cashflow
292.0,unnamed_3,28059.0,cashflow
293.0,unnamed_3,27942.0,cashflow
294.0,unnamed_3,28280.0,cashflow
295.0,unnamed_3,29854.0,cashflow
296.0,unnamed_3,20070.0,cashflow
297.0,unnamed_3,18129.0,cashflow
298.0,unnamed_3,48205.0,cashflow
299.0,unnamed_3,55017.0,cashflow
300.0,unnamed_3,65325.0,cashflow
301.0,unnamed_3,78898.0,cashflow
302.0,unnamed_3,1759.0,cashflow
303.0,unnamed_3,4512.0,cashflow
304.0,unnamed_3,821.0,cashflow
305.0,unnamed_3,374.0,cashflow
306.0,unnamed_3,560.0,cashflow
307.0,unnamed_3,989.0,cashflow
308.0,unnamed_3,-3860.0,cashflow
309.0,unnamed_3,-2892.0,cashflow
310.0,unnamed_3,560.0,cashflow
311.0,unnamed_3,660.0,cashflow
312.0,unnamed_3,-741.0,cashflow
313.0,unnamed_3,-3713.0,cashflow
314.0,unnamed_3,871.0,cashflow
315.0,unnamed_3,1057.0,cashflow
316.0,unnamed_3,1396.0,cashflow
317.0,unnamed_3,1318.0,cashflow
318.0,unnamed_3,1457.0,cashflow
319.0,unnamed_3,1729.0,cashflow
320.0,unnamed_3,593.0,cashflow
321.0,unnamed_3,1336.0,cashflow
322.0,unnamed_3,835.0,cashflow
323.0,unnamed_3,271.0,cashflow
324.0,unnamed_3,1214.0,cashflow
325.0,unnamed_3,1253.0,cashflow
326.0,unnamed_3,5926.0,cashflow
327.0,unnamed_3,9588.0,cashflow
328.0,unnamed_3,20742.0,cashflow
329.0,unnamed_3,11119.0,cashflow
330.0,unnamed_3,9041.0,cashflow
331.0,unnamed_3,11068.0,cashflow
332.0,unnamed_3,10157.0,cashflow
333.0,unnamed_3,7881.0,cashflow
334.0,unnamed_3,23455.0,cashflow
335.0,unnamed_3,20336.0,cashflow
336.0,unnamed_3,12466.0,cashflow
337.0,unnamed_3,35936.0,cashflow
338.0,unnamed_3,320.0,cashflow
339.0,unnamed_3,671.0,cashflow
340.0,unnamed_3,584.0,cashflow
341.0,unnamed_3,959.0,cashflow
342.0,unnamed_3,441.0,cashflow
343.0,unnamed_3,1249.0,cashflow
344.0,unnamed_3,1156.0,cashflow
345.0,unnamed_3,1485.0,cashflow
346.0,unnamed_3,1876.0,cashflow
347.0,unnamed_3,1300.0,cashflow
348.0,unnamed_3,2526.0,cashflow
349.0,unnamed_3,2573.0,cashflow
350.0,unnamed_3,8010.0,cashflow
351.0,unnamed_3,14244.0,cashflow
352.0,unnamed_3,6344.0,cashflow
353.0,unnamed_3,9346.0,cashflow
354.0,unnamed_3,2575.0,cashflow
355.0,unnamed_3,-11120.0,cashflow
356.0,unnamed_3,18237.0,cashflow
357.0,unnamed_3,-5289.0,cashflow
358.0,unnamed_3,59118.0,cashflow
359.0,unnamed_3,919.0,cashflow
360.0,unnamed_3,-39978.0,cashflow
361.0,unnamed_3,15046.0,cashflow
362.0,unnamed_3,-3754.0,cashflow
363.0,unnamed_3,-2447.0,cashflow
364.0,unnamed_3,-2264.0,cashflow
365.0,unnamed_3,-2809.0,cashflow
366.0,unnamed_3,-1468.0,cashflow
367.0,unnamed_3,-7926.0,cashflow
368.0,unnamed_3,-9317.0,cashflow
369.0,unnamed_3,-2075.0,cashflow
370.0,unnamed_3,-8848.0,cashflow
371.0,unnamed_3,-5571.0,cashflow
372.0,unnamed_3,-27105.0,cashflow
373.0,unnamed_3,-35683.0,cashflow
374.0,unnamed_3,1398.0,cashflow
375.0,unnamed_3,1563.0,cashflow
376.0,unnamed_3,1173.0,cashflow
377.0,unnamed_3,1741.0,cashflow
378.0,unnamed_3,2382.0,cashflow
379.0,unnamed_3,1463.0,cashflow
380.0,unnamed_3,1691.0,cashflow
381.0,unnamed_3,3068.0,cashflow
382.0,unnamed_3,3755.0,cashflow
383.0,unnamed_3,3326.0,cashflow
384.0,unnamed_3,3238.0,cashflow
385.0,unnamed_3,4134.0,cashflow
386.0,unnamed_3,9109.0,cashflow
387.0,unnamed_3,14525.0,cashflow
388.0,unnamed_3,14382.0,cashflow
389.0,unnamed_3,13154.0,cashflow
390.0,unnamed_3,16461.0,cashflow
391.0,unnamed_3,21115.0,cashflow
392.0,unnamed_3,16356.0,cashflow
393.0,unnamed_3,4977.0,cashflow
394.0,unnamed_3,10592.0,cashflow
395.0,unnamed_3,41107.0,cashflow
396.0,unnamed_3,35734.0,cashflow
397.0,unnamed_3,18103.0,cashflow
398.0,unnamed_3,870.0,cashflow
399.0,unnamed_3,1098.0,cashflow
400.0,unnamed_3,1047.0,cashflow
401.0,unnamed_3,1187.0,cashflow
402.0,unnamed_3,1227.0,cashflow
403.0,unnamed_3,1092.0,cashflow
404.0,unnamed_3,1499.0,cashflow
405.0,unnamed_3,1614.0,cashflow
406.0,unnamed_3,2115.0,cashflow
407.0,unnamed_3,1802.0,cashflow
408.0,unnamed_3,1488.0,cashflow
409.0,unnamed_3,2013.0,cashflow
410.0,unnamed_3,480.0,cashflow
411.0,unnamed_3,557.0,cashflow
412.0,unnamed_3,826.0,cashflow
413.0,unnamed_3,1038.0,cashflow
414.0,unnamed_3,1150.0,cashflow
415.0,unnamed_3,776.0,cashflow
416.0,unnamed_3,954.0,cashflow
417.0,unnamed_3,1216.0,cashflow
418.0,unnamed_3,1947.0,cashflow
419.0,unnamed_3,1912.0,cashflow
420.0,unnamed_3,2459.0,cashflow
421.0,unnamed_3,1261.0,cashflow
422.0,unnamed_3,2009.0,cashflow
423.0,unnamed_3,1468.0,cashflow
424.0,unnamed_3,2037.0,cashflow
425.0,unnamed_3,2957.0,cashflow
426.0,unnamed_3,-898.0,cashflow
427.0,unnamed_3,270.0,cashflow
428.0,unnamed_3,2043.0,cashflow
429.0,unnamed_3,356.0,cashflow
430.0,unnamed_3,1460.0,cashflow
431.0,unnamed_3,2832.0,cashflow
432.0,unnamed_3,2375.0,cashflow
433.0,unnamed_3,2539.0,cashflow
434.0,unnamed_3,127.0,cashflow
435.0,unnamed_3,198.0,cashflow
436.0,unnamed_3,222.0,cashflow
437.0,unnamed_3,433.0,cashflow
438.0,unnamed_3,455.0,cashflow
439.0,unnamed_3,730.0,cashflow
440.0,unnamed_3,807.0,cashflow
441.0,unnamed_3,1280.0,cashflow
442.0,unnamed_3,1375.0,cashflow
443.0,unnamed_3,1372.0,cashflow
444.0,unnamed_3,2630.0,cashflow
445.0,unnamed_3,2746.0,cashflow
446.0,unnamed_3,1378.0,cashflow
447.0,unnamed_3,1970.0,cashflow
448.0,unnamed_3,2524.0,cashflow
449.0,unnamed_3,3263.0,cashflow
450.0,unnamed_3,2144.0,cashflow
451.0,unnamed_3,1803.0,cashflow
452.0,unnamed_3,2870.0,cashflow
453.0,unnamed_3,2984.0,cashflow
454.0,unnamed_3,3570.0,cashflow
455.0,unnamed_3,2811.0,cashflow
456.0,unnamed_3,5888.0,cashflow
457.0,unnamed_3,4543.0,cashflow
458.0,unnamed_3,496.0,cashflow
459.0,unnamed_3,716.0,cashflow
460.0,unnamed_3,1047.0,cashflow
461.0,unnamed_3,1463.0,cashflow
462.0,unnamed_3,1708.0,cashflow
463.0,unnamed_3,2482.0,cashflow
464.0,unnamed_3,1575.0,cashflow
465.0,unnamed_3,1694.0,cashflow
466.0,unnamed_3,1691.0,cashflow
467.0,unnamed_3,1527.0,cashflow
468.0,unnamed_3,2823.0,cashflow
469.0,unnamed_3,3724.0,cashflow
470.0,unnamed_3,6603.0,cashflow
471.0,unnamed_3,4615.0,cashflow
472.0,unnamed_3,4214.0,cashflow
473.0,unnamed_3,3960.0,cashflow
474.0,unnamed_3,6024.0,cashflow
475.0,unnamed_3,8769.0,cashflow
476.0,unnamed_3,7984.0,cashflow
477.0,unnamed_3,8345.0,cashflow
478.0,unnamed_3,8993.0,cashflow
479.0,unnamed_3,9420.0,cashflow
480.0,unnamed_3,3205.0,cashflow
481.0,unnamed_3,12586.0,cashflow
482.0,unnamed_3,820.0,cashflow
483.0,unnamed_3,1116.0,cashflow
484.0,unnamed_3,1027.0,cashflow
485.0,unnamed_3,847.0,cashflow
486.0,unnamed_3,1860.0,cashflow
487.0,unnamed_3,1723.0,cashflow
488.0,unnamed_3,1729.0,cashflow
489.0,unnamed_3,1588.0,cashflow
490.0,unnamed_3,2030.0,cashflow
491.0,unnamed_3,1451.0,cashflow
492.0,unnamed_3,2151.0,cashflow
493.0,unnamed_3,2070.0,cashflow
494.0,unnamed_3,4242.0,cashflow
495.0,unnamed_3,3549.0,cashflow
496.0,unnamed_3,4594.0,cashflow
497.0,unnamed_3,5868.0,cashflow
498.0,unnamed_3,7288.0,cashflow
499.0,unnamed_3,-4140.0,cashflow
500.0,unnamed_3,-1659.0,cashflow
501.0,unnamed_3,16620.0,cashflow
502.0,unnamed_3,15075.0,cashflow
503.0,unnamed_3,7038.0,cashflow
504.0,unnamed_3,-12685.0,cashflow
505.0,unnamed_3,-10719.0,cashflow
506.0,unnamed_3,-423.0,cashflow
507.0,unnamed_3,-734.0,cashflow
508.0,unnamed_3,-7694.0,cashflow
509.0,unnamed_3,1537.0,cashflow
510.0,unnamed_3,15124.0,cashflow
511.0,unnamed_3,10180.0,cashflow
512.0,unnamed_3,8836.0,cashflow
513.0,unnamed_3,8226.0,cashflow
514.0,unnamed_3,638.0,cashflow
515.0,unnamed_3,868.0,cashflow
516.0,unnamed_3,963.0,cashflow
517.0,unnamed_3,513.0,cashflow
518.0,unnamed_3,767.0,cashflow
519.0,unnamed_3,1100.0,cashflow
520.0,unnamed_3,501.0,cashflow
521.0,unnamed_3,827.0,cashflow
522.0,unnamed_3,660.0,cashflow
523.0,unnamed_3,1728.0,cashflow
524.0,unnamed_3,565.0,cashflow
525.0,unnamed_3,1953.0,cashflow
526.0,unnamed_3,4492.0,cashflow
527.0,unnamed_3,6457.0,cashflow
528.0,unnamed_3,5539.0,cashflow
529.0,unnamed_3,3823.0,cashflow
530.0,unnamed_3,8995.0,cashflow
531.0,unnamed_3,8328.0,cashflow
532.0,unnamed_3,8971.0,cashflow
533.0,unnamed_3,13359.0,cashflow
534.0,unnamed_3,19618.0,cashflow
535.0,unnamed_3,16900.0,cashflow
536.0,unnamed_3,18009.0,cashflow
537.0,unnamed_3,22448.0,cashflow
538.0,unnamed_3,-5847.0,cashflow
539.0,unnamed_3,4211.0,cashflow
540.0,unnamed_3,-21281.0,cashflow
541.0,unnamed_3,-34435.0,cashflow
542.0,unnamed_3,17282.0,cashflow
543.0,unnamed_3,17214.0,cashflow
544.0,unnamed_3,-62872.0,cashflow
545.0,unnamed_3,-16869.0,cashflow
546.0,unnamed_3,42476.0,cashflow
547.0,unnamed_3,-11960.0,cashflow
548.0,unnamed_3,20814.0,cashflow
549.0,unnamed_3,19069.0,cashflow
550.0,unnamed_3,,cashflow
551.0,unnamed_3,,cashflow
552.0,unnamed_3,4459.0,cashflow
553.0,unnamed_3,5687.0,cashflow
554.0,unnamed_3,6230.0,cashflow
555.0,unnamed_3,6739.0,cashflow
556.0,unnamed_3,9868.0,cashflow
557.0,unnamed_3,7388.0,cashflow
558.0,unnamed_3,9703.0,cashflow
559.0,unnamed_3,5943.0,cashflow
560.0,unnamed_3,6883.0,cashflow
561.0,unnamed_3,10721.0,cashflow
562.0,unnamed_3,2963.0,cashflow
563.0,unnamed_3,2186.0,cashflow
564.0,unnamed_3,3722.0,cashflow
565.0,unnamed_3,4007.0,cashflow
566.0,unnamed_3,4017.0,cashflow
567.0,unnamed_3,1032.0,cashflow
568.0,unnamed_3,5518.0,cashflow
569.0,unnamed_3,4110.0,cashflow
570.0,unnamed_3,2104.0,cashflow
571.0,unnamed_3,2614.0,cashflow
572.0,unnamed_3,4923.0,cashflow
573.0,unnamed_3,2977.0,cashflow
574.0,unnamed_3,7956.0,cashflow
575.0,unnamed_3,7143.0,cashflow
576.0,unnamed_3,11688.0,cashflow
577.0,unnamed_3,12687.0,cashflow
578.0,unnamed_3,10898.0,cashflow
579.0,unnamed_3,11977.0,cashflow
580.0,unnamed_3,12745.0,cashflow
581.0,unnamed_3,17232.0,cashflow
582.0,unnamed_3,16838.0,cashflow
583.0,unnamed_3,19208.0,cashflow
584.0,unnamed_3,24056.0,cashflow
585.0,unnamed_3,3605.0,cashflow
586.0,unnamed_3,3818.0,cashflow
587.0,unnamed_3,3292.0,cashflow
588.0,unnamed_3,4171.0,cashflow
589.0,unnamed_3,5185.0,cashflow
590.0,unnamed_3,6059.0,cashflow
591.0,unnamed_3,5800.0,cashflow
592.0,unnamed_3,7623.0,cashflow
593.0,unnamed_3,9163.0,cashflow
594.0,unnamed_3,9048.0,cashflow
595.0,unnamed_3,9991.0,cashflow
596.0,unnamed_3,15469.0,cashflow
597.0,unnamed_3,17494.0,cashflow
598.0,unnamed_3,6765.0,cashflow
599.0,unnamed_3,-12273.0,cashflow
600.0,unnamed_3,23645.0,cashflow
601.0,unnamed_3,52636.0,cashflow
602.0,unnamed_3,19383.0,cashflow
603.0,unnamed_3,48671.0,cashflow
604.0,unnamed_3,79565.0,cashflow
605.0,unnamed_3,138015.0,cashflow
606.0,unnamed_3,58111.0,cashflow
607.0,unnamed_3,-3771.0,cashflow
608.0,unnamed_3,157284.0,cashflow
609.0,unnamed_3,984.0,cashflow
610.0,unnamed_3,595.0,cashflow
611.0,unnamed_3,-98.0,cashflow
612.0,unnamed_3,511.0,cashflow
613.0,unnamed_3,1628.0,cashflow
614.0,unnamed_3,2390.0,cashflow
615.0,unnamed_3,2976.0,cashflow
616.0,unnamed_3,3433.0,cashflow
617.0,unnamed_3,1774.0,cashflow
618.0,unnamed_3,809.0,cashflow
619.0,unnamed_3,2290.0,cashflow
620.0,unnamed_3,2407.0,cashflow
621.0,unnamed_3,-2641.0,cashflow
622.0,unnamed_3,-2382.0,cashflow
623.0,unnamed_3,523.0,cashflow
624.0,unnamed_3,3634.0,cashflow
625.0,unnamed_3,4130.0,cashflow
626.0,unnamed_3,5690.0,cashflow
627.0,unnamed_3,11377.0,cashflow
628.0,unnamed_3,8596.0,cashflow
629.0,unnamed_3,7314.0,cashflow
630.0,unnamed_3,1831.0,cashflow
631.0,unnamed_3,89.0,cashflow
632.0,unnamed_3,-7315.0,cashflow
633.0,unnamed_3,1741.0,cashflow
634.0,unnamed_3,1595.0,cashflow
635.0,unnamed_3,2384.0,cashflow
636.0,unnamed_3,3116.0,cashflow
637.0,unnamed_3,3782.0,cashflow
638.0,unnamed_3,3903.0,cashflow
639.0,unnamed_3,3160.0,cashflow
640.0,unnamed_3,6943.0,cashflow
641.0,unnamed_3,-1620.0,cashflow
642.0,unnamed_3,2064.0,cashflow
643.0,unnamed_3,12703.0,cashflow
644.0,unnamed_3,21183.0,cashflow
645.0,unnamed_3,-486.0,cashflow
646.0,unnamed_3,-4106.0,cashflow
647.0,unnamed_3,-1421.0,cashflow
648.0,unnamed_3,-2927.0,cashflow
649.0,unnamed_3,11569.0,cashflow
650.0,unnamed_3,-20700.0,cashflow
651.0,unnamed_3,-6389.0,cashflow
652.0,unnamed_3,-12039.0,cashflow
653.0,unnamed_3,44646.0,cashflow
654.0,unnamed_3,16600.0,cashflow
655.0,unnamed_3,-12438.0,cashflow
656.0,unnamed_3,-16843.0,cashflow
657.0,unnamed_3,7373.0,cashflow
658.0,unnamed_3,9825.0,cashflow
659.0,unnamed_3,8353.0,cashflow
660.0,unnamed_3,10028.0,cashflow
661.0,unnamed_3,11531.0,cashflow
662.0,unnamed_3,13218.0,cashflow
663.0,unnamed_3,14841.0,cashflow
664.0,unnamed_3,17003.0,cashflow
665.0,unnamed_3,23224.0,cashflow
666.0,unnamed_3,23885.0,cashflow
667.0,unnamed_3,22467.0,cashflow
668.0,unnamed_3,25210.0,cashflow
669.0,unnamed_3,9340.0,cashflow
670.0,unnamed_3,24195.0,cashflow
671.0,unnamed_3,46092.0,cashflow
672.0,unnamed_3,25624.0,cashflow
673.0,unnamed_3,28216.0,cashflow
674.0,unnamed_3,29115.0,cashflow
675.0,unnamed_3,12747.0,cashflow
676.0,unnamed_3,7146.0,cashflow
677.0,unnamed_3,49650.0,cashflow
678.0,unnamed_3,25747.0,cashflow
679.0,unnamed_3,29644.0,cashflow
680.0,unnamed_3,71099.0,cashflow
681.0,unnamed_3,69.0,cashflow
682.0,unnamed_3,288.0,cashflow
683.0,unnamed_3,338.0,cashflow
684.0,unnamed_3,24.0,cashflow
685.0,unnamed_3,499.0,cashflow
686.0,unnamed_3,409.0,cashflow
687.0,unnamed_3,248.0,cashflow
688.0,unnamed_3,524.0,cashflow
689.0,unnamed_3,812.0,cashflow
690.0,unnamed_3,882.0,cashflow
691.0,unnamed_3,-16378.0,cashflow
692.0,unnamed_3,-19455.0,cashflow
693.0,unnamed_3,-28076.0,cashflow
694.0,unnamed_3,-41748.0,cashflow
695.0,unnamed_3,-62701.0,cashflow
696.0,unnamed_3,-89907.0,cashflow
697.0,unnamed_3,-64412.0,cashflow
698.0,unnamed_3,-28588.0,cashflow
699.0,unnamed_3,7914.0,cashflow
700.0,unnamed_3,7102.0,cashflow
701.0,unnamed_3,7344.0,cashflow
702.0,unnamed_3,9843.0,cashflow
703.0,unnamed_3,9799.0,cashflow
704.0,unnamed_3,10627.0,cashflow
705.0,unnamed_3,13169.0,cashflow
706.0,unnamed_3,12583.0,cashflow
707.0,unnamed_3,14690.0,cashflow
708.0,unnamed_3,12527.0,cashflow
709.0,unnamed_3,15776.0,cashflow
710.0,unnamed_3,18878.0,cashflow
711.0,unnamed_3,17179.0,cashflow
712.0,unnamed_3,3522.0,cashflow
713.0,unnamed_3,4580.0,cashflow
714.0,unnamed_3,1182.0,cashflow
715.0,unnamed_3,4333.0,cashflow
716.0,unnamed_3,6850.0,cashflow
717.0,unnamed_3,7724.0,cashflow
718.0,unnamed_3,9027.0,cashflow
719.0,unnamed_3,8814.0,cashflow
720.0,unnamed_3,11961.0,cashflow
721.0,unnamed_3,16048.0,cashflow
722.0,unnamed_3,7347.0,cashflow
723.0,unnamed_3,6008.0,cashflow
724.0,unnamed_3,2055.0,cashflow
725.0,unnamed_3,-678.0,cashflow
726.0,unnamed_3,1725.0,cashflow
727.0,unnamed_3,2269.0,cashflow
728.0,unnamed_3,3394.0,cashflow
729.0,unnamed_3,3538.0,cashflow
730.0,unnamed_3,3853.0,cashflow
731.0,unnamed_3,3934.0,cashflow
732.0,unnamed_3,2491.0,cashflow
733.0,unnamed_3,2082.0,cashflow
734.0,unnamed_3,3700.0,cashflow
735.0,unnamed_3,2952.0,cashflow
736.0,unnamed_3,2084.0,cashflow
737.0,unnamed_3,6234.0,cashflow
738.0,unnamed_3,5844.0,cashflow
739.0,unnamed_3,2594.0,cashflow
740.0,unnamed_3,7876.0,cashflow
741.0,unnamed_3,6897.0,cashflow
742.0,unnamed_3,7888.0,cashflow
743.0,unnamed_3,12379.0,cashflow
744.0,unnamed_3,14633.0,cashflow
745.0,unnamed_3,12785.0,cashflow
746.0,unnamed_3,18789.0,cashflow
747.0,unnamed_3,26270.0,cashflow
748.0,unnamed_3,23323.0,cashflow
749.0,unnamed_3,12078.0,cashflow
750.0,unnamed_3,2878.0,cashflow
751.0,unnamed_3,9068.0,cashflow
752.0,unnamed_3,2302.0,cashflow
753.0,unnamed_3,5025.0,cashflow
754.0,unnamed_3,13222.0,cashflow
755.0,unnamed_3,-10392.0,cashflow
756.0,unnamed_3,1822.0,cashflow
757.0,unnamed_3,46619.0,cashflow
758.0,unnamed_3,4881.0,cashflow
759.0,unnamed_3,8308.0,cashflow
760.0,unnamed_3,-1242.0,cashflow
761.0,unnamed_3,15685.0,cashflow
762.0,unnamed_3,13274.0,cashflow
763.0,unnamed_3,54367.0,cashflow
764.0,unnamed_3,80602.0,cashflow
765.0,unnamed_3,-3783.0,cashflow
766.0,unnamed_3,54519.0,cashflow
767.0,unnamed_3,26122.0,cashflow
777.0,unnamed_3,387.0,cashflow
778.0,unnamed_3,1469.0,cashflow
779.0,unnamed_3,696.0,cashflow
780.0,unnamed_3,-463.0,cashflow
781.0,unnamed_3,3772.0,cashflow
782.0,unnamed_3,2524.0,cashflow
783.0,unnamed_3,1998.0,cashflow
784.0,unnamed_3,2750.0,cashflow
785.0,unnamed_3,2512.0,cashflow
786.0,unnamed_3,-4355.0,cashflow
787.0,unnamed_3,-7143.0,cashflow
788.0,unnamed_3,-1365.0,cashflow
789.0,unnamed_3,-3240.0,cashflow
790.0,unnamed_3,6655.0,cashflow
791.0,unnamed_3,-10031.0,cashflow
792.0,unnamed_3,-4756.0,cashflow
793.0,unnamed_3,6694.0,cashflow
794.0,unnamed_3,23074.0,cashflow
795.0,unnamed_3,19164.0,cashflow
796.0,unnamed_3,22777.0,cashflow
797.0,unnamed_3,18266.0,cashflow
798.0,unnamed_3,608.0,cashflow
799.0,unnamed_3,628.0,cashflow
800.0,unnamed_3,642.0,cashflow
801.0,unnamed_3,858.0,cashflow
802.0,unnamed_3,1170.0,cashflow
803.0,unnamed_3,844.0,cashflow
804.0,unnamed_3,1395.0,cashflow
805.0,unnamed_3,1644.0,cashflow
806.0,unnamed_3,2400.0,cashflow
807.0,unnamed_3,3251.0,cashflow
808.0,unnamed_3,3095.0,cashflow
809.0,unnamed_3,5670.0,cashflow
810.0,unnamed_3,-922.0,cashflow
811.0,unnamed_3,-244.0,cashflow
812.0,unnamed_3,1055.0,cashflow
813.0,unnamed_3,2385.0,cashflow
814.0,unnamed_3,183.0,cashflow
815.0,unnamed_3,682.0,cashflow
816.0,unnamed_3,-4347.0,cashflow
817.0,unnamed_3,-1457.0,cashflow
818.0,unnamed_3,17909.0,cashflow
819.0,unnamed_3,9248.0,cashflow
820.0,unnamed_3,-7074.0,cashflow
821.0,unnamed_3,-5630.0,cashflow
822.0,unnamed_3,4059.0,cashflow
823.0,unnamed_3,4995.0,cashflow
824.0,unnamed_3,6449.0,cashflow
825.0,unnamed_3,8482.0,cashflow
826.0,unnamed_3,10282.0,cashflow
827.0,unnamed_3,11788.0,cashflow
828.0,unnamed_3,6601.0,cashflow
829.0,unnamed_3,3496.0,cashflow
830.0,unnamed_3,8856.0,cashflow
831.0,unnamed_3,1840.0,cashflow
832.0,unnamed_3,10815.0,cashflow
833.0,unnamed_3,16801.0,cashflow
834.0,unnamed_3,1486.0,cashflow
835.0,unnamed_3,2695.0,cashflow
836.0,unnamed_3,3390.0,cashflow
837.0,unnamed_3,2188.0,cashflow
838.0,unnamed_3,3800.0,cashflow
839.0,unnamed_3,3264.0,cashflow
840.0,unnamed_3,4312.0,cashflow
841.0,unnamed_3,6352.0,cashflow
842.0,unnamed_3,5051.0,cashflow
843.0,unnamed_3,2463.0,cashflow
844.0,unnamed_3,4643.0,cashflow
845.0,unnamed_3,7569.0,cashflow
846.0,unnamed_3,75.0,cashflow
847.0,unnamed_3,81.0,cashflow
848.0,unnamed_3,51.0,cashflow
849.0,unnamed_3,78.0,cashflow
850.0,unnamed_3,213.0,cashflow
851.0,unnamed_3,253.0,cashflow
852.0,unnamed_3,276.0,cashflow
853.0,unnamed_3,350.0,cashflow
854.0,unnamed_3,276.0,cashflow
855.0,unnamed_3,707.0,cashflow
856.0,unnamed_3,512.0,cashflow
857.0,unnamed_3,702.0,cashflow
858.0,unnamed_3,1796.0,cashflow
859.0,unnamed_3,1644.0,cashflow
860.0,unnamed_3,1098.0,cashflow
861.0,unnamed_3,1466.0,cashflow
862.0,unnamed_3,1818.0,cashflow
863.0,unnamed_3,2052.0,cashflow
864.0,unnamed_3,2295.0,cashflow
865.0,unnamed_3,2454.0,cashflow
866.0,unnamed_3,2236.0,cashflow
867.0,unnamed_3,2737.0,cashflow
868.0,unnamed_3,3392.0,cashflow
869.0,unnamed_3,4175.0,cashflow
870.0,unnamed_3,2846.0,cashflow
871.0,unnamed_3,3824.0,cashflow
872.0,unnamed_3,4061.0,cashflow
873.0,unnamed_3,5971.0,cashflow
874.0,unnamed_3,8329.0,cashflow
875.0,unnamed_3,4696.0,cashflow
876.0,unnamed_3,3824.0,cashflow
877.0,unnamed_3,2993.0,cashflow
878.0,unnamed_3,5070.0,cashflow
879.0,unnamed_3,4590.0,cashflow
880.0,unnamed_3,4705.0,cashflow
881.0,unnamed_3,6938.0,cashflow
882.0,unnamed_3,16508.0,cashflow
883.0,unnamed_3,16531.0,cashflow
884.0,unnamed_3,14889.0,cashflow
885.0,unnamed_3,24125.0,cashflow
886.0,unnamed_3,20167.0,cashflow
887.0,unnamed_3,19670.0,cashflow
888.0,unnamed_3,18686.0,cashflow
889.0,unnamed_3,23890.0,cashflow
890.0,unnamed_3,32444.0,cashflow
891.0,unnamed_3,41788.0,cashflow
892.0,unnamed_3,47152.0,cashflow
893.0,unnamed_3,40785.0,cashflow
894.0,unnamed_3,39874.0,cashflow
895.0,unnamed_3,53270.0,cashflow
896.0,unnamed_3,33950.0,cashflow
897.0,unnamed_3,46292.0,cashflow
898.0,unnamed_3,45780.0,cashflow
899.0,unnamed_3,56792.0,cashflow
900.0,unnamed_3,61458.0,cashflow
901.0,unnamed_3,70593.0,cashflow
902.0,unnamed_3,47185.0,cashflow
903.0,unnamed_3,78248.0,cashflow
904.0,unnamed_3,86062.0,cashflow
905.0,unnamed_3,99263.0,cashflow
906.0,unnamed_3,-25102.0,cashflow
907.0,unnamed_3,-22473.0,cashflow
908.0,unnamed_3,-21455.0,cashflow
909.0,unnamed_3,-13298.0,cashflow
910.0,unnamed_3,1795.0,cashflow
911.0,unnamed_3,-57148.0,cashflow
912.0,unnamed_3,-80252.0,cashflow
913.0,unnamed_3,-42148.0,cashflow
914.0,unnamed_3,-59143.0,cashflow
915.0,unnamed_3,4904.0,cashflow
916.0,unnamed_3,-74717.0,cashflow
917.0,unnamed_3,-97820.0,cashflow
918.0,unnamed_3,472.0,cashflow
919.0,unnamed_3,394.0,cashflow
920.0,unnamed_3,552.0,cashflow
921.0,unnamed_3,907.0,cashflow
922.0,unnamed_3,794.0,cashflow
923.0,unnamed_3,796.0,cashflow
924.0,unnamed_3,845.0,cashflow
925.0,unnamed_3,1280.0,cashflow
926.0,unnamed_3,1392.0,cashflow
927.0,unnamed_3,955.0,cashflow
928.0,unnamed_3,1558.0,cashflow
929.0,unnamed_3,2724.0,cashflow
930.0,unnamed_3,-692.0,cashflow
931.0,unnamed_3,16906.0,cashflow
932.0,unnamed_3,4814.0,cashflow
933.0,unnamed_3,14167.0,cashflow
934.0,unnamed_3,21938.0,cashflow
935.0,unnamed_3,-1742.0,cashflow
936.0,unnamed_3,-33532.0,cashflow
937.0,unnamed_3,-12793.0,cashflow
938.0,unnamed_3,30950.0,cashflow
939.0,unnamed_3,20032.0,cashflow
940.0,unnamed_3,22592.0,cashflow
941.0,unnamed_3,-27939.0,cashflow
942.0,unnamed_3,11690.0,cashflow
943.0,unnamed_3,15223.0,cashflow
944.0,unnamed_3,15800.0,cashflow
945.0,unnamed_3,15008.0,cashflow
946.0,unnamed_3,21575.0,cashflow
947.0,unnamed_3,22710.0,cashflow
948.0,unnamed_3,23271.0,cashflow
949.0,unnamed_3,30739.0,cashflow
950.0,unnamed_3,29403.0,cashflow
951.0,unnamed_3,26124.0,cashflow
952.0,unnamed_3,40203.0,cashflow
953.0,unnamed_3,37290.0,cashflow
954.0,unnamed_3,-20059.0,cashflow
955.0,unnamed_3,-17244.0,cashflow
956.0,unnamed_3,-23898.0,cashflow
957.0,unnamed_3,-13278.0,cashflow
958.0,unnamed_3,6805.0,cashflow
959.0,unnamed_3,-32510.0,cashflow
960.0,unnamed_3,-35866.0,cashflow
961.0,unnamed_3,-32712.0,cashflow
962.0,unnamed_3,-43512.0,cashflow
963.0,unnamed_3,-819.0,cashflow
964.0,unnamed_3,-37360.0,cashflow
965.0,unnamed_3,-57723.0,cashflow
966.0,unnamed_3,36918.0,cashflow
967.0,unnamed_3,43261.0,cashflow
968.0,unnamed_3,34374.0,cashflow
969.0,unnamed_3,38134.0,cashflow
970.0,unnamed_3,49550.0,cashflow
971.0,unnamed_3,71459.0,cashflow
972.0,unnamed_3,42346.0,cashflow
973.0,unnamed_3,94877.0,cashflow
974.0,unnamed_3,26958.0,cashflow
975.0,unnamed_3,110654.0,cashflow
976.0,unnamed_3,115032.0,cashflow
977.0,unnamed_3,158788.0,cashflow
978.0,unnamed_3,1130.0,cashflow
979.0,unnamed_3,166.0,cashflow
980.0,unnamed_3,2711.0,cashflow
981.0,unnamed_3,5778.0,cashflow
982.0,unnamed_3,8525.0,cashflow
983.0,unnamed_3,10395.0,cashflow
984.0,unnamed_3,13473.0,cashflow
985.0,unnamed_3,19299.0,cashflow
986.0,unnamed_3,23878.0,cashflow
987.0,unnamed_3,21852.0,cashflow
988.0,unnamed_3,28656.0,cashflow
989.0,unnamed_3,29122.0,cashflow
990.0,unnamed_3,24332.0,cashflow
991.0,unnamed_3,19142.0,cashflow
992.0,unnamed_3,26297.0,cashflow
993.0,unnamed_3,14477.0,cashflow
994.0,unnamed_3,77406.0,cashflow
995.0,unnamed_3,-96508.0,cashflow
996.0,unnamed_3,29556.0,cashflow
997.0,unnamed_3,23929.0,cashflow
998.0,unnamed_3,89919.0,cashflow
999.0,unnamed_3,57695.0,cashflow
1000.0,unnamed_3,-86014.0,cashflow
1001.0,unnamed_3,21632.0,cashflow
1002.0,unnamed_3,1260.0,cashflow
1003.0,unnamed_3,1401.0,cashflow
1004.0,unnamed_3,1239.0,cashflow
1005.0,unnamed_3,1566.0,cashflow
1006.0,unnamed_3,2202.0,cashflow
1007.0,unnamed_3,1879.0,cashflow
1008.0,unnamed_3,2080.0,cashflow
1009.0,unnamed_3,3973.0,cashflow
1010.0,unnamed_3,4254.0,cashflow
1011.0,unnamed_3,2668.0,cashflow
1012.0,unnamed_3,2569.0,cashflow
1013.0,unnamed_3,3347.0,cashflow
1014.0,unnamed_3,-8359.0,cashflow
1015.0,unnamed_3,-4055.0,cashflow
1016.0,unnamed_3,-9611.0,cashflow
1017.0,unnamed_3,-5507.0,cashflow
1018.0,unnamed_3,-2677.0,cashflow
1019.0,unnamed_3,-13142.0,cashflow
1020.0,unnamed_3,-5535.0,cashflow
1021.0,unnamed_3,-2464.0,cashflow
1022.0,unnamed_3,-4239.0,cashflow
1023.0,unnamed_3,-8859.0,cashflow
1024.0,unnamed_3,-17625.0,cashflow
1025.0,unnamed_3,-31101.0,cashflow
1026.0,unnamed_3,3.0,cashflow
1027.0,unnamed_3,608.0,cashflow
1028.0,unnamed_3,574.0,cashflow
1029.0,unnamed_3,513.0,cashflow
1030.0,unnamed_3,573.0,cashflow
1031.0,unnamed_3,100.0,cashflow
1032.0,unnamed_3,1273.0,cashflow
1033.0,unnamed_3,720.0,cashflow
1034.0,unnamed_3,1422.0,cashflow
1035.0,unnamed_3,978.0,cashflow
1036.0,unnamed_3,1400.0,cashflow
1037.0,unnamed_3,1670.0,cashflow
1038.0,unnamed_3,3357.0,cashflow
1039.0,unnamed_3,3959.0,cashflow
1040.0,unnamed_3,5616.0,cashflow
1041.0,unnamed_3,6686.0,cashflow
1042.0,unnamed_3,7082.0,cashflow
1043.0,unnamed_3,3907.0,cashflow
1044.0,unnamed_3,2196.0,cashflow
1045.0,unnamed_3,6555.0,cashflow
1046.0,unnamed_3,6170.0,cashflow
1047.0,unnamed_3,8985.0,cashflow
1048.0,unnamed_3,4959.0,cashflow
1049.0,unnamed_3,12135.0,cashflow
1050.0,unnamed_3,173.0,cashflow
1051.0,unnamed_3,422.0,cashflow
1052.0,unnamed_3,418.0,cashflow
1053.0,unnamed_3,116.0,cashflow
1054.0,unnamed_3,741.0,cashflow
1055.0,unnamed_3,356.0,cashflow
1056.0,unnamed_3,210.0,cashflow
1057.0,unnamed_3,1082.0,cashflow
1058.0,unnamed_3,1656.0,cashflow
1059.0,unnamed_3,1516.0,cashflow
1060.0,unnamed_3,1461.0,cashflow
1061.0,unnamed_3,1937.0,cashflow
1062.0,unnamed_3,22163.0,cashflow
1063.0,unnamed_3,36151.0,cashflow
1064.0,unnamed_3,35531.0,cashflow
1065.0,unnamed_3,37900.0,cashflow
1066.0,unnamed_3,30199.0,cashflow
1067.0,unnamed_3,23857.0,cashflow
1068.0,unnamed_3,18891.0,cashflow
1069.0,unnamed_3,26633.0,cashflow
1070.0,unnamed_3,29001.0,cashflow
1071.0,unnamed_3,14283.0,cashflow
1072.0,unnamed_3,35388.0,cashflow
1073.0,unnamed_3,67915.0,cashflow
1074.0,unnamed_3,3286.0,cashflow
1075.0,unnamed_3,6483.0,cashflow
1076.0,unnamed_3,5981.0,cashflow
1077.0,unnamed_3,7415.0,cashflow
1078.0,unnamed_3,7014.0,cashflow
1079.0,unnamed_3,6364.0,cashflow
1080.0,unnamed_3,4574.0,cashflow
1081.0,unnamed_3,7375.0,cashflow
1082.0,unnamed_3,8345.0,cashflow
1083.0,unnamed_3,6693.0,cashflow
1084.0,unnamed_3,7166.0,cashflow
1085.0,unnamed_3,12596.0,cashflow
1086.0,unnamed_3,14035.0,cashflow
1087.0,unnamed_3,13146.0,cashflow
1088.0,unnamed_3,11880.0,cashflow
1089.0,unnamed_3,11455.0,cashflow
1090.0,unnamed_3,10824.0,cashflow
1091.0,unnamed_3,8023.0,cashflow
1092.0,unnamed_3,25336.0,cashflow
1093.0,unnamed_3,20169.0,cashflow
1094.0,unnamed_3,44327.0,cashflow
1095.0,unnamed_3,44381.0,cashflow
1096.0,unnamed_3,21683.0,cashflow
1097.0,unnamed_3,20301.0,cashflow
1098.0,unnamed_3,11615.0,cashflow
1099.0,unnamed_3,14751.0,cashflow
1100.0,unnamed_3,19369.0,cashflow
1101.0,unnamed_3,19109.0,cashflow
1102.0,unnamed_3,25223.0,cashflow
1103.0,unnamed_3,25067.0,cashflow
1104.0,unnamed_3,28593.0,cashflow
1105.0,unnamed_3,32369.0,cashflow
1106.0,unnamed_3,38802.0,cashflow
1107.0,unnamed_3,39949.0,cashflow
1108.0,unnamed_3,41965.0,cashflow
1109.0,unnamed_3,44338.0,cashflow
1110.0,unnamed_3,855.0,cashflow
1111.0,unnamed_3,1596.0,cashflow
1112.0,unnamed_3,2448.0,cashflow
1113.0,unnamed_3,3137.0,cashflow
1114.0,unnamed_3,4071.0,cashflow
1115.0,unnamed_3,3554.0,cashflow
1116.0,unnamed_3,4432.0,cashflow
1117.0,unnamed_3,4358.0,cashflow
1118.0,unnamed_3,8094.0,cashflow
1119.0,unnamed_3,5285.0,cashflow
1120.0,unnamed_3,5572.0,cashflow
1121.0,unnamed_3,6376.0,cashflow
1122.0,unnamed_3,553.0,cashflow
1123.0,unnamed_3,-555.0,cashflow
1124.0,unnamed_3,503.0,cashflow
1125.0,unnamed_3,576.0,cashflow
1126.0,unnamed_3,1712.0,cashflow
1127.0,unnamed_3,-51.0,cashflow
1128.0,unnamed_3,1243.0,cashflow
1129.0,unnamed_3,-348.0,cashflow
1130.0,unnamed_3,4139.0,cashflow
1131.0,unnamed_3,-724.0,cashflow
1132.0,unnamed_3,1370.0,cashflow
1133.0,unnamed_3,1695.0,cashflow
1134.0,unnamed_3,153.0,cashflow
1135.0,unnamed_3,599.0,cashflow
1136.0,unnamed_3,810.0,cashflow
1137.0,unnamed_3,2742.0,cashflow
1138.0,unnamed_3,1009.0,cashflow
1139.0,unnamed_3,894.0,cashflow
1140.0,unnamed_3,1798.0,cashflow
1141.0,unnamed_3,1393.0,cashflow
1142.0,unnamed_3,2005.0,cashflow
1143.0,unnamed_3,1803.0,cashflow
1144.0,unnamed_3,2368.0,cashflow
1145.0,unnamed_3,3266.0,cashflow
1146.0,unnamed_3,31.0,cashflow
1147.0,unnamed_3,-46.0,cashflow
1148.0,unnamed_3,-10.0,cashflow
1149.0,unnamed_3,109.0,cashflow
1150.0,unnamed_3,102.0,cashflow
1151.0,unnamed_3,77.0,cashflow
1152.0,unnamed_3,21.0,cashflow
1153.0,unnamed_3,361.0,cashflow
1154.0,unnamed_3,285.0,cashflow
1155.0,unnamed_3,58.0,cashflow
1156.0,unnamed_3,595.0,cashflow
1157.0,unnamed_3,1349.0,cashflow
1158.0,unnamed_3,464.0,cashflow
1159.0,unnamed_3,470.0,cashflow
1160.0,unnamed_3,83.0,cashflow
1161.0,unnamed_3,936.0,cashflow
1162.0,unnamed_3,689.0,cashflow
1163.0,unnamed_3,354.0,cashflow
1164.0,unnamed_3,-918.0,cashflow
1165.0,unnamed_3,373.0,cashflow
1166.0,unnamed_3,1151.0,cashflow
1167.0,unnamed_3,-1575.0,cashflow
1168.0,unnamed_3,-4405.0,cashflow
1169.0,unnamed_3,-1253.0,cashflow
1170.0,unnamed_3,3618.0,cashflow
1171.0,unnamed_3,3455.0,cashflow
1172.0,unnamed_3,4190.0,cashflow
1173.0,unnamed_3,4526.0,cashflow
1174.0,unnamed_3,5005.0,cashflow
1175.0,unnamed_3,3888.0,cashflow
1176.0,unnamed_3,5956.0,cashflow
1177.0,unnamed_3,8972.0,cashflow
1178.0,unnamed_3,12500.0,cashflow
1179.0,unnamed_3,9283.0,cashflow
1180.0,unnamed_3,9069.0,cashflow
1181.0,unnamed_3,10898.0,cashflow
1182.0,unnamed_3,-4245.0,cashflow
1183.0,unnamed_3,2570.0,cashflow
1184.0,unnamed_3,-3567.0,cashflow
1185.0,unnamed_3,81.0,cashflow
1186.0,unnamed_3,-6624.0,cashflow
1187.0,unnamed_3,6097.0,cashflow
1188.0,unnamed_3,-7778.0,cashflow
1189.0,unnamed_3,-77.0,cashflow
1190.0,unnamed_3,20527.0,cashflow
1191.0,unnamed_3,36339.0,cashflow
1192.0,unnamed_3,6056.0,cashflow
1193.0,unnamed_3,19930.0,cashflow
1194.0,unnamed_3,1969.0,cashflow
1195.0,unnamed_3,-552.0,cashflow
1196.0,unnamed_3,-196.0,cashflow
1197.0,unnamed_3,283.0,cashflow
1198.0,unnamed_3,647.0,cashflow
1199.0,unnamed_3,925.0,cashflow
1200.0,unnamed_3,948.0,cashflow
1201.0,unnamed_3,783.0,cashflow
1202.0,unnamed_3,1818.0,cashflow
1203.0,unnamed_3,977.0,cashflow
1204.0,unnamed_3,615.0,cashflow
1205.0,unnamed_3,1118.0,cashflow
1206.0,unnamed_3,280.0,cashflow
1207.0,unnamed_3,297.0,cashflow
1208.0,unnamed_3,431.0,cashflow
1209.0,unnamed_3,555.0,cashflow
1210.0,unnamed_3,826.0,cashflow
1211.0,unnamed_3,620.0,cashflow
1212.0,unnamed_3,1000.0,cashflow
1213.0,unnamed_3,1308.0,cashflow
1214.0,unnamed_3,1012.0,cashflow
1215.0,unnamed_3,1231.0,cashflow
1216.0,unnamed_3,1790.0,cashflow
1217.0,unnamed_3,2391.0,cashflow
1218.0,unnamed_3,22.0,cashflow
1219.0,unnamed_3,15601.0,cashflow
1220.0,unnamed_3,17805.0,cashflow
1221.0,unnamed_3,20377.0,cashflow
1222.0,unnamed_3,18083.0,cashflow
1223.0,unnamed_3,17366.0,cashflow
1224.0,unnamed_3,23754.0,cashflow
1225.0,unnamed_3,19300.0,cashflow
1226.0,unnamed_3,23980.0,cashflow
1227.0,unnamed_3,34963.0,cashflow
1228.0,unnamed_3,33065.0,cashflow
1229.0,unnamed_3,35654.0,cashflow
1230.0,unnamed_3,6394.0,cashflow
1231.0,unnamed_3,6790.0,cashflow
1232.0,unnamed_3,7840.0,cashflow
1233.0,unnamed_3,7887.0,cashflow
1234.0,unnamed_3,9277.0,cashflow
1235.0,unnamed_3,8423.0,cashflow
1236.0,unnamed_3,11632.0,cashflow
1237.0,unnamed_3,10064.0,cashflow
1238.0,unnamed_3,14755.0,cashflow
1239.0,unnamed_3,11080.0,cashflow
1240.0,unnamed_3,13060.0,cashflow
1241.0,unnamed_3,17622.0,cashflow
1242.0,unnamed_3,-2144.0,cashflow
1243.0,unnamed_3,-1018.0,cashflow
1244.0,unnamed_3,-693.0,cashflow
1245.0,unnamed_3,-844.0,cashflow
1246.0,unnamed_3,646.0,cashflow
1247.0,unnamed_3,603.0,cashflow
1248.0,unnamed_3,903.0,cashflow
1249.0,unnamed_3,994.0,cashflow
1250.0,unnamed_3,1894.0,cashflow
1251.0,unnamed_3,1312.0,cashflow
1252.0,unnamed_3,919.0,cashflow
1253.0,unnamed_3,1282.0,cashflow
1254.0,unnamed_3,2932.0,cashflow
1255.0,unnamed_3,3294.0,cashflow
1256.0,unnamed_3,2104.0,cashflow
1257.0,unnamed_3,2689.0,cashflow
1258.0,unnamed_3,3228.0,cashflow
,unnamed_4,,cashflow
37.0,unnamed_4,-6038.0,cashflow
38.0,unnamed_4,-9452.0,cashflow
39.0,unnamed_4,-1807.0,cashflow
40.0,unnamed_4,-5010.0,cashflow
41.0,unnamed_4,-16895.0,cashflow
42.0,unnamed_4,3104.0,cashflow
43.0,unnamed_4,1645.0,cashflow
44.0,unnamed_4,8968.0,cashflow
45.0,unnamed_4,-7956.0,cashflow
46.0,unnamed_4,-738.0,cashflow
47.0,unnamed_4,548.0,cashflow
48.0,unnamed_4,6091.0,cashflow
61.0,unnamed_4,-59.0,cashflow
62.0,unnamed_4,-144.0,cashflow
63.0,unnamed_4,-187.0,cashflow
64.0,unnamed_4,-77.0,cashflow
65.0,unnamed_4,-155.0,cashflow
66.0,unnamed_4,-215.0,cashflow
67.0,unnamed_4,-257.0,cashflow
68.0,unnamed_4,-401.0,cashflow
69.0,unnamed_4,-72.0,cashflow
70.0,unnamed_4,-396.0,cashflow
71.0,unnamed_4,-148.0,cashflow
72.0,unnamed_4,-416.0,cashflow
73.0,unnamed_4,0.0,cashflow
74.0,unnamed_4,-1864.0,cashflow
75.0,unnamed_4,-816.0,cashflow
76.0,unnamed_4,-1730.0,cashflow
77.0,unnamed_4,-3192.0,cashflow
78.0,unnamed_4,-3050.0,cashflow
79.0,unnamed_4,-5643.0,cashflow
80.0,unnamed_4,-4009.0,cashflow
81.0,unnamed_4,-3936.0,cashflow
82.0,unnamed_4,-4699.0,cashflow
83.0,unnamed_4,-4943.0,cashflow
84.0,unnamed_4,0.0,cashflow
85.0,unnamed_4,-1864.0,cashflow
86.0,unnamed_4,-816.0,cashflow
87.0,unnamed_4,-1730.0,cashflow
88.0,unnamed_4,-3192.0,cashflow
89.0,unnamed_4,-3050.0,cashflow
90.0,unnamed_4,-5643.0,cashflow
91.0,unnamed_4,-4009.0,cashflow
92.0,unnamed_4,-3936.0,cashflow
93.0,unnamed_4,-4699.0,cashflow
94.0,unnamed_4,-4943.0,cashflow
95.0,unnamed_4,-14790.0,cashflow
96.0,unnamed_4,-8007.0,cashflow
97.0,unnamed_4,-11465.0,cashflow
98.0,unnamed_4,-1825.0,cashflow
99.0,unnamed_4,-1460.0,cashflow
100.0,unnamed_4,-7649.0,cashflow
101.0,unnamed_4,2487.0,cashflow
102.0,unnamed_4,-1082.0,cashflow
103.0,unnamed_4,-8611.0,cashflow
104.0,unnamed_4,-17041.0,cashflow
105.0,unnamed_4,-15459.0,cashflow
106.0,unnamed_4,-18767.0,cashflow
107.0,unnamed_4,-1511.0,cashflow
108.0,unnamed_4,-4428.0,cashflow
109.0,unnamed_4,-2666.0,cashflow
110.0,unnamed_4,-3743.0,cashflow
111.0,unnamed_4,-9137.0,cashflow
112.0,unnamed_4,-18730.0,cashflow
113.0,unnamed_4,-3857.0,cashflow
114.0,unnamed_4,-21060.0,cashflow
115.0,unnamed_4,-5136.0,cashflow
116.0,unnamed_4,-2510.0,cashflow
117.0,unnamed_4,-2485.0,cashflow
118.0,unnamed_4,-4153.0,cashflow
119.0,unnamed_4,-2629.0,cashflow
120.0,unnamed_4,-3846.0,cashflow
121.0,unnamed_4,-4368.0,cashflow
122.0,unnamed_4,-749.0,cashflow
123.0,unnamed_4,-14064.0,cashflow
124.0,unnamed_4,-5493.0,cashflow
125.0,unnamed_4,-16716.0,cashflow
126.0,unnamed_4,-6768.0,cashflow
127.0,unnamed_4,-4064.0,cashflow
128.0,unnamed_4,-4700.0,cashflow
129.0,unnamed_4,-4737.0,cashflow
130.0,unnamed_4,-2692.0,cashflow
131.0,unnamed_4,-1212.0,cashflow
132.0,unnamed_4,-520.0,cashflow
133.0,unnamed_4,-984.0,cashflow
134.0,unnamed_4,-2304.0,cashflow
135.0,unnamed_4,-2188.0,cashflow
136.0,unnamed_4,774.0,cashflow
137.0,unnamed_4,1545.0,cashflow
138.0,unnamed_4,3481.0,cashflow
139.0,unnamed_4,-388.0,cashflow
140.0,unnamed_4,-496.0,cashflow
141.0,unnamed_4,-456.0,cashflow
142.0,unnamed_4,-83.0,cashflow
143.0,unnamed_4,-4165.0,cashflow
144.0,unnamed_4,-738.0,cashflow
145.0,unnamed_4,-765.0,cashflow
146.0,unnamed_4,-1191.0,cashflow
147.0,unnamed_4,-1317.0,cashflow
148.0,unnamed_4,-2007.0,cashflow
149.0,unnamed_4,-14481.0,cashflow
150.0,unnamed_4,-8941.0,cashflow
151.0,unnamed_4,-733.0,cashflow
152.0,unnamed_4,-356.0,cashflow
153.0,unnamed_4,-759.0,cashflow
154.0,unnamed_4,-888.0,cashflow
155.0,unnamed_4,-1152.0,cashflow
156.0,unnamed_4,-405.0,cashflow
157.0,unnamed_4,-711.0,cashflow
158.0,unnamed_4,-289.0,cashflow
159.0,unnamed_4,-880.0,cashflow
160.0,unnamed_4,-747.0,cashflow
161.0,unnamed_4,-857.0,cashflow
162.0,unnamed_4,-1537.0,cashflow
163.0,unnamed_4,-463.0,cashflow
164.0,unnamed_4,-586.0,cashflow
165.0,unnamed_4,-465.0,cashflow
166.0,unnamed_4,-866.0,cashflow
167.0,unnamed_4,-681.0,cashflow
168.0,unnamed_4,-1556.0,cashflow
169.0,unnamed_4,-918.0,cashflow
170.0,unnamed_4,-518.0,cashflow
171.0,unnamed_4,-541.0,cashflow
172.0,unnamed_4,-317.0,cashflow
173.0,unnamed_4,-1282.0,cashflow
174.0,unnamed_4,-2548.0,cashflow
189.0,unnamed_4,-988.0,cashflow
190.0,unnamed_4,791.0,cashflow
191.0,unnamed_4,-461.0,cashflow
192.0,unnamed_4,-770.0,cashflow
193.0,unnamed_4,-1133.0,cashflow
194.0,unnamed_4,-1167.0,cashflow
195.0,unnamed_4,-752.0,cashflow
196.0,unnamed_4,-10939.0,cashflow
197.0,unnamed_4,-14166.0,cashflow
198.0,unnamed_4,-7972.0,cashflow
199.0,unnamed_4,9211.0,cashflow
200.0,unnamed_4,-12458.0,cashflow
201.0,unnamed_4,-10007.0,cashflow
202.0,unnamed_4,-18674.0,cashflow
203.0,unnamed_4,-9485.0,cashflow
204.0,unnamed_4,-54288.0,cashflow
205.0,unnamed_4,-27112.0,cashflow
206.0,unnamed_4,-32351.0,cashflow
207.0,unnamed_4,-9001.0,cashflow
208.0,unnamed_4,-1394.0,cashflow
209.0,unnamed_4,-2072.0,cashflow
210.0,unnamed_4,-380.0,cashflow
211.0,unnamed_4,-68.0,cashflow
212.0,unnamed_4,-3610.0,cashflow
213.0,unnamed_4,-1954.0,cashflow
214.0,unnamed_4,-273.0,cashflow
215.0,unnamed_4,1766.0,cashflow
216.0,unnamed_4,-2869.0,cashflow
217.0,unnamed_4,276.0,cashflow
218.0,unnamed_4,1211.0,cashflow
219.0,unnamed_4,-72.0,cashflow
220.0,unnamed_4,-1394.0,cashflow
221.0,unnamed_4,-2072.0,cashflow
222.0,unnamed_4,-380.0,cashflow
223.0,unnamed_4,-68.0,cashflow
224.0,unnamed_4,-3610.0,cashflow
225.0,unnamed_4,-1954.0,cashflow
226.0,unnamed_4,-273.0,cashflow
227.0,unnamed_4,1766.0,cashflow
228.0,unnamed_4,-2869.0,cashflow
229.0,unnamed_4,276.0,cashflow
230.0,unnamed_4,1211.0,cashflow
231.0,unnamed_4,-72.0,cashflow
232.0,unnamed_4,2953.0,cashflow
233.0,unnamed_4,3764.0,cashflow
234.0,unnamed_4,3709.0,cashflow
235.0,unnamed_4,-886.0,cashflow
236.0,unnamed_4,151.0,cashflow
237.0,unnamed_4,-922.0,cashflow
238.0,unnamed_4,-6903.0,cashflow
239.0,unnamed_4,-9948.0,cashflow
240.0,unnamed_4,-3684.0,cashflow
241.0,unnamed_4,1445.0,cashflow
242.0,unnamed_4,-13945.0,cashflow
243.0,unnamed_4,-10960.0,cashflow
244.0,unnamed_4,-369.0,cashflow
245.0,unnamed_4,-519.0,cashflow
246.0,unnamed_4,-464.0,cashflow
247.0,unnamed_4,1019.0,cashflow
248.0,unnamed_4,-372.0,cashflow
249.0,unnamed_4,-1123.0,cashflow
250.0,unnamed_4,-163.0,cashflow
251.0,unnamed_4,-800.0,cashflow
252.0,unnamed_4,-308.0,cashflow
253.0,unnamed_4,-151.0,cashflow
254.0,unnamed_4,-137.0,cashflow
255.0,unnamed_4,-472.0,cashflow
256.0,unnamed_4,-360.0,cashflow
257.0,unnamed_4,-687.0,cashflow
258.0,unnamed_4,-3047.0,cashflow
259.0,unnamed_4,1075.0,cashflow
260.0,unnamed_4,-5379.0,cashflow
261.0,unnamed_4,-8758.0,cashflow
262.0,unnamed_4,-429.0,cashflow
263.0,unnamed_4,6347.0,cashflow
264.0,unnamed_4,-10394.0,cashflow
265.0,unnamed_4,-7171.0,cashflow
266.0,unnamed_4,-514.0,cashflow
267.0,unnamed_4,-730.0,cashflow
268.0,unnamed_4,-556.0,cashflow
269.0,unnamed_4,-4005.0,cashflow
270.0,unnamed_4,-551.0,cashflow
271.0,unnamed_4,-414.0,cashflow
272.0,unnamed_4,-2537.0,cashflow
273.0,unnamed_4,-139.0,cashflow
274.0,unnamed_4,-471.0,cashflow
275.0,unnamed_4,-3645.0,cashflow
276.0,unnamed_4,-1096.0,cashflow
277.0,unnamed_4,-1285.0,cashflow
278.0,unnamed_4,1753.0,cashflow
279.0,unnamed_4,759.0,cashflow
280.0,unnamed_4,-839.0,cashflow
281.0,unnamed_4,-1470.0,cashflow
282.0,unnamed_4,3115.0,cashflow
283.0,unnamed_4,-6.0,cashflow
284.0,unnamed_4,-896.0,cashflow
285.0,unnamed_4,-649.0,cashflow
286.0,unnamed_4,-2595.0,cashflow
287.0,unnamed_4,-4872.0,cashflow
288.0,unnamed_4,2708.0,cashflow
289.0,unnamed_4,-5924.0,cashflow
290.0,unnamed_4,-18676.0,cashflow
291.0,unnamed_4,-25181.0,cashflow
292.0,unnamed_4,-22301.0,cashflow
293.0,unnamed_4,-14091.0,cashflow
294.0,unnamed_4,-30680.0,cashflow
295.0,unnamed_4,-27940.0,cashflow
296.0,unnamed_4,-28286.0,cashflow
297.0,unnamed_4,-29598.0,cashflow
298.0,unnamed_4,-27286.0,cashflow
299.0,unnamed_4,-41478.0,cashflow
300.0,unnamed_4,-39232.0,cashflow
301.0,unnamed_4,-51089.0,cashflow
302.0,unnamed_4,-1113.0,cashflow
303.0,unnamed_4,-868.0,cashflow
304.0,unnamed_4,650.0,cashflow
305.0,unnamed_4,23.0,cashflow
306.0,unnamed_4,-565.0,cashflow
307.0,unnamed_4,961.0,cashflow
308.0,unnamed_4,1919.0,cashflow
309.0,unnamed_4,1877.0,cashflow
310.0,unnamed_4,-42.0,cashflow
311.0,unnamed_4,-1118.0,cashflow
312.0,unnamed_4,1480.0,cashflow
313.0,unnamed_4,1331.0,cashflow
314.0,unnamed_4,-824.0,cashflow
315.0,unnamed_4,-846.0,cashflow
316.0,unnamed_4,-1183.0,cashflow
317.0,unnamed_4,-995.0,cashflow
318.0,unnamed_4,1246.0,cashflow
319.0,unnamed_4,-1170.0,cashflow
320.0,unnamed_4,1766.0,cashflow
321.0,unnamed_4,-873.0,cashflow
322.0,unnamed_4,-463.0,cashflow
323.0,unnamed_4,-33.0,cashflow
324.0,unnamed_4,262.0,cashflow
325.0,unnamed_4,283.0,cashflow
326.0,unnamed_4,-3604.0,cashflow
327.0,unnamed_4,-6881.0,cashflow
328.0,unnamed_4,-10536.0,cashflow
329.0,unnamed_4,-9233.0,cashflow
330.0,unnamed_4,-15274.0,cashflow
331.0,unnamed_4,-7066.0,cashflow
332.0,unnamed_4,-10451.0,cashflow
333.0,unnamed_4,-11135.0,cashflow
334.0,unnamed_4,-2474.0,cashflow
335.0,unnamed_4,-8138.0,cashflow
336.0,unnamed_4,-7806.0,cashflow
337.0,unnamed_4,-10521.0,cashflow
338.0,unnamed_4,28.0,cashflow
339.0,unnamed_4,-246.0,cashflow
340.0,unnamed_4,-450.0,cashflow
341.0,unnamed_4,-705.0,cashflow
342.0,unnamed_4,-150.0,cashflow
343.0,unnamed_4,-957.0,cashflow
344.0,unnamed_4,-852.0,cashflow
345.0,unnamed_4,-1526.0,cashflow
346.0,unnamed_4,433.0,cashflow
347.0,unnamed_4,914.0,cashflow
348.0,unnamed_4,-1507.0,cashflow
349.0,unnamed_4,477.0,cashflow
350.0,unnamed_4,-435.0,cashflow
351.0,unnamed_4,-380.0,cashflow
352.0,unnamed_4,-1104.0,cashflow
353.0,unnamed_4,-443.0,cashflow
354.0,unnamed_4,-476.0,cashflow
355.0,unnamed_4,-487.0,cashflow
356.0,unnamed_4,-745.0,cashflow
357.0,unnamed_4,-445.0,cashflow
358.0,unnamed_4,-1116.0,cashflow
359.0,unnamed_4,-1429.0,cashflow
360.0,unnamed_4,-1156.0,cashflow
361.0,unnamed_4,-1750.0,cashflow
362.0,unnamed_4,5.0,cashflow
363.0,unnamed_4,-83.0,cashflow
364.0,unnamed_4,-40.0,cashflow
365.0,unnamed_4,-137.0,cashflow
366.0,unnamed_4,-222.0,cashflow
367.0,unnamed_4,-60.0,cashflow
368.0,unnamed_4,-11.0,cashflow
369.0,unnamed_4,-54.0,cashflow
370.0,unnamed_4,-1746.0,cashflow
371.0,unnamed_4,1640.0,cashflow
372.0,unnamed_4,-2148.0,cashflow
373.0,unnamed_4,-2855.0,cashflow
374.0,unnamed_4,-2063.0,cashflow
375.0,unnamed_4,-1265.0,cashflow
376.0,unnamed_4,-950.0,cashflow
377.0,unnamed_4,-4533.0,cashflow
378.0,unnamed_4,-1304.0,cashflow
379.0,unnamed_4,-834.0,cashflow
380.0,unnamed_4,-1688.0,cashflow
381.0,unnamed_4,114.0,cashflow
382.0,unnamed_4,-2374.0,cashflow
383.0,unnamed_4,-1858.0,cashflow
384.0,unnamed_4,-2376.0,cashflow
385.0,unnamed_4,-2982.0,cashflow
386.0,unnamed_4,-1833.0,cashflow
387.0,unnamed_4,8580.0,cashflow
388.0,unnamed_4,894.0,cashflow
389.0,unnamed_4,8154.0,cashflow
390.0,unnamed_4,455.0,cashflow
391.0,unnamed_4,-7747.0,cashflow
392.0,unnamed_4,-7896.0,cashflow
393.0,unnamed_4,1033.0,cashflow
394.0,unnamed_4,182.0,cashflow
395.0,unnamed_4,-25715.0,cashflow
396.0,unnamed_4,-23465.0,cashflow
397.0,unnamed_4,-4486.0,cashflow
398.0,unnamed_4,-622.0,cashflow
399.0,unnamed_4,-104.0,cashflow
400.0,unnamed_4,-876.0,cashflow
401.0,unnamed_4,-730.0,cashflow
402.0,unnamed_4,-807.0,cashflow
403.0,unnamed_4,-541.0,cashflow
404.0,unnamed_4,338.0,cashflow
405.0,unnamed_4,-517.0,cashflow
406.0,unnamed_4,-1404.0,cashflow
407.0,unnamed_4,-1273.0,cashflow
408.0,unnamed_4,-583.0,cashflow
409.0,unnamed_4,-971.0,cashflow
410.0,unnamed_4,-255.0,cashflow
411.0,unnamed_4,-305.0,cashflow
412.0,unnamed_4,-521.0,cashflow
413.0,unnamed_4,-406.0,cashflow
414.0,unnamed_4,-1140.0,cashflow
415.0,unnamed_4,-478.0,cashflow
416.0,unnamed_4,-685.0,cashflow
417.0,unnamed_4,-83.0,cashflow
418.0,unnamed_4,75.0,cashflow
419.0,unnamed_4,-2195.0,cashflow
420.0,unnamed_4,-2707.0,cashflow
421.0,unnamed_4,-269.0,cashflow
422.0,unnamed_4,1995.0,cashflow
423.0,unnamed_4,3924.0,cashflow
424.0,unnamed_4,98.0,cashflow
425.0,unnamed_4,-818.0,cashflow
426.0,unnamed_4,872.0,cashflow
427.0,unnamed_4,-2102.0,cashflow
428.0,unnamed_4,3.0,cashflow
429.0,unnamed_4,6508.0,cashflow
430.0,unnamed_4,150.0,cashflow
431.0,unnamed_4,267.0,cashflow
432.0,unnamed_4,-461.0,cashflow
433.0,unnamed_4,-1529.0,cashflow
434.0,unnamed_4,-231.0,cashflow
435.0,unnamed_4,-270.0,cashflow
436.0,unnamed_4,-474.0,cashflow
437.0,unnamed_4,-633.0,cashflow
438.0,unnamed_4,-2482.0,cashflow
439.0,unnamed_4,464.0,cashflow
440.0,unnamed_4,-958.0,cashflow
441.0,unnamed_4,-4657.0,cashflow
442.0,unnamed_4,-1110.0,cashflow
443.0,unnamed_4,-1289.0,cashflow
444.0,unnamed_4,-2313.0,cashflow
445.0,unnamed_4,-2468.0,cashflow
446.0,unnamed_4,-1437.0,cashflow
447.0,unnamed_4,-1604.0,cashflow
448.0,unnamed_4,-2370.0,cashflow
449.0,unnamed_4,-1610.0,cashflow
450.0,unnamed_4,-1890.0,cashflow
451.0,unnamed_4,-1483.0,cashflow
452.0,unnamed_4,-769.0,cashflow
453.0,unnamed_4,-495.0,cashflow
454.0,unnamed_4,-2255.0,cashflow
455.0,unnamed_4,-2565.0,cashflow
456.0,unnamed_4,-4109.0,cashflow
457.0,unnamed_4,-4034.0,cashflow
458.0,unnamed_4,-773.0,cashflow
459.0,unnamed_4,-790.0,cashflow
460.0,unnamed_4,-1214.0,cashflow
461.0,unnamed_4,-1001.0,cashflow
462.0,unnamed_4,-1744.0,cashflow
463.0,unnamed_4,-2145.0,cashflow
464.0,unnamed_4,-660.0,cashflow
465.0,unnamed_4,-1508.0,cashflow
466.0,unnamed_4,-1625.0,cashflow
467.0,unnamed_4,-983.0,cashflow
468.0,unnamed_4,-2397.0,cashflow
469.0,unnamed_4,-2834.0,cashflow
470.0,unnamed_4,-8626.0,cashflow
471.0,unnamed_4,-4466.0,cashflow
472.0,unnamed_4,-2809.0,cashflow
473.0,unnamed_4,-904.0,cashflow
474.0,unnamed_4,-334.0,cashflow
475.0,unnamed_4,-2660.0,cashflow
476.0,unnamed_4,-5701.0,cashflow
477.0,unnamed_4,-8299.0,cashflow
478.0,unnamed_4,-4640.0,cashflow
479.0,unnamed_4,-5490.0,cashflow
480.0,unnamed_4,-7453.0,cashflow
481.0,unnamed_4,-8226.0,cashflow
482.0,unnamed_4,-865.0,cashflow
483.0,unnamed_4,-494.0,cashflow
484.0,unnamed_4,-1236.0,cashflow
485.0,unnamed_4,-622.0,cashflow
486.0,unnamed_4,-2243.0,cashflow
487.0,unnamed_4,-336.0,cashflow
488.0,unnamed_4,274.0,cashflow
489.0,unnamed_4,-552.0,cashflow
490.0,unnamed_4,-292.0,cashflow
491.0,unnamed_4,-844.0,cashflow
492.0,unnamed_4,-1754.0,cashflow
493.0,unnamed_4,-3435.0,cashflow
494.0,unnamed_4,-5687.0,cashflow
495.0,unnamed_4,-2336.0,cashflow
496.0,unnamed_4,-2359.0,cashflow
497.0,unnamed_4,-4515.0,cashflow
498.0,unnamed_4,-3509.0,cashflow
499.0,unnamed_4,1546.0,cashflow
500.0,unnamed_4,-2212.0,cashflow
501.0,unnamed_4,-11364.0,cashflow
502.0,unnamed_4,-7146.0,cashflow
503.0,unnamed_4,-1053.0,cashflow
504.0,unnamed_4,-13712.0,cashflow
505.0,unnamed_4,-23114.0,cashflow
506.0,unnamed_4,3021.0,cashflow
507.0,unnamed_4,594.0,cashflow
508.0,unnamed_4,5292.0,cashflow
509.0,unnamed_4,-1334.0,cashflow
510.0,unnamed_4,-1190.0,cashflow
511.0,unnamed_4,-12789.0,cashflow
512.0,unnamed_4,-5734.0,cashflow
513.0,unnamed_4,-6412.0,cashflow
514.0,unnamed_4,-144.0,cashflow
515.0,unnamed_4,-376.0,cashflow
516.0,unnamed_4,-485.0,cashflow
517.0,unnamed_4,-121.0,cashflow
518.0,unnamed_4,-220.0,cashflow
519.0,unnamed_4,-946.0,cashflow
520.0,unnamed_4,185.0,cashflow
521.0,unnamed_4,-548.0,cashflow
522.0,unnamed_4,-763.0,cashflow
523.0,unnamed_4,-759.0,cashflow
524.0,unnamed_4,31.0,cashflow
525.0,unnamed_4,-1618.0,cashflow
526.0,unnamed_4,-2361.0,cashflow
527.0,unnamed_4,-4842.0,cashflow
528.0,unnamed_4,-2088.0,cashflow
529.0,unnamed_4,-2208.0,cashflow
530.0,unnamed_4,-3890.0,cashflow
531.0,unnamed_4,-2236.0,cashflow
532.0,unnamed_4,-3256.0,cashflow
533.0,unnamed_4,-12332.0,cashflow
534.0,unnamed_4,-5665.0,cashflow
535.0,unnamed_4,1597.0,cashflow
536.0,unnamed_4,-3573.0,cashflow
537.0,unnamed_4,-6608.0,cashflow
538.0,unnamed_4,-902.0,cashflow
539.0,unnamed_4,-1099.0,cashflow
540.0,unnamed_4,-800.0,cashflow
541.0,unnamed_4,-837.0,cashflow
542.0,unnamed_4,-1146.0,cashflow
543.0,unnamed_4,-842.0,cashflow
544.0,unnamed_4,-1503.0,cashflow
545.0,unnamed_4,-1403.0,cashflow
546.0,unnamed_4,-1823.0,cashflow
547.0,unnamed_4,-2051.0,cashflow
548.0,unnamed_4,-2992.0,cashflow
549.0,unnamed_4,16600.0,cashflow
550.0,unnamed_4,,cashflow
551.0,unnamed_4,,cashflow
552.0,unnamed_4,-3514.0,cashflow
553.0,unnamed_4,-3962.0,cashflow
554.0,unnamed_4,-5177.0,cashflow
555.0,unnamed_4,-4421.0,cashflow
556.0,unnamed_4,-10182.0,cashflow
557.0,unnamed_4,-7789.0,cashflow
558.0,unnamed_4,-8952.0,cashflow
559.0,unnamed_4,-801.0,cashflow
560.0,unnamed_4,-10071.0,cashflow
561.0,unnamed_4,-13614.0,cashflow
562.0,unnamed_4,-1616.0,cashflow
563.0,unnamed_4,31.0,cashflow
564.0,unnamed_4,-2300.0,cashflow
565.0,unnamed_4,-1972.0,cashflow
566.0,unnamed_4,-1858.0,cashflow
567.0,unnamed_4,1298.0,cashflow
568.0,unnamed_4,-2819.0,cashflow
569.0,unnamed_4,-2289.0,cashflow
570.0,unnamed_4,-222.0,cashflow
571.0,unnamed_4,-421.0,cashflow
572.0,unnamed_4,-1828.0,cashflow
573.0,unnamed_4,-13801.0,cashflow
574.0,unnamed_4,-8095.0,cashflow
575.0,unnamed_4,-3873.0,cashflow
576.0,unnamed_4,-3220.0,cashflow
577.0,unnamed_4,-2876.0,cashflow
578.0,unnamed_4,5333.0,cashflow
579.0,unnamed_4,-5456.0,cashflow
580.0,unnamed_4,-7227.0,cashflow
581.0,unnamed_4,-25280.0,cashflow
582.0,unnamed_4,-6773.0,cashflow
583.0,unnamed_4,-7559.0,cashflow
584.0,unnamed_4,-14267.0,cashflow
585.0,unnamed_4,63.0,cashflow
586.0,unnamed_4,-475.0,cashflow
587.0,unnamed_4,138.0,cashflow
588.0,unnamed_4,-282.0,cashflow
589.0,unnamed_4,-1173.0,cashflow
590.0,unnamed_4,-1063.0,cashflow
591.0,unnamed_4,-438.0,cashflow
592.0,unnamed_4,1791.0,cashflow
593.0,unnamed_4,-1228.0,cashflow
594.0,unnamed_4,-1728.0,cashflow
595.0,unnamed_4,-1484.0,cashflow
596.0,unnamed_4,-5324.0,cashflow
597.0,unnamed_4,-18563.0,cashflow
598.0,unnamed_4,-15750.0,cashflow
599.0,unnamed_4,-13175.0,cashflow
600.0,unnamed_4,-12060.0,cashflow
601.0,unnamed_4,-1711.0,cashflow
602.0,unnamed_4,-50551.0,cashflow
603.0,unnamed_4,-30282.0,cashflow
604.0,unnamed_4,-42095.0,cashflow
605.0,unnamed_4,-63631.0,cashflow
606.0,unnamed_4,-39448.0,cashflow
607.0,unnamed_4,-67689.0,cashflow
608.0,unnamed_4,-144737.0,cashflow
609.0,unnamed_4,-962.0,cashflow
610.0,unnamed_4,-706.0,cashflow
611.0,unnamed_4,171.0,cashflow
612.0,unnamed_4,-310.0,cashflow
613.0,unnamed_4,-1990.0,cashflow
614.0,unnamed_4,-1896.0,cashflow
615.0,unnamed_4,-2856.0,cashflow
616.0,unnamed_4,-3382.0,cashflow
617.0,unnamed_4,-1367.0,cashflow
618.0,unnamed_4,135.0,cashflow
619.0,unnamed_4,-1685.0,cashflow
620.0,unnamed_4,-1921.0,cashflow
621.0,unnamed_4,1564.0,cashflow
622.0,unnamed_4,6012.0,cashflow
623.0,unnamed_4,-1822.0,cashflow
624.0,unnamed_4,27.0,cashflow
625.0,unnamed_4,-696.0,cashflow
626.0,unnamed_4,-5389.0,cashflow
627.0,unnamed_4,-7559.0,cashflow
628.0,unnamed_4,-10797.0,cashflow
629.0,unnamed_4,-5084.0,cashflow
630.0,unnamed_4,-816.0,cashflow
631.0,unnamed_4,-1145.0,cashflow
632.0,unnamed_4,7420.0,cashflow
633.0,unnamed_4,-1890.0,cashflow
634.0,unnamed_4,-2914.0,cashflow
635.0,unnamed_4,-940.0,cashflow
636.0,unnamed_4,-1337.0,cashflow
637.0,unnamed_4,-3033.0,cashflow
638.0,unnamed_4,-4152.0,cashflow
639.0,unnamed_4,-2526.0,cashflow
640.0,unnamed_4,-4573.0,cashflow
641.0,unnamed_4,3228.0,cashflow
642.0,unnamed_4,1527.0,cashflow
643.0,unnamed_4,-4039.0,cashflow
644.0,unnamed_4,-11759.0,cashflow
645.0,unnamed_4,-174.0,cashflow
646.0,unnamed_4,-174.0,cashflow
647.0,unnamed_4,-276.0,cashflow
648.0,unnamed_4,-258.0,cashflow
649.0,unnamed_4,-285.0,cashflow
650.0,unnamed_4,-217.0,cashflow
651.0,unnamed_4,-633.0,cashflow
652.0,unnamed_4,526.0,cashflow
653.0,unnamed_4,-226.0,cashflow
654.0,unnamed_4,-351.0,cashflow
655.0,unnamed_4,-441.0,cashflow
656.0,unnamed_4,-625.0,cashflow
657.0,unnamed_4,-2922.0,cashflow
658.0,unnamed_4,-2563.0,cashflow
659.0,unnamed_4,999.0,cashflow
660.0,unnamed_4,-885.0,cashflow
661.0,unnamed_4,-14664.0,cashflow
662.0,unnamed_4,4533.0,cashflow
663.0,unnamed_4,-632.0,cashflow
664.0,unnamed_4,-331.0,cashflow
665.0,unnamed_4,-7373.0,cashflow
666.0,unnamed_4,-6485.0,cashflow
667.0,unnamed_4,-1071.0,cashflow
668.0,unnamed_4,-5093.0,cashflow
669.0,unnamed_4,-9294.0,cashflow
670.0,unnamed_4,-18594.0,cashflow
671.0,unnamed_4,-10215.0,cashflow
672.0,unnamed_4,-13610.0,cashflow
673.0,unnamed_4,-17684.0,cashflow
674.0,unnamed_4,-17119.0,cashflow
675.0,unnamed_4,-22569.0,cashflow
676.0,unnamed_4,-29101.0,cashflow
677.0,unnamed_4,-22935.0,cashflow
678.0,unnamed_4,-21294.0,cashflow
679.0,unnamed_4,-28030.0,cashflow
680.0,unnamed_4,-31464.0,cashflow
681.0,unnamed_4,-46.0,cashflow
682.0,unnamed_4,7.0,cashflow
683.0,unnamed_4,94.0,cashflow
684.0,unnamed_4,40.0,cashflow
685.0,unnamed_4,-353.0,cashflow
686.0,unnamed_4,8.0,cashflow
687.0,unnamed_4,-453.0,cashflow
688.0,unnamed_4,-242.0,cashflow
689.0,unnamed_4,-317.0,cashflow
690.0,unnamed_4,-215.0,cashflow
691.0,unnamed_4,2.0,cashflow
692.0,unnamed_4,2.0,cashflow
693.0,unnamed_4,2.0,cashflow
694.0,unnamed_4,1.0,cashflow
695.0,unnamed_4,1.0,cashflow
696.0,unnamed_4,0.0,cashflow
697.0,unnamed_4,-5.0,cashflow
698.0,unnamed_4,0.0,cashflow
699.0,unnamed_4,-8.0,cashflow
700.0,unnamed_4,-3881.0,cashflow
701.0,unnamed_4,-3254.0,cashflow
702.0,unnamed_4,-5275.0,cashflow
703.0,unnamed_4,-3921.0,cashflow
704.0,unnamed_4,-3251.0,cashflow
705.0,unnamed_4,-7114.0,cashflow
706.0,unnamed_4,-5546.0,cashflow
707.0,unnamed_4,-6174.0,cashflow
708.0,unnamed_4,5740.0,cashflow
709.0,unnamed_4,-2238.0,cashflow
710.0,unnamed_4,-5732.0,cashflow
711.0,unnamed_4,1563.0,cashflow
712.0,unnamed_4,-9591.0,cashflow
713.0,unnamed_4,-12694.0,cashflow
714.0,unnamed_4,-6717.0,cashflow
715.0,unnamed_4,-2262.0,cashflow
716.0,unnamed_4,-1998.0,cashflow
717.0,unnamed_4,-1431.0,cashflow
718.0,unnamed_4,-832.0,cashflow
719.0,unnamed_4,-1476.0,cashflow
720.0,unnamed_4,-1884.0,cashflow
721.0,unnamed_4,-2331.0,cashflow
722.0,unnamed_4,-4090.0,cashflow
723.0,unnamed_4,-8344.0,cashflow
724.0,unnamed_4,-1110.0,cashflow
725.0,unnamed_4,1441.0,cashflow
726.0,unnamed_4,-944.0,cashflow
727.0,unnamed_4,-363.0,cashflow
728.0,unnamed_4,-422.0,cashflow
729.0,unnamed_4,-3272.0,cashflow
730.0,unnamed_4,-762.0,cashflow
731.0,unnamed_4,-215.0,cashflow
732.0,unnamed_4,-55.0,cashflow
733.0,unnamed_4,301.0,cashflow
734.0,unnamed_4,-1030.0,cashflow
735.0,unnamed_4,-1387.0,cashflow
736.0,unnamed_4,-6778.0,cashflow
737.0,unnamed_4,-8197.0,cashflow
738.0,unnamed_4,-5433.0,cashflow
739.0,unnamed_4,-5618.0,cashflow
740.0,unnamed_4,-7372.0,cashflow
741.0,unnamed_4,-3857.0,cashflow
742.0,unnamed_4,-5094.0,cashflow
743.0,unnamed_4,-4529.0,cashflow
744.0,unnamed_4,-11387.0,cashflow
745.0,unnamed_4,-19589.0,cashflow
746.0,unnamed_4,-7702.0,cashflow
747.0,unnamed_4,-14748.0,cashflow
748.0,unnamed_4,-10730.0,cashflow
749.0,unnamed_4,-14467.0,cashflow
750.0,unnamed_4,-9035.0,cashflow
751.0,unnamed_4,-1130.0,cashflow
752.0,unnamed_4,-4467.0,cashflow
753.0,unnamed_4,-2353.0,cashflow
754.0,unnamed_4,-5289.0,cashflow
755.0,unnamed_4,-5475.0,cashflow
756.0,unnamed_4,-3323.0,cashflow
757.0,unnamed_4,-13068.0,cashflow
758.0,unnamed_4,-11172.0,cashflow
759.0,unnamed_4,-10903.0,cashflow
760.0,unnamed_4,-10381.0,cashflow
761.0,unnamed_4,-8919.0,cashflow
762.0,unnamed_4,9636.0,cashflow
763.0,unnamed_4,-40415.0,cashflow
764.0,unnamed_4,148447.0,cashflow
765.0,unnamed_4,12531.0,cashflow
766.0,unnamed_4,-52848.0,cashflow
767.0,unnamed_4,-25269.0,cashflow
777.0,unnamed_4,-854.0,cashflow
778.0,unnamed_4,-1174.0,cashflow
779.0,unnamed_4,-651.0,cashflow
780.0,unnamed_4,-175.0,cashflow
781.0,unnamed_4,182.0,cashflow
782.0,unnamed_4,420.0,cashflow
783.0,unnamed_4,1139.0,cashflow
784.0,unnamed_4,1789.0,cashflow
785.0,unnamed_4,-2947.0,cashflow
786.0,unnamed_4,-6922.0,cashflow
787.0,unnamed_4,-5510.0,cashflow
788.0,unnamed_4,-4778.0,cashflow
789.0,unnamed_4,-4627.0,cashflow
790.0,unnamed_4,-9796.0,cashflow
791.0,unnamed_4,3914.0,cashflow
792.0,unnamed_4,-11023.0,cashflow
793.0,unnamed_4,-8408.0,cashflow
794.0,unnamed_4,-5750.0,cashflow
795.0,unnamed_4,-3585.0,cashflow
796.0,unnamed_4,-8048.0,cashflow
797.0,unnamed_4,2179.0,cashflow
798.0,unnamed_4,-224.0,cashflow
799.0,unnamed_4,180.0,cashflow
800.0,unnamed_4,-103.0,cashflow
801.0,unnamed_4,-40.0,cashflow
802.0,unnamed_4,-961.0,cashflow
803.0,unnamed_4,-452.0,cashflow
804.0,unnamed_4,-749.0,cashflow
805.0,unnamed_4,-643.0,cashflow
806.0,unnamed_4,-1657.0,cashflow
807.0,unnamed_4,-1643.0,cashflow
808.0,unnamed_4,-271.0,cashflow
809.0,unnamed_4,-3918.0,cashflow
810.0,unnamed_4,-2903.0,cashflow
811.0,unnamed_4,-4524.0,cashflow
812.0,unnamed_4,-4357.0,cashflow
813.0,unnamed_4,-5506.0,cashflow
814.0,unnamed_4,-5875.0,cashflow
815.0,unnamed_4,-5467.0,cashflow
816.0,unnamed_4,-7174.0,cashflow
817.0,unnamed_4,-6870.0,cashflow
818.0,unnamed_4,-19686.0,cashflow
819.0,unnamed_4,-3252.0,cashflow
820.0,unnamed_4,-8866.0,cashflow
821.0,unnamed_4,-5615.0,cashflow
822.0,unnamed_4,-3119.0,cashflow
823.0,unnamed_4,-4997.0,cashflow
824.0,unnamed_4,-4491.0,cashflow
825.0,unnamed_4,-7230.0,cashflow
826.0,unnamed_4,-9173.0,cashflow
827.0,unnamed_4,-8302.0,cashflow
828.0,unnamed_4,-3540.0,cashflow
829.0,unnamed_4,-557.0,cashflow
830.0,unnamed_4,-7291.0,cashflow
831.0,unnamed_4,-239.0,cashflow
832.0,unnamed_4,-8820.0,cashflow
833.0,unnamed_4,-11865.0,cashflow
834.0,unnamed_4,-1089.0,cashflow
835.0,unnamed_4,-1372.0,cashflow
836.0,unnamed_4,-2844.0,cashflow
837.0,unnamed_4,-1906.0,cashflow
838.0,unnamed_4,-6145.0,cashflow
839.0,unnamed_4,-3194.0,cashflow
840.0,unnamed_4,-3318.0,cashflow
841.0,unnamed_4,-2220.0,cashflow
842.0,unnamed_4,-1886.0,cashflow
843.0,unnamed_4,-2304.0,cashflow
844.0,unnamed_4,-2248.0,cashflow
845.0,unnamed_4,-6644.0,cashflow
846.0,unnamed_4,-46.0,cashflow
847.0,unnamed_4,-204.0,cashflow
848.0,unnamed_4,-1051.0,cashflow
849.0,unnamed_4,-2.0,cashflow
850.0,unnamed_4,-165.0,cashflow
851.0,unnamed_4,-149.0,cashflow
852.0,unnamed_4,-59.0,cashflow
853.0,unnamed_4,97.0,cashflow
854.0,unnamed_4,-2043.0,cashflow
855.0,unnamed_4,-1177.0,cashflow
856.0,unnamed_4,-358.0,cashflow
857.0,unnamed_4,-852.0,cashflow
858.0,unnamed_4,-441.0,cashflow
859.0,unnamed_4,-432.0,cashflow
860.0,unnamed_4,-70.0,cashflow
861.0,unnamed_4,-126.0,cashflow
862.0,unnamed_4,-131.0,cashflow
863.0,unnamed_4,-52.0,cashflow
864.0,unnamed_4,83.0,cashflow
865.0,unnamed_4,-321.0,cashflow
866.0,unnamed_4,-1920.0,cashflow
867.0,unnamed_4,-392.0,cashflow
868.0,unnamed_4,-927.0,cashflow
869.0,unnamed_4,-1237.0,cashflow
870.0,unnamed_4,-1330.0,cashflow
871.0,unnamed_4,-1122.0,cashflow
872.0,unnamed_4,-768.0,cashflow
873.0,unnamed_4,-746.0,cashflow
874.0,unnamed_4,-1864.0,cashflow
875.0,unnamed_4,-886.0,cashflow
876.0,unnamed_4,-1182.0,cashflow
877.0,unnamed_4,-2987.0,cashflow
878.0,unnamed_4,-1607.0,cashflow
879.0,unnamed_4,-3084.0,cashflow
880.0,unnamed_4,-4191.0,cashflow
881.0,unnamed_4,-5968.0,cashflow
882.0,unnamed_4,-16845.0,cashflow
883.0,unnamed_4,-15509.0,cashflow
884.0,unnamed_4,-15977.0,cashflow
885.0,unnamed_4,-19162.0,cashflow
886.0,unnamed_4,-24480.0,cashflow
887.0,unnamed_4,-20678.0,cashflow
888.0,unnamed_4,-24063.0,cashflow
889.0,unnamed_4,-29628.0,cashflow
890.0,unnamed_4,-21034.0,cashflow
891.0,unnamed_4,-22891.0,cashflow
892.0,unnamed_4,-26145.0,cashflow
893.0,unnamed_4,-32141.0,cashflow
894.0,unnamed_4,-41220.0,cashflow
895.0,unnamed_4,-63633.0,cashflow
896.0,unnamed_4,-30058.0,cashflow
897.0,unnamed_4,-38256.0,cashflow
898.0,unnamed_4,-43815.0,cashflow
899.0,unnamed_4,-66798.0,cashflow
900.0,unnamed_4,-37132.0,cashflow
901.0,unnamed_4,-53159.0,cashflow
902.0,unnamed_4,-39141.0,cashflow
903.0,unnamed_4,-41197.0,cashflow
904.0,unnamed_4,-74690.0,cashflow
905.0,unnamed_4,-57203.0,cashflow
906.0,unnamed_4,22.0,cashflow
907.0,unnamed_4,9.0,cashflow
908.0,unnamed_4,-491.0,cashflow
909.0,unnamed_4,-1973.0,cashflow
910.0,unnamed_4,-667.0,cashflow
911.0,unnamed_4,1409.0,cashflow
912.0,unnamed_4,-13463.0,cashflow
913.0,unnamed_4,-73.0,cashflow
914.0,unnamed_4,1741.0,cashflow
915.0,unnamed_4,-547.0,cashflow
916.0,unnamed_4,-1694.0,cashflow
917.0,unnamed_4,-3409.0,cashflow
918.0,unnamed_4,-144.0,cashflow
919.0,unnamed_4,-99.0,cashflow
920.0,unnamed_4,-436.0,cashflow
921.0,unnamed_4,-491.0,cashflow
922.0,unnamed_4,-879.0,cashflow
923.0,unnamed_4,39.0,cashflow
924.0,unnamed_4,-513.0,cashflow
925.0,unnamed_4,103.0,cashflow
926.0,unnamed_4,-1688.0,cashflow
927.0,unnamed_4,-558.0,cashflow
928.0,unnamed_4,-899.0,cashflow
929.0,unnamed_4,-1769.0,cashflow
930.0,unnamed_4,-600.0,cashflow
931.0,unnamed_4,-302.0,cashflow
932.0,unnamed_4,-872.0,cashflow
933.0,unnamed_4,-1352.0,cashflow
934.0,unnamed_4,159.0,cashflow
935.0,unnamed_4,392.0,cashflow
936.0,unnamed_4,-629.0,cashflow
937.0,unnamed_4,-338.0,cashflow
938.0,unnamed_4,-787.0,cashflow
939.0,unnamed_4,-1204.0,cashflow
940.0,unnamed_4,-732.0,cashflow
941.0,unnamed_4,-1506.0,cashflow
942.0,unnamed_4,-22084.0,cashflow
943.0,unnamed_4,-26639.0,cashflow
944.0,unnamed_4,-24185.0,cashflow
945.0,unnamed_4,-21576.0,cashflow
946.0,unnamed_4,-23836.0,cashflow
947.0,unnamed_4,-25701.0,cashflow
948.0,unnamed_4,-18727.0,cashflow
949.0,unnamed_4,-10733.0,cashflow
950.0,unnamed_4,-9244.0,cashflow
951.0,unnamed_4,753.0,cashflow
952.0,unnamed_4,-7138.0,cashflow
953.0,unnamed_4,-13114.0,cashflow
954.0,unnamed_4,152.0,cashflow
955.0,unnamed_4,136.0,cashflow
956.0,unnamed_4,151.0,cashflow
957.0,unnamed_4,-756.0,cashflow
958.0,unnamed_4,-101.0,cashflow
959.0,unnamed_4,46.0,cashflow
960.0,unnamed_4,457.0,cashflow
961.0,unnamed_4,121.0,cashflow
962.0,unnamed_4,861.0,cashflow
963.0,unnamed_4,-287.0,cashflow
964.0,unnamed_4,-943.0,cashflow
965.0,unnamed_4,-1831.0,cashflow
966.0,unnamed_4,-27601.0,cashflow
967.0,unnamed_4,-73070.0,cashflow
968.0,unnamed_4,-64706.0,cashflow
969.0,unnamed_4,-36186.0,cashflow
970.0,unnamed_4,-66201.0,cashflow
971.0,unnamed_4,-68192.0,cashflow
972.0,unnamed_4,-94507.0,cashflow
973.0,unnamed_4,-72497.0,cashflow
974.0,unnamed_4,-142385.0,cashflow
975.0,unnamed_4,-109162.0,cashflow
976.0,unnamed_4,-93001.0,cashflow
977.0,unnamed_4,-113581.0,cashflow
978.0,unnamed_4,-227.0,cashflow
979.0,unnamed_4,-708.0,cashflow
980.0,unnamed_4,-178.0,cashflow
981.0,unnamed_4,-7204.0,cashflow
982.0,unnamed_4,-9032.0,cashflow
983.0,unnamed_4,-8910.0,cashflow
984.0,unnamed_4,-13552.0,cashflow
985.0,unnamed_4,-16986.0,cashflow
986.0,unnamed_4,-19203.0,cashflow
987.0,unnamed_4,-21611.0,cashflow
988.0,unnamed_4,-30203.0,cashflow
989.0,unnamed_4,-31221.0,cashflow
990.0,unnamed_4,-2271.0,cashflow
991.0,unnamed_4,-791.0,cashflow
992.0,unnamed_4,-3424.0,cashflow
993.0,unnamed_4,-2747.0,cashflow
994.0,unnamed_4,-4572.0,cashflow
995.0,unnamed_4,13053.0,cashflow
996.0,unnamed_4,220.0,cashflow
997.0,unnamed_4,-555.0,cashflow
998.0,unnamed_4,-3670.0,cashflow
999.0,unnamed_4,-2652.0,cashflow
1000.0,unnamed_4,-966.0,cashflow
1001.0,unnamed_4,-3476.0,cashflow
1002.0,unnamed_4,-270.0,cashflow
1003.0,unnamed_4,-1234.0,cashflow
1004.0,unnamed_4,-990.0,cashflow
1005.0,unnamed_4,-1265.0,cashflow
1006.0,unnamed_4,-2048.0,cashflow
1007.0,unnamed_4,-3595.0,cashflow
1008.0,unnamed_4,-720.0,cashflow
1009.0,unnamed_4,-5590.0,cashflow
1010.0,unnamed_4,-2651.0,cashflow
1011.0,unnamed_4,-2143.0,cashflow
1012.0,unnamed_4,-2405.0,cashflow
1013.0,unnamed_4,-1418.0,cashflow
1014.0,unnamed_4,-41.0,cashflow
1015.0,unnamed_4,-112.0,cashflow
1016.0,unnamed_4,-45.0,cashflow
1017.0,unnamed_4,-36.0,cashflow
1018.0,unnamed_4,-2.0,cashflow
1019.0,unnamed_4,86.0,cashflow
1020.0,unnamed_4,-76.0,cashflow
1021.0,unnamed_4,-55.0,cashflow
1022.0,unnamed_4,-25.0,cashflow
1023.0,unnamed_4,-34.0,cashflow
1024.0,unnamed_4,5076.0,cashflow
1025.0,unnamed_4,-258.0,cashflow
1026.0,unnamed_4,264.0,cashflow
1027.0,unnamed_4,130.0,cashflow
1028.0,unnamed_4,646.0,cashflow
1029.0,unnamed_4,237.0,cashflow
1030.0,unnamed_4,1321.0,cashflow
1031.0,unnamed_4,-174.0,cashflow
1032.0,unnamed_4,-1135.0,cashflow
1033.0,unnamed_4,871.0,cashflow
1034.0,unnamed_4,-2389.0,cashflow
1035.0,unnamed_4,-34.0,cashflow
1036.0,unnamed_4,-759.0,cashflow
1037.0,unnamed_4,-502.0,cashflow
1038.0,unnamed_4,-2375.0,cashflow
1039.0,unnamed_4,-2176.0,cashflow
1040.0,unnamed_4,-1502.0,cashflow
1041.0,unnamed_4,-3949.0,cashflow
1042.0,unnamed_4,-4186.0,cashflow
1043.0,unnamed_4,-3104.0,cashflow
1044.0,unnamed_4,-310.0,cashflow
1045.0,unnamed_4,-2225.0,cashflow
1046.0,unnamed_4,407.0,cashflow
1047.0,unnamed_4,-5556.0,cashflow
1048.0,unnamed_4,-7220.0,cashflow
1049.0,unnamed_4,-763.0,cashflow
1050.0,unnamed_4,24.0,cashflow
1051.0,unnamed_4,-1.0,cashflow
1052.0,unnamed_4,-207.0,cashflow
1053.0,unnamed_4,145.0,cashflow
1054.0,unnamed_4,145.0,cashflow
1055.0,unnamed_4,-31.0,cashflow
1056.0,unnamed_4,53.0,cashflow
1057.0,unnamed_4,-622.0,cashflow
1058.0,unnamed_4,-346.0,cashflow
1059.0,unnamed_4,-1317.0,cashflow
1060.0,unnamed_4,-834.0,cashflow
1061.0,unnamed_4,-1911.0,cashflow
1062.0,unnamed_4,-22969.0,cashflow
1063.0,unnamed_4,-27991.0,cashflow
1064.0,unnamed_4,-36232.0,cashflow
1065.0,unnamed_4,-36694.0,cashflow
1066.0,unnamed_4,-39571.0,cashflow
1067.0,unnamed_4,-25139.0,cashflow
1068.0,unnamed_4,-20878.0,cashflow
1069.0,unnamed_4,-33115.0,cashflow
1070.0,unnamed_4,-25672.0,cashflow
1071.0,unnamed_4,-4444.0,cashflow
1072.0,unnamed_4,-15417.0,cashflow
1073.0,unnamed_4,-22782.0,cashflow
1074.0,unnamed_4,-4026.0,cashflow
1075.0,unnamed_4,-3609.0,cashflow
1076.0,unnamed_4,-3865.0,cashflow
1077.0,unnamed_4,-1805.0,cashflow
1078.0,unnamed_4,-7373.0,cashflow
1079.0,unnamed_4,-1512.0,cashflow
1080.0,unnamed_4,-272.0,cashflow
1081.0,unnamed_4,-493.0,cashflow
1082.0,unnamed_4,993.0,cashflow
1083.0,unnamed_4,-6250.0,cashflow
1084.0,unnamed_4,-7263.0,cashflow
1085.0,unnamed_4,-9027.0,cashflow
1086.0,unnamed_4,-13099.0,cashflow
1087.0,unnamed_4,-15378.0,cashflow
1088.0,unnamed_4,-9021.0,cashflow
1089.0,unnamed_4,-8794.0,cashflow
1090.0,unnamed_4,-9490.0,cashflow
1091.0,unnamed_4,-11730.0,cashflow
1092.0,unnamed_4,-29176.0,cashflow
1093.0,unnamed_4,-14012.0,cashflow
1094.0,unnamed_4,-9437.0,cashflow
1095.0,unnamed_4,-10905.0,cashflow
1096.0,unnamed_4,-18179.0,cashflow
1097.0,unnamed_4,-14253.0,cashflow
1098.0,unnamed_4,-6038.0,cashflow
1099.0,unnamed_4,-9452.0,cashflow
1100.0,unnamed_4,-1807.0,cashflow
1101.0,unnamed_4,-5010.0,cashflow
1102.0,unnamed_4,-16895.0,cashflow
1103.0,unnamed_4,3104.0,cashflow
1104.0,unnamed_4,1645.0,cashflow
1105.0,unnamed_4,8968.0,cashflow
1106.0,unnamed_4,-7956.0,cashflow
1107.0,unnamed_4,-738.0,cashflow
1108.0,unnamed_4,548.0,cashflow
1109.0,unnamed_4,6091.0,cashflow
1110.0,unnamed_4,-622.0,cashflow
1111.0,unnamed_4,291.0,cashflow
1112.0,unnamed_4,-1865.0,cashflow
1113.0,unnamed_4,-1453.0,cashflow
1114.0,unnamed_4,-2893.0,cashflow
1115.0,unnamed_4,-3319.0,cashflow
1116.0,unnamed_4,-2104.0,cashflow
1117.0,unnamed_4,1081.0,cashflow
1118.0,unnamed_4,-5433.0,cashflow
1119.0,unnamed_4,480.0,cashflow
1120.0,unnamed_4,-226.0,cashflow
1121.0,unnamed_4,-1318.0,cashflow
1122.0,unnamed_4,-142.0,cashflow
1123.0,unnamed_4,-271.0,cashflow
1124.0,unnamed_4,-118.0,cashflow
1125.0,unnamed_4,-159.0,cashflow
1126.0,unnamed_4,-953.0,cashflow
1127.0,unnamed_4,98.0,cashflow
1128.0,unnamed_4,-797.0,cashflow
1129.0,unnamed_4,235.0,cashflow
1130.0,unnamed_4,-2799.0,cashflow
1131.0,unnamed_4,1165.0,cashflow
1132.0,unnamed_4,-1814.0,cashflow
1133.0,unnamed_4,-189.0,cashflow
1134.0,unnamed_4,-247.0,cashflow
1135.0,unnamed_4,-418.0,cashflow
1136.0,unnamed_4,-2113.0,cashflow
1137.0,unnamed_4,-869.0,cashflow
1138.0,unnamed_4,-798.0,cashflow
1139.0,unnamed_4,-4677.0,cashflow
1140.0,unnamed_4,-246.0,cashflow
1141.0,unnamed_4,229.0,cashflow
1142.0,unnamed_4,-444.0,cashflow
1143.0,unnamed_4,-196.0,cashflow
1144.0,unnamed_4,-2335.0,cashflow
1145.0,unnamed_4,-160.0,cashflow
1146.0,unnamed_4,-276.0,cashflow
1147.0,unnamed_4,-48.0,cashflow
1148.0,unnamed_4,-306.0,cashflow
1149.0,unnamed_4,-98.0,cashflow
1150.0,unnamed_4,-44.0,cashflow
1151.0,unnamed_4,-4.0,cashflow
1152.0,unnamed_4,-37.0,cashflow
1153.0,unnamed_4,-809.0,cashflow
1154.0,unnamed_4,18.0,cashflow
1155.0,unnamed_4,56.0,cashflow
1156.0,unnamed_4,-103.0,cashflow
1157.0,unnamed_4,-508.0,cashflow
1158.0,unnamed_4,-120.0,cashflow
1159.0,unnamed_4,-235.0,cashflow
1160.0,unnamed_4,-415.0,cashflow
1161.0,unnamed_4,-605.0,cashflow
1162.0,unnamed_4,-709.0,cashflow
1163.0,unnamed_4,-1095.0,cashflow
1164.0,unnamed_4,-1104.0,cashflow
1165.0,unnamed_4,-1090.0,cashflow
1166.0,unnamed_4,-882.0,cashflow
1167.0,unnamed_4,-1471.0,cashflow
1168.0,unnamed_4,-1308.0,cashflow
1169.0,unnamed_4,-1001.0,cashflow
1170.0,unnamed_4,-4362.0,cashflow
1171.0,unnamed_4,-2342.0,cashflow
1172.0,unnamed_4,-2144.0,cashflow
1173.0,unnamed_4,-3673.0,cashflow
1174.0,unnamed_4,-2501.0,cashflow
1175.0,unnamed_4,1866.0,cashflow
1176.0,unnamed_4,1165.0,cashflow
1177.0,unnamed_4,-4192.0,cashflow
1178.0,unnamed_4,-8856.0,cashflow
1179.0,unnamed_4,2257.0,cashflow
1180.0,unnamed_4,-7188.0,cashflow
1181.0,unnamed_4,-8789.0,cashflow
1182.0,unnamed_4,-343.0,cashflow
1183.0,unnamed_4,-363.0,cashflow
1184.0,unnamed_4,-318.0,cashflow
1185.0,unnamed_4,-9.0,cashflow
1186.0,unnamed_4,-280.0,cashflow
1187.0,unnamed_4,-315.0,cashflow
1188.0,unnamed_4,-297.0,cashflow
1189.0,unnamed_4,-4.0,cashflow
1190.0,unnamed_4,-601.0,cashflow
1191.0,unnamed_4,-558.0,cashflow
1192.0,unnamed_4,-2561.0,cashflow
1193.0,unnamed_4,-1394.0,cashflow
1194.0,unnamed_4,-1121.0,cashflow
1195.0,unnamed_4,-252.0,cashflow
1196.0,unnamed_4,3855.0,cashflow
1197.0,unnamed_4,733.0,cashflow
1198.0,unnamed_4,-227.0,cashflow
1199.0,unnamed_4,104.0,cashflow
1200.0,unnamed_4,-66.0,cashflow
1201.0,unnamed_4,-194.0,cashflow
1202.0,unnamed_4,-99.0,cashflow
1203.0,unnamed_4,-313.0,cashflow
1204.0,unnamed_4,-55.0,cashflow
1205.0,unnamed_4,226.0,cashflow
1206.0,unnamed_4,-507.0,cashflow
1207.0,unnamed_4,-574.0,cashflow
1208.0,unnamed_4,-500.0,cashflow
1209.0,unnamed_4,-300.0,cashflow
1210.0,unnamed_4,-1048.0,cashflow
1211.0,unnamed_4,-746.0,cashflow
1212.0,unnamed_4,-937.0,cashflow
1213.0,unnamed_4,-2320.0,cashflow
1214.0,unnamed_4,-472.0,cashflow
1215.0,unnamed_4,-1008.0,cashflow
1216.0,unnamed_4,-1769.0,cashflow
1217.0,unnamed_4,-3288.0,cashflow
1218.0,unnamed_4,-311.0,cashflow
1219.0,unnamed_4,-2890.0,cashflow
1220.0,unnamed_4,-4133.0,cashflow
1221.0,unnamed_4,-7868.0,cashflow
1222.0,unnamed_4,2681.0,cashflow
1223.0,unnamed_4,15480.0,cashflow
1224.0,unnamed_4,-10594.0,cashflow
1225.0,unnamed_4,-5925.0,cashflow
1226.0,unnamed_4,-6678.0,cashflow
1227.0,unnamed_4,-2243.0,cashflow
1228.0,unnamed_4,-668.0,cashflow
1229.0,unnamed_4,-13676.0,cashflow
1230.0,unnamed_4,-4536.0,cashflow
1231.0,unnamed_4,-284.0,cashflow
1232.0,unnamed_4,-2537.0,cashflow
1233.0,unnamed_4,-13761.0,cashflow
1234.0,unnamed_4,-11770.0,cashflow
1235.0,unnamed_4,3595.0,cashflow
1236.0,unnamed_4,5065.0,cashflow
1237.0,unnamed_4,3593.0,cashflow
1238.0,unnamed_4,685.0,cashflow
1239.0,unnamed_4,-22321.0,cashflow
1240.0,unnamed_4,-8169.0,cashflow
1241.0,unnamed_4,1144.0,cashflow
1242.0,unnamed_4,1740.0,cashflow
1243.0,unnamed_4,-5245.0,cashflow
1244.0,unnamed_4,-7971.0,cashflow
1245.0,unnamed_4,797.0,cashflow
1246.0,unnamed_4,-348.0,cashflow
1247.0,unnamed_4,-682.0,cashflow
1248.0,unnamed_4,-438.0,cashflow
1249.0,unnamed_4,-465.0,cashflow
1250.0,unnamed_4,-860.0,cashflow
1251.0,unnamed_4,-2872.0,cashflow
1252.0,unnamed_4,-974.0,cashflow
1253.0,unnamed_4,-3977.0,cashflow
1254.0,unnamed_4,-1004.0,cashflow
1255.0,unnamed_4,-837.0,cashflow
1256.0,unnamed_4,-1018.0,cashflow
1257.0,unnamed_4,1542.0,cashflow
1258.0,unnamed_4,-1492.0,cashflow
,unnamed_5,,cashflow
37.0,unnamed_5,-5729.0,cashflow
38.0,unnamed_5,-5673.0,cashflow
39.0,unnamed_5,-17168.0,cashflow
40.0,unnamed_5,-9666.0,cashflow
41.0,unnamed_5,-11026.0,cashflow
42.0,unnamed_5,-26885.0,cashflow
43.0,unnamed_5,-27897.0,cashflow
44.0,unnamed_5,-39915.0,cashflow
45.0,unnamed_5,-32634.0,cashflow
46.0,unnamed_5,-33581.0,cashflow
47.0,unnamed_5,-47878.0,cashflow
48.0,unnamed_5,-48536.0,cashflow
61.0,unnamed_5,-42.0,cashflow
62.0,unnamed_5,-42.0,cashflow
63.0,unnamed_5,-58.0,cashflow
64.0,unnamed_5,-80.0,cashflow
65.0,unnamed_5,-90.0,cashflow
66.0,unnamed_5,-102.0,cashflow
67.0,unnamed_5,-143.0,cashflow
68.0,unnamed_5,-217.0,cashflow
69.0,unnamed_5,-582.0,cashflow
70.0,unnamed_5,-637.0,cashflow
71.0,unnamed_5,-639.0,cashflow
72.0,unnamed_5,-745.0,cashflow
73.0,unnamed_5,0.0,cashflow
74.0,unnamed_5,1902.0,cashflow
75.0,unnamed_5,-722.0,cashflow
76.0,unnamed_5,-455.0,cashflow
77.0,unnamed_5,1589.0,cashflow
78.0,unnamed_5,38.0,cashflow
79.0,unnamed_5,1250.0,cashflow
80.0,unnamed_5,-745.0,cashflow
81.0,unnamed_5,-235.0,cashflow
82.0,unnamed_5,923.0,cashflow
83.0,unnamed_5,-543.0,cashflow
84.0,unnamed_5,0.0,cashflow
85.0,unnamed_5,1902.0,cashflow
86.0,unnamed_5,-722.0,cashflow
87.0,unnamed_5,-455.0,cashflow
88.0,unnamed_5,1589.0,cashflow
89.0,unnamed_5,38.0,cashflow
90.0,unnamed_5,1250.0,cashflow
91.0,unnamed_5,-745.0,cashflow
92.0,unnamed_5,-235.0,cashflow
93.0,unnamed_5,923.0,cashflow
94.0,unnamed_5,-543.0,cashflow
95.0,unnamed_5,7199.0,cashflow
96.0,unnamed_5,-1109.0,cashflow
97.0,unnamed_5,3445.0,cashflow
98.0,unnamed_5,-3448.0,cashflow
99.0,unnamed_5,716.0,cashflow
100.0,unnamed_5,5120.0,cashflow
101.0,unnamed_5,-6158.0,cashflow
102.0,unnamed_5,-221.0,cashflow
103.0,unnamed_5,3109.0,cashflow
104.0,unnamed_5,15901.0,cashflow
105.0,unnamed_5,-1198.0,cashflow
106.0,unnamed_5,8879.0,cashflow
107.0,unnamed_5,1559.0,cashflow
108.0,unnamed_5,3942.0,cashflow
109.0,unnamed_5,1045.0,cashflow
110.0,unnamed_5,2161.0,cashflow
111.0,unnamed_5,7083.0,cashflow
112.0,unnamed_5,15986.0,cashflow
113.0,unnamed_5,-2973.0,cashflow
114.0,unnamed_5,13953.0,cashflow
115.0,unnamed_5,4138.0,cashflow
116.0,unnamed_5,772.0,cashflow
117.0,unnamed_5,-237.0,cashflow
118.0,unnamed_5,2170.0,cashflow
119.0,unnamed_5,-1325.0,cashflow
120.0,unnamed_5,-1889.0,cashflow
121.0,unnamed_5,2313.0,cashflow
122.0,unnamed_5,-4256.0,cashflow
123.0,unnamed_5,3514.0,cashflow
124.0,unnamed_5,-586.0,cashflow
125.0,unnamed_5,-2734.0,cashflow
126.0,unnamed_5,-7800.0,cashflow
127.0,unnamed_5,861.0,cashflow
128.0,unnamed_5,1631.0,cashflow
129.0,unnamed_5,-1144.0,cashflow
130.0,unnamed_5,-2713.0,cashflow
131.0,unnamed_5,-3539.0,cashflow
132.0,unnamed_5,-4600.0,cashflow
133.0,unnamed_5,-4663.0,cashflow
134.0,unnamed_5,-2377.0,cashflow
135.0,unnamed_5,-5655.0,cashflow
136.0,unnamed_5,-10338.0,cashflow
137.0,unnamed_5,-10408.0,cashflow
138.0,unnamed_5,-16864.0,cashflow
139.0,unnamed_5,-509.0,cashflow
140.0,unnamed_5,-672.0,cashflow
141.0,unnamed_5,-721.0,cashflow
142.0,unnamed_5,-900.0,cashflow
143.0,unnamed_5,-958.0,cashflow
144.0,unnamed_5,-1015.0,cashflow
145.0,unnamed_5,-719.0,cashflow
146.0,unnamed_5,-629.0,cashflow
147.0,unnamed_5,-3956.0,cashflow
148.0,unnamed_5,-516.0,cashflow
149.0,unnamed_5,2931.0,cashflow
150.0,unnamed_5,5689.0,cashflow
151.0,unnamed_5,373.0,cashflow
152.0,unnamed_5,-63.0,cashflow
153.0,unnamed_5,392.0,cashflow
154.0,unnamed_5,330.0,cashflow
155.0,unnamed_5,477.0,cashflow
156.0,unnamed_5,-108.0,cashflow
157.0,unnamed_5,-215.0,cashflow
158.0,unnamed_5,-910.0,cashflow
159.0,unnamed_5,-340.0,cashflow
160.0,unnamed_5,-792.0,cashflow
161.0,unnamed_5,-633.0,cashflow
162.0,unnamed_5,-311.0,cashflow
163.0,unnamed_5,-601.0,cashflow
164.0,unnamed_5,-626.0,cashflow
165.0,unnamed_5,-576.0,cashflow
166.0,unnamed_5,-849.0,cashflow
167.0,unnamed_5,-756.0,cashflow
168.0,unnamed_5,-1379.0,cashflow
169.0,unnamed_5,-1117.0,cashflow
170.0,unnamed_5,-2871.0,cashflow
171.0,unnamed_5,-650.0,cashflow
172.0,unnamed_5,-1808.0,cashflow
173.0,unnamed_5,-2140.0,cashflow
174.0,unnamed_5,-2982.0,cashflow
189.0,unnamed_5,779.0,cashflow
190.0,unnamed_5,-1077.0,cashflow
191.0,unnamed_5,-102.0,cashflow
192.0,unnamed_5,39.0,cashflow
193.0,unnamed_5,422.0,cashflow
194.0,unnamed_5,295.0,cashflow
195.0,unnamed_5,-78.0,cashflow
196.0,unnamed_5,14931.0,cashflow
197.0,unnamed_5,7785.0,cashflow
198.0,unnamed_5,31045.0,cashflow
199.0,unnamed_5,22495.0,cashflow
200.0,unnamed_5,-2487.0,cashflow
201.0,unnamed_5,41342.0,cashflow
202.0,unnamed_5,5643.0,cashflow
203.0,unnamed_5,8865.0,cashflow
204.0,unnamed_5,7279.0,cashflow
205.0,unnamed_5,47894.0,cashflow
206.0,unnamed_5,6641.0,cashflow
207.0,unnamed_5,22341.0,cashflow
208.0,unnamed_5,-1445.0,cashflow
209.0,unnamed_5,-1496.0,cashflow
210.0,unnamed_5,-1644.0,cashflow
211.0,unnamed_5,-3384.0,cashflow
212.0,unnamed_5,-190.0,cashflow
213.0,unnamed_5,-1885.0,cashflow
214.0,unnamed_5,-2074.0,cashflow
215.0,unnamed_5,-6247.0,cashflow
216.0,unnamed_5,-20.0,cashflow
217.0,unnamed_5,-4056.0,cashflow
218.0,unnamed_5,-7181.0,cashflow
219.0,unnamed_5,-6167.0,cashflow
220.0,unnamed_5,-1445.0,cashflow
221.0,unnamed_5,-1496.0,cashflow
222.0,unnamed_5,-1644.0,cashflow
223.0,unnamed_5,-3384.0,cashflow
224.0,unnamed_5,-190.0,cashflow
225.0,unnamed_5,-1885.0,cashflow
226.0,unnamed_5,-2074.0,cashflow
227.0,unnamed_5,-6247.0,cashflow
228.0,unnamed_5,-20.0,cashflow
229.0,unnamed_5,-4056.0,cashflow
230.0,unnamed_5,-7181.0,cashflow
231.0,unnamed_5,-6167.0,cashflow
232.0,unnamed_5,4592.0,cashflow
233.0,unnamed_5,6521.0,cashflow
234.0,unnamed_5,6839.0,cashflow
235.0,unnamed_5,11602.0,cashflow
236.0,unnamed_5,12513.0,cashflow
237.0,unnamed_5,19590.0,cashflow
238.0,unnamed_5,34535.0,cashflow
239.0,unnamed_5,34479.0,cashflow
240.0,unnamed_5,1687.0,cashflow
241.0,unnamed_5,32326.0,cashflow
242.0,unnamed_5,51016.0,cashflow
243.0,unnamed_5,82709.0,cashflow
244.0,unnamed_5,-332.0,cashflow
245.0,unnamed_5,-326.0,cashflow
246.0,unnamed_5,-391.0,cashflow
247.0,unnamed_5,-761.0,cashflow
248.0,unnamed_5,-110.0,cashflow
249.0,unnamed_5,-434.0,cashflow
250.0,unnamed_5,-536.0,cashflow
251.0,unnamed_5,-1028.0,cashflow
252.0,unnamed_5,-37.0,cashflow
253.0,unnamed_5,-1460.0,cashflow
254.0,unnamed_5,-1587.0,cashflow
255.0,unnamed_5,-1455.0,cashflow
256.0,unnamed_5,6867.0,cashflow
257.0,unnamed_5,11656.0,cashflow
258.0,unnamed_5,12513.0,cashflow
259.0,unnamed_5,19503.0,cashflow
260.0,unnamed_5,34449.0,cashflow
261.0,unnamed_5,34167.0,cashflow
262.0,unnamed_5,1741.0,cashflow
263.0,unnamed_5,32275.0,cashflow
264.0,unnamed_5,50675.0,cashflow
265.0,unnamed_5,82415.0,cashflow
266.0,unnamed_5,-790.0,cashflow
267.0,unnamed_5,5151.0,cashflow
268.0,unnamed_5,-6.0,cashflow
269.0,unnamed_5,-616.0,cashflow
270.0,unnamed_5,-198.0,cashflow
271.0,unnamed_5,3413.0,cashflow
272.0,unnamed_5,4449.0,cashflow
273.0,unnamed_5,14729.0,cashflow
274.0,unnamed_5,-986.0,cashflow
275.0,unnamed_5,-998.0,cashflow
276.0,unnamed_5,-5405.0,cashflow
277.0,unnamed_5,5476.0,cashflow
278.0,unnamed_5,-158.0,cashflow
279.0,unnamed_5,-213.0,cashflow
280.0,unnamed_5,-209.0,cashflow
281.0,unnamed_5,-318.0,cashflow
282.0,unnamed_5,-2857.0,cashflow
283.0,unnamed_5,-1202.0,cashflow
284.0,unnamed_5,-663.0,cashflow
285.0,unnamed_5,-1061.0,cashflow
286.0,unnamed_5,-1076.0,cashflow
287.0,unnamed_5,-1078.0,cashflow
288.0,unnamed_5,-1262.0,cashflow
289.0,unnamed_5,-1475.0,cashflow
290.0,unnamed_5,-4566.0,cashflow
291.0,unnamed_5,2774.0,cashflow
292.0,unnamed_5,-9672.0,cashflow
293.0,unnamed_5,-11946.0,cashflow
294.0,unnamed_5,-351.0,cashflow
295.0,unnamed_5,1920.0,cashflow
296.0,unnamed_5,9464.0,cashflow
297.0,unnamed_5,19144.0,cashflow
298.0,unnamed_5,-24910.0,cashflow
299.0,unnamed_5,-15203.0,cashflow
300.0,unnamed_5,-24470.0,cashflow
301.0,unnamed_5,-27778.0,cashflow
302.0,unnamed_5,472.0,cashflow
303.0,unnamed_5,523.0,cashflow
304.0,unnamed_5,-3543.0,cashflow
305.0,unnamed_5,-122.0,cashflow
306.0,unnamed_5,-468.0,cashflow
307.0,unnamed_5,-667.0,cashflow
308.0,unnamed_5,-32.0,cashflow
309.0,unnamed_5,1622.0,cashflow
310.0,unnamed_5,-394.0,cashflow
311.0,unnamed_5,-329.0,cashflow
312.0,unnamed_5,89.0,cashflow
313.0,unnamed_5,2656.0,cashflow
314.0,unnamed_5,-156.0,cashflow
315.0,unnamed_5,-238.0,cashflow
316.0,unnamed_5,-237.0,cashflow
317.0,unnamed_5,-356.0,cashflow
318.0,unnamed_5,-2670.0,cashflow
319.0,unnamed_5,-325.0,cashflow
320.0,unnamed_5,-2531.0,cashflow
321.0,unnamed_5,-399.0,cashflow
322.0,unnamed_5,-338.0,cashflow
323.0,unnamed_5,-383.0,cashflow
324.0,unnamed_5,-1239.0,cashflow
325.0,unnamed_5,-1452.0,cashflow
326.0,unnamed_5,-846.0,cashflow
327.0,unnamed_5,-3736.0,cashflow
328.0,unnamed_5,-9792.0,cashflow
329.0,unnamed_5,-1332.0,cashflow
330.0,unnamed_5,4804.0,cashflow
331.0,unnamed_5,-4218.0,cashflow
332.0,unnamed_5,207.0,cashflow
333.0,unnamed_5,3583.0,cashflow
334.0,unnamed_5,-13981.0,cashflow
335.0,unnamed_5,-17672.0,cashflow
336.0,unnamed_5,-4402.0,cashflow
337.0,unnamed_5,-25427.0,cashflow
338.0,unnamed_5,-378.0,cashflow
339.0,unnamed_5,-357.0,cashflow
340.0,unnamed_5,-181.0,cashflow
341.0,unnamed_5,-246.0,cashflow
342.0,unnamed_5,-295.0,cashflow
343.0,unnamed_5,-232.0,cashflow
344.0,unnamed_5,-353.0,cashflow
345.0,unnamed_5,58.0,cashflow
346.0,unnamed_5,-2242.0,cashflow
347.0,unnamed_5,-2246.0,cashflow
348.0,unnamed_5,-1028.0,cashflow
349.0,unnamed_5,-2830.0,cashflow
350.0,unnamed_5,-1043.0,cashflow
351.0,unnamed_5,-3771.0,cashflow
352.0,unnamed_5,-1464.0,cashflow
353.0,unnamed_5,-806.0,cashflow
354.0,unnamed_5,124.0,cashflow
355.0,unnamed_5,2865.0,cashflow
356.0,unnamed_5,-1185.0,cashflow
357.0,unnamed_5,7792.0,cashflow
358.0,unnamed_5,290.0,cashflow
359.0,unnamed_5,4035.0,cashflow
360.0,unnamed_5,445.0,cashflow
361.0,unnamed_5,-3834.0,cashflow
362.0,unnamed_5,4067.0,cashflow
363.0,unnamed_5,2749.0,cashflow
364.0,unnamed_5,1819.0,cashflow
365.0,unnamed_5,3031.0,cashflow
366.0,unnamed_5,1692.0,cashflow
367.0,unnamed_5,8009.0,cashflow
368.0,unnamed_5,12191.0,cashflow
369.0,unnamed_5,2452.0,cashflow
370.0,unnamed_5,8707.0,cashflow
371.0,unnamed_5,5150.0,cashflow
372.0,unnamed_5,27466.0,cashflow
373.0,unnamed_5,38471.0,cashflow
374.0,unnamed_5,718.0,cashflow
375.0,unnamed_5,-266.0,cashflow
376.0,unnamed_5,165.0,cashflow
377.0,unnamed_5,3104.0,cashflow
378.0,unnamed_5,-1326.0,cashflow
379.0,unnamed_5,-385.0,cashflow
380.0,unnamed_5,-349.0,cashflow
381.0,unnamed_5,-2949.0,cashflow
382.0,unnamed_5,-1240.0,cashflow
383.0,unnamed_5,-1600.0,cashflow
384.0,unnamed_5,-958.0,cashflow
385.0,unnamed_5,-1200.0,cashflow
386.0,unnamed_5,-7852.0,cashflow
387.0,unnamed_5,-25350.0,cashflow
388.0,unnamed_5,-15026.0,cashflow
389.0,unnamed_5,-19587.0,cashflow
390.0,unnamed_5,-17598.0,cashflow
391.0,unnamed_5,-13564.0,cashflow
392.0,unnamed_5,-10885.0,cashflow
393.0,unnamed_5,-4791.0,cashflow
394.0,unnamed_5,-8453.0,cashflow
395.0,unnamed_5,-13441.0,cashflow
396.0,unnamed_5,-13704.0,cashflow
397.0,unnamed_5,-13899.0,cashflow
398.0,unnamed_5,-234.0,cashflow
399.0,unnamed_5,-804.0,cashflow
400.0,unnamed_5,-417.0,cashflow
401.0,unnamed_5,-374.0,cashflow
402.0,unnamed_5,-339.0,cashflow
403.0,unnamed_5,-577.0,cashflow
404.0,unnamed_5,-1888.0,cashflow
405.0,unnamed_5,-1043.0,cashflow
406.0,unnamed_5,-613.0,cashflow
407.0,unnamed_5,-490.0,cashflow
408.0,unnamed_5,-1035.0,cashflow
409.0,unnamed_5,-1161.0,cashflow
410.0,unnamed_5,-231.0,cashflow
411.0,unnamed_5,-248.0,cashflow
412.0,unnamed_5,-303.0,cashflow
413.0,unnamed_5,-631.0,cashflow
414.0,unnamed_5,2.0,cashflow
415.0,unnamed_5,-314.0,cashflow
416.0,unnamed_5,-246.0,cashflow
417.0,unnamed_5,-1091.0,cashflow
418.0,unnamed_5,-35.0,cashflow
419.0,unnamed_5,-532.0,cashflow
420.0,unnamed_5,-797.0,cashflow
421.0,unnamed_5,-799.0,cashflow
422.0,unnamed_5,-3951.0,cashflow
423.0,unnamed_5,-4532.0,cashflow
424.0,unnamed_5,-1547.0,cashflow
425.0,unnamed_5,-1929.0,cashflow
426.0,unnamed_5,787.0,cashflow
427.0,unnamed_5,-232.0,cashflow
428.0,unnamed_5,875.0,cashflow
429.0,unnamed_5,-9522.0,cashflow
430.0,unnamed_5,-2184.0,cashflow
431.0,unnamed_5,-3828.0,cashflow
432.0,unnamed_5,-2013.0,cashflow
433.0,unnamed_5,177.0,cashflow
434.0,unnamed_5,118.0,cashflow
435.0,unnamed_5,65.0,cashflow
436.0,unnamed_5,234.0,cashflow
437.0,unnamed_5,196.0,cashflow
438.0,unnamed_5,2025.0,cashflow
439.0,unnamed_5,-1159.0,cashflow
440.0,unnamed_5,209.0,cashflow
441.0,unnamed_5,3357.0,cashflow
442.0,unnamed_5,-180.0,cashflow
443.0,unnamed_5,-179.0,cashflow
444.0,unnamed_5,-205.0,cashflow
445.0,unnamed_5,-148.0,cashflow
446.0,unnamed_5,-157.0,cashflow
447.0,unnamed_5,-24.0,cashflow
448.0,unnamed_5,-433.0,cashflow
449.0,unnamed_5,-1700.0,cashflow
450.0,unnamed_5,-369.0,cashflow
451.0,unnamed_5,-444.0,cashflow
452.0,unnamed_5,-2133.0,cashflow
453.0,unnamed_5,-2516.0,cashflow
454.0,unnamed_5,-30.0,cashflow
455.0,unnamed_5,-242.0,cashflow
456.0,unnamed_5,-2686.0,cashflow
457.0,unnamed_5,-376.0,cashflow
458.0,unnamed_5,-111.0,cashflow
459.0,unnamed_5,-47.0,cashflow
460.0,unnamed_5,-162.0,cashflow
461.0,unnamed_5,-466.0,cashflow
462.0,unnamed_5,25.0,cashflow
463.0,unnamed_5,-262.0,cashflow
464.0,unnamed_5,-292.0,cashflow
465.0,unnamed_5,-858.0,cashflow
466.0,unnamed_5,-15.0,cashflow
467.0,unnamed_5,-593.0,cashflow
468.0,unnamed_5,-417.0,cashflow
469.0,unnamed_5,-844.0,cashflow
470.0,unnamed_5,3642.0,cashflow
471.0,unnamed_5,-3.0,cashflow
472.0,unnamed_5,-3058.0,cashflow
473.0,unnamed_5,-3028.0,cashflow
474.0,unnamed_5,-5275.0,cashflow
475.0,unnamed_5,-5252.0,cashflow
476.0,unnamed_5,-3364.0,cashflow
477.0,unnamed_5,281.0,cashflow
478.0,unnamed_5,-3471.0,cashflow
479.0,unnamed_5,-3917.0,cashflow
480.0,unnamed_5,2972.0,cashflow
481.0,unnamed_5,-3457.0,cashflow
482.0,unnamed_5,282.0,cashflow
483.0,unnamed_5,-620.0,cashflow
484.0,unnamed_5,-12.0,cashflow
485.0,unnamed_5,-202.0,cashflow
486.0,unnamed_5,665.0,cashflow
487.0,unnamed_5,-1384.0,cashflow
488.0,unnamed_5,-2039.0,cashflow
489.0,unnamed_5,-1295.0,cashflow
490.0,unnamed_5,-1816.0,cashflow
491.0,unnamed_5,-380.0,cashflow
492.0,unnamed_5,-794.0,cashflow
493.0,unnamed_5,1406.0,cashflow
494.0,unnamed_5,1348.0,cashflow
495.0,unnamed_5,-1046.0,cashflow
496.0,unnamed_5,-2278.0,cashflow
497.0,unnamed_5,-1365.0,cashflow
498.0,unnamed_5,-3799.0,cashflow
499.0,unnamed_5,3449.0,cashflow
500.0,unnamed_5,4158.0,cashflow
501.0,unnamed_5,-3418.0,cashflow
502.0,unnamed_5,-8003.0,cashflow
503.0,unnamed_5,-6733.0,cashflow
504.0,unnamed_5,26469.0,cashflow
505.0,unnamed_5,33908.0,cashflow
506.0,unnamed_5,-164.0,cashflow
507.0,unnamed_5,-2540.0,cashflow
508.0,unnamed_5,2321.0,cashflow
509.0,unnamed_5,64.0,cashflow
510.0,unnamed_5,-7070.0,cashflow
511.0,unnamed_5,-1464.0,cashflow
512.0,unnamed_5,-1731.0,cashflow
513.0,unnamed_5,-1999.0,cashflow
514.0,unnamed_5,-252.0,cashflow
515.0,unnamed_5,-310.0,cashflow
516.0,unnamed_5,-754.0,cashflow
517.0,unnamed_5,-621.0,cashflow
518.0,unnamed_5,-98.0,cashflow
519.0,unnamed_5,-409.0,cashflow
520.0,unnamed_5,-318.0,cashflow
521.0,unnamed_5,-716.0,cashflow
522.0,unnamed_5,190.0,cashflow
523.0,unnamed_5,-547.0,cashflow
524.0,unnamed_5,-907.0,cashflow
525.0,unnamed_5,-534.0,cashflow
526.0,unnamed_5,-2086.0,cashflow
527.0,unnamed_5,-1308.0,cashflow
528.0,unnamed_5,-3140.0,cashflow
529.0,unnamed_5,-2237.0,cashflow
530.0,unnamed_5,-4517.0,cashflow
531.0,unnamed_5,-5714.0,cashflow
532.0,unnamed_5,-1471.0,cashflow
533.0,unnamed_5,-3168.0,cashflow
534.0,unnamed_5,-11192.0,cashflow
535.0,unnamed_5,-14508.0,cashflow
536.0,unnamed_5,-15881.0,cashflow
537.0,unnamed_5,-15464.0,cashflow
538.0,unnamed_5,13105.0,cashflow
539.0,unnamed_5,9270.0,cashflow
540.0,unnamed_5,18694.0,cashflow
541.0,unnamed_5,37815.0,cashflow
542.0,unnamed_5,-5893.0,cashflow
543.0,unnamed_5,57378.0,cashflow
544.0,unnamed_5,23131.0,cashflow
545.0,unnamed_5,24394.0,cashflow
546.0,unnamed_5,-7321.0,cashflow
547.0,unnamed_5,48124.0,cashflow
548.0,unnamed_5,23941.0,cashflow
549.0,unnamed_5,-3983.0,cashflow
550.0,unnamed_5,,cashflow
551.0,unnamed_5,,cashflow
552.0,unnamed_5,-168.0,cashflow
553.0,unnamed_5,-212.0,cashflow
554.0,unnamed_5,-236.0,cashflow
555.0,unnamed_5,-196.0,cashflow
556.0,unnamed_5,-337.0,cashflow
557.0,unnamed_5,38.0,cashflow
558.0,unnamed_5,678.0,cashflow
559.0,unnamed_5,-238.0,cashflow
560.0,unnamed_5,1985.0,cashflow
561.0,unnamed_5,-403.0,cashflow
562.0,unnamed_5,-1414.0,cashflow
563.0,unnamed_5,-2131.0,cashflow
564.0,unnamed_5,-1475.0,cashflow
565.0,unnamed_5,-2036.0,cashflow
566.0,unnamed_5,-2102.0,cashflow
567.0,unnamed_5,-2252.0,cashflow
568.0,unnamed_5,-2602.0,cashflow
569.0,unnamed_5,-1852.0,cashflow
570.0,unnamed_5,-1975.0,cashflow
571.0,unnamed_5,-2147.0,cashflow
572.0,unnamed_5,-2717.0,cashflow
573.0,unnamed_5,10278.0,cashflow
574.0,unnamed_5,1493.0,cashflow
575.0,unnamed_5,-2437.0,cashflow
576.0,unnamed_5,-8862.0,cashflow
577.0,unnamed_5,-5552.0,cashflow
578.0,unnamed_5,-16412.0,cashflow
579.0,unnamed_5,-5466.0,cashflow
580.0,unnamed_5,6656.0,cashflow
581.0,unnamed_5,-4882.0,cashflow
582.0,unnamed_5,-6765.0,cashflow
583.0,unnamed_5,-10450.0,cashflow
584.0,unnamed_5,-10817.0,cashflow
585.0,unnamed_5,-4147.0,cashflow
586.0,unnamed_5,-2960.0,cashflow
587.0,unnamed_5,-3462.0,cashflow
588.0,unnamed_5,-3864.0,cashflow
589.0,unnamed_5,-4214.0,cashflow
590.0,unnamed_5,-4975.0,cashflow
591.0,unnamed_5,-5390.0,cashflow
592.0,unnamed_5,-6819.0,cashflow
593.0,unnamed_5,-9309.0,cashflow
594.0,unnamed_5,-8015.0,cashflow
595.0,unnamed_5,-8953.0,cashflow
596.0,unnamed_5,-10034.0,cashflow
597.0,unnamed_5,9283.0,cashflow
598.0,unnamed_5,7872.0,cashflow
599.0,unnamed_5,24827.0,cashflow
600.0,unnamed_5,5814.0,cashflow
601.0,unnamed_5,-35470.0,cashflow
602.0,unnamed_5,39676.0,cashflow
603.0,unnamed_5,-19997.0,cashflow
604.0,unnamed_5,2992.0,cashflow
605.0,unnamed_5,-54667.0,cashflow
606.0,unnamed_5,17451.0,cashflow
607.0,unnamed_5,24791.0,cashflow
608.0,unnamed_5,13765.0,cashflow
609.0,unnamed_5,102.0,cashflow
610.0,unnamed_5,4.0,cashflow
611.0,unnamed_5,-93.0,cashflow
612.0,unnamed_5,-148.0,cashflow
613.0,unnamed_5,361.0,cashflow
614.0,unnamed_5,-96.0,cashflow
615.0,unnamed_5,-310.0,cashflow
616.0,unnamed_5,-420.0,cashflow
617.0,unnamed_5,-212.0,cashflow
618.0,unnamed_5,-879.0,cashflow
619.0,unnamed_5,-695.0,cashflow
620.0,unnamed_5,-355.0,cashflow
621.0,unnamed_5,-514.0,cashflow
622.0,unnamed_5,-1091.0,cashflow
623.0,unnamed_5,-966.0,cashflow
624.0,unnamed_5,-1442.0,cashflow
625.0,unnamed_5,-994.0,cashflow
626.0,unnamed_5,-1188.0,cashflow
627.0,unnamed_5,-843.0,cashflow
628.0,unnamed_5,-405.0,cashflow
629.0,unnamed_5,1205.0,cashflow
630.0,unnamed_5,-319.0,cashflow
631.0,unnamed_5,-112.0,cashflow
632.0,unnamed_5,-88.0,cashflow
633.0,unnamed_5,36.0,cashflow
634.0,unnamed_5,1285.0,cashflow
635.0,unnamed_5,-1308.0,cashflow
636.0,unnamed_5,-1220.0,cashflow
637.0,unnamed_5,-1401.0,cashflow
638.0,unnamed_5,766.0,cashflow
639.0,unnamed_5,-592.0,cashflow
640.0,unnamed_5,-2407.0,cashflow
641.0,unnamed_5,-1775.0,cashflow
642.0,unnamed_5,-3088.0,cashflow
643.0,unnamed_5,-8432.0,cashflow
644.0,unnamed_5,-9979.0,cashflow
645.0,unnamed_5,1969.0,cashflow
646.0,unnamed_5,4200.0,cashflow
647.0,unnamed_5,5707.0,cashflow
648.0,unnamed_5,2517.0,cashflow
649.0,unnamed_5,-2768.0,cashflow
650.0,unnamed_5,15505.0,cashflow
651.0,unnamed_5,8590.0,cashflow
652.0,unnamed_5,12733.0,cashflow
653.0,unnamed_5,-4096.0,cashflow
654.0,unnamed_5,-4302.0,cashflow
655.0,unnamed_5,1115.0,cashflow
656.0,unnamed_5,-2242.0,cashflow
657.0,unnamed_5,-3210.0,cashflow
658.0,unnamed_5,-3144.0,cashflow
659.0,unnamed_5,-4935.0,cashflow
660.0,unnamed_5,-6813.0,cashflow
661.0,unnamed_5,-6939.0,cashflow
662.0,unnamed_5,-20505.0,cashflow
663.0,unnamed_5,-14512.0,cashflow
664.0,unnamed_5,-17591.0,cashflow
665.0,unnamed_5,-9786.0,cashflow
666.0,unnamed_5,-24642.0,cashflow
667.0,unnamed_5,-26695.0,cashflow
668.0,unnamed_5,-17504.0,cashflow
669.0,unnamed_5,352.0,cashflow
670.0,unnamed_5,-3116.0,cashflow
671.0,unnamed_5,-38283.0,cashflow
672.0,unnamed_5,-11890.0,cashflow
673.0,unnamed_5,-10937.0,cashflow
674.0,unnamed_5,-12007.0,cashflow
675.0,unnamed_5,10436.0,cashflow
676.0,unnamed_5,22456.0,cashflow
677.0,unnamed_5,-27369.0,cashflow
678.0,unnamed_5,-4058.0,cashflow
679.0,unnamed_5,-1794.0,cashflow
680.0,unnamed_5,-39385.0,cashflow
681.0,unnamed_5,-17.0,cashflow
682.0,unnamed_5,-31.0,cashflow
683.0,unnamed_5,-136.0,cashflow
684.0,unnamed_5,-57.0,cashflow
685.0,unnamed_5,-179.0,cashflow
686.0,unnamed_5,-280.0,cashflow
687.0,unnamed_5,-47.0,cashflow
688.0,unnamed_5,-258.0,cashflow
689.0,unnamed_5,-434.0,cashflow
690.0,unnamed_5,-404.0,cashflow
691.0,unnamed_5,17582.0,cashflow
692.0,unnamed_5,18250.0,cashflow
693.0,unnamed_5,28075.0,cashflow
694.0,unnamed_5,41749.0,cashflow
695.0,unnamed_5,62697.0,cashflow
696.0,unnamed_5,90202.0,cashflow
697.0,unnamed_5,64266.0,cashflow
698.0,unnamed_5,28644.0,cashflow
699.0,unnamed_5,-8046.0,cashflow
700.0,unnamed_5,-3310.0,cashflow
701.0,unnamed_5,-4122.0,cashflow
702.0,unnamed_5,-4661.0,cashflow
703.0,unnamed_5,-5613.0,cashflow
704.0,unnamed_5,-7301.0,cashflow
705.0,unnamed_5,-6221.0,cashflow
706.0,unnamed_5,-6869.0,cashflow
707.0,unnamed_5,-8181.0,cashflow
708.0,unnamed_5,-18634.0,cashflow
709.0,unnamed_5,-13580.0,cashflow
710.0,unnamed_5,-13006.0,cashflow
711.0,unnamed_5,-18551.0,cashflow
712.0,unnamed_5,6111.0,cashflow
713.0,unnamed_5,8879.0,cashflow
714.0,unnamed_5,5708.0,cashflow
715.0,unnamed_5,-2672.0,cashflow
716.0,unnamed_5,-5108.0,cashflow
717.0,unnamed_5,-6276.0,cashflow
718.0,unnamed_5,-8261.0,cashflow
719.0,unnamed_5,-7016.0,cashflow
720.0,unnamed_5,-4612.0,cashflow
721.0,unnamed_5,-15120.0,cashflow
722.0,unnamed_5,-2500.0,cashflow
723.0,unnamed_5,1381.0,cashflow
724.0,unnamed_5,-889.0,cashflow
725.0,unnamed_5,-753.0,cashflow
726.0,unnamed_5,-684.0,cashflow
727.0,unnamed_5,-1859.0,cashflow
728.0,unnamed_5,-2327.0,cashflow
729.0,unnamed_5,-1622.0,cashflow
730.0,unnamed_5,-2595.0,cashflow
731.0,unnamed_5,-3968.0,cashflow
732.0,unnamed_5,-2523.0,cashflow
733.0,unnamed_5,-1962.0,cashflow
734.0,unnamed_5,-2515.0,cashflow
735.0,unnamed_5,-781.0,cashflow
736.0,unnamed_5,7327.0,cashflow
737.0,unnamed_5,1675.0,cashflow
738.0,unnamed_5,-791.0,cashflow
739.0,unnamed_5,3300.0,cashflow
740.0,unnamed_5,-169.0,cashflow
741.0,unnamed_5,-3151.0,cashflow
742.0,unnamed_5,-2710.0,cashflow
743.0,unnamed_5,-8185.0,cashflow
744.0,unnamed_5,1753.0,cashflow
745.0,unnamed_5,5189.0,cashflow
746.0,unnamed_5,-3110.0,cashflow
747.0,unnamed_5,-14657.0,cashflow
748.0,unnamed_5,-5977.0,cashflow
749.0,unnamed_5,-5005.0,cashflow
750.0,unnamed_5,7099.0,cashflow
751.0,unnamed_5,-5814.0,cashflow
752.0,unnamed_5,2426.0,cashflow
753.0,unnamed_5,2024.0,cashflow
754.0,unnamed_5,6055.0,cashflow
755.0,unnamed_5,14679.0,cashflow
756.0,unnamed_5,8365.0,cashflow
757.0,unnamed_5,-735.0,cashflow
758.0,unnamed_5,-10072.0,cashflow
759.0,unnamed_5,7543.0,cashflow
760.0,unnamed_5,1883.0,cashflow
761.0,unnamed_5,15515.0,cashflow
762.0,unnamed_5,-13700.0,cashflow
763.0,unnamed_5,-18664.0,cashflow
764.0,unnamed_5,-256125.0,cashflow
765.0,unnamed_5,0.0,cashflow
766.0,unnamed_5,-949.0,cashflow
767.0,unnamed_5,-4427.0,cashflow
777.0,unnamed_5,330.0,cashflow
778.0,unnamed_5,-312.0,cashflow
779.0,unnamed_5,24.0,cashflow
780.0,unnamed_5,736.0,cashflow
781.0,unnamed_5,-4188.0,cashflow
782.0,unnamed_5,-2835.0,cashflow
783.0,unnamed_5,-2888.0,cashflow
784.0,unnamed_5,-3706.0,cashflow
785.0,unnamed_5,951.0,cashflow
786.0,unnamed_5,11429.0,cashflow
787.0,unnamed_5,13136.0,cashflow
788.0,unnamed_5,7903.0,cashflow
789.0,unnamed_5,7253.0,cashflow
790.0,unnamed_5,2896.0,cashflow
791.0,unnamed_5,9370.0,cashflow
792.0,unnamed_5,15440.0,cashflow
793.0,unnamed_5,6372.0,cashflow
794.0,unnamed_5,-15274.0,cashflow
795.0,unnamed_5,-15181.0,cashflow
796.0,unnamed_5,-11572.0,cashflow
797.0,unnamed_5,-25413.0,cashflow
798.0,unnamed_5,-396.0,cashflow
799.0,unnamed_5,-769.0,cashflow
800.0,unnamed_5,-497.0,cashflow
801.0,unnamed_5,-817.0,cashflow
802.0,unnamed_5,-33.0,cashflow
803.0,unnamed_5,-408.0,cashflow
804.0,unnamed_5,-594.0,cashflow
805.0,unnamed_5,-890.0,cashflow
806.0,unnamed_5,-509.0,cashflow
807.0,unnamed_5,-1680.0,cashflow
808.0,unnamed_5,-1932.0,cashflow
809.0,unnamed_5,-2269.0,cashflow
810.0,unnamed_5,4508.0,cashflow
811.0,unnamed_5,5577.0,cashflow
812.0,unnamed_5,1669.0,cashflow
813.0,unnamed_5,2967.0,cashflow
814.0,unnamed_5,6108.0,cashflow
815.0,unnamed_5,6314.0,cashflow
816.0,unnamed_5,13194.0,cashflow
817.0,unnamed_5,6933.0,cashflow
818.0,unnamed_5,406.0,cashflow
819.0,unnamed_5,-5883.0,cashflow
820.0,unnamed_5,15946.0,cashflow
821.0,unnamed_5,12281.0,cashflow
822.0,unnamed_5,-979.0,cashflow
823.0,unnamed_5,-74.0,cashflow
824.0,unnamed_5,-2004.0,cashflow
825.0,unnamed_5,-1237.0,cashflow
826.0,unnamed_5,-1129.0,cashflow
827.0,unnamed_5,-3436.0,cashflow
828.0,unnamed_5,-2948.0,cashflow
829.0,unnamed_5,-3104.0,cashflow
830.0,unnamed_5,-1545.0,cashflow
831.0,unnamed_5,-1607.0,cashflow
832.0,unnamed_5,-1214.0,cashflow
833.0,unnamed_5,-4062.0,cashflow
834.0,unnamed_5,-256.0,cashflow
835.0,unnamed_5,-1080.0,cashflow
836.0,unnamed_5,494.0,cashflow
837.0,unnamed_5,-263.0,cashflow
838.0,unnamed_5,5518.0,cashflow
839.0,unnamed_5,-2221.0,cashflow
840.0,unnamed_5,-225.0,cashflow
841.0,unnamed_5,-2803.0,cashflow
842.0,unnamed_5,-2098.0,cashflow
843.0,unnamed_5,-1217.0,cashflow
844.0,unnamed_5,-2734.0,cashflow
845.0,unnamed_5,1281.0,cashflow
846.0,unnamed_5,-12.0,cashflow
847.0,unnamed_5,130.0,cashflow
848.0,unnamed_5,1025.0,cashflow
849.0,unnamed_5,-66.0,cashflow
850.0,unnamed_5,-42.0,cashflow
851.0,unnamed_5,-75.0,cashflow
852.0,unnamed_5,-78.0,cashflow
853.0,unnamed_5,-143.0,cashflow
854.0,unnamed_5,1880.0,cashflow
855.0,unnamed_5,35.0,cashflow
856.0,unnamed_5,2.0,cashflow
857.0,unnamed_5,120.0,cashflow
858.0,unnamed_5,-580.0,cashflow
859.0,unnamed_5,-1635.0,cashflow
860.0,unnamed_5,-498.0,cashflow
861.0,unnamed_5,-666.0,cashflow
862.0,unnamed_5,-997.0,cashflow
863.0,unnamed_5,-1317.0,cashflow
864.0,unnamed_5,-3602.0,cashflow
865.0,unnamed_5,-1956.0,cashflow
866.0,unnamed_5,-2020.0,cashflow
867.0,unnamed_5,-2123.0,cashflow
868.0,unnamed_5,-2436.0,cashflow
869.0,unnamed_5,-3135.0,cashflow
870.0,unnamed_5,-1344.0,cashflow
871.0,unnamed_5,-4536.0,cashflow
872.0,unnamed_5,-2494.0,cashflow
873.0,unnamed_5,-4000.0,cashflow
874.0,unnamed_5,-7812.0,cashflow
875.0,unnamed_5,-3863.0,cashflow
876.0,unnamed_5,-2637.0,cashflow
877.0,unnamed_5,12.0,cashflow
878.0,unnamed_5,-3058.0,cashflow
879.0,unnamed_5,-638.0,cashflow
880.0,unnamed_5,-795.0,cashflow
881.0,unnamed_5,-581.0,cashflow
882.0,unnamed_5,988.0,cashflow
883.0,unnamed_5,-2709.0,cashflow
884.0,unnamed_5,-1474.0,cashflow
885.0,unnamed_5,-3899.0,cashflow
886.0,unnamed_5,3138.0,cashflow
887.0,unnamed_5,1028.0,cashflow
888.0,unnamed_5,4927.0,cashflow
889.0,unnamed_5,6004.0,cashflow
890.0,unnamed_5,-11049.0,cashflow
891.0,unnamed_5,-19172.0,cashflow
892.0,unnamed_5,-21217.0,cashflow
893.0,unnamed_5,-8246.0,cashflow
894.0,unnamed_5,-6927.0,cashflow
895.0,unnamed_5,15225.0,cashflow
896.0,unnamed_5,-10641.0,cashflow
897.0,unnamed_5,-8972.0,cashflow
898.0,unnamed_5,-1867.0,cashflow
899.0,unnamed_5,9909.0,cashflow
900.0,unnamed_5,-23324.0,cashflow
901.0,unnamed_5,-16726.0,cashflow
902.0,unnamed_5,-8239.0,cashflow
903.0,unnamed_5,-35790.0,cashflow
904.0,unnamed_5,-12876.0,cashflow
905.0,unnamed_5,-45650.0,cashflow
906.0,unnamed_5,27947.0,cashflow
907.0,unnamed_5,17671.0,cashflow
908.0,unnamed_5,26916.0,cashflow
909.0,unnamed_5,10383.0,cashflow
910.0,unnamed_5,1950.0,cashflow
911.0,unnamed_5,52018.0,cashflow
912.0,unnamed_5,93616.0,cashflow
913.0,unnamed_5,43399.0,cashflow
914.0,unnamed_5,60424.0,cashflow
915.0,unnamed_5,-8371.0,cashflow
916.0,unnamed_5,75537.0,cashflow
917.0,unnamed_5,101261.0,cashflow
918.0,unnamed_5,-339.0,cashflow
919.0,unnamed_5,-242.0,cashflow
920.0,unnamed_5,-165.0,cashflow
921.0,unnamed_5,-371.0,cashflow
922.0,unnamed_5,41.0,cashflow
923.0,unnamed_5,-790.0,cashflow
924.0,unnamed_5,-361.0,cashflow
925.0,unnamed_5,-849.0,cashflow
926.0,unnamed_5,-76.0,cashflow
927.0,unnamed_5,-468.0,cashflow
928.0,unnamed_5,-656.0,cashflow
929.0,unnamed_5,-742.0,cashflow
930.0,unnamed_5,-694.0,cashflow
931.0,unnamed_5,2129.0,cashflow
932.0,unnamed_5,7451.0,cashflow
933.0,unnamed_5,5975.0,cashflow
934.0,unnamed_5,-9767.0,cashflow
935.0,unnamed_5,7460.0,cashflow
936.0,unnamed_5,13969.0,cashflow
937.0,unnamed_5,13591.0,cashflow
938.0,unnamed_5,5415.0,cashflow
939.0,unnamed_5,2032.0,cashflow
940.0,unnamed_5,1275.0,cashflow
941.0,unnamed_5,3518.0,cashflow
942.0,unnamed_5,9962.0,cashflow
943.0,unnamed_5,13712.0,cashflow
944.0,unnamed_5,6399.0,cashflow
945.0,unnamed_5,5621.0,cashflow
946.0,unnamed_5,3959.0,cashflow
947.0,unnamed_5,1285.0,cashflow
948.0,unnamed_5,-2431.0,cashflow
949.0,unnamed_5,-18806.0,cashflow
950.0,unnamed_5,-20521.0,cashflow
951.0,unnamed_5,-28967.0,cashflow
952.0,unnamed_5,-30450.0,cashflow
953.0,unnamed_5,-25903.0,cashflow
954.0,unnamed_5,16059.0,cashflow
955.0,unnamed_5,16815.0,cashflow
956.0,unnamed_5,23098.0,cashflow
957.0,unnamed_5,15291.0,cashflow
958.0,unnamed_5,-3947.0,cashflow
959.0,unnamed_5,28244.0,cashflow
960.0,unnamed_5,35543.0,cashflow
961.0,unnamed_5,33926.0,cashflow
962.0,unnamed_5,42113.0,cashflow
963.0,unnamed_5,68.0,cashflow
964.0,unnamed_5,38123.0,cashflow
965.0,unnamed_5,59588.0,cashflow
966.0,unnamed_5,408.0,cashflow
967.0,unnamed_5,13713.0,cashflow
968.0,unnamed_5,8444.0,cashflow
969.0,unnamed_5,-3210.0,cashflow
970.0,unnamed_5,8617.0,cashflow
971.0,unnamed_5,-2001.0,cashflow
972.0,unnamed_5,55906.0,cashflow
973.0,unnamed_5,-2541.0,cashflow
974.0,unnamed_5,101904.0,cashflow
975.0,unnamed_5,17289.0,cashflow
976.0,unnamed_5,10455.0,cashflow
977.0,unnamed_5,-16646.0,cashflow
978.0,unnamed_5,-58.0,cashflow
979.0,unnamed_5,-58.0,cashflow
980.0,unnamed_5,-117.0,cashflow
981.0,unnamed_5,-144.0,cashflow
982.0,unnamed_5,-144.0,cashflow
983.0,unnamed_5,-221.0,cashflow
984.0,unnamed_5,-241.0,cashflow
985.0,unnamed_5,-198.0,cashflow
986.0,unnamed_5,3.0,cashflow
987.0,unnamed_5,-231.0,cashflow
988.0,unnamed_5,-415.0,cashflow
989.0,unnamed_5,-227.0,cashflow
990.0,unnamed_5,-4424.0,cashflow
991.0,unnamed_5,3583.0,cashflow
992.0,unnamed_5,-1553.0,cashflow
993.0,unnamed_5,4348.0,cashflow
994.0,unnamed_5,-4196.0,cashflow
995.0,unnamed_5,5547.0,cashflow
996.0,unnamed_5,448.0,cashflow
997.0,unnamed_5,5430.0,cashflow
998.0,unnamed_5,7143.0,cashflow
999.0,unnamed_5,-3845.0,cashflow
1000.0,unnamed_5,6386.0,cashflow
1001.0,unnamed_5,-9896.0,cashflow
1002.0,unnamed_5,-982.0,cashflow
1003.0,unnamed_5,-156.0,cashflow
1004.0,unnamed_5,-259.0,cashflow
1005.0,unnamed_5,-271.0,cashflow
1006.0,unnamed_5,-167.0,cashflow
1007.0,unnamed_5,1726.0,cashflow
1008.0,unnamed_5,-1276.0,cashflow
1009.0,unnamed_5,1581.0,cashflow
1010.0,unnamed_5,-1233.0,cashflow
1011.0,unnamed_5,-849.0,cashflow
1012.0,unnamed_5,-277.0,cashflow
1013.0,unnamed_5,-1710.0,cashflow
1014.0,unnamed_5,9060.0,cashflow
1015.0,unnamed_5,5010.0,cashflow
1016.0,unnamed_5,7836.0,cashflow
1017.0,unnamed_5,2822.0,cashflow
1018.0,unnamed_5,3017.0,cashflow
1019.0,unnamed_5,13014.0,cashflow
1020.0,unnamed_5,5550.0,cashflow
1021.0,unnamed_5,4579.0,cashflow
1022.0,unnamed_5,12226.0,cashflow
1023.0,unnamed_5,8505.0,cashflow
1024.0,unnamed_5,11820.0,cashflow
1025.0,unnamed_5,27609.0,cashflow
1026.0,unnamed_5,-196.0,cashflow
1027.0,unnamed_5,-220.0,cashflow
1028.0,unnamed_5,-245.0,cashflow
1029.0,unnamed_5,-1614.0,cashflow
1030.0,unnamed_5,-285.0,cashflow
1031.0,unnamed_5,-305.0,cashflow
1032.0,unnamed_5,-312.0,cashflow
1033.0,unnamed_5,-386.0,cashflow
1034.0,unnamed_5,-502.0,cashflow
1035.0,unnamed_5,-392.0,cashflow
1036.0,unnamed_5,-450.0,cashflow
1037.0,unnamed_5,-523.0,cashflow
1038.0,unnamed_5,-665.0,cashflow
1039.0,unnamed_5,507.0,cashflow
1040.0,unnamed_5,-1187.0,cashflow
1041.0,unnamed_5,-1889.0,cashflow
1042.0,unnamed_5,-2285.0,cashflow
1043.0,unnamed_5,-1539.0,cashflow
1044.0,unnamed_5,-2731.0,cashflow
1045.0,unnamed_5,-5715.0,cashflow
1046.0,unnamed_5,-5980.0,cashflow
1047.0,unnamed_5,-5193.0,cashflow
1048.0,unnamed_5,2376.0,cashflow
1049.0,unnamed_5,-6710.0,cashflow
1050.0,unnamed_5,186.0,cashflow
1051.0,unnamed_5,-363.0,cashflow
1052.0,unnamed_5,-392.0,cashflow
1053.0,unnamed_5,-282.0,cashflow
1054.0,unnamed_5,-816.0,cashflow
1055.0,unnamed_5,-30.0,cashflow
1056.0,unnamed_5,-224.0,cashflow
1057.0,unnamed_5,-308.0,cashflow
1058.0,unnamed_5,-426.0,cashflow
1059.0,unnamed_5,-995.0,cashflow
1060.0,unnamed_5,-714.0,cashflow
1061.0,unnamed_5,256.0,cashflow
1062.0,unnamed_5,-1692.0,cashflow
1063.0,unnamed_5,-3883.0,cashflow
1064.0,unnamed_5,5201.0,cashflow
1065.0,unnamed_5,-3795.0,cashflow
1066.0,unnamed_5,6205.0,cashflow
1067.0,unnamed_5,2012.0,cashflow
1068.0,unnamed_5,8830.0,cashflow
1069.0,unnamed_5,3390.0,cashflow
1070.0,unnamed_5,9904.0,cashflow
1071.0,unnamed_5,-3380.0,cashflow
1072.0,unnamed_5,-26243.0,cashflow
1073.0,unnamed_5,-37006.0,cashflow
1074.0,unnamed_5,-593.0,cashflow
1075.0,unnamed_5,-3265.0,cashflow
1076.0,unnamed_5,-2239.0,cashflow
1077.0,unnamed_5,-6183.0,cashflow
1078.0,unnamed_5,937.0,cashflow
1079.0,unnamed_5,-4726.0,cashflow
1080.0,unnamed_5,-5184.0,cashflow
1081.0,unnamed_5,-5110.0,cashflow
1082.0,unnamed_5,-7603.0,cashflow
1083.0,unnamed_5,-1183.0,cashflow
1084.0,unnamed_5,1341.0,cashflow
1085.0,unnamed_5,-4497.0,cashflow
1086.0,unnamed_5,-1780.0,cashflow
1087.0,unnamed_5,1015.0,cashflow
1088.0,unnamed_5,-2617.0,cashflow
1089.0,unnamed_5,-4729.0,cashflow
1090.0,unnamed_5,-2579.0,cashflow
1091.0,unnamed_5,6640.0,cashflow
1092.0,unnamed_5,-673.0,cashflow
1093.0,unnamed_5,-1695.0,cashflow
1094.0,unnamed_5,-37090.0,cashflow
1095.0,unnamed_5,-23401.0,cashflow
1096.0,unnamed_5,-6981.0,cashflow
1097.0,unnamed_5,-11097.0,cashflow
1098.0,unnamed_5,-5729.0,cashflow
1099.0,unnamed_5,-5673.0,cashflow
1100.0,unnamed_5,-17168.0,cashflow
1101.0,unnamed_5,-9666.0,cashflow
1102.0,unnamed_5,-11026.0,cashflow
1103.0,unnamed_5,-26885.0,cashflow
1104.0,unnamed_5,-27897.0,cashflow
1105.0,unnamed_5,-39915.0,cashflow
1106.0,unnamed_5,-32634.0,cashflow
1107.0,unnamed_5,-33581.0,cashflow
1108.0,unnamed_5,-47878.0,cashflow
1109.0,unnamed_5,-48536.0,cashflow
1110.0,unnamed_5,65.0,cashflow
1111.0,unnamed_5,-972.0,cashflow
1112.0,unnamed_5,-829.0,cashflow
1113.0,unnamed_5,-496.0,cashflow
1114.0,unnamed_5,-1571.0,cashflow
1115.0,unnamed_5,-269.0,cashflow
1116.0,unnamed_5,-2251.0,cashflow
1117.0,unnamed_5,-4466.0,cashflow
1118.0,unnamed_5,-2987.0,cashflow
1119.0,unnamed_5,-4667.0,cashflow
1120.0,unnamed_5,-5078.0,cashflow
1121.0,unnamed_5,-4767.0,cashflow
1122.0,unnamed_5,-236.0,cashflow
1123.0,unnamed_5,497.0,cashflow
1124.0,unnamed_5,-1005.0,cashflow
1125.0,unnamed_5,-505.0,cashflow
1126.0,unnamed_5,-166.0,cashflow
1127.0,unnamed_5,-252.0,cashflow
1128.0,unnamed_5,-489.0,cashflow
1129.0,unnamed_5,-242.0,cashflow
1130.0,unnamed_5,-1234.0,cashflow
1131.0,unnamed_5,-403.0,cashflow
1132.0,unnamed_5,457.0,cashflow
1133.0,unnamed_5,-1329.0,cashflow
1134.0,unnamed_5,20.0,cashflow
1135.0,unnamed_5,86.0,cashflow
1136.0,unnamed_5,1212.0,cashflow
1137.0,unnamed_5,-1435.0,cashflow
1138.0,unnamed_5,-193.0,cashflow
1139.0,unnamed_5,3417.0,cashflow
1140.0,unnamed_5,-1314.0,cashflow
1141.0,unnamed_5,-1549.0,cashflow
1142.0,unnamed_5,-1651.0,cashflow
1143.0,unnamed_5,-1781.0,cashflow
1144.0,unnamed_5,77.0,cashflow
1145.0,unnamed_5,-2780.0,cashflow
1146.0,unnamed_5,147.0,cashflow
1147.0,unnamed_5,-50.0,cashflow
1148.0,unnamed_5,310.0,cashflow
1149.0,unnamed_5,-13.0,cashflow
1150.0,unnamed_5,-51.0,cashflow
1151.0,unnamed_5,-74.0,cashflow
1152.0,unnamed_5,37.0,cashflow
1153.0,unnamed_5,452.0,cashflow
1154.0,unnamed_5,-283.0,cashflow
1155.0,unnamed_5,-108.0,cashflow
1156.0,unnamed_5,-491.0,cashflow
1157.0,unnamed_5,-629.0,cashflow
1158.0,unnamed_5,-402.0,cashflow
1159.0,unnamed_5,-216.0,cashflow
1160.0,unnamed_5,261.0,cashflow
1161.0,unnamed_5,-319.0,cashflow
1162.0,unnamed_5,-59.0,cashflow
1163.0,unnamed_5,897.0,cashflow
1164.0,unnamed_5,2210.0,cashflow
1165.0,unnamed_5,1619.0,cashflow
1166.0,unnamed_5,264.0,cashflow
1167.0,unnamed_5,2918.0,cashflow
1168.0,unnamed_5,6118.0,cashflow
1169.0,unnamed_5,2759.0,cashflow
1170.0,unnamed_5,715.0,cashflow
1171.0,unnamed_5,-949.0,cashflow
1172.0,unnamed_5,-2110.0,cashflow
1173.0,unnamed_5,-844.0,cashflow
1174.0,unnamed_5,-2535.0,cashflow
1175.0,unnamed_5,-5735.0,cashflow
1176.0,unnamed_5,-6757.0,cashflow
1177.0,unnamed_5,-5076.0,cashflow
1178.0,unnamed_5,-4356.0,cashflow
1179.0,unnamed_5,-12498.0,cashflow
1180.0,unnamed_5,-1631.0,cashflow
1181.0,unnamed_5,-1926.0,cashflow
1182.0,unnamed_5,5096.0,cashflow
1183.0,unnamed_5,4902.0,cashflow
1184.0,unnamed_5,3168.0,cashflow
1185.0,unnamed_5,-2.0,cashflow
1186.0,unnamed_5,10194.0,cashflow
1187.0,unnamed_5,10792.0,cashflow
1188.0,unnamed_5,1758.0,cashflow
1189.0,unnamed_5,201.0,cashflow
1190.0,unnamed_5,-18861.0,cashflow
1191.0,unnamed_5,-786.0,cashflow
1192.0,unnamed_5,-10654.0,cashflow
1193.0,unnamed_5,-11489.0,cashflow
1194.0,unnamed_5,-992.0,cashflow
1195.0,unnamed_5,1235.0,cashflow
1196.0,unnamed_5,-4002.0,cashflow
1197.0,unnamed_5,-1155.0,cashflow
1198.0,unnamed_5,-475.0,cashflow
1199.0,unnamed_5,-966.0,cashflow
1200.0,unnamed_5,-808.0,cashflow
1201.0,unnamed_5,-740.0,cashflow
1202.0,unnamed_5,-1707.0,cashflow
1203.0,unnamed_5,-688.0,cashflow
1204.0,unnamed_5,-500.0,cashflow
1205.0,unnamed_5,-407.0,cashflow
1206.0,unnamed_5,229.0,cashflow
1207.0,unnamed_5,274.0,cashflow
1208.0,unnamed_5,58.0,cashflow
1209.0,unnamed_5,-236.0,cashflow
1210.0,unnamed_5,230.0,cashflow
1211.0,unnamed_5,159.0,cashflow
1212.0,unnamed_5,-84.0,cashflow
1213.0,unnamed_5,1107.0,cashflow
1214.0,unnamed_5,-574.0,cashflow
1215.0,unnamed_5,-178.0,cashflow
1216.0,unnamed_5,-18.0,cashflow
1217.0,unnamed_5,985.0,cashflow
1218.0,unnamed_5,238.0,cashflow
1219.0,unnamed_5,-5052.0,cashflow
1220.0,unnamed_5,-13956.0,cashflow
1221.0,unnamed_5,-11303.0,cashflow
1222.0,unnamed_5,-12425.0,cashflow
1223.0,unnamed_5,-39255.0,cashflow
1224.0,unnamed_5,-10242.0,cashflow
1225.0,unnamed_5,-15547.0,cashflow
1226.0,unnamed_5,-17565.0,cashflow
1227.0,unnamed_5,-28903.0,cashflow
1228.0,unnamed_5,-34142.0,cashflow
1229.0,unnamed_5,-26092.0,cashflow
1230.0,unnamed_5,-1140.0,cashflow
1231.0,unnamed_5,-3570.0,cashflow
1232.0,unnamed_5,-830.0,cashflow
1233.0,unnamed_5,-159.0,cashflow
1234.0,unnamed_5,-2275.0,cashflow
1235.0,unnamed_5,-12998.0,cashflow
1236.0,unnamed_5,-4937.0,cashflow
1237.0,unnamed_5,-15100.0,cashflow
1238.0,unnamed_5,-12884.0,cashflow
1239.0,unnamed_5,4659.0,cashflow
1240.0,unnamed_5,-6088.0,cashflow
1241.0,unnamed_5,-18257.0,cashflow
1242.0,unnamed_5,359.0,cashflow
1243.0,unnamed_5,6402.0,cashflow
1244.0,unnamed_5,8750.0,cashflow
1245.0,unnamed_5,-127.0,cashflow
1246.0,unnamed_5,-207.0,cashflow
1247.0,unnamed_5,286.0,cashflow
1248.0,unnamed_5,-529.0,cashflow
1249.0,unnamed_5,-351.0,cashflow
1250.0,unnamed_5,-935.0,cashflow
1251.0,unnamed_5,2316.0,cashflow
1252.0,unnamed_5,52.0,cashflow
1253.0,unnamed_5,1885.0,cashflow
1254.0,unnamed_5,-1528.0,cashflow
1255.0,unnamed_5,-2548.0,cashflow
1256.0,unnamed_5,-868.0,cashflow
1257.0,unnamed_5,-4400.0,cashflow
1258.0,unnamed_5,-1810.0,cashflow
,unnamed_6,,cashflow
37.0,unnamed_6,-152.0,cashflow
38.0,unnamed_6,-374.0,cashflow
39.0,unnamed_6,394.0,cashflow
40.0,unnamed_6,4433.0,cashflow
41.0,unnamed_6,-2698.0,cashflow
42.0,unnamed_6,1286.0,cashflow
43.0,unnamed_6,2341.0,cashflow
44.0,unnamed_6,1422.0,cashflow
45.0,unnamed_6,-1788.0,cashflow
46.0,unnamed_6,5630.0,cashflow
47.0,unnamed_6,-5365.0,cashflow
48.0,unnamed_6,1893.0,cashflow
61.0,unnamed_6,1.0,cashflow
62.0,unnamed_6,-31.0,cashflow
63.0,unnamed_6,-30.0,cashflow
64.0,unnamed_6,91.0,cashflow
65.0,unnamed_6,62.0,cashflow
66.0,unnamed_6,-165.0,cashflow
67.0,unnamed_6,99.0,cashflow
68.0,unnamed_6,8.0,cashflow
69.0,unnamed_6,73.0,cashflow
70.0,unnamed_6,-86.0,cashflow
71.0,unnamed_6,107.0,cashflow
72.0,unnamed_6,52.0,cashflow
73.0,unnamed_6,0.0,cashflow
74.0,unnamed_6,3.0,cashflow
75.0,unnamed_6,6.0,cashflow
76.0,unnamed_6,4.0,cashflow
77.0,unnamed_6,596.0,cashflow
78.0,unnamed_6,-421.0,cashflow
79.0,unnamed_6,1045.0,cashflow
80.0,unnamed_6,-969.0,cashflow
81.0,unnamed_6,-75.0,cashflow
82.0,unnamed_6,2.0,cashflow
83.0,unnamed_6,551.0,cashflow
84.0,unnamed_6,0.0,cashflow
85.0,unnamed_6,3.0,cashflow
86.0,unnamed_6,6.0,cashflow
87.0,unnamed_6,4.0,cashflow
88.0,unnamed_6,596.0,cashflow
89.0,unnamed_6,-421.0,cashflow
90.0,unnamed_6,1045.0,cashflow
91.0,unnamed_6,-969.0,cashflow
92.0,unnamed_6,-75.0,cashflow
93.0,unnamed_6,2.0,cashflow
94.0,unnamed_6,551.0,cashflow
95.0,unnamed_6,75.0,cashflow
96.0,unnamed_6,-888.0,cashflow
97.0,unnamed_6,512.0,cashflow
98.0,unnamed_6,-161.0,cashflow
99.0,unnamed_6,30.0,cashflow
100.0,unnamed_6,413.0,cashflow
101.0,unnamed_6,-436.0,cashflow
102.0,unnamed_6,1151.0,cashflow
103.0,unnamed_6,-1459.0,cashflow
104.0,unnamed_6,246.0,cashflow
105.0,unnamed_6,970.0,cashflow
106.0,unnamed_6,424.0,cashflow
107.0,unnamed_6,76.0,cashflow
108.0,unnamed_6,162.0,cashflow
109.0,unnamed_6,3.0,cashflow
110.0,unnamed_6,383.0,cashflow
111.0,unnamed_6,-453.0,cashflow
112.0,unnamed_6,383.0,cashflow
113.0,unnamed_6,435.0,cashflow
114.0,unnamed_6,606.0,cashflow
115.0,unnamed_6,381.0,cashflow
116.0,unnamed_6,-606.0,cashflow
117.0,unnamed_6,335.0,cashflow
118.0,unnamed_6,398.0,cashflow
119.0,unnamed_6,109.0,cashflow
120.0,unnamed_6,-127.0,cashflow
121.0,unnamed_6,3975.0,cashflow
122.0,unnamed_6,2397.0,cashflow
123.0,unnamed_6,-2994.0,cashflow
124.0,unnamed_6,4341.0,cashflow
125.0,unnamed_6,-7550.0,cashflow
126.0,unnamed_6,450.0,cashflow
127.0,unnamed_6,-203.0,cashflow
128.0,unnamed_6,169.0,cashflow
129.0,unnamed_6,-58.0,cashflow
130.0,unnamed_6,-148.0,cashflow
131.0,unnamed_6,-26.0,cashflow
132.0,unnamed_6,-19.0,cashflow
133.0,unnamed_6,-37.0,cashflow
134.0,unnamed_6,917.0,cashflow
135.0,unnamed_6,-828.0,cashflow
136.0,unnamed_6,669.0,cashflow
137.0,unnamed_6,-433.0,cashflow
138.0,unnamed_6,787.0,cashflow
139.0,unnamed_6,962.0,cashflow
140.0,unnamed_6,99.0,cashflow
141.0,unnamed_6,498.0,cashflow
142.0,unnamed_6,574.0,cashflow
143.0,unnamed_6,-2312.0,cashflow
144.0,unnamed_6,1663.0,cashflow
145.0,unnamed_6,220.0,cashflow
146.0,unnamed_6,2919.0,cashflow
147.0,unnamed_6,-441.0,cashflow
148.0,unnamed_6,2786.0,cashflow
149.0,unnamed_6,-10815.0,cashflow
150.0,unnamed_6,2394.0,cashflow
151.0,unnamed_6,83.0,cashflow
152.0,unnamed_6,-46.0,cashflow
153.0,unnamed_6,103.0,cashflow
154.0,unnamed_6,39.0,cashflow
155.0,unnamed_6,-52.0,cashflow
156.0,unnamed_6,24.0,cashflow
157.0,unnamed_6,-20.0,cashflow
158.0,unnamed_6,94.0,cashflow
159.0,unnamed_6,44.0,cashflow
160.0,unnamed_6,158.0,cashflow
161.0,unnamed_6,-113.0,cashflow
162.0,unnamed_6,72.0,cashflow
163.0,unnamed_6,123.0,cashflow
164.0,unnamed_6,190.0,cashflow
165.0,unnamed_6,147.0,cashflow
166.0,unnamed_6,528.0,cashflow
167.0,unnamed_6,90.0,cashflow
168.0,unnamed_6,-822.0,cashflow
169.0,unnamed_6,434.0,cashflow
170.0,unnamed_6,-351.0,cashflow
171.0,unnamed_6,2492.0,cashflow
172.0,unnamed_6,-1138.0,cashflow
173.0,unnamed_6,771.0,cashflow
174.0,unnamed_6,573.0,cashflow
189.0,unnamed_6,68.0,cashflow
190.0,unnamed_6,70.0,cashflow
191.0,unnamed_6,-71.0,cashflow
192.0,unnamed_6,-78.0,cashflow
193.0,unnamed_6,21.0,cashflow
194.0,unnamed_6,-19.0,cashflow
195.0,unnamed_6,125.0,cashflow
196.0,unnamed_6,6566.0,cashflow
197.0,unnamed_6,8082.0,cashflow
198.0,unnamed_6,7910.0,cashflow
199.0,unnamed_6,-2789.0,cashflow
200.0,unnamed_6,17263.0,cashflow
201.0,unnamed_6,-7055.0,cashflow
202.0,unnamed_6,24094.0,cashflow
203.0,unnamed_6,29795.0,cashflow
204.0,unnamed_6,-34375.0,cashflow
205.0,unnamed_6,48919.0,cashflow
206.0,unnamed_6,-3636.0,cashflow
207.0,unnamed_6,7785.0,cashflow
208.0,unnamed_6,-621.0,cashflow
209.0,unnamed_6,-66.0,cashflow
210.0,unnamed_6,90.0,cashflow
211.0,unnamed_6,238.0,cashflow
212.0,unnamed_6,-532.0,cashflow
213.0,unnamed_6,488.0,cashflow
214.0,unnamed_6,140.0,cashflow
215.0,unnamed_6,-630.0,cashflow
216.0,unnamed_6,231.0,cashflow
217.0,unnamed_6,417.0,cashflow
218.0,unnamed_6,-692.0,cashflow
219.0,unnamed_6,319.0,cashflow
220.0,unnamed_6,-621.0,cashflow
221.0,unnamed_6,-66.0,cashflow
222.0,unnamed_6,90.0,cashflow
223.0,unnamed_6,238.0,cashflow
224.0,unnamed_6,-532.0,cashflow
225.0,unnamed_6,488.0,cashflow
226.0,unnamed_6,140.0,cashflow
227.0,unnamed_6,-630.0,cashflow
228.0,unnamed_6,231.0,cashflow
229.0,unnamed_6,417.0,cashflow
230.0,unnamed_6,-692.0,cashflow
231.0,unnamed_6,319.0,cashflow
232.0,unnamed_6,623.0,cashflow
233.0,unnamed_6,478.0,cashflow
234.0,unnamed_6,-183.0,cashflow
235.0,unnamed_6,921.0,cashflow
236.0,unnamed_6,1742.0,cashflow
237.0,unnamed_6,-911.0,cashflow
238.0,unnamed_6,555.0,cashflow
239.0,unnamed_6,1162.0,cashflow
240.0,unnamed_6,2551.0,cashflow
241.0,unnamed_6,101.0,cashflow
242.0,unnamed_6,-2409.0,cashflow
243.0,unnamed_6,3075.0,cashflow
244.0,unnamed_6,-228.0,cashflow
245.0,unnamed_6,27.0,cashflow
246.0,unnamed_6,-59.0,cashflow
247.0,unnamed_6,1406.0,cashflow
248.0,unnamed_6,-1406.0,cashflow
249.0,unnamed_6,74.0,cashflow
250.0,unnamed_6,-72.0,cashflow
251.0,unnamed_6,92.0,cashflow
252.0,unnamed_6,-73.0,cashflow
253.0,unnamed_6,-1.0,cashflow
254.0,unnamed_6,4.0,cashflow
255.0,unnamed_6,14.0,cashflow
256.0,unnamed_6,-557.0,cashflow
257.0,unnamed_6,1100.0,cashflow
258.0,unnamed_6,-972.0,cashflow
259.0,unnamed_6,13.0,cashflow
260.0,unnamed_6,9.0,cashflow
261.0,unnamed_6,998.0,cashflow
262.0,unnamed_6,505.0,cashflow
263.0,unnamed_6,1532.0,cashflow
264.0,unnamed_6,-1831.0,cashflow
265.0,unnamed_6,2484.0,cashflow
266.0,unnamed_6,21892.0,cashflow
267.0,unnamed_6,46654.0,cashflow
268.0,unnamed_6,17276.0,cashflow
269.0,unnamed_6,-14632.0,cashflow
270.0,unnamed_6,17116.0,cashflow
271.0,unnamed_6,-56692.0,cashflow
272.0,unnamed_6,462.0,cashflow
273.0,unnamed_6,33120.0,cashflow
274.0,unnamed_6,-2344.0,cashflow
275.0,unnamed_6,1567.0,cashflow
276.0,unnamed_6,-27855.0,cashflow
277.0,unnamed_6,-2084.0,cashflow
278.0,unnamed_6,56.0,cashflow
279.0,unnamed_6,-23.0,cashflow
280.0,unnamed_6,386.0,cashflow
281.0,unnamed_6,472.0,cashflow
282.0,unnamed_6,197.0,cashflow
283.0,unnamed_6,-1895.0,cashflow
284.0,unnamed_6,-45.0,cashflow
285.0,unnamed_6,861.0,cashflow
286.0,unnamed_6,1422.0,cashflow
287.0,unnamed_6,-1742.0,cashflow
288.0,unnamed_6,2645.0,cashflow
289.0,unnamed_6,-2739.0,cashflow
290.0,unnamed_6,-634.0,cashflow
291.0,unnamed_6,3826.0,cashflow
292.0,unnamed_6,-3914.0,cashflow
293.0,unnamed_6,1905.0,cashflow
294.0,unnamed_6,-2752.0,cashflow
295.0,unnamed_6,3835.0,cashflow
296.0,unnamed_6,1248.0,cashflow
297.0,unnamed_6,7675.0,cashflow
298.0,unnamed_6,-3991.0,cashflow
299.0,unnamed_6,-1664.0,cashflow
300.0,unnamed_6,1623.0,cashflow
301.0,unnamed_6,31.0,cashflow
302.0,unnamed_6,1118.0,cashflow
303.0,unnamed_6,4167.0,cashflow
304.0,unnamed_6,-2071.0,cashflow
305.0,unnamed_6,275.0,cashflow
306.0,unnamed_6,-473.0,cashflow
307.0,unnamed_6,1283.0,cashflow
308.0,unnamed_6,-1973.0,cashflow
309.0,unnamed_6,608.0,cashflow
310.0,unnamed_6,123.0,cashflow
311.0,unnamed_6,-787.0,cashflow
312.0,unnamed_6,829.0,cashflow
313.0,unnamed_6,274.0,cashflow
314.0,unnamed_6,-108.0,cashflow
315.0,unnamed_6,-27.0,cashflow
316.0,unnamed_6,-24.0,cashflow
317.0,unnamed_6,-33.0,cashflow
318.0,unnamed_6,33.0,cashflow
319.0,unnamed_6,234.0,cashflow
320.0,unnamed_6,-172.0,cashflow
321.0,unnamed_6,64.0,cashflow
322.0,unnamed_6,34.0,cashflow
323.0,unnamed_6,-146.0,cashflow
324.0,unnamed_6,236.0,cashflow
325.0,unnamed_6,84.0,cashflow
326.0,unnamed_6,1476.0,cashflow
327.0,unnamed_6,-1029.0,cashflow
328.0,unnamed_6,414.0,cashflow
329.0,unnamed_6,555.0,cashflow
330.0,unnamed_6,-1429.0,cashflow
331.0,unnamed_6,-215.0,cashflow
332.0,unnamed_6,-87.0,cashflow
333.0,unnamed_6,329.0,cashflow
334.0,unnamed_6,7000.0,cashflow
335.0,unnamed_6,-5474.0,cashflow
336.0,unnamed_6,257.0,cashflow
337.0,unnamed_6,-12.0,cashflow
338.0,unnamed_6,-30.0,cashflow
339.0,unnamed_6,68.0,cashflow
340.0,unnamed_6,-47.0,cashflow
341.0,unnamed_6,8.0,cashflow
342.0,unnamed_6,-4.0,cashflow
343.0,unnamed_6,60.0,cashflow
344.0,unnamed_6,-49.0,cashflow
345.0,unnamed_6,17.0,cashflow
346.0,unnamed_6,66.0,cashflow
347.0,unnamed_6,-32.0,cashflow
348.0,unnamed_6,-9.0,cashflow
349.0,unnamed_6,219.0,cashflow
350.0,unnamed_6,6532.0,cashflow
351.0,unnamed_6,10092.0,cashflow
352.0,unnamed_6,3776.0,cashflow
353.0,unnamed_6,8096.0,cashflow
354.0,unnamed_6,2224.0,cashflow
355.0,unnamed_6,-8743.0,cashflow
356.0,unnamed_6,16307.0,cashflow
357.0,unnamed_6,2059.0,cashflow
358.0,unnamed_6,58291.0,cashflow
359.0,unnamed_6,3525.0,cashflow
360.0,unnamed_6,-40689.0,cashflow
361.0,unnamed_6,9462.0,cashflow
362.0,unnamed_6,317.0,cashflow
363.0,unnamed_6,219.0,cashflow
364.0,unnamed_6,-485.0,cashflow
365.0,unnamed_6,85.0,cashflow
366.0,unnamed_6,2.0,cashflow
367.0,unnamed_6,22.0,cashflow
368.0,unnamed_6,2862.0,cashflow
369.0,unnamed_6,323.0,cashflow
370.0,unnamed_6,-1888.0,cashflow
371.0,unnamed_6,1218.0,cashflow
372.0,unnamed_6,-1787.0,cashflow
373.0,unnamed_6,-66.0,cashflow
374.0,unnamed_6,53.0,cashflow
375.0,unnamed_6,33.0,cashflow
376.0,unnamed_6,388.0,cashflow
377.0,unnamed_6,312.0,cashflow
378.0,unnamed_6,-248.0,cashflow
379.0,unnamed_6,243.0,cashflow
380.0,unnamed_6,-345.0,cashflow
381.0,unnamed_6,234.0,cashflow
382.0,unnamed_6,141.0,cashflow
383.0,unnamed_6,-132.0,cashflow
384.0,unnamed_6,-97.0,cashflow
385.0,unnamed_6,-49.0,cashflow
386.0,unnamed_6,-575.0,cashflow
387.0,unnamed_6,-2246.0,cashflow
388.0,unnamed_6,250.0,cashflow
389.0,unnamed_6,1721.0,cashflow
390.0,unnamed_6,-682.0,cashflow
391.0,unnamed_6,-196.0,cashflow
392.0,unnamed_6,-2426.0,cashflow
393.0,unnamed_6,1219.0,cashflow
394.0,unnamed_6,2321.0,cashflow
395.0,unnamed_6,1951.0,cashflow
396.0,unnamed_6,-1436.0,cashflow
397.0,unnamed_6,-282.0,cashflow
398.0,unnamed_6,13.0,cashflow
399.0,unnamed_6,190.0,cashflow
400.0,unnamed_6,-245.0,cashflow
401.0,unnamed_6,82.0,cashflow
402.0,unnamed_6,81.0,cashflow
403.0,unnamed_6,-27.0,cashflow
404.0,unnamed_6,-51.0,cashflow
405.0,unnamed_6,54.0,cashflow
406.0,unnamed_6,97.0,cashflow
407.0,unnamed_6,38.0,cashflow
408.0,unnamed_6,-130.0,cashflow
409.0,unnamed_6,-119.0,cashflow
410.0,unnamed_6,-5.0,cashflow
411.0,unnamed_6,3.0,cashflow
412.0,unnamed_6,3.0,cashflow
413.0,unnamed_6,0.0,cashflow
414.0,unnamed_6,13.0,cashflow
415.0,unnamed_6,-17.0,cashflow
416.0,unnamed_6,23.0,cashflow
417.0,unnamed_6,41.0,cashflow
418.0,unnamed_6,1987.0,cashflow
419.0,unnamed_6,-816.0,cashflow
420.0,unnamed_6,-1045.0,cashflow
421.0,unnamed_6,193.0,cashflow
422.0,unnamed_6,52.0,cashflow
423.0,unnamed_6,860.0,cashflow
424.0,unnamed_6,588.0,cashflow
425.0,unnamed_6,210.0,cashflow
426.0,unnamed_6,761.0,cashflow
427.0,unnamed_6,-2064.0,cashflow
428.0,unnamed_6,2921.0,cashflow
429.0,unnamed_6,-2658.0,cashflow
430.0,unnamed_6,-573.0,cashflow
431.0,unnamed_6,-729.0,cashflow
432.0,unnamed_6,-98.0,cashflow
433.0,unnamed_6,1186.0,cashflow
434.0,unnamed_6,14.0,cashflow
435.0,unnamed_6,-7.0,cashflow
436.0,unnamed_6,-17.0,cashflow
437.0,unnamed_6,-3.0,cashflow
438.0,unnamed_6,-1.0,cashflow
439.0,unnamed_6,34.0,cashflow
440.0,unnamed_6,57.0,cashflow
441.0,unnamed_6,-19.0,cashflow
442.0,unnamed_6,86.0,cashflow
443.0,unnamed_6,-96.0,cashflow
444.0,unnamed_6,112.0,cashflow
445.0,unnamed_6,130.0,cashflow
446.0,unnamed_6,-216.0,cashflow
447.0,unnamed_6,342.0,cashflow
448.0,unnamed_6,-280.0,cashflow
449.0,unnamed_6,-47.0,cashflow
450.0,unnamed_6,-114.0,cashflow
451.0,unnamed_6,-124.0,cashflow
452.0,unnamed_6,-31.0,cashflow
453.0,unnamed_6,-27.0,cashflow
454.0,unnamed_6,1286.0,cashflow
455.0,unnamed_6,3.0,cashflow
456.0,unnamed_6,-907.0,cashflow
457.0,unnamed_6,133.0,cashflow
458.0,unnamed_6,-388.0,cashflow
459.0,unnamed_6,-121.0,cashflow
460.0,unnamed_6,-329.0,cashflow
461.0,unnamed_6,-4.0,cashflow
462.0,unnamed_6,-10.0,cashflow
463.0,unnamed_6,75.0,cashflow
464.0,unnamed_6,623.0,cashflow
465.0,unnamed_6,-673.0,cashflow
466.0,unnamed_6,51.0,cashflow
467.0,unnamed_6,-50.0,cashflow
468.0,unnamed_6,8.0,cashflow
469.0,unnamed_6,45.0,cashflow
470.0,unnamed_6,1618.0,cashflow
471.0,unnamed_6,146.0,cashflow
472.0,unnamed_6,-1653.0,cashflow
473.0,unnamed_6,29.0,cashflow
474.0,unnamed_6,415.0,cashflow
475.0,unnamed_6,858.0,cashflow
476.0,unnamed_6,-1081.0,cashflow
477.0,unnamed_6,328.0,cashflow
478.0,unnamed_6,882.0,cashflow
479.0,unnamed_6,13.0,cashflow
480.0,unnamed_6,-1276.0,cashflow
481.0,unnamed_6,902.0,cashflow
482.0,unnamed_6,237.0,cashflow
483.0,unnamed_6,1.0,cashflow
484.0,unnamed_6,-221.0,cashflow
485.0,unnamed_6,23.0,cashflow
486.0,unnamed_6,282.0,cashflow
487.0,unnamed_6,3.0,cashflow
488.0,unnamed_6,-36.0,cashflow
489.0,unnamed_6,-259.0,cashflow
490.0,unnamed_6,-79.0,cashflow
491.0,unnamed_6,227.0,cashflow
492.0,unnamed_6,-398.0,cashflow
493.0,unnamed_6,41.0,cashflow
494.0,unnamed_6,-97.0,cashflow
495.0,unnamed_6,168.0,cashflow
496.0,unnamed_6,-42.0,cashflow
497.0,unnamed_6,-11.0,cashflow
498.0,unnamed_6,-20.0,cashflow
499.0,unnamed_6,856.0,cashflow
500.0,unnamed_6,287.0,cashflow
501.0,unnamed_6,1838.0,cashflow
502.0,unnamed_6,-75.0,cashflow
503.0,unnamed_6,-748.0,cashflow
504.0,unnamed_6,72.0,cashflow
505.0,unnamed_6,75.0,cashflow
506.0,unnamed_6,2433.0,cashflow
507.0,unnamed_6,-2680.0,cashflow
508.0,unnamed_6,-80.0,cashflow
509.0,unnamed_6,266.0,cashflow
510.0,unnamed_6,6864.0,cashflow
511.0,unnamed_6,-4072.0,cashflow
512.0,unnamed_6,1370.0,cashflow
513.0,unnamed_6,-185.0,cashflow
514.0,unnamed_6,242.0,cashflow
515.0,unnamed_6,183.0,cashflow
516.0,unnamed_6,-277.0,cashflow
517.0,unnamed_6,-229.0,cashflow
518.0,unnamed_6,450.0,cashflow
519.0,unnamed_6,-255.0,cashflow
520.0,unnamed_6,368.0,cashflow
521.0,unnamed_6,-437.0,cashflow
522.0,unnamed_6,87.0,cashflow
523.0,unnamed_6,421.0,cashflow
524.0,unnamed_6,-311.0,cashflow
525.0,unnamed_6,-199.0,cashflow
526.0,unnamed_6,44.0,cashflow
527.0,unnamed_6,307.0,cashflow
528.0,unnamed_6,311.0,cashflow
529.0,unnamed_6,-623.0,cashflow
530.0,unnamed_6,588.0,cashflow
531.0,unnamed_6,378.0,cashflow
532.0,unnamed_6,4244.0,cashflow
533.0,unnamed_6,-2141.0,cashflow
534.0,unnamed_6,2761.0,cashflow
535.0,unnamed_6,3989.0,cashflow
536.0,unnamed_6,-1445.0,cashflow
537.0,unnamed_6,376.0,cashflow
538.0,unnamed_6,6356.0,cashflow
539.0,unnamed_6,12382.0,cashflow
540.0,unnamed_6,-3387.0,cashflow
541.0,unnamed_6,2542.0,cashflow
542.0,unnamed_6,10242.0,cashflow
543.0,unnamed_6,73750.0,cashflow
544.0,unnamed_6,-41244.0,cashflow
545.0,unnamed_6,6122.0,cashflow
546.0,unnamed_6,33332.0,cashflow
547.0,unnamed_6,34113.0,cashflow
548.0,unnamed_6,41762.0,cashflow
549.0,unnamed_6,31687.0,cashflow
550.0,unnamed_6,,cashflow
551.0,unnamed_6,,cashflow
552.0,unnamed_6,777.0,cashflow
553.0,unnamed_6,1513.0,cashflow
554.0,unnamed_6,817.0,cashflow
555.0,unnamed_6,2122.0,cashflow
556.0,unnamed_6,-651.0,cashflow
557.0,unnamed_6,-364.0,cashflow
558.0,unnamed_6,1429.0,cashflow
559.0,unnamed_6,4904.0,cashflow
560.0,unnamed_6,-1203.0,cashflow
561.0,unnamed_6,-3296.0,cashflow
562.0,unnamed_6,-66.0,cashflow
563.0,unnamed_6,86.0,cashflow
564.0,unnamed_6,-53.0,cashflow
565.0,unnamed_6,-1.0,cashflow
566.0,unnamed_6,57.0,cashflow
567.0,unnamed_6,78.0,cashflow
568.0,unnamed_6,97.0,cashflow
569.0,unnamed_6,-31.0,cashflow
570.0,unnamed_6,-94.0,cashflow
571.0,unnamed_6,45.0,cashflow
572.0,unnamed_6,379.0,cashflow
573.0,unnamed_6,-545.0,cashflow
574.0,unnamed_6,1353.0,cashflow
575.0,unnamed_6,833.0,cashflow
576.0,unnamed_6,-394.0,cashflow
577.0,unnamed_6,4259.0,cashflow
578.0,unnamed_6,-181.0,cashflow
579.0,unnamed_6,1055.0,cashflow
580.0,unnamed_6,12174.0,cashflow
581.0,unnamed_6,-12930.0,cashflow
582.0,unnamed_6,3300.0,cashflow
583.0,unnamed_6,1199.0,cashflow
584.0,unnamed_6,-1028.0,cashflow
585.0,unnamed_6,-480.0,cashflow
586.0,unnamed_6,383.0,cashflow
587.0,unnamed_6,-33.0,cashflow
588.0,unnamed_6,25.0,cashflow
589.0,unnamed_6,-202.0,cashflow
590.0,unnamed_6,21.0,cashflow
591.0,unnamed_6,-28.0,cashflow
592.0,unnamed_6,2595.0,cashflow
593.0,unnamed_6,-1374.0,cashflow
594.0,unnamed_6,-695.0,cashflow
595.0,unnamed_6,-446.0,cashflow
596.0,unnamed_6,111.0,cashflow
597.0,unnamed_6,8215.0,cashflow
598.0,unnamed_6,-1113.0,cashflow
599.0,unnamed_6,-621.0,cashflow
600.0,unnamed_6,17399.0,cashflow
601.0,unnamed_6,15455.0,cashflow
602.0,unnamed_6,8508.0,cashflow
603.0,unnamed_6,-1608.0,cashflow
604.0,unnamed_6,40462.0,cashflow
605.0,unnamed_6,19718.0,cashflow
606.0,unnamed_6,36114.0,cashflow
607.0,unnamed_6,-46669.0,cashflow
608.0,unnamed_6,26312.0,cashflow
609.0,unnamed_6,124.0,cashflow
610.0,unnamed_6,-108.0,cashflow
611.0,unnamed_6,-20.0,cashflow
612.0,unnamed_6,53.0,cashflow
613.0,unnamed_6,-1.0,cashflow
614.0,unnamed_6,398.0,cashflow
615.0,unnamed_6,-190.0,cashflow
616.0,unnamed_6,-369.0,cashflow
617.0,unnamed_6,195.0,cashflow
618.0,unnamed_6,65.0,cashflow
619.0,unnamed_6,-90.0,cashflow
620.0,unnamed_6,131.0,cashflow
621.0,unnamed_6,-1591.0,cashflow
622.0,unnamed_6,2539.0,cashflow
623.0,unnamed_6,-2264.0,cashflow
624.0,unnamed_6,2219.0,cashflow
625.0,unnamed_6,2439.0,cashflow
626.0,unnamed_6,-887.0,cashflow
627.0,unnamed_6,2975.0,cashflow
628.0,unnamed_6,-2606.0,cashflow
629.0,unnamed_6,3434.0,cashflow
630.0,unnamed_6,696.0,cashflow
631.0,unnamed_6,-1168.0,cashflow
632.0,unnamed_6,17.0,cashflow
633.0,unnamed_6,-113.0,cashflow
634.0,unnamed_6,-34.0,cashflow
635.0,unnamed_6,136.0,cashflow
636.0,unnamed_6,559.0,cashflow
637.0,unnamed_6,-652.0,cashflow
638.0,unnamed_6,518.0,cashflow
639.0,unnamed_6,42.0,cashflow
640.0,unnamed_6,-37.0,cashflow
641.0,unnamed_6,-168.0,cashflow
642.0,unnamed_6,503.0,cashflow
643.0,unnamed_6,232.0,cashflow
644.0,unnamed_6,-555.0,cashflow
645.0,unnamed_6,1309.0,cashflow
646.0,unnamed_6,-79.0,cashflow
647.0,unnamed_6,4010.0,cashflow
648.0,unnamed_6,-667.0,cashflow
649.0,unnamed_6,8516.0,cashflow
650.0,unnamed_6,-5412.0,cashflow
651.0,unnamed_6,1568.0,cashflow
652.0,unnamed_6,1220.0,cashflow
653.0,unnamed_6,40324.0,cashflow
654.0,unnamed_6,11947.0,cashflow
655.0,unnamed_6,-11763.0,cashflow
656.0,unnamed_6,-19710.0,cashflow
657.0,unnamed_6,1241.0,cashflow
658.0,unnamed_6,4118.0,cashflow
659.0,unnamed_6,4417.0,cashflow
660.0,unnamed_6,2330.0,cashflow
661.0,unnamed_6,-10072.0,cashflow
662.0,unnamed_6,-2754.0,cashflow
663.0,unnamed_6,-303.0,cashflow
664.0,unnamed_6,-919.0,cashflow
665.0,unnamed_6,6065.0,cashflow
666.0,unnamed_6,-7242.0,cashflow
667.0,unnamed_6,-5299.0,cashflow
668.0,unnamed_6,2613.0,cashflow
669.0,unnamed_6,398.0,cashflow
670.0,unnamed_6,2485.0,cashflow
671.0,unnamed_6,-2406.0,cashflow
672.0,unnamed_6,124.0,cashflow
673.0,unnamed_6,-405.0,cashflow
674.0,unnamed_6,-11.0,cashflow
675.0,unnamed_6,614.0,cashflow
676.0,unnamed_6,502.0,cashflow
677.0,unnamed_6,-653.0,cashflow
678.0,unnamed_6,395.0,cashflow
679.0,unnamed_6,-180.0,cashflow
680.0,unnamed_6,250.0,cashflow
681.0,unnamed_6,6.0,cashflow
682.0,unnamed_6,263.0,cashflow
683.0,unnamed_6,296.0,cashflow
684.0,unnamed_6,7.0,cashflow
685.0,unnamed_6,-33.0,cashflow
686.0,unnamed_6,137.0,cashflow
687.0,unnamed_6,-252.0,cashflow
688.0,unnamed_6,23.0,cashflow
689.0,unnamed_6,61.0,cashflow
690.0,unnamed_6,262.0,cashflow
691.0,unnamed_6,1206.0,cashflow
692.0,unnamed_6,-1204.0,cashflow
693.0,unnamed_6,0.0,cashflow
694.0,unnamed_6,3.0,cashflow
695.0,unnamed_6,-2.0,cashflow
696.0,unnamed_6,296.0,cashflow
697.0,unnamed_6,-151.0,cashflow
698.0,unnamed_6,56.0,cashflow
699.0,unnamed_6,-140.0,cashflow
700.0,unnamed_6,-90.0,cashflow
701.0,unnamed_6,-32.0,cashflow
702.0,unnamed_6,-93.0,cashflow
703.0,unnamed_6,266.0,cashflow
704.0,unnamed_6,75.0,cashflow
705.0,unnamed_6,-166.0,cashflow
706.0,unnamed_6,169.0,cashflow
707.0,unnamed_6,334.0,cashflow
708.0,unnamed_6,-367.0,cashflow
709.0,unnamed_6,-43.0,cashflow
710.0,unnamed_6,139.0,cashflow
711.0,unnamed_6,191.0,cashflow
712.0,unnamed_6,43.0,cashflow
713.0,unnamed_6,766.0,cashflow
714.0,unnamed_6,173.0,cashflow
715.0,unnamed_6,-601.0,cashflow
716.0,unnamed_6,-256.0,cashflow
717.0,unnamed_6,17.0,cashflow
718.0,unnamed_6,-67.0,cashflow
719.0,unnamed_6,322.0,cashflow
720.0,unnamed_6,5465.0,cashflow
721.0,unnamed_6,-1403.0,cashflow
722.0,unnamed_6,757.0,cashflow
723.0,unnamed_6,-955.0,cashflow
724.0,unnamed_6,56.0,cashflow
725.0,unnamed_6,11.0,cashflow
726.0,unnamed_6,96.0,cashflow
727.0,unnamed_6,48.0,cashflow
728.0,unnamed_6,645.0,cashflow
729.0,unnamed_6,-1357.0,cashflow
730.0,unnamed_6,496.0,cashflow
731.0,unnamed_6,-249.0,cashflow
732.0,unnamed_6,-87.0,cashflow
733.0,unnamed_6,421.0,cashflow
734.0,unnamed_6,155.0,cashflow
735.0,unnamed_6,784.0,cashflow
736.0,unnamed_6,2634.0,cashflow
737.0,unnamed_6,-289.0,cashflow
738.0,unnamed_6,-380.0,cashflow
739.0,unnamed_6,276.0,cashflow
740.0,unnamed_6,334.0,cashflow
741.0,unnamed_6,-111.0,cashflow
742.0,unnamed_6,84.0,cashflow
743.0,unnamed_6,-335.0,cashflow
744.0,unnamed_6,4999.0,cashflow
745.0,unnamed_6,-1615.0,cashflow
746.0,unnamed_6,7977.0,cashflow
747.0,unnamed_6,-3135.0,cashflow
748.0,unnamed_6,6616.0,cashflow
749.0,unnamed_6,-7394.0,cashflow
750.0,unnamed_6,942.0,cashflow
751.0,unnamed_6,2125.0,cashflow
752.0,unnamed_6,260.0,cashflow
753.0,unnamed_6,4696.0,cashflow
754.0,unnamed_6,13989.0,cashflow
755.0,unnamed_6,-1188.0,cashflow
756.0,unnamed_6,6864.0,cashflow
757.0,unnamed_6,32815.0,cashflow
758.0,unnamed_6,-16363.0,cashflow
759.0,unnamed_6,4949.0,cashflow
760.0,unnamed_6,-9740.0,cashflow
761.0,unnamed_6,22281.0,cashflow
762.0,unnamed_6,9210.0,cashflow
763.0,unnamed_6,-4712.0,cashflow
764.0,unnamed_6,-27077.0,cashflow
765.0,unnamed_6,8748.0,cashflow
766.0,unnamed_6,722.0,cashflow
767.0,unnamed_6,-3574.0,cashflow
777.0,unnamed_6,-137.0,cashflow
778.0,unnamed_6,-16.0,cashflow
779.0,unnamed_6,69.0,cashflow
780.0,unnamed_6,97.0,cashflow
781.0,unnamed_6,-234.0,cashflow
782.0,unnamed_6,109.0,cashflow
783.0,unnamed_6,250.0,cashflow
784.0,unnamed_6,834.0,cashflow
785.0,unnamed_6,516.0,cashflow
786.0,unnamed_6,152.0,cashflow
787.0,unnamed_6,483.0,cashflow
788.0,unnamed_6,1759.0,cashflow
789.0,unnamed_6,-613.0,cashflow
790.0,unnamed_6,-245.0,cashflow
791.0,unnamed_6,3254.0,cashflow
792.0,unnamed_6,-338.0,cashflow
793.0,unnamed_6,4658.0,cashflow
794.0,unnamed_6,2049.0,cashflow
795.0,unnamed_6,397.0,cashflow
796.0,unnamed_6,3156.0,cashflow
797.0,unnamed_6,-4968.0,cashflow
798.0,unnamed_6,-13.0,cashflow
799.0,unnamed_6,40.0,cashflow
800.0,unnamed_6,42.0,cashflow
801.0,unnamed_6,2.0,cashflow
802.0,unnamed_6,176.0,cashflow
803.0,unnamed_6,-16.0,cashflow
804.0,unnamed_6,52.0,cashflow
805.0,unnamed_6,110.0,cashflow
806.0,unnamed_6,234.0,cashflow
807.0,unnamed_6,-73.0,cashflow
808.0,unnamed_6,892.0,cashflow
809.0,unnamed_6,-518.0,cashflow
810.0,unnamed_6,684.0,cashflow
811.0,unnamed_6,810.0,cashflow
812.0,unnamed_6,-1633.0,cashflow
813.0,unnamed_6,-154.0,cashflow
814.0,unnamed_6,416.0,cashflow
815.0,unnamed_6,1529.0,cashflow
816.0,unnamed_6,1672.0,cashflow
817.0,unnamed_6,-1394.0,cashflow
818.0,unnamed_6,-1370.0,cashflow
819.0,unnamed_6,113.0,cashflow
820.0,unnamed_6,6.0,cashflow
821.0,unnamed_6,1037.0,cashflow
822.0,unnamed_6,-39.0,cashflow
823.0,unnamed_6,-76.0,cashflow
824.0,unnamed_6,-45.0,cashflow
825.0,unnamed_6,16.0,cashflow
826.0,unnamed_6,-20.0,cashflow
827.0,unnamed_6,50.0,cashflow
828.0,unnamed_6,113.0,cashflow
829.0,unnamed_6,-165.0,cashflow
830.0,unnamed_6,20.0,cashflow
831.0,unnamed_6,-6.0,cashflow
832.0,unnamed_6,780.0,cashflow
833.0,unnamed_6,874.0,cashflow
834.0,unnamed_6,142.0,cashflow
835.0,unnamed_6,243.0,cashflow
836.0,unnamed_6,1040.0,cashflow
837.0,unnamed_6,19.0,cashflow
838.0,unnamed_6,3172.0,cashflow
839.0,unnamed_6,-2152.0,cashflow
840.0,unnamed_6,769.0,cashflow
841.0,unnamed_6,1329.0,cashflow
842.0,unnamed_6,1068.0,cashflow
843.0,unnamed_6,-1059.0,cashflow
844.0,unnamed_6,-339.0,cashflow
845.0,unnamed_6,2205.0,cashflow
846.0,unnamed_6,16.0,cashflow
847.0,unnamed_6,7.0,cashflow
848.0,unnamed_6,25.0,cashflow
849.0,unnamed_6,11.0,cashflow
850.0,unnamed_6,7.0,cashflow
851.0,unnamed_6,29.0,cashflow
852.0,unnamed_6,138.0,cashflow
853.0,unnamed_6,304.0,cashflow
854.0,unnamed_6,113.0,cashflow
855.0,unnamed_6,-435.0,cashflow
856.0,unnamed_6,156.0,cashflow
857.0,unnamed_6,-29.0,cashflow
858.0,unnamed_6,775.0,cashflow
859.0,unnamed_6,-423.0,cashflow
860.0,unnamed_6,529.0,cashflow
861.0,unnamed_6,674.0,cashflow
862.0,unnamed_6,691.0,cashflow
863.0,unnamed_6,683.0,cashflow
864.0,unnamed_6,-1223.0,cashflow
865.0,unnamed_6,177.0,cashflow
866.0,unnamed_6,-1704.0,cashflow
867.0,unnamed_6,223.0,cashflow
868.0,unnamed_6,29.0,cashflow
869.0,unnamed_6,-198.0,cashflow
870.0,unnamed_6,172.0,cashflow
871.0,unnamed_6,-1834.0,cashflow
872.0,unnamed_6,798.0,cashflow
873.0,unnamed_6,1224.0,cashflow
874.0,unnamed_6,-1347.0,cashflow
875.0,unnamed_6,-53.0,cashflow
876.0,unnamed_6,5.0,cashflow
877.0,unnamed_6,17.0,cashflow
878.0,unnamed_6,405.0,cashflow
879.0,unnamed_6,867.0,cashflow
880.0,unnamed_6,-281.0,cashflow
881.0,unnamed_6,388.0,cashflow
882.0,unnamed_6,651.0,cashflow
883.0,unnamed_6,-1687.0,cashflow
884.0,unnamed_6,-2563.0,cashflow
885.0,unnamed_6,1064.0,cashflow
886.0,unnamed_6,-1176.0,cashflow
887.0,unnamed_6,19.0,cashflow
888.0,unnamed_6,-451.0,cashflow
889.0,unnamed_6,266.0,cashflow
890.0,unnamed_6,360.0,cashflow
891.0,unnamed_6,-274.0,cashflow
892.0,unnamed_6,-210.0,cashflow
893.0,unnamed_6,398.0,cashflow
894.0,unnamed_6,-8273.0,cashflow
895.0,unnamed_6,4862.0,cashflow
896.0,unnamed_6,-6749.0,cashflow
897.0,unnamed_6,-935.0,cashflow
898.0,unnamed_6,99.0,cashflow
899.0,unnamed_6,-97.0,cashflow
900.0,unnamed_6,1001.0,cashflow
901.0,unnamed_6,708.0,cashflow
902.0,unnamed_6,-195.0,cashflow
903.0,unnamed_6,1261.0,cashflow
904.0,unnamed_6,-1504.0,cashflow
905.0,unnamed_6,-3591.0,cashflow
906.0,unnamed_6,2868.0,cashflow
907.0,unnamed_6,-4793.0,cashflow
908.0,unnamed_6,4970.0,cashflow
909.0,unnamed_6,-4888.0,cashflow
910.0,unnamed_6,3079.0,cashflow
911.0,unnamed_6,-3720.0,cashflow
912.0,unnamed_6,-98.0,cashflow
913.0,unnamed_6,1179.0,cashflow
914.0,unnamed_6,3023.0,cashflow
915.0,unnamed_6,-4014.0,cashflow
916.0,unnamed_6,-874.0,cashflow
917.0,unnamed_6,32.0,cashflow
918.0,unnamed_6,-12.0,cashflow
919.0,unnamed_6,54.0,cashflow
920.0,unnamed_6,-49.0,cashflow
921.0,unnamed_6,45.0,cashflow
922.0,unnamed_6,-45.0,cashflow
923.0,unnamed_6,46.0,cashflow
924.0,unnamed_6,-29.0,cashflow
925.0,unnamed_6,533.0,cashflow
926.0,unnamed_6,-372.0,cashflow
927.0,unnamed_6,-71.0,cashflow
928.0,unnamed_6,2.0,cashflow
929.0,unnamed_6,212.0,cashflow
930.0,unnamed_6,-1987.0,cashflow
931.0,unnamed_6,18733.0,cashflow
932.0,unnamed_6,11393.0,cashflow
933.0,unnamed_6,18790.0,cashflow
934.0,unnamed_6,12330.0,cashflow
935.0,unnamed_6,6109.0,cashflow
936.0,unnamed_6,-20192.0,cashflow
937.0,unnamed_6,460.0,cashflow
938.0,unnamed_6,35579.0,cashflow
939.0,unnamed_6,20859.0,cashflow
940.0,unnamed_6,23135.0,cashflow
941.0,unnamed_6,-25928.0,cashflow
942.0,unnamed_6,-432.0,cashflow
943.0,unnamed_6,2295.0,cashflow
944.0,unnamed_6,-1986.0,cashflow
945.0,unnamed_6,-948.0,cashflow
946.0,unnamed_6,1698.0,cashflow
947.0,unnamed_6,-1707.0,cashflow
948.0,unnamed_6,2113.0,cashflow
949.0,unnamed_6,1199.0,cashflow
950.0,unnamed_6,-362.0,cashflow
951.0,unnamed_6,-2091.0,cashflow
952.0,unnamed_6,2615.0,cashflow
953.0,unnamed_6,-1728.0,cashflow
954.0,unnamed_6,-3847.0,cashflow
955.0,unnamed_6,-293.0,cashflow
956.0,unnamed_6,-649.0,cashflow
957.0,unnamed_6,1257.0,cashflow
958.0,unnamed_6,2757.0,cashflow
959.0,unnamed_6,-4220.0,cashflow
960.0,unnamed_6,134.0,cashflow
961.0,unnamed_6,1336.0,cashflow
962.0,unnamed_6,-538.0,cashflow
963.0,unnamed_6,-1038.0,cashflow
964.0,unnamed_6,-180.0,cashflow
965.0,unnamed_6,34.0,cashflow
966.0,unnamed_6,9725.0,cashflow
967.0,unnamed_6,-16096.0,cashflow
968.0,unnamed_6,-21888.0,cashflow
969.0,unnamed_6,-1262.0,cashflow
970.0,unnamed_6,-8034.0,cashflow
971.0,unnamed_6,1266.0,cashflow
972.0,unnamed_6,3745.0,cashflow
973.0,unnamed_6,19839.0,cashflow
974.0,unnamed_6,-13523.0,cashflow
975.0,unnamed_6,18781.0,cashflow
976.0,unnamed_6,32486.0,cashflow
977.0,unnamed_6,28561.0,cashflow
978.0,unnamed_6,845.0,cashflow
979.0,unnamed_6,-600.0,cashflow
980.0,unnamed_6,2416.0,cashflow
981.0,unnamed_6,-1570.0,cashflow
982.0,unnamed_6,-651.0,cashflow
983.0,unnamed_6,1264.0,cashflow
984.0,unnamed_6,-321.0,cashflow
985.0,unnamed_6,2114.0,cashflow
986.0,unnamed_6,4677.0,cashflow
987.0,unnamed_6,10.0,cashflow
988.0,unnamed_6,-1962.0,cashflow
989.0,unnamed_6,-2327.0,cashflow
990.0,unnamed_6,17637.0,cashflow
991.0,unnamed_6,21934.0,cashflow
992.0,unnamed_6,21320.0,cashflow
993.0,unnamed_6,16078.0,cashflow
994.0,unnamed_6,68638.0,cashflow
995.0,unnamed_6,-77908.0,cashflow
996.0,unnamed_6,30223.0,cashflow
997.0,unnamed_6,28803.0,cashflow
998.0,unnamed_6,93392.0,cashflow
999.0,unnamed_6,51198.0,cashflow
1000.0,unnamed_6,-80593.0,cashflow
1001.0,unnamed_6,8260.0,cashflow
1002.0,unnamed_6,8.0,cashflow
1003.0,unnamed_6,11.0,cashflow
1004.0,unnamed_6,-10.0,cashflow
1005.0,unnamed_6,31.0,cashflow
1006.0,unnamed_6,-13.0,cashflow
1007.0,unnamed_6,10.0,cashflow
1008.0,unnamed_6,84.0,cashflow
1009.0,unnamed_6,-36.0,cashflow
1010.0,unnamed_6,370.0,cashflow
1011.0,unnamed_6,-324.0,cashflow
1012.0,unnamed_6,-113.0,cashflow
1013.0,unnamed_6,220.0,cashflow
1014.0,unnamed_6,661.0,cashflow
1015.0,unnamed_6,843.0,cashflow
1016.0,unnamed_6,-1819.0,cashflow
1017.0,unnamed_6,-2721.0,cashflow
1018.0,unnamed_6,338.0,cashflow
1019.0,unnamed_6,-42.0,cashflow
1020.0,unnamed_6,-62.0,cashflow
1021.0,unnamed_6,2060.0,cashflow
1022.0,unnamed_6,7962.0,cashflow
1023.0,unnamed_6,-388.0,cashflow
1024.0,unnamed_6,-730.0,cashflow
1025.0,unnamed_6,-3750.0,cashflow
1026.0,unnamed_6,70.0,cashflow
1027.0,unnamed_6,517.0,cashflow
1028.0,unnamed_6,975.0,cashflow
1029.0,unnamed_6,-864.0,cashflow
1030.0,unnamed_6,1610.0,cashflow
1031.0,unnamed_6,-379.0,cashflow
1032.0,unnamed_6,-174.0,cashflow
1033.0,unnamed_6,1205.0,cashflow
1034.0,unnamed_6,-1469.0,cashflow
1035.0,unnamed_6,552.0,cashflow
1036.0,unnamed_6,191.0,cashflow
1037.0,unnamed_6,644.0,cashflow
1038.0,unnamed_6,316.0,cashflow
1039.0,unnamed_6,2290.0,cashflow
1040.0,unnamed_6,2927.0,cashflow
1041.0,unnamed_6,848.0,cashflow
1042.0,unnamed_6,611.0,cashflow
1043.0,unnamed_6,-736.0,cashflow
1044.0,unnamed_6,-844.0,cashflow
1045.0,unnamed_6,-1386.0,cashflow
1046.0,unnamed_6,596.0,cashflow
1047.0,unnamed_6,-1765.0,cashflow
1048.0,unnamed_6,115.0,cashflow
1049.0,unnamed_6,4662.0,cashflow
1050.0,unnamed_6,383.0,cashflow
1051.0,unnamed_6,57.0,cashflow
1052.0,unnamed_6,-182.0,cashflow
1053.0,unnamed_6,-21.0,cashflow
1054.0,unnamed_6,70.0,cashflow
1055.0,unnamed_6,294.0,cashflow
1056.0,unnamed_6,39.0,cashflow
1057.0,unnamed_6,152.0,cashflow
1058.0,unnamed_6,884.0,cashflow
1059.0,unnamed_6,-796.0,cashflow
1060.0,unnamed_6,-87.0,cashflow
1061.0,unnamed_6,281.0,cashflow
1062.0,unnamed_6,-2499.0,cashflow
1063.0,unnamed_6,4277.0,cashflow
1064.0,unnamed_6,4500.0,cashflow
1065.0,unnamed_6,-2589.0,cashflow
1066.0,unnamed_6,-3167.0,cashflow
1067.0,unnamed_6,730.0,cashflow
1068.0,unnamed_6,6843.0,cashflow
1069.0,unnamed_6,-3092.0,cashflow
1070.0,unnamed_6,13232.0,cashflow
1071.0,unnamed_6,6459.0,cashflow
1072.0,unnamed_6,-6272.0,cashflow
1073.0,unnamed_6,8128.0,cashflow
1074.0,unnamed_6,-1333.0,cashflow
1075.0,unnamed_6,-392.0,cashflow
1076.0,unnamed_6,-123.0,cashflow
1077.0,unnamed_6,-574.0,cashflow
1078.0,unnamed_6,579.0,cashflow
1079.0,unnamed_6,126.0,cashflow
1080.0,unnamed_6,-883.0,cashflow
1081.0,unnamed_6,1773.0,cashflow
1082.0,unnamed_6,1736.0,cashflow
1083.0,unnamed_6,-741.0,cashflow
1084.0,unnamed_6,1243.0,cashflow
1085.0,unnamed_6,-928.0,cashflow
1086.0,unnamed_6,-844.0,cashflow
1087.0,unnamed_6,-1218.0,cashflow
1088.0,unnamed_6,241.0,cashflow
1089.0,unnamed_6,-2068.0,cashflow
1090.0,unnamed_6,-1245.0,cashflow
1091.0,unnamed_6,2933.0,cashflow
1092.0,unnamed_6,-4513.0,cashflow
1093.0,unnamed_6,4462.0,cashflow
1094.0,unnamed_6,-2200.0,cashflow
1095.0,unnamed_6,10075.0,cashflow
1096.0,unnamed_6,-3477.0,cashflow
1097.0,unnamed_6,-5049.0,cashflow
1098.0,unnamed_6,-152.0,cashflow
1099.0,unnamed_6,-374.0,cashflow
1100.0,unnamed_6,394.0,cashflow
1101.0,unnamed_6,4433.0,cashflow
1102.0,unnamed_6,-2698.0,cashflow
1103.0,unnamed_6,1286.0,cashflow
1104.0,unnamed_6,2341.0,cashflow
1105.0,unnamed_6,1422.0,cashflow
1106.0,unnamed_6,-1788.0,cashflow
1107.0,unnamed_6,5630.0,cashflow
1108.0,unnamed_6,-5365.0,cashflow
1109.0,unnamed_6,1893.0,cashflow
1110.0,unnamed_6,298.0,cashflow
1111.0,unnamed_6,915.0,cashflow
1112.0,unnamed_6,-246.0,cashflow
1113.0,unnamed_6,1188.0,cashflow
1114.0,unnamed_6,-392.0,cashflow
1115.0,unnamed_6,-35.0,cashflow
1116.0,unnamed_6,77.0,cashflow
1117.0,unnamed_6,974.0,cashflow
1118.0,unnamed_6,-326.0,cashflow
1119.0,unnamed_6,1098.0,cashflow
1120.0,unnamed_6,267.0,cashflow
1121.0,unnamed_6,291.0,cashflow
1122.0,unnamed_6,176.0,cashflow
1123.0,unnamed_6,-329.0,cashflow
1124.0,unnamed_6,-620.0,cashflow
1125.0,unnamed_6,-88.0,cashflow
1126.0,unnamed_6,594.0,cashflow
1127.0,unnamed_6,-206.0,cashflow
1128.0,unnamed_6,-43.0,cashflow
1129.0,unnamed_6,-355.0,cashflow
1130.0,unnamed_6,106.0,cashflow
1131.0,unnamed_6,38.0,cashflow
1132.0,unnamed_6,13.0,cashflow
1133.0,unnamed_6,177.0,cashflow
1134.0,unnamed_6,-73.0,cashflow
1135.0,unnamed_6,268.0,cashflow
1136.0,unnamed_6,-90.0,cashflow
1137.0,unnamed_6,437.0,cashflow
1138.0,unnamed_6,18.0,cashflow
1139.0,unnamed_6,-366.0,cashflow
1140.0,unnamed_6,238.0,cashflow
1141.0,unnamed_6,73.0,cashflow
1142.0,unnamed_6,-89.0,cashflow
1143.0,unnamed_6,-174.0,cashflow
1144.0,unnamed_6,110.0,cashflow
1145.0,unnamed_6,327.0,cashflow
1146.0,unnamed_6,-97.0,cashflow
1147.0,unnamed_6,-145.0,cashflow
1148.0,unnamed_6,-6.0,cashflow
1149.0,unnamed_6,-2.0,cashflow
1150.0,unnamed_6,7.0,cashflow
1151.0,unnamed_6,-1.0,cashflow
1152.0,unnamed_6,21.0,cashflow
1153.0,unnamed_6,5.0,cashflow
1154.0,unnamed_6,20.0,cashflow
1155.0,unnamed_6,6.0,cashflow
1156.0,unnamed_6,1.0,cashflow
1157.0,unnamed_6,211.0,cashflow
1158.0,unnamed_6,-58.0,cashflow
1159.0,unnamed_6,19.0,cashflow
1160.0,unnamed_6,-71.0,cashflow
1161.0,unnamed_6,12.0,cashflow
1162.0,unnamed_6,-79.0,cashflow
1163.0,unnamed_6,156.0,cashflow
1164.0,unnamed_6,188.0,cashflow
1165.0,unnamed_6,902.0,cashflow
1166.0,unnamed_6,532.0,cashflow
1167.0,unnamed_6,532.0,cashflow
1168.0,unnamed_6,406.0,cashflow
1169.0,unnamed_6,505.0,cashflow
1170.0,unnamed_6,-30.0,cashflow
1171.0,unnamed_6,164.0,cashflow
1172.0,unnamed_6,-63.0,cashflow
1173.0,unnamed_6,8.0,cashflow
1174.0,unnamed_6,-31.0,cashflow
1175.0,unnamed_6,18.0,cashflow
1176.0,unnamed_6,364.0,cashflow
1177.0,unnamed_6,-295.0,cashflow
1178.0,unnamed_6,-712.0,cashflow
1179.0,unnamed_6,-958.0,cashflow
1180.0,unnamed_6,250.0,cashflow
1181.0,unnamed_6,183.0,cashflow
1182.0,unnamed_6,507.0,cashflow
1183.0,unnamed_6,7109.0,cashflow
1184.0,unnamed_6,-718.0,cashflow
1185.0,unnamed_6,70.0,cashflow
1186.0,unnamed_6,3289.0,cashflow
1187.0,unnamed_6,16574.0,cashflow
1188.0,unnamed_6,-6317.0,cashflow
1189.0,unnamed_6,121.0,cashflow
1190.0,unnamed_6,1066.0,cashflow
1191.0,unnamed_6,34995.0,cashflow
1192.0,unnamed_6,-7159.0,cashflow
1193.0,unnamed_6,7047.0,cashflow
1194.0,unnamed_6,-145.0,cashflow
1195.0,unnamed_6,431.0,cashflow
1196.0,unnamed_6,-343.0,cashflow
1197.0,unnamed_6,-139.0,cashflow
1198.0,unnamed_6,-56.0,cashflow
1199.0,unnamed_6,63.0,cashflow
1200.0,unnamed_6,74.0,cashflow
1201.0,unnamed_6,-150.0,cashflow
1202.0,unnamed_6,12.0,cashflow
1203.0,unnamed_6,-23.0,cashflow
1204.0,unnamed_6,60.0,cashflow
1205.0,unnamed_6,937.0,cashflow
1206.0,unnamed_6,3.0,cashflow
1207.0,unnamed_6,-2.0,cashflow
1208.0,unnamed_6,-11.0,cashflow
1209.0,unnamed_6,19.0,cashflow
1210.0,unnamed_6,8.0,cashflow
1211.0,unnamed_6,32.0,cashflow
1212.0,unnamed_6,-22.0,cashflow
1213.0,unnamed_6,95.0,cashflow
1214.0,unnamed_6,-33.0,cashflow
1215.0,unnamed_6,46.0,cashflow
1216.0,unnamed_6,4.0,cashflow
1217.0,unnamed_6,88.0,cashflow
1218.0,unnamed_6,-51.0,cashflow
1219.0,unnamed_6,7659.0,cashflow
1220.0,unnamed_6,-284.0,cashflow
1221.0,unnamed_6,1206.0,cashflow
1222.0,unnamed_6,8339.0,cashflow
1223.0,unnamed_6,-6409.0,cashflow
1224.0,unnamed_6,2918.0,cashflow
1225.0,unnamed_6,-2172.0,cashflow
1226.0,unnamed_6,-263.0,cashflow
1227.0,unnamed_6,3817.0,cashflow
1228.0,unnamed_6,-1745.0,cashflow
1229.0,unnamed_6,-4114.0,cashflow
1230.0,unnamed_6,717.0,cashflow
1231.0,unnamed_6,2936.0,cashflow
1232.0,unnamed_6,4474.0,cashflow
1233.0,unnamed_6,-6032.0,cashflow
1234.0,unnamed_6,-4767.0,cashflow
1235.0,unnamed_6,-979.0,cashflow
1236.0,unnamed_6,11760.0,cashflow
1237.0,unnamed_6,-1442.0,cashflow
1238.0,unnamed_6,2556.0,cashflow
1239.0,unnamed_6,-6583.0,cashflow
1240.0,unnamed_6,-1197.0,cashflow
1241.0,unnamed_6,509.0,cashflow
1242.0,unnamed_6,-45.0,cashflow
1243.0,unnamed_6,139.0,cashflow
1244.0,unnamed_6,86.0,cashflow
1245.0,unnamed_6,-174.0,cashflow
1246.0,unnamed_6,91.0,cashflow
1247.0,unnamed_6,207.0,cashflow
1248.0,unnamed_6,-64.0,cashflow
1249.0,unnamed_6,178.0,cashflow
1250.0,unnamed_6,99.0,cashflow
1251.0,unnamed_6,756.0,cashflow
1252.0,unnamed_6,-3.0,cashflow
1253.0,unnamed_6,-811.0,cashflow
1254.0,unnamed_6,399.0,cashflow
1255.0,unnamed_6,-90.0,cashflow
1256.0,unnamed_6,219.0,cashflow
1257.0,unnamed_6,-170.0,cashflow
1258.0,unnamed_6,-75.0,cashflow
