metric,year,value,company
,unnamed_1,,documents
1.0,unnamed_1,,documents
2.0,unnamed_1,,documents
3.0,unnamed_1,,documents
4.0,unnamed_1,,documents
5.0,unnamed_1,,documents
6.0,unnamed_1,,documents
7.0,unnamed_1,,documents
8.0,unnamed_1,,documents
9.0,unnamed_1,,documents
10.0,unnamed_1,,documents
11.0,unnamed_1,,documents
12.0,unnamed_1,,documents
13.0,unnamed_1,,documents
14.0,unnamed_1,,documents
15.0,unnamed_1,,documents
16.0,unnamed_1,,documents
17.0,unnamed_1,,documents
18.0,unnamed_1,,documents
19.0,unnamed_1,,documents
20.0,unnamed_1,,documents
21.0,unnamed_1,,documents
22.0,unnamed_1,,documents
23.0,unnamed_1,,documents
24.0,unnamed_1,,documents
25.0,unnamed_1,,documents
26.0,unnamed_1,,documents
27.0,unnamed_1,,documents
28.0,unnamed_1,,documents
29.0,unnamed_1,,documents
30.0,unnamed_1,,documents
31.0,unnamed_1,,documents
32.0,unnamed_1,,documents
33.0,unnamed_1,,documents
34.0,unnamed_1,,documents
35.0,unnamed_1,,documents
36.0,unnamed_1,,documents
37.0,unnamed_1,,documents
38.0,unnamed_1,,documents
39.0,unnamed_1,,documents
40.0,unnamed_1,,documents
41.0,unnamed_1,,documents
42.0,unnamed_1,,documents
43.0,unnamed_1,,documents
44.0,unnamed_1,,documents
45.0,unnamed_1,,documents
46.0,unnamed_1,,documents
47.0,unnamed_1,,documents
48.0,unnamed_1,,documents
49.0,unnamed_1,,documents
50.0,unnamed_1,,documents
51.0,unnamed_1,,documents
52.0,unnamed_1,,documents
53.0,unnamed_1,,documents
54.0,unnamed_1,,documents
55.0,unnamed_1,,documents
56.0,unnamed_1,,documents
57.0,unnamed_1,,documents
58.0,unnamed_1,,documents
59.0,unnamed_1,,documents
60.0,unnamed_1,,documents
61.0,unnamed_1,,documents
62.0,unnamed_1,,documents
63.0,unnamed_1,,documents
64.0,unnamed_1,,documents
65.0,unnamed_1,,documents
66.0,unnamed_1,,documents
67.0,unnamed_1,,documents
68.0,unnamed_1,,documents
69.0,unnamed_1,,documents
70.0,unnamed_1,,documents
71.0,unnamed_1,,documents
72.0,unnamed_1,,documents
73.0,unnamed_1,,documents
74.0,unnamed_1,,documents
75.0,unnamed_1,,documents
76.0,unnamed_1,,documents
77.0,unnamed_1,,documents
78.0,unnamed_1,,documents
79.0,unnamed_1,,documents
80.0,unnamed_1,,documents
81.0,unnamed_1,,documents
82.0,unnamed_1,,documents
83.0,unnamed_1,,documents
84.0,unnamed_1,,documents
85.0,unnamed_1,,documents
86.0,unnamed_1,,documents
87.0,unnamed_1,,documents
88.0,unnamed_1,,documents
89.0,unnamed_1,,documents
90.0,unnamed_1,,documents
91.0,unnamed_1,,documents
92.0,unnamed_1,,documents
93.0,unnamed_1,,documents
94.0,unnamed_1,,documents
95.0,unnamed_1,,documents
96.0,unnamed_1,,documents
97.0,unnamed_1,,documents
98.0,unnamed_1,,documents
99.0,unnamed_1,,documents
100.0,unnamed_1,,documents
101.0,unnamed_1,,documents
102.0,unnamed_1,,documents
103.0,unnamed_1,,documents
104.0,unnamed_1,,documents
105.0,unnamed_1,,documents
106.0,unnamed_1,,documents
107.0,unnamed_1,,documents
108.0,unnamed_1,,documents
109.0,unnamed_1,,documents
110.0,unnamed_1,,documents
111.0,unnamed_1,,documents
112.0,unnamed_1,,documents
113.0,unnamed_1,,documents
114.0,unnamed_1,,documents
115.0,unnamed_1,,documents
116.0,unnamed_1,,documents
117.0,unnamed_1,,documents
118.0,unnamed_1,,documents
119.0,unnamed_1,,documents
120.0,unnamed_1,,documents
121.0,unnamed_1,,documents
122.0,unnamed_1,,documents
123.0,unnamed_1,,documents
124.0,unnamed_1,,documents
125.0,unnamed_1,,documents
126.0,unnamed_1,,documents
127.0,unnamed_1,,documents
128.0,unnamed_1,,documents
129.0,unnamed_1,,documents
130.0,unnamed_1,,documents
131.0,unnamed_1,,documents
132.0,unnamed_1,,documents
133.0,unnamed_1,,documents
134.0,unnamed_1,,documents
135.0,unnamed_1,,documents
136.0,unnamed_1,,documents
137.0,unnamed_1,,documents
138.0,unnamed_1,,documents
139.0,unnamed_1,,documents
140.0,unnamed_1,,documents
141.0,unnamed_1,,documents
142.0,unnamed_1,,documents
143.0,unnamed_1,,documents
144.0,unnamed_1,,documents
145.0,unnamed_1,,documents
146.0,unnamed_1,,documents
147.0,unnamed_1,,documents
148.0,unnamed_1,,documents
149.0,unnamed_1,,documents
150.0,unnamed_1,,documents
151.0,unnamed_1,,documents
152.0,unnamed_1,,documents
153.0,unnamed_1,,documents
154.0,unnamed_1,,documents
155.0,unnamed_1,,documents
156.0,unnamed_1,,documents
157.0,unnamed_1,,documents
158.0,unnamed_1,,documents
159.0,unnamed_1,,documents
160.0,unnamed_1,,documents
161.0,unnamed_1,,documents
162.0,unnamed_1,,documents
163.0,unnamed_1,,documents
164.0,unnamed_1,,documents
165.0,unnamed_1,,documents
166.0,unnamed_1,,documents
167.0,unnamed_1,,documents
168.0,unnamed_1,,documents
169.0,unnamed_1,,documents
170.0,unnamed_1,,documents
171.0,unnamed_1,,documents
172.0,unnamed_1,,documents
173.0,unnamed_1,,documents
174.0,unnamed_1,,documents
175.0,unnamed_1,,documents
176.0,unnamed_1,,documents
177.0,unnamed_1,,documents
178.0,unnamed_1,,documents
179.0,unnamed_1,,documents
180.0,unnamed_1,,documents
181.0,unnamed_1,,documents
182.0,unnamed_1,,documents
183.0,unnamed_1,,documents
184.0,unnamed_1,,documents
185.0,unnamed_1,,documents
186.0,unnamed_1,,documents
187.0,unnamed_1,,documents
188.0,unnamed_1,,documents
189.0,unnamed_1,,documents
190.0,unnamed_1,,documents
191.0,unnamed_1,,documents
192.0,unnamed_1,,documents
193.0,unnamed_1,,documents
194.0,unnamed_1,,documents
195.0,unnamed_1,,documents
196.0,unnamed_1,,documents
197.0,unnamed_1,,documents
198.0,unnamed_1,,documents
199.0,unnamed_1,,documents
200.0,unnamed_1,,documents
201.0,unnamed_1,,documents
202.0,unnamed_1,,documents
203.0,unnamed_1,,documents
204.0,unnamed_1,,documents
205.0,unnamed_1,,documents
206.0,unnamed_1,,documents
207.0,unnamed_1,,documents
208.0,unnamed_1,,documents
209.0,unnamed_1,,documents
210.0,unnamed_1,,documents
211.0,unnamed_1,,documents
212.0,unnamed_1,,documents
213.0,unnamed_1,,documents
214.0,unnamed_1,,documents
215.0,unnamed_1,,documents
216.0,unnamed_1,,documents
217.0,unnamed_1,,documents
218.0,unnamed_1,,documents
219.0,unnamed_1,,documents
220.0,unnamed_1,,documents
221.0,unnamed_1,,documents
222.0,unnamed_1,,documents
223.0,unnamed_1,,documents
224.0,unnamed_1,,documents
225.0,unnamed_1,,documents
226.0,unnamed_1,,documents
227.0,unnamed_1,,documents
228.0,unnamed_1,,documents
229.0,unnamed_1,,documents
230.0,unnamed_1,,documents
231.0,unnamed_1,,documents
232.0,unnamed_1,,documents
233.0,unnamed_1,,documents
234.0,unnamed_1,,documents
235.0,unnamed_1,,documents
236.0,unnamed_1,,documents
237.0,unnamed_1,,documents
238.0,unnamed_1,,documents
239.0,unnamed_1,,documents
240.0,unnamed_1,,documents
241.0,unnamed_1,,documents
242.0,unnamed_1,,documents
243.0,unnamed_1,,documents
244.0,unnamed_1,,documents
245.0,unnamed_1,,documents
246.0,unnamed_1,,documents
247.0,unnamed_1,,documents
248.0,unnamed_1,,documents
249.0,unnamed_1,,documents
250.0,unnamed_1,,documents
251.0,unnamed_1,,documents
252.0,unnamed_1,,documents
253.0,unnamed_1,,documents
254.0,unnamed_1,,documents
255.0,unnamed_1,,documents
256.0,unnamed_1,,documents
257.0,unnamed_1,,documents
258.0,unnamed_1,,documents
259.0,unnamed_1,,documents
260.0,unnamed_1,,documents
261.0,unnamed_1,,documents
262.0,unnamed_1,,documents
263.0,unnamed_1,,documents
264.0,unnamed_1,,documents
265.0,unnamed_1,,documents
266.0,unnamed_1,,documents
267.0,unnamed_1,,documents
268.0,unnamed_1,,documents
269.0,unnamed_1,,documents
270.0,unnamed_1,,documents
271.0,unnamed_1,,documents
272.0,unnamed_1,,documents
273.0,unnamed_1,,documents
274.0,unnamed_1,,documents
275.0,unnamed_1,,documents
276.0,unnamed_1,,documents
277.0,unnamed_1,,documents
278.0,unnamed_1,,documents
279.0,unnamed_1,,documents
280.0,unnamed_1,,documents
281.0,unnamed_1,,documents
282.0,unnamed_1,,documents
283.0,unnamed_1,,documents
284.0,unnamed_1,,documents
285.0,unnamed_1,,documents
286.0,unnamed_1,,documents
287.0,unnamed_1,,documents
288.0,unnamed_1,,documents
289.0,unnamed_1,,documents
290.0,unnamed_1,,documents
291.0,unnamed_1,,documents
292.0,unnamed_1,,documents
293.0,unnamed_1,,documents
294.0,unnamed_1,,documents
295.0,unnamed_1,,documents
296.0,unnamed_1,,documents
297.0,unnamed_1,,documents
298.0,unnamed_1,,documents
299.0,unnamed_1,,documents
300.0,unnamed_1,,documents
301.0,unnamed_1,,documents
302.0,unnamed_1,,documents
303.0,unnamed_1,,documents
304.0,unnamed_1,,documents
305.0,unnamed_1,,documents
306.0,unnamed_1,,documents
307.0,unnamed_1,,documents
308.0,unnamed_1,,documents
309.0,unnamed_1,,documents
310.0,unnamed_1,,documents
311.0,unnamed_1,,documents
312.0,unnamed_1,,documents
313.0,unnamed_1,,documents
314.0,unnamed_1,,documents
315.0,unnamed_1,,documents
316.0,unnamed_1,,documents
317.0,unnamed_1,,documents
318.0,unnamed_1,,documents
319.0,unnamed_1,,documents
320.0,unnamed_1,,documents
321.0,unnamed_1,,documents
322.0,unnamed_1,,documents
323.0,unnamed_1,,documents
324.0,unnamed_1,,documents
325.0,unnamed_1,,documents
326.0,unnamed_1,,documents
327.0,unnamed_1,,documents
328.0,unnamed_1,,documents
329.0,unnamed_1,,documents
330.0,unnamed_1,,documents
331.0,unnamed_1,,documents
332.0,unnamed_1,,documents
333.0,unnamed_1,,documents
334.0,unnamed_1,,documents
335.0,unnamed_1,,documents
336.0,unnamed_1,,documents
337.0,unnamed_1,,documents
338.0,unnamed_1,,documents
339.0,unnamed_1,,documents
340.0,unnamed_1,,documents
341.0,unnamed_1,,documents
342.0,unnamed_1,,documents
343.0,unnamed_1,,documents
344.0,unnamed_1,,documents
345.0,unnamed_1,,documents
346.0,unnamed_1,,documents
347.0,unnamed_1,,documents
348.0,unnamed_1,,documents
349.0,unnamed_1,,documents
350.0,unnamed_1,,documents
351.0,unnamed_1,,documents
352.0,unnamed_1,,documents
353.0,unnamed_1,,documents
354.0,unnamed_1,,documents
355.0,unnamed_1,,documents
356.0,unnamed_1,,documents
357.0,unnamed_1,,documents
358.0,unnamed_1,,documents
359.0,unnamed_1,,documents
360.0,unnamed_1,,documents
361.0,unnamed_1,,documents
362.0,unnamed_1,,documents
363.0,unnamed_1,,documents
364.0,unnamed_1,,documents
365.0,unnamed_1,,documents
366.0,unnamed_1,,documents
367.0,unnamed_1,,documents
368.0,unnamed_1,,documents
369.0,unnamed_1,,documents
370.0,unnamed_1,,documents
371.0,unnamed_1,,documents
372.0,unnamed_1,,documents
373.0,unnamed_1,,documents
374.0,unnamed_1,,documents
375.0,unnamed_1,,documents
376.0,unnamed_1,,documents
377.0,unnamed_1,,documents
378.0,unnamed_1,,documents
379.0,unnamed_1,,documents
380.0,unnamed_1,,documents
381.0,unnamed_1,,documents
382.0,unnamed_1,,documents
383.0,unnamed_1,,documents
384.0,unnamed_1,,documents
385.0,unnamed_1,,documents
386.0,unnamed_1,,documents
387.0,unnamed_1,,documents
388.0,unnamed_1,,documents
389.0,unnamed_1,,documents
390.0,unnamed_1,,documents
391.0,unnamed_1,,documents
392.0,unnamed_1,,documents
393.0,unnamed_1,,documents
394.0,unnamed_1,,documents
395.0,unnamed_1,,documents
396.0,unnamed_1,,documents
397.0,unnamed_1,,documents
398.0,unnamed_1,,documents
399.0,unnamed_1,,documents
400.0,unnamed_1,,documents
401.0,unnamed_1,,documents
402.0,unnamed_1,,documents
403.0,unnamed_1,,documents
404.0,unnamed_1,,documents
405.0,unnamed_1,,documents
406.0,unnamed_1,,documents
407.0,unnamed_1,,documents
408.0,unnamed_1,,documents
409.0,unnamed_1,,documents
410.0,unnamed_1,,documents
411.0,unnamed_1,,documents
412.0,unnamed_1,,documents
413.0,unnamed_1,,documents
414.0,unnamed_1,,documents
415.0,unnamed_1,,documents
416.0,unnamed_1,,documents
417.0,unnamed_1,,documents
418.0,unnamed_1,,documents
419.0,unnamed_1,,documents
420.0,unnamed_1,,documents
421.0,unnamed_1,,documents
422.0,unnamed_1,,documents
423.0,unnamed_1,,documents
424.0,unnamed_1,,documents
425.0,unnamed_1,,documents
426.0,unnamed_1,,documents
427.0,unnamed_1,,documents
428.0,unnamed_1,,documents
429.0,unnamed_1,,documents
430.0,unnamed_1,,documents
431.0,unnamed_1,,documents
432.0,unnamed_1,,documents
433.0,unnamed_1,,documents
434.0,unnamed_1,,documents
435.0,unnamed_1,,documents
436.0,unnamed_1,,documents
437.0,unnamed_1,,documents
438.0,unnamed_1,,documents
439.0,unnamed_1,,documents
440.0,unnamed_1,,documents
441.0,unnamed_1,,documents
442.0,unnamed_1,,documents
443.0,unnamed_1,,documents
444.0,unnamed_1,,documents
445.0,unnamed_1,,documents
446.0,unnamed_1,,documents
447.0,unnamed_1,,documents
448.0,unnamed_1,,documents
449.0,unnamed_1,,documents
450.0,unnamed_1,,documents
451.0,unnamed_1,,documents
452.0,unnamed_1,,documents
453.0,unnamed_1,,documents
454.0,unnamed_1,,documents
455.0,unnamed_1,,documents
456.0,unnamed_1,,documents
457.0,unnamed_1,,documents
458.0,unnamed_1,,documents
459.0,unnamed_1,,documents
460.0,unnamed_1,,documents
461.0,unnamed_1,,documents
462.0,unnamed_1,,documents
463.0,unnamed_1,,documents
464.0,unnamed_1,,documents
465.0,unnamed_1,,documents
466.0,unnamed_1,,documents
467.0,unnamed_1,,documents
468.0,unnamed_1,,documents
469.0,unnamed_1,,documents
470.0,unnamed_1,,documents
471.0,unnamed_1,,documents
472.0,unnamed_1,,documents
473.0,unnamed_1,,documents
474.0,unnamed_1,,documents
475.0,unnamed_1,,documents
476.0,unnamed_1,,documents
477.0,unnamed_1,,documents
478.0,unnamed_1,,documents
479.0,unnamed_1,,documents
480.0,unnamed_1,,documents
481.0,unnamed_1,,documents
482.0,unnamed_1,,documents
483.0,unnamed_1,,documents
484.0,unnamed_1,,documents
485.0,unnamed_1,,documents
486.0,unnamed_1,,documents
487.0,unnamed_1,,documents
488.0,unnamed_1,,documents
489.0,unnamed_1,,documents
490.0,unnamed_1,,documents
491.0,unnamed_1,,documents
492.0,unnamed_1,,documents
493.0,unnamed_1,,documents
494.0,unnamed_1,,documents
495.0,unnamed_1,,documents
496.0,unnamed_1,,documents
497.0,unnamed_1,,documents
498.0,unnamed_1,,documents
499.0,unnamed_1,,documents
500.0,unnamed_1,,documents
501.0,unnamed_1,,documents
502.0,unnamed_1,,documents
503.0,unnamed_1,,documents
504.0,unnamed_1,,documents
505.0,unnamed_1,,documents
506.0,unnamed_1,,documents
507.0,unnamed_1,,documents
508.0,unnamed_1,,documents
509.0,unnamed_1,,documents
510.0,unnamed_1,,documents
511.0,unnamed_1,,documents
512.0,unnamed_1,,documents
513.0,unnamed_1,,documents
514.0,unnamed_1,,documents
515.0,unnamed_1,,documents
516.0,unnamed_1,,documents
517.0,unnamed_1,,documents
518.0,unnamed_1,,documents
519.0,unnamed_1,,documents
520.0,unnamed_1,,documents
521.0,unnamed_1,,documents
522.0,unnamed_1,,documents
523.0,unnamed_1,,documents
524.0,unnamed_1,,documents
525.0,unnamed_1,,documents
526.0,unnamed_1,,documents
527.0,unnamed_1,,documents
528.0,unnamed_1,,documents
529.0,unnamed_1,,documents
530.0,unnamed_1,,documents
531.0,unnamed_1,,documents
532.0,unnamed_1,,documents
533.0,unnamed_1,,documents
534.0,unnamed_1,,documents
535.0,unnamed_1,,documents
536.0,unnamed_1,,documents
537.0,unnamed_1,,documents
538.0,unnamed_1,,documents
539.0,unnamed_1,,documents
540.0,unnamed_1,,documents
541.0,unnamed_1,,documents
542.0,unnamed_1,,documents
543.0,unnamed_1,,documents
544.0,unnamed_1,,documents
545.0,unnamed_1,,documents
546.0,unnamed_1,,documents
547.0,unnamed_1,,documents
548.0,unnamed_1,,documents
549.0,unnamed_1,,documents
550.0,unnamed_1,,documents
551.0,unnamed_1,,documents
552.0,unnamed_1,,documents
553.0,unnamed_1,,documents
554.0,unnamed_1,,documents
555.0,unnamed_1,,documents
556.0,unnamed_1,,documents
557.0,unnamed_1,,documents
558.0,unnamed_1,,documents
559.0,unnamed_1,,documents
560.0,unnamed_1,,documents
561.0,unnamed_1,,documents
562.0,unnamed_1,,documents
563.0,unnamed_1,,documents
564.0,unnamed_1,,documents
565.0,unnamed_1,,documents
566.0,unnamed_1,,documents
567.0,unnamed_1,,documents
568.0,unnamed_1,,documents
569.0,unnamed_1,,documents
570.0,unnamed_1,,documents
571.0,unnamed_1,,documents
572.0,unnamed_1,,documents
573.0,unnamed_1,,documents
574.0,unnamed_1,,documents
575.0,unnamed_1,,documents
576.0,unnamed_1,,documents
577.0,unnamed_1,,documents
578.0,unnamed_1,,documents
579.0,unnamed_1,,documents
580.0,unnamed_1,,documents
581.0,unnamed_1,,documents
582.0,unnamed_1,,documents
583.0,unnamed_1,,documents
584.0,unnamed_1,,documents
585.0,unnamed_1,,documents
586.0,unnamed_1,,documents
587.0,unnamed_1,,documents
588.0,unnamed_1,,documents
589.0,unnamed_1,,documents
590.0,unnamed_1,,documents
591.0,unnamed_1,,documents
592.0,unnamed_1,,documents
593.0,unnamed_1,,documents
594.0,unnamed_1,,documents
595.0,unnamed_1,,documents
596.0,unnamed_1,,documents
597.0,unnamed_1,,documents
598.0,unnamed_1,,documents
599.0,unnamed_1,,documents
600.0,unnamed_1,,documents
601.0,unnamed_1,,documents
602.0,unnamed_1,,documents
603.0,unnamed_1,,documents
604.0,unnamed_1,,documents
605.0,unnamed_1,,documents
606.0,unnamed_1,,documents
607.0,unnamed_1,,documents
608.0,unnamed_1,,documents
609.0,unnamed_1,,documents
610.0,unnamed_1,,documents
611.0,unnamed_1,,documents
612.0,unnamed_1,,documents
613.0,unnamed_1,,documents
614.0,unnamed_1,,documents
615.0,unnamed_1,,documents
616.0,unnamed_1,,documents
617.0,unnamed_1,,documents
618.0,unnamed_1,,documents
619.0,unnamed_1,,documents
620.0,unnamed_1,,documents
621.0,unnamed_1,,documents
622.0,unnamed_1,,documents
623.0,unnamed_1,,documents
624.0,unnamed_1,,documents
625.0,unnamed_1,,documents
626.0,unnamed_1,,documents
627.0,unnamed_1,,documents
628.0,unnamed_1,,documents
629.0,unnamed_1,,documents
630.0,unnamed_1,,documents
631.0,unnamed_1,,documents
632.0,unnamed_1,,documents
633.0,unnamed_1,,documents
634.0,unnamed_1,,documents
635.0,unnamed_1,,documents
636.0,unnamed_1,,documents
637.0,unnamed_1,,documents
638.0,unnamed_1,,documents
639.0,unnamed_1,,documents
640.0,unnamed_1,,documents
641.0,unnamed_1,,documents
642.0,unnamed_1,,documents
643.0,unnamed_1,,documents
644.0,unnamed_1,,documents
645.0,unnamed_1,,documents
646.0,unnamed_1,,documents
647.0,unnamed_1,,documents
648.0,unnamed_1,,documents
649.0,unnamed_1,,documents
650.0,unnamed_1,,documents
651.0,unnamed_1,,documents
652.0,unnamed_1,,documents
653.0,unnamed_1,,documents
654.0,unnamed_1,,documents
655.0,unnamed_1,,documents
656.0,unnamed_1,,documents
657.0,unnamed_1,,documents
658.0,unnamed_1,,documents
659.0,unnamed_1,,documents
660.0,unnamed_1,,documents
661.0,unnamed_1,,documents
662.0,unnamed_1,,documents
663.0,unnamed_1,,documents
664.0,unnamed_1,,documents
665.0,unnamed_1,,documents
666.0,unnamed_1,,documents
667.0,unnamed_1,,documents
668.0,unnamed_1,,documents
669.0,unnamed_1,,documents
670.0,unnamed_1,,documents
671.0,unnamed_1,,documents
672.0,unnamed_1,,documents
673.0,unnamed_1,,documents
674.0,unnamed_1,,documents
675.0,unnamed_1,,documents
676.0,unnamed_1,,documents
677.0,unnamed_1,,documents
678.0,unnamed_1,,documents
679.0,unnamed_1,,documents
680.0,unnamed_1,,documents
681.0,unnamed_1,,documents
682.0,unnamed_1,,documents
683.0,unnamed_1,,documents
684.0,unnamed_1,,documents
685.0,unnamed_1,,documents
686.0,unnamed_1,,documents
687.0,unnamed_1,,documents
688.0,unnamed_1,,documents
689.0,unnamed_1,,documents
690.0,unnamed_1,,documents
691.0,unnamed_1,,documents
692.0,unnamed_1,,documents
693.0,unnamed_1,,documents
694.0,unnamed_1,,documents
695.0,unnamed_1,,documents
696.0,unnamed_1,,documents
697.0,unnamed_1,,documents
698.0,unnamed_1,,documents
699.0,unnamed_1,,documents
700.0,unnamed_1,,documents
701.0,unnamed_1,,documents
702.0,unnamed_1,,documents
703.0,unnamed_1,,documents
704.0,unnamed_1,,documents
705.0,unnamed_1,,documents
706.0,unnamed_1,,documents
707.0,unnamed_1,,documents
708.0,unnamed_1,,documents
709.0,unnamed_1,,documents
710.0,unnamed_1,,documents
711.0,unnamed_1,,documents
712.0,unnamed_1,,documents
713.0,unnamed_1,,documents
714.0,unnamed_1,,documents
715.0,unnamed_1,,documents
716.0,unnamed_1,,documents
717.0,unnamed_1,,documents
718.0,unnamed_1,,documents
719.0,unnamed_1,,documents
720.0,unnamed_1,,documents
721.0,unnamed_1,,documents
722.0,unnamed_1,,documents
723.0,unnamed_1,,documents
724.0,unnamed_1,,documents
725.0,unnamed_1,,documents
726.0,unnamed_1,,documents
727.0,unnamed_1,,documents
728.0,unnamed_1,,documents
729.0,unnamed_1,,documents
730.0,unnamed_1,,documents
731.0,unnamed_1,,documents
732.0,unnamed_1,,documents
733.0,unnamed_1,,documents
734.0,unnamed_1,,documents
735.0,unnamed_1,,documents
736.0,unnamed_1,,documents
737.0,unnamed_1,,documents
738.0,unnamed_1,,documents
739.0,unnamed_1,,documents
740.0,unnamed_1,,documents
741.0,unnamed_1,,documents
742.0,unnamed_1,,documents
743.0,unnamed_1,,documents
744.0,unnamed_1,,documents
745.0,unnamed_1,,documents
746.0,unnamed_1,,documents
747.0,unnamed_1,,documents
748.0,unnamed_1,,documents
749.0,unnamed_1,,documents
750.0,unnamed_1,,documents
751.0,unnamed_1,,documents
752.0,unnamed_1,,documents
753.0,unnamed_1,,documents
754.0,unnamed_1,,documents
755.0,unnamed_1,,documents
756.0,unnamed_1,,documents
757.0,unnamed_1,,documents
758.0,unnamed_1,,documents
759.0,unnamed_1,,documents
760.0,unnamed_1,,documents
761.0,unnamed_1,,documents
762.0,unnamed_1,,documents
763.0,unnamed_1,,documents
764.0,unnamed_1,,documents
765.0,unnamed_1,,documents
766.0,unnamed_1,,documents
767.0,unnamed_1,,documents
768.0,unnamed_1,,documents
769.0,unnamed_1,,documents
770.0,unnamed_1,,documents
771.0,unnamed_1,,documents
772.0,unnamed_1,,documents
773.0,unnamed_1,,documents
774.0,unnamed_1,,documents
775.0,unnamed_1,,documents
776.0,unnamed_1,,documents
777.0,unnamed_1,,documents
778.0,unnamed_1,,documents
779.0,unnamed_1,,documents
780.0,unnamed_1,,documents
781.0,unnamed_1,,documents
782.0,unnamed_1,,documents
783.0,unnamed_1,,documents
784.0,unnamed_1,,documents
785.0,unnamed_1,,documents
786.0,unnamed_1,,documents
787.0,unnamed_1,,documents
788.0,unnamed_1,,documents
789.0,unnamed_1,,documents
790.0,unnamed_1,,documents
791.0,unnamed_1,,documents
792.0,unnamed_1,,documents
793.0,unnamed_1,,documents
794.0,unnamed_1,,documents
795.0,unnamed_1,,documents
796.0,unnamed_1,,documents
797.0,unnamed_1,,documents
798.0,unnamed_1,,documents
799.0,unnamed_1,,documents
800.0,unnamed_1,,documents
801.0,unnamed_1,,documents
802.0,unnamed_1,,documents
803.0,unnamed_1,,documents
804.0,unnamed_1,,documents
805.0,unnamed_1,,documents
806.0,unnamed_1,,documents
807.0,unnamed_1,,documents
808.0,unnamed_1,,documents
809.0,unnamed_1,,documents
810.0,unnamed_1,,documents
811.0,unnamed_1,,documents
812.0,unnamed_1,,documents
813.0,unnamed_1,,documents
814.0,unnamed_1,,documents
815.0,unnamed_1,,documents
816.0,unnamed_1,,documents
817.0,unnamed_1,,documents
818.0,unnamed_1,,documents
819.0,unnamed_1,,documents
820.0,unnamed_1,,documents
821.0,unnamed_1,,documents
822.0,unnamed_1,,documents
823.0,unnamed_1,,documents
824.0,unnamed_1,,documents
825.0,unnamed_1,,documents
826.0,unnamed_1,,documents
827.0,unnamed_1,,documents
828.0,unnamed_1,,documents
829.0,unnamed_1,,documents
830.0,unnamed_1,,documents
831.0,unnamed_1,,documents
832.0,unnamed_1,,documents
833.0,unnamed_1,,documents
834.0,unnamed_1,,documents
835.0,unnamed_1,,documents
836.0,unnamed_1,,documents
837.0,unnamed_1,,documents
838.0,unnamed_1,,documents
839.0,unnamed_1,,documents
840.0,unnamed_1,,documents
841.0,unnamed_1,,documents
842.0,unnamed_1,,documents
843.0,unnamed_1,,documents
844.0,unnamed_1,,documents
845.0,unnamed_1,,documents
846.0,unnamed_1,,documents
847.0,unnamed_1,,documents
848.0,unnamed_1,,documents
849.0,unnamed_1,,documents
850.0,unnamed_1,,documents
851.0,unnamed_1,,documents
852.0,unnamed_1,,documents
853.0,unnamed_1,,documents
854.0,unnamed_1,,documents
855.0,unnamed_1,,documents
856.0,unnamed_1,,documents
857.0,unnamed_1,,documents
858.0,unnamed_1,,documents
859.0,unnamed_1,,documents
860.0,unnamed_1,,documents
861.0,unnamed_1,,documents
862.0,unnamed_1,,documents
863.0,unnamed_1,,documents
864.0,unnamed_1,,documents
865.0,unnamed_1,,documents
866.0,unnamed_1,,documents
867.0,unnamed_1,,documents
868.0,unnamed_1,,documents
869.0,unnamed_1,,documents
870.0,unnamed_1,,documents
871.0,unnamed_1,,documents
872.0,unnamed_1,,documents
873.0,unnamed_1,,documents
874.0,unnamed_1,,documents
875.0,unnamed_1,,documents
876.0,unnamed_1,,documents
877.0,unnamed_1,,documents
878.0,unnamed_1,,documents
879.0,unnamed_1,,documents
880.0,unnamed_1,,documents
881.0,unnamed_1,,documents
882.0,unnamed_1,,documents
883.0,unnamed_1,,documents
884.0,unnamed_1,,documents
885.0,unnamed_1,,documents
886.0,unnamed_1,,documents
887.0,unnamed_1,,documents
888.0,unnamed_1,,documents
889.0,unnamed_1,,documents
890.0,unnamed_1,,documents
891.0,unnamed_1,,documents
892.0,unnamed_1,,documents
893.0,unnamed_1,,documents
894.0,unnamed_1,,documents
895.0,unnamed_1,,documents
896.0,unnamed_1,,documents
897.0,unnamed_1,,documents
898.0,unnamed_1,,documents
899.0,unnamed_1,,documents
900.0,unnamed_1,,documents
901.0,unnamed_1,,documents
902.0,unnamed_1,,documents
903.0,unnamed_1,,documents
904.0,unnamed_1,,documents
905.0,unnamed_1,,documents
906.0,unnamed_1,,documents
907.0,unnamed_1,,documents
908.0,unnamed_1,,documents
909.0,unnamed_1,,documents
910.0,unnamed_1,,documents
911.0,unnamed_1,,documents
912.0,unnamed_1,,documents
913.0,unnamed_1,,documents
914.0,unnamed_1,,documents
915.0,unnamed_1,,documents
916.0,unnamed_1,,documents
917.0,unnamed_1,,documents
918.0,unnamed_1,,documents
919.0,unnamed_1,,documents
920.0,unnamed_1,,documents
921.0,unnamed_1,,documents
922.0,unnamed_1,,documents
923.0,unnamed_1,,documents
924.0,unnamed_1,,documents
925.0,unnamed_1,,documents
926.0,unnamed_1,,documents
927.0,unnamed_1,,documents
928.0,unnamed_1,,documents
929.0,unnamed_1,,documents
930.0,unnamed_1,,documents
931.0,unnamed_1,,documents
932.0,unnamed_1,,documents
933.0,unnamed_1,,documents
934.0,unnamed_1,,documents
935.0,unnamed_1,,documents
936.0,unnamed_1,,documents
937.0,unnamed_1,,documents
938.0,unnamed_1,,documents
939.0,unnamed_1,,documents
940.0,unnamed_1,,documents
941.0,unnamed_1,,documents
942.0,unnamed_1,,documents
943.0,unnamed_1,,documents
944.0,unnamed_1,,documents
945.0,unnamed_1,,documents
946.0,unnamed_1,,documents
947.0,unnamed_1,,documents
948.0,unnamed_1,,documents
949.0,unnamed_1,,documents
950.0,unnamed_1,,documents
951.0,unnamed_1,,documents
952.0,unnamed_1,,documents
953.0,unnamed_1,,documents
954.0,unnamed_1,,documents
955.0,unnamed_1,,documents
956.0,unnamed_1,,documents
957.0,unnamed_1,,documents
958.0,unnamed_1,,documents
959.0,unnamed_1,,documents
960.0,unnamed_1,,documents
961.0,unnamed_1,,documents
962.0,unnamed_1,,documents
963.0,unnamed_1,,documents
964.0,unnamed_1,,documents
965.0,unnamed_1,,documents
966.0,unnamed_1,,documents
967.0,unnamed_1,,documents
968.0,unnamed_1,,documents
969.0,unnamed_1,,documents
970.0,unnamed_1,,documents
971.0,unnamed_1,,documents
972.0,unnamed_1,,documents
973.0,unnamed_1,,documents
974.0,unnamed_1,,documents
975.0,unnamed_1,,documents
976.0,unnamed_1,,documents
977.0,unnamed_1,,documents
978.0,unnamed_1,,documents
979.0,unnamed_1,,documents
980.0,unnamed_1,,documents
981.0,unnamed_1,,documents
982.0,unnamed_1,,documents
983.0,unnamed_1,,documents
984.0,unnamed_1,,documents
985.0,unnamed_1,,documents
986.0,unnamed_1,,documents
987.0,unnamed_1,,documents
988.0,unnamed_1,,documents
989.0,unnamed_1,,documents
990.0,unnamed_1,,documents
991.0,unnamed_1,,documents
992.0,unnamed_1,,documents
993.0,unnamed_1,,documents
994.0,unnamed_1,,documents
995.0,unnamed_1,,documents
996.0,unnamed_1,,documents
997.0,unnamed_1,,documents
998.0,unnamed_1,,documents
999.0,unnamed_1,,documents
1000.0,unnamed_1,,documents
1001.0,unnamed_1,,documents
1002.0,unnamed_1,,documents
1003.0,unnamed_1,,documents
1004.0,unnamed_1,,documents
1005.0,unnamed_1,,documents
1006.0,unnamed_1,,documents
1007.0,unnamed_1,,documents
1008.0,unnamed_1,,documents
1009.0,unnamed_1,,documents
1010.0,unnamed_1,,documents
1011.0,unnamed_1,,documents
1012.0,unnamed_1,,documents
1013.0,unnamed_1,,documents
1014.0,unnamed_1,,documents
1015.0,unnamed_1,,documents
1016.0,unnamed_1,,documents
1017.0,unnamed_1,,documents
1018.0,unnamed_1,,documents
1019.0,unnamed_1,,documents
1020.0,unnamed_1,,documents
1021.0,unnamed_1,,documents
1022.0,unnamed_1,,documents
1023.0,unnamed_1,,documents
1024.0,unnamed_1,,documents
1025.0,unnamed_1,,documents
1026.0,unnamed_1,,documents
1027.0,unnamed_1,,documents
1028.0,unnamed_1,,documents
1029.0,unnamed_1,,documents
1030.0,unnamed_1,,documents
1031.0,unnamed_1,,documents
1032.0,unnamed_1,,documents
1033.0,unnamed_1,,documents
1034.0,unnamed_1,,documents
1035.0,unnamed_1,,documents
1036.0,unnamed_1,,documents
1037.0,unnamed_1,,documents
1038.0,unnamed_1,,documents
1039.0,unnamed_1,,documents
1040.0,unnamed_1,,documents
1041.0,unnamed_1,,documents
1042.0,unnamed_1,,documents
1043.0,unnamed_1,,documents
1044.0,unnamed_1,,documents
1045.0,unnamed_1,,documents
1046.0,unnamed_1,,documents
1047.0,unnamed_1,,documents
1048.0,unnamed_1,,documents
1049.0,unnamed_1,,documents
1050.0,unnamed_1,,documents
1051.0,unnamed_1,,documents
1052.0,unnamed_1,,documents
1053.0,unnamed_1,,documents
1054.0,unnamed_1,,documents
1055.0,unnamed_1,,documents
1056.0,unnamed_1,,documents
1057.0,unnamed_1,,documents
1058.0,unnamed_1,,documents
1059.0,unnamed_1,,documents
1060.0,unnamed_1,,documents
1061.0,unnamed_1,,documents
1062.0,unnamed_1,,documents
1063.0,unnamed_1,,documents
1064.0,unnamed_1,,documents
1065.0,unnamed_1,,documents
1066.0,unnamed_1,,documents
1067.0,unnamed_1,,documents
1068.0,unnamed_1,,documents
1069.0,unnamed_1,,documents
1070.0,unnamed_1,,documents
1071.0,unnamed_1,,documents
1072.0,unnamed_1,,documents
1073.0,unnamed_1,,documents
1074.0,unnamed_1,,documents
1075.0,unnamed_1,,documents
1076.0,unnamed_1,,documents
1077.0,unnamed_1,,documents
1078.0,unnamed_1,,documents
1079.0,unnamed_1,,documents
1080.0,unnamed_1,,documents
1081.0,unnamed_1,,documents
1082.0,unnamed_1,,documents
1083.0,unnamed_1,,documents
1084.0,unnamed_1,,documents
1085.0,unnamed_1,,documents
1086.0,unnamed_1,,documents
1087.0,unnamed_1,,documents
1088.0,unnamed_1,,documents
1089.0,unnamed_1,,documents
1090.0,unnamed_1,,documents
1091.0,unnamed_1,,documents
1092.0,unnamed_1,,documents
1093.0,unnamed_1,,documents
1094.0,unnamed_1,,documents
1095.0,unnamed_1,,documents
1096.0,unnamed_1,,documents
1097.0,unnamed_1,,documents
1098.0,unnamed_1,,documents
1099.0,unnamed_1,,documents
1100.0,unnamed_1,,documents
1101.0,unnamed_1,,documents
1102.0,unnamed_1,,documents
1103.0,unnamed_1,,documents
1104.0,unnamed_1,,documents
1105.0,unnamed_1,,documents
1106.0,unnamed_1,,documents
1107.0,unnamed_1,,documents
1108.0,unnamed_1,,documents
1109.0,unnamed_1,,documents
1110.0,unnamed_1,,documents
1111.0,unnamed_1,,documents
1112.0,unnamed_1,,documents
1113.0,unnamed_1,,documents
1114.0,unnamed_1,,documents
1115.0,unnamed_1,,documents
1116.0,unnamed_1,,documents
1117.0,unnamed_1,,documents
1118.0,unnamed_1,,documents
1119.0,unnamed_1,,documents
1120.0,unnamed_1,,documents
1121.0,unnamed_1,,documents
1122.0,unnamed_1,,documents
1123.0,unnamed_1,,documents
1124.0,unnamed_1,,documents
1125.0,unnamed_1,,documents
1126.0,unnamed_1,,documents
1127.0,unnamed_1,,documents
1128.0,unnamed_1,,documents
1129.0,unnamed_1,,documents
1130.0,unnamed_1,,documents
1131.0,unnamed_1,,documents
1132.0,unnamed_1,,documents
1133.0,unnamed_1,,documents
1134.0,unnamed_1,,documents
1135.0,unnamed_1,,documents
1136.0,unnamed_1,,documents
1137.0,unnamed_1,,documents
1138.0,unnamed_1,,documents
1139.0,unnamed_1,,documents
1140.0,unnamed_1,,documents
1141.0,unnamed_1,,documents
1142.0,unnamed_1,,documents
1143.0,unnamed_1,,documents
1144.0,unnamed_1,,documents
1145.0,unnamed_1,,documents
1146.0,unnamed_1,,documents
1147.0,unnamed_1,,documents
1148.0,unnamed_1,,documents
1149.0,unnamed_1,,documents
1150.0,unnamed_1,,documents
1151.0,unnamed_1,,documents
1152.0,unnamed_1,,documents
1153.0,unnamed_1,,documents
1154.0,unnamed_1,,documents
1155.0,unnamed_1,,documents
1156.0,unnamed_1,,documents
1157.0,unnamed_1,,documents
1158.0,unnamed_1,,documents
1159.0,unnamed_1,,documents
1160.0,unnamed_1,,documents
1161.0,unnamed_1,,documents
1162.0,unnamed_1,,documents
1163.0,unnamed_1,,documents
1164.0,unnamed_1,,documents
1165.0,unnamed_1,,documents
1166.0,unnamed_1,,documents
1167.0,unnamed_1,,documents
1168.0,unnamed_1,,documents
1169.0,unnamed_1,,documents
1170.0,unnamed_1,,documents
1171.0,unnamed_1,,documents
1172.0,unnamed_1,,documents
1173.0,unnamed_1,,documents
1174.0,unnamed_1,,documents
1175.0,unnamed_1,,documents
1176.0,unnamed_1,,documents
1177.0,unnamed_1,,documents
1178.0,unnamed_1,,documents
1179.0,unnamed_1,,documents
1180.0,unnamed_1,,documents
1181.0,unnamed_1,,documents
1182.0,unnamed_1,,documents
1183.0,unnamed_1,,documents
1184.0,unnamed_1,,documents
1185.0,unnamed_1,,documents
1186.0,unnamed_1,,documents
1187.0,unnamed_1,,documents
1188.0,unnamed_1,,documents
1189.0,unnamed_1,,documents
1190.0,unnamed_1,,documents
1191.0,unnamed_1,,documents
1192.0,unnamed_1,,documents
1193.0,unnamed_1,,documents
1194.0,unnamed_1,,documents
1195.0,unnamed_1,,documents
1196.0,unnamed_1,,documents
1197.0,unnamed_1,,documents
1198.0,unnamed_1,,documents
1199.0,unnamed_1,,documents
1200.0,unnamed_1,,documents
1201.0,unnamed_1,,documents
1202.0,unnamed_1,,documents
1203.0,unnamed_1,,documents
1204.0,unnamed_1,,documents
1205.0,unnamed_1,,documents
1206.0,unnamed_1,,documents
1207.0,unnamed_1,,documents
1208.0,unnamed_1,,documents
1209.0,unnamed_1,,documents
1210.0,unnamed_1,,documents
1211.0,unnamed_1,,documents
1212.0,unnamed_1,,documents
1213.0,unnamed_1,,documents
1214.0,unnamed_1,,documents
1215.0,unnamed_1,,documents
1216.0,unnamed_1,,documents
1217.0,unnamed_1,,documents
1218.0,unnamed_1,,documents
1219.0,unnamed_1,,documents
1220.0,unnamed_1,,documents
1221.0,unnamed_1,,documents
1222.0,unnamed_1,,documents
1223.0,unnamed_1,,documents
1224.0,unnamed_1,,documents
1225.0,unnamed_1,,documents
1226.0,unnamed_1,,documents
1227.0,unnamed_1,,documents
1228.0,unnamed_1,,documents
1229.0,unnamed_1,,documents
1230.0,unnamed_1,,documents
1231.0,unnamed_1,,documents
1232.0,unnamed_1,,documents
1233.0,unnamed_1,,documents
1234.0,unnamed_1,,documents
1235.0,unnamed_1,,documents
1236.0,unnamed_1,,documents
1237.0,unnamed_1,,documents
1238.0,unnamed_1,,documents
1239.0,unnamed_1,,documents
1240.0,unnamed_1,,documents
1241.0,unnamed_1,,documents
1242.0,unnamed_1,,documents
1243.0,unnamed_1,,documents
1244.0,unnamed_1,,documents
1245.0,unnamed_1,,documents
1246.0,unnamed_1,,documents
1247.0,unnamed_1,,documents
1248.0,unnamed_1,,documents
1249.0,unnamed_1,,documents
1250.0,unnamed_1,,documents
1251.0,unnamed_1,,documents
1252.0,unnamed_1,,documents
1253.0,unnamed_1,,documents
1254.0,unnamed_1,,documents
1255.0,unnamed_1,,documents
1256.0,unnamed_1,,documents
1257.0,unnamed_1,,documents
1258.0,unnamed_1,,documents
1259.0,unnamed_1,,documents
1260.0,unnamed_1,,documents
1261.0,unnamed_1,,documents
1262.0,unnamed_1,,documents
1263.0,unnamed_1,,documents
1264.0,unnamed_1,,documents
1265.0,unnamed_1,,documents
1266.0,unnamed_1,,documents
1267.0,unnamed_1,,documents
1268.0,unnamed_1,,documents
1269.0,unnamed_1,,documents
1270.0,unnamed_1,,documents
1271.0,unnamed_1,,documents
1272.0,unnamed_1,,documents
1273.0,unnamed_1,,documents
1274.0,unnamed_1,,documents
1275.0,unnamed_1,,documents
1276.0,unnamed_1,,documents
1277.0,unnamed_1,,documents
1278.0,unnamed_1,,documents
1279.0,unnamed_1,,documents
1280.0,unnamed_1,,documents
1281.0,unnamed_1,,documents
1282.0,unnamed_1,,documents
1283.0,unnamed_1,,documents
1284.0,unnamed_1,,documents
1285.0,unnamed_1,,documents
1286.0,unnamed_1,,documents
1287.0,unnamed_1,,documents
1288.0,unnamed_1,,documents
1289.0,unnamed_1,,documents
1290.0,unnamed_1,,documents
1291.0,unnamed_1,,documents
1292.0,unnamed_1,,documents
1293.0,unnamed_1,,documents
1294.0,unnamed_1,,documents
1295.0,unnamed_1,,documents
1296.0,unnamed_1,,documents
1297.0,unnamed_1,,documents
1298.0,unnamed_1,,documents
1299.0,unnamed_1,,documents
1300.0,unnamed_1,,documents
1301.0,unnamed_1,,documents
1302.0,unnamed_1,,documents
1303.0,unnamed_1,,documents
1304.0,unnamed_1,,documents
1305.0,unnamed_1,,documents
1306.0,unnamed_1,,documents
1307.0,unnamed_1,,documents
1308.0,unnamed_1,,documents
1309.0,unnamed_1,,documents
1310.0,unnamed_1,,documents
1311.0,unnamed_1,,documents
1312.0,unnamed_1,,documents
1313.0,unnamed_1,,documents
1314.0,unnamed_1,,documents
1315.0,unnamed_1,,documents
1316.0,unnamed_1,,documents
1317.0,unnamed_1,,documents
1318.0,unnamed_1,,documents
1319.0,unnamed_1,,documents
1320.0,unnamed_1,,documents
1321.0,unnamed_1,,documents
1322.0,unnamed_1,,documents
1323.0,unnamed_1,,documents
1324.0,unnamed_1,,documents
1325.0,unnamed_1,,documents
1326.0,unnamed_1,,documents
1327.0,unnamed_1,,documents
1328.0,unnamed_1,,documents
1329.0,unnamed_1,,documents
1330.0,unnamed_1,,documents
1331.0,unnamed_1,,documents
1332.0,unnamed_1,,documents
1333.0,unnamed_1,,documents
1334.0,unnamed_1,,documents
1335.0,unnamed_1,,documents
1336.0,unnamed_1,,documents
1337.0,unnamed_1,,documents
1338.0,unnamed_1,,documents
1339.0,unnamed_1,,documents
1340.0,unnamed_1,,documents
1341.0,unnamed_1,,documents
1342.0,unnamed_1,,documents
1343.0,unnamed_1,,documents
1344.0,unnamed_1,,documents
1345.0,unnamed_1,,documents
1346.0,unnamed_1,,documents
1347.0,unnamed_1,,documents
1348.0,unnamed_1,,documents
1349.0,unnamed_1,,documents
1350.0,unnamed_1,,documents
1351.0,unnamed_1,,documents
1352.0,unnamed_1,,documents
1353.0,unnamed_1,,documents
1354.0,unnamed_1,,documents
1355.0,unnamed_1,,documents
1356.0,unnamed_1,,documents
1357.0,unnamed_1,,documents
1358.0,unnamed_1,,documents
1359.0,unnamed_1,,documents
1360.0,unnamed_1,,documents
1361.0,unnamed_1,,documents
1362.0,unnamed_1,,documents
1363.0,unnamed_1,,documents
1364.0,unnamed_1,,documents
1365.0,unnamed_1,,documents
1366.0,unnamed_1,,documents
1367.0,unnamed_1,,documents
1368.0,unnamed_1,,documents
1369.0,unnamed_1,,documents
1370.0,unnamed_1,,documents
1371.0,unnamed_1,,documents
1372.0,unnamed_1,,documents
1373.0,unnamed_1,,documents
1374.0,unnamed_1,,documents
1375.0,unnamed_1,,documents
1376.0,unnamed_1,,documents
1377.0,unnamed_1,,documents
1378.0,unnamed_1,,documents
1379.0,unnamed_1,,documents
1380.0,unnamed_1,,documents
1381.0,unnamed_1,,documents
1382.0,unnamed_1,,documents
1383.0,unnamed_1,,documents
1384.0,unnamed_1,,documents
1385.0,unnamed_1,,documents
1386.0,unnamed_1,,documents
1387.0,unnamed_1,,documents
1388.0,unnamed_1,,documents
1389.0,unnamed_1,,documents
1390.0,unnamed_1,,documents
1391.0,unnamed_1,,documents
1392.0,unnamed_1,,documents
1393.0,unnamed_1,,documents
1394.0,unnamed_1,,documents
1395.0,unnamed_1,,documents
1396.0,unnamed_1,,documents
1397.0,unnamed_1,,documents
1398.0,unnamed_1,,documents
1399.0,unnamed_1,,documents
1400.0,unnamed_1,,documents
1401.0,unnamed_1,,documents
1402.0,unnamed_1,,documents
1403.0,unnamed_1,,documents
1404.0,unnamed_1,,documents
1405.0,unnamed_1,,documents
1406.0,unnamed_1,,documents
1407.0,unnamed_1,,documents
1408.0,unnamed_1,,documents
1409.0,unnamed_1,,documents
1410.0,unnamed_1,,documents
1411.0,unnamed_1,,documents
1412.0,unnamed_1,,documents
1413.0,unnamed_1,,documents
1414.0,unnamed_1,,documents
1415.0,unnamed_1,,documents
1416.0,unnamed_1,,documents
1417.0,unnamed_1,,documents
1418.0,unnamed_1,,documents
1419.0,unnamed_1,,documents
1420.0,unnamed_1,,documents
1421.0,unnamed_1,,documents
1422.0,unnamed_1,,documents
1423.0,unnamed_1,,documents
1424.0,unnamed_1,,documents
1425.0,unnamed_1,,documents
1426.0,unnamed_1,,documents
1427.0,unnamed_1,,documents
1428.0,unnamed_1,,documents
1429.0,unnamed_1,,documents
1430.0,unnamed_1,,documents
1431.0,unnamed_1,,documents
1432.0,unnamed_1,,documents
1433.0,unnamed_1,,documents
1434.0,unnamed_1,,documents
1435.0,unnamed_1,,documents
1436.0,unnamed_1,,documents
1437.0,unnamed_1,,documents
1438.0,unnamed_1,,documents
1439.0,unnamed_1,,documents
1440.0,unnamed_1,,documents
1441.0,unnamed_1,,documents
1442.0,unnamed_1,,documents
1443.0,unnamed_1,,documents
1444.0,unnamed_1,,documents
1445.0,unnamed_1,,documents
1446.0,unnamed_1,,documents
1447.0,unnamed_1,,documents
1448.0,unnamed_1,,documents
1449.0,unnamed_1,,documents
1450.0,unnamed_1,,documents
1451.0,unnamed_1,,documents
1452.0,unnamed_1,,documents
1453.0,unnamed_1,,documents
1454.0,unnamed_1,,documents
1455.0,unnamed_1,,documents
1456.0,unnamed_1,,documents
1457.0,unnamed_1,,documents
1458.0,unnamed_1,,documents
1459.0,unnamed_1,,documents
1460.0,unnamed_1,,documents
1461.0,unnamed_1,,documents
1462.0,unnamed_1,,documents
1463.0,unnamed_1,,documents
1464.0,unnamed_1,,documents
1465.0,unnamed_1,,documents
1466.0,unnamed_1,,documents
1467.0,unnamed_1,,documents
1468.0,unnamed_1,,documents
1469.0,unnamed_1,,documents
1470.0,unnamed_1,,documents
1471.0,unnamed_1,,documents
1472.0,unnamed_1,,documents
1473.0,unnamed_1,,documents
1474.0,unnamed_1,,documents
1475.0,unnamed_1,,documents
1476.0,unnamed_1,,documents
1477.0,unnamed_1,,documents
1478.0,unnamed_1,,documents
1479.0,unnamed_1,,documents
1480.0,unnamed_1,,documents
1481.0,unnamed_1,,documents
1482.0,unnamed_1,,documents
1483.0,unnamed_1,,documents
1484.0,unnamed_1,,documents
1485.0,unnamed_1,,documents
1486.0,unnamed_1,,documents
1487.0,unnamed_1,,documents
1488.0,unnamed_1,,documents
1489.0,unnamed_1,,documents
1490.0,unnamed_1,,documents
1491.0,unnamed_1,,documents
1492.0,unnamed_1,,documents
1493.0,unnamed_1,,documents
1494.0,unnamed_1,,documents
1495.0,unnamed_1,,documents
1496.0,unnamed_1,,documents
1497.0,unnamed_1,,documents
1498.0,unnamed_1,,documents
1499.0,unnamed_1,,documents
1500.0,unnamed_1,,documents
1501.0,unnamed_1,,documents
1502.0,unnamed_1,,documents
1503.0,unnamed_1,,documents
1504.0,unnamed_1,,documents
1505.0,unnamed_1,,documents
1506.0,unnamed_1,,documents
1507.0,unnamed_1,,documents
1508.0,unnamed_1,,documents
1509.0,unnamed_1,,documents
1510.0,unnamed_1,,documents
1511.0,unnamed_1,,documents
1512.0,unnamed_1,,documents
1513.0,unnamed_1,,documents
1514.0,unnamed_1,,documents
1515.0,unnamed_1,,documents
1516.0,unnamed_1,,documents
1517.0,unnamed_1,,documents
1518.0,unnamed_1,,documents
1519.0,unnamed_1,,documents
1520.0,unnamed_1,,documents
1521.0,unnamed_1,,documents
1522.0,unnamed_1,,documents
1523.0,unnamed_1,,documents
1524.0,unnamed_1,,documents
1525.0,unnamed_1,,documents
1526.0,unnamed_1,,documents
1527.0,unnamed_1,,documents
1528.0,unnamed_1,,documents
1529.0,unnamed_1,,documents
1530.0,unnamed_1,,documents
1531.0,unnamed_1,,documents
1532.0,unnamed_1,,documents
1533.0,unnamed_1,,documents
1534.0,unnamed_1,,documents
1535.0,unnamed_1,,documents
1536.0,unnamed_1,,documents
1537.0,unnamed_1,,documents
1538.0,unnamed_1,,documents
1539.0,unnamed_1,,documents
1540.0,unnamed_1,,documents
1541.0,unnamed_1,,documents
1542.0,unnamed_1,,documents
1543.0,unnamed_1,,documents
1544.0,unnamed_1,,documents
1545.0,unnamed_1,,documents
1546.0,unnamed_1,,documents
1547.0,unnamed_1,,documents
1548.0,unnamed_1,,documents
1549.0,unnamed_1,,documents
1550.0,unnamed_1,,documents
1551.0,unnamed_1,,documents
1552.0,unnamed_1,,documents
1553.0,unnamed_1,,documents
1554.0,unnamed_1,,documents
1555.0,unnamed_1,,documents
1556.0,unnamed_1,,documents
1557.0,unnamed_1,,documents
1558.0,unnamed_1,,documents
1559.0,unnamed_1,,documents
1560.0,unnamed_1,,documents
1561.0,unnamed_1,,documents
1562.0,unnamed_1,,documents
1563.0,unnamed_1,,documents
1564.0,unnamed_1,,documents
1565.0,unnamed_1,,documents
1566.0,unnamed_1,,documents
1567.0,unnamed_1,,documents
1568.0,unnamed_1,,documents
1569.0,unnamed_1,,documents
1570.0,unnamed_1,,documents
1571.0,unnamed_1,,documents
1572.0,unnamed_1,,documents
1573.0,unnamed_1,,documents
1574.0,unnamed_1,,documents
1575.0,unnamed_1,,documents
1576.0,unnamed_1,,documents
1577.0,unnamed_1,,documents
1578.0,unnamed_1,,documents
1579.0,unnamed_1,,documents
1580.0,unnamed_1,,documents
1581.0,unnamed_1,,documents
1582.0,unnamed_1,,documents
1583.0,unnamed_1,,documents
1584.0,unnamed_1,,documents
1585.0,unnamed_1,,documents
,unnamed_2,,documents
1.0,unnamed_2,2024.0,documents
2.0,unnamed_2,2023.0,documents
3.0,unnamed_2,2022.0,documents
4.0,unnamed_2,2021.0,documents
5.0,unnamed_2,2020.0,documents
6.0,unnamed_2,2019.0,documents
7.0,unnamed_2,2018.0,documents
8.0,unnamed_2,2017.0,documents
9.0,unnamed_2,2016.0,documents
10.0,unnamed_2,2015.0,documents
11.0,unnamed_2,2014.0,documents
12.0,unnamed_2,2013.0,documents
13.0,unnamed_2,2012.0,documents
14.0,unnamed_2,2011.0,documents
15.0,unnamed_2,2010.0,documents
16.0,unnamed_2,2009.0,documents
17.0,unnamed_2,2024.0,documents
18.0,unnamed_2,2023.0,documents
19.0,unnamed_2,2022.0,documents
20.0,unnamed_2,2021.0,documents
21.0,unnamed_2,2020.0,documents
22.0,unnamed_2,2019.0,documents
23.0,unnamed_2,2018.0,documents
24.0,unnamed_2,2017.0,documents
25.0,unnamed_2,2016.0,documents
26.0,unnamed_2,2015.0,documents
27.0,unnamed_2,2014.0,documents
28.0,unnamed_2,2013.0,documents
29.0,unnamed_2,2012.0,documents
30.0,unnamed_2,2011.0,documents
31.0,unnamed_2,2010.0,documents
32.0,unnamed_2,2009.0,documents
33.0,unnamed_2,2024.0,documents
34.0,unnamed_2,2023.0,documents
35.0,unnamed_2,2022.0,documents
36.0,unnamed_2,2021.0,documents
37.0,unnamed_2,2020.0,documents
38.0,unnamed_2,2019.0,documents
39.0,unnamed_2,2018.0,documents
40.0,unnamed_2,2017.0,documents
41.0,unnamed_2,2016.0,documents
42.0,unnamed_2,2015.0,documents
43.0,unnamed_2,2014.0,documents
44.0,unnamed_2,2013.0,documents
45.0,unnamed_2,2012.0,documents
46.0,unnamed_2,2011.0,documents
47.0,unnamed_2,2010.0,documents
48.0,unnamed_2,2009.0,documents
49.0,unnamed_2,2024.0,documents
50.0,unnamed_2,2023.0,documents
51.0,unnamed_2,2022.0,documents
52.0,unnamed_2,2021.0,documents
53.0,unnamed_2,2020.0,documents
54.0,unnamed_2,2019.0,documents
55.0,unnamed_2,2018.0,documents
56.0,unnamed_2,2017.0,documents
57.0,unnamed_2,2016.0,documents
58.0,unnamed_2,2015.0,documents
59.0,unnamed_2,2014.0,documents
60.0,unnamed_2,2013.0,documents
61.0,unnamed_2,2012.0,documents
62.0,unnamed_2,2011.0,documents
63.0,unnamed_2,2010.0,documents
64.0,unnamed_2,2009.0,documents
65.0,unnamed_2,2024.0,documents
66.0,unnamed_2,2023.0,documents
67.0,unnamed_2,2022.0,documents
68.0,unnamed_2,2021.0,documents
69.0,unnamed_2,2020.0,documents
70.0,unnamed_2,2019.0,documents
71.0,unnamed_2,2018.0,documents
72.0,unnamed_2,2017.0,documents
73.0,unnamed_2,2016.0,documents
74.0,unnamed_2,2015.0,documents
75.0,unnamed_2,2014.0,documents
76.0,unnamed_2,2013.0,documents
77.0,unnamed_2,2012.0,documents
78.0,unnamed_2,2011.0,documents
79.0,unnamed_2,2010.0,documents
80.0,unnamed_2,2009.0,documents
81.0,unnamed_2,2024.0,documents
82.0,unnamed_2,2023.0,documents
83.0,unnamed_2,2022.0,documents
84.0,unnamed_2,2021.0,documents
85.0,unnamed_2,2020.0,documents
86.0,unnamed_2,2019.0,documents
87.0,unnamed_2,2018.0,documents
88.0,unnamed_2,2017.0,documents
89.0,unnamed_2,2016.0,documents
90.0,unnamed_2,2015.0,documents
91.0,unnamed_2,2014.0,documents
92.0,unnamed_2,2013.0,documents
93.0,unnamed_2,2012.0,documents
94.0,unnamed_2,2011.0,documents
95.0,unnamed_2,2010.0,documents
96.0,unnamed_2,2009.0,documents
97.0,unnamed_2,2024.0,documents
98.0,unnamed_2,2023.0,documents
99.0,unnamed_2,2022.0,documents
100.0,unnamed_2,2021.0,documents
101.0,unnamed_2,2020.0,documents
102.0,unnamed_2,2019.0,documents
103.0,unnamed_2,2018.0,documents
104.0,unnamed_2,2017.0,documents
105.0,unnamed_2,2016.0,documents
106.0,unnamed_2,2015.0,documents
107.0,unnamed_2,2014.0,documents
108.0,unnamed_2,2013.0,documents
109.0,unnamed_2,2012.0,documents
110.0,unnamed_2,2011.0,documents
111.0,unnamed_2,2010.0,documents
112.0,unnamed_2,2009.0,documents
113.0,unnamed_2,2024.0,documents
114.0,unnamed_2,2023.0,documents
115.0,unnamed_2,2022.0,documents
116.0,unnamed_2,2021.0,documents
117.0,unnamed_2,2020.0,documents
118.0,unnamed_2,2019.0,documents
119.0,unnamed_2,2018.0,documents
120.0,unnamed_2,2017.0,documents
121.0,unnamed_2,2016.0,documents
122.0,unnamed_2,2015.0,documents
123.0,unnamed_2,2014.0,documents
124.0,unnamed_2,2013.0,documents
125.0,unnamed_2,2012.0,documents
126.0,unnamed_2,2011.0,documents
127.0,unnamed_2,2010.0,documents
128.0,unnamed_2,2009.0,documents
129.0,unnamed_2,2024.0,documents
130.0,unnamed_2,2023.0,documents
131.0,unnamed_2,2022.0,documents
132.0,unnamed_2,2021.0,documents
133.0,unnamed_2,2020.0,documents
134.0,unnamed_2,2019.0,documents
135.0,unnamed_2,2018.0,documents
136.0,unnamed_2,2017.0,documents
137.0,unnamed_2,2016.0,documents
138.0,unnamed_2,2015.0,documents
139.0,unnamed_2,2014.0,documents
140.0,unnamed_2,2013.0,documents
141.0,unnamed_2,2012.0,documents
142.0,unnamed_2,2011.0,documents
143.0,unnamed_2,2010.0,documents
144.0,unnamed_2,2009.0,documents
145.0,unnamed_2,2024.0,documents
146.0,unnamed_2,2023.0,documents
147.0,unnamed_2,2022.0,documents
148.0,unnamed_2,2021.0,documents
149.0,unnamed_2,2020.0,documents
150.0,unnamed_2,2019.0,documents
151.0,unnamed_2,2018.0,documents
152.0,unnamed_2,2017.0,documents
153.0,unnamed_2,2016.0,documents
154.0,unnamed_2,2015.0,documents
155.0,unnamed_2,2014.0,documents
156.0,unnamed_2,2013.0,documents
157.0,unnamed_2,2012.0,documents
158.0,unnamed_2,2011.0,documents
159.0,unnamed_2,2010.0,documents
160.0,unnamed_2,2009.0,documents
161.0,unnamed_2,2024.0,documents
162.0,unnamed_2,2023.0,documents
163.0,unnamed_2,2022.0,documents
164.0,unnamed_2,2021.0,documents
165.0,unnamed_2,2020.0,documents
166.0,unnamed_2,2019.0,documents
167.0,unnamed_2,2018.0,documents
168.0,unnamed_2,2017.0,documents
169.0,unnamed_2,2016.0,documents
170.0,unnamed_2,2015.0,documents
171.0,unnamed_2,2014.0,documents
172.0,unnamed_2,2013.0,documents
173.0,unnamed_2,2012.0,documents
174.0,unnamed_2,2011.0,documents
175.0,unnamed_2,2010.0,documents
176.0,unnamed_2,2009.0,documents
177.0,unnamed_2,2024.0,documents
178.0,unnamed_2,2023.0,documents
179.0,unnamed_2,2022.0,documents
180.0,unnamed_2,2021.0,documents
181.0,unnamed_2,2020.0,documents
182.0,unnamed_2,2019.0,documents
183.0,unnamed_2,2018.0,documents
184.0,unnamed_2,2017.0,documents
185.0,unnamed_2,2016.0,documents
186.0,unnamed_2,2015.0,documents
187.0,unnamed_2,2014.0,documents
188.0,unnamed_2,2013.0,documents
189.0,unnamed_2,2012.0,documents
190.0,unnamed_2,2011.0,documents
191.0,unnamed_2,2010.0,documents
192.0,unnamed_2,2009.0,documents
193.0,unnamed_2,2024.0,documents
194.0,unnamed_2,2023.0,documents
195.0,unnamed_2,2022.0,documents
196.0,unnamed_2,2021.0,documents
197.0,unnamed_2,2020.0,documents
198.0,unnamed_2,2019.0,documents
199.0,unnamed_2,2018.0,documents
200.0,unnamed_2,2017.0,documents
201.0,unnamed_2,2016.0,documents
202.0,unnamed_2,2015.0,documents
203.0,unnamed_2,2014.0,documents
204.0,unnamed_2,2013.0,documents
205.0,unnamed_2,2012.0,documents
206.0,unnamed_2,2011.0,documents
207.0,unnamed_2,2010.0,documents
208.0,unnamed_2,2009.0,documents
209.0,unnamed_2,2024.0,documents
210.0,unnamed_2,2023.0,documents
211.0,unnamed_2,2022.0,documents
212.0,unnamed_2,2021.0,documents
213.0,unnamed_2,2020.0,documents
214.0,unnamed_2,2019.0,documents
215.0,unnamed_2,2018.0,documents
216.0,unnamed_2,2017.0,documents
217.0,unnamed_2,2016.0,documents
218.0,unnamed_2,2015.0,documents
219.0,unnamed_2,2014.0,documents
220.0,unnamed_2,2013.0,documents
221.0,unnamed_2,2012.0,documents
222.0,unnamed_2,2011.0,documents
223.0,unnamed_2,2010.0,documents
224.0,unnamed_2,2009.0,documents
225.0,unnamed_2,2024.0,documents
226.0,unnamed_2,2023.0,documents
227.0,unnamed_2,2022.0,documents
228.0,unnamed_2,2021.0,documents
229.0,unnamed_2,2020.0,documents
230.0,unnamed_2,2019.0,documents
231.0,unnamed_2,2018.0,documents
232.0,unnamed_2,2017.0,documents
233.0,unnamed_2,2016.0,documents
234.0,unnamed_2,2015.0,documents
235.0,unnamed_2,2014.0,documents
236.0,unnamed_2,2013.0,documents
237.0,unnamed_2,2012.0,documents
238.0,unnamed_2,2011.0,documents
239.0,unnamed_2,2010.0,documents
240.0,unnamed_2,2009.0,documents
241.0,unnamed_2,2024.0,documents
242.0,unnamed_2,2023.0,documents
243.0,unnamed_2,2022.0,documents
244.0,unnamed_2,2021.0,documents
245.0,unnamed_2,2020.0,documents
246.0,unnamed_2,2019.0,documents
247.0,unnamed_2,2018.0,documents
248.0,unnamed_2,2017.0,documents
249.0,unnamed_2,2016.0,documents
250.0,unnamed_2,2015.0,documents
251.0,unnamed_2,2014.0,documents
252.0,unnamed_2,2013.0,documents
253.0,unnamed_2,2012.0,documents
254.0,unnamed_2,2011.0,documents
255.0,unnamed_2,2010.0,documents
256.0,unnamed_2,2009.0,documents
257.0,unnamed_2,2024.0,documents
258.0,unnamed_2,2023.0,documents
259.0,unnamed_2,2022.0,documents
260.0,unnamed_2,2021.0,documents
261.0,unnamed_2,2020.0,documents
262.0,unnamed_2,2019.0,documents
263.0,unnamed_2,2018.0,documents
264.0,unnamed_2,2017.0,documents
265.0,unnamed_2,2016.0,documents
266.0,unnamed_2,2015.0,documents
267.0,unnamed_2,2014.0,documents
268.0,unnamed_2,2013.0,documents
269.0,unnamed_2,2012.0,documents
270.0,unnamed_2,2011.0,documents
271.0,unnamed_2,2010.0,documents
272.0,unnamed_2,2009.0,documents
273.0,unnamed_2,2024.0,documents
274.0,unnamed_2,2023.0,documents
275.0,unnamed_2,2022.0,documents
276.0,unnamed_2,2021.0,documents
277.0,unnamed_2,2020.0,documents
278.0,unnamed_2,2019.0,documents
279.0,unnamed_2,2018.0,documents
280.0,unnamed_2,2017.0,documents
281.0,unnamed_2,2016.0,documents
282.0,unnamed_2,2015.0,documents
283.0,unnamed_2,2014.0,documents
284.0,unnamed_2,2013.0,documents
285.0,unnamed_2,2012.0,documents
286.0,unnamed_2,2011.0,documents
287.0,unnamed_2,2010.0,documents
288.0,unnamed_2,2009.0,documents
289.0,unnamed_2,2024.0,documents
290.0,unnamed_2,2023.0,documents
291.0,unnamed_2,2022.0,documents
292.0,unnamed_2,2021.0,documents
293.0,unnamed_2,2020.0,documents
294.0,unnamed_2,2019.0,documents
295.0,unnamed_2,2018.0,documents
296.0,unnamed_2,2017.0,documents
297.0,unnamed_2,2016.0,documents
298.0,unnamed_2,2015.0,documents
299.0,unnamed_2,2014.0,documents
300.0,unnamed_2,2013.0,documents
301.0,unnamed_2,2012.0,documents
302.0,unnamed_2,2011.0,documents
303.0,unnamed_2,2010.0,documents
304.0,unnamed_2,2009.0,documents
305.0,unnamed_2,2024.0,documents
306.0,unnamed_2,2023.0,documents
307.0,unnamed_2,2022.0,documents
308.0,unnamed_2,2021.0,documents
309.0,unnamed_2,2020.0,documents
310.0,unnamed_2,2019.0,documents
311.0,unnamed_2,2018.0,documents
312.0,unnamed_2,2017.0,documents
313.0,unnamed_2,2016.0,documents
314.0,unnamed_2,2015.0,documents
315.0,unnamed_2,2014.0,documents
316.0,unnamed_2,2013.0,documents
317.0,unnamed_2,2012.0,documents
318.0,unnamed_2,2011.0,documents
319.0,unnamed_2,2010.0,documents
320.0,unnamed_2,2009.0,documents
321.0,unnamed_2,2024.0,documents
322.0,unnamed_2,2023.0,documents
323.0,unnamed_2,2022.0,documents
324.0,unnamed_2,2021.0,documents
325.0,unnamed_2,2020.0,documents
326.0,unnamed_2,2019.0,documents
327.0,unnamed_2,2018.0,documents
328.0,unnamed_2,2017.0,documents
329.0,unnamed_2,2016.0,documents
330.0,unnamed_2,2015.0,documents
331.0,unnamed_2,2014.0,documents
332.0,unnamed_2,2013.0,documents
333.0,unnamed_2,2012.0,documents
334.0,unnamed_2,2011.0,documents
335.0,unnamed_2,2010.0,documents
336.0,unnamed_2,2009.0,documents
337.0,unnamed_2,2024.0,documents
338.0,unnamed_2,2023.0,documents
339.0,unnamed_2,2022.0,documents
340.0,unnamed_2,2021.0,documents
341.0,unnamed_2,2020.0,documents
342.0,unnamed_2,2019.0,documents
343.0,unnamed_2,2018.0,documents
344.0,unnamed_2,2017.0,documents
345.0,unnamed_2,2016.0,documents
346.0,unnamed_2,2015.0,documents
347.0,unnamed_2,2014.0,documents
348.0,unnamed_2,2013.0,documents
349.0,unnamed_2,2012.0,documents
350.0,unnamed_2,2011.0,documents
351.0,unnamed_2,2010.0,documents
352.0,unnamed_2,2009.0,documents
353.0,unnamed_2,2024.0,documents
354.0,unnamed_2,2023.0,documents
355.0,unnamed_2,2022.0,documents
356.0,unnamed_2,2021.0,documents
357.0,unnamed_2,2020.0,documents
358.0,unnamed_2,2019.0,documents
359.0,unnamed_2,2018.0,documents
360.0,unnamed_2,2017.0,documents
361.0,unnamed_2,2016.0,documents
362.0,unnamed_2,2015.0,documents
363.0,unnamed_2,2014.0,documents
364.0,unnamed_2,2013.0,documents
365.0,unnamed_2,2012.0,documents
366.0,unnamed_2,2011.0,documents
367.0,unnamed_2,2010.0,documents
368.0,unnamed_2,2009.0,documents
369.0,unnamed_2,2024.0,documents
370.0,unnamed_2,2023.0,documents
371.0,unnamed_2,2022.0,documents
372.0,unnamed_2,2021.0,documents
373.0,unnamed_2,2020.0,documents
374.0,unnamed_2,2019.0,documents
375.0,unnamed_2,2018.0,documents
376.0,unnamed_2,2017.0,documents
377.0,unnamed_2,2016.0,documents
378.0,unnamed_2,2015.0,documents
379.0,unnamed_2,2014.0,documents
380.0,unnamed_2,2013.0,documents
381.0,unnamed_2,2012.0,documents
382.0,unnamed_2,2011.0,documents
383.0,unnamed_2,2010.0,documents
384.0,unnamed_2,2009.0,documents
385.0,unnamed_2,2024.0,documents
386.0,unnamed_2,2023.0,documents
387.0,unnamed_2,2022.0,documents
388.0,unnamed_2,2021.0,documents
389.0,unnamed_2,2020.0,documents
390.0,unnamed_2,2019.0,documents
391.0,unnamed_2,2018.0,documents
392.0,unnamed_2,2017.0,documents
393.0,unnamed_2,2016.0,documents
394.0,unnamed_2,2015.0,documents
395.0,unnamed_2,2014.0,documents
396.0,unnamed_2,2013.0,documents
397.0,unnamed_2,2012.0,documents
398.0,unnamed_2,2011.0,documents
399.0,unnamed_2,2010.0,documents
400.0,unnamed_2,2009.0,documents
401.0,unnamed_2,2024.0,documents
402.0,unnamed_2,2023.0,documents
403.0,unnamed_2,2022.0,documents
404.0,unnamed_2,2021.0,documents
405.0,unnamed_2,2020.0,documents
406.0,unnamed_2,2019.0,documents
407.0,unnamed_2,2018.0,documents
408.0,unnamed_2,2017.0,documents
409.0,unnamed_2,2016.0,documents
410.0,unnamed_2,2015.0,documents
411.0,unnamed_2,2014.0,documents
412.0,unnamed_2,2013.0,documents
413.0,unnamed_2,2012.0,documents
414.0,unnamed_2,2011.0,documents
415.0,unnamed_2,2010.0,documents
416.0,unnamed_2,2009.0,documents
417.0,unnamed_2,2024.0,documents
418.0,unnamed_2,2023.0,documents
419.0,unnamed_2,2022.0,documents
420.0,unnamed_2,2021.0,documents
421.0,unnamed_2,2020.0,documents
422.0,unnamed_2,2019.0,documents
423.0,unnamed_2,2018.0,documents
424.0,unnamed_2,2017.0,documents
425.0,unnamed_2,2016.0,documents
426.0,unnamed_2,2015.0,documents
427.0,unnamed_2,2014.0,documents
428.0,unnamed_2,2013.0,documents
429.0,unnamed_2,2012.0,documents
430.0,unnamed_2,2011.0,documents
431.0,unnamed_2,2010.0,documents
432.0,unnamed_2,2009.0,documents
433.0,unnamed_2,2024.0,documents
434.0,unnamed_2,2023.0,documents
435.0,unnamed_2,2022.0,documents
436.0,unnamed_2,2021.0,documents
437.0,unnamed_2,2020.0,documents
438.0,unnamed_2,2019.0,documents
439.0,unnamed_2,2018.0,documents
440.0,unnamed_2,2017.0,documents
441.0,unnamed_2,2016.0,documents
442.0,unnamed_2,2015.0,documents
443.0,unnamed_2,2014.0,documents
444.0,unnamed_2,2013.0,documents
445.0,unnamed_2,2012.0,documents
446.0,unnamed_2,2011.0,documents
447.0,unnamed_2,2010.0,documents
448.0,unnamed_2,2009.0,documents
449.0,unnamed_2,2024.0,documents
450.0,unnamed_2,2023.0,documents
451.0,unnamed_2,2022.0,documents
452.0,unnamed_2,2021.0,documents
453.0,unnamed_2,2020.0,documents
454.0,unnamed_2,2019.0,documents
455.0,unnamed_2,2018.0,documents
456.0,unnamed_2,2017.0,documents
457.0,unnamed_2,2016.0,documents
458.0,unnamed_2,2015.0,documents
459.0,unnamed_2,2014.0,documents
460.0,unnamed_2,2013.0,documents
461.0,unnamed_2,2012.0,documents
462.0,unnamed_2,2011.0,documents
463.0,unnamed_2,2010.0,documents
464.0,unnamed_2,2009.0,documents
465.0,unnamed_2,2024.0,documents
466.0,unnamed_2,2023.0,documents
467.0,unnamed_2,2022.0,documents
468.0,unnamed_2,2021.0,documents
469.0,unnamed_2,2020.0,documents
470.0,unnamed_2,2019.0,documents
471.0,unnamed_2,2018.0,documents
472.0,unnamed_2,2017.0,documents
473.0,unnamed_2,2016.0,documents
474.0,unnamed_2,2015.0,documents
475.0,unnamed_2,2014.0,documents
476.0,unnamed_2,2013.0,documents
477.0,unnamed_2,2012.0,documents
478.0,unnamed_2,2011.0,documents
479.0,unnamed_2,2010.0,documents
480.0,unnamed_2,2009.0,documents
481.0,unnamed_2,2024.0,documents
482.0,unnamed_2,2023.0,documents
483.0,unnamed_2,2022.0,documents
484.0,unnamed_2,2021.0,documents
485.0,unnamed_2,2020.0,documents
486.0,unnamed_2,2019.0,documents
487.0,unnamed_2,2018.0,documents
488.0,unnamed_2,2017.0,documents
489.0,unnamed_2,2016.0,documents
490.0,unnamed_2,2015.0,documents
491.0,unnamed_2,2014.0,documents
492.0,unnamed_2,2013.0,documents
493.0,unnamed_2,2012.0,documents
494.0,unnamed_2,2011.0,documents
495.0,unnamed_2,2010.0,documents
496.0,unnamed_2,2009.0,documents
497.0,unnamed_2,2024.0,documents
498.0,unnamed_2,2023.0,documents
499.0,unnamed_2,2022.0,documents
500.0,unnamed_2,2021.0,documents
501.0,unnamed_2,2020.0,documents
502.0,unnamed_2,2019.0,documents
503.0,unnamed_2,2018.0,documents
504.0,unnamed_2,2017.0,documents
505.0,unnamed_2,2016.0,documents
506.0,unnamed_2,2015.0,documents
507.0,unnamed_2,2014.0,documents
508.0,unnamed_2,2013.0,documents
509.0,unnamed_2,2012.0,documents
510.0,unnamed_2,2011.0,documents
511.0,unnamed_2,2010.0,documents
512.0,unnamed_2,2009.0,documents
513.0,unnamed_2,2024.0,documents
514.0,unnamed_2,2023.0,documents
515.0,unnamed_2,2022.0,documents
516.0,unnamed_2,2021.0,documents
517.0,unnamed_2,2020.0,documents
518.0,unnamed_2,2019.0,documents
519.0,unnamed_2,2018.0,documents
520.0,unnamed_2,2017.0,documents
521.0,unnamed_2,2016.0,documents
522.0,unnamed_2,2015.0,documents
523.0,unnamed_2,2014.0,documents
524.0,unnamed_2,2013.0,documents
525.0,unnamed_2,2012.0,documents
526.0,unnamed_2,2011.0,documents
527.0,unnamed_2,2010.0,documents
528.0,unnamed_2,2009.0,documents
529.0,unnamed_2,2024.0,documents
530.0,unnamed_2,2023.0,documents
531.0,unnamed_2,2022.0,documents
532.0,unnamed_2,2021.0,documents
533.0,unnamed_2,2020.0,documents
534.0,unnamed_2,2019.0,documents
535.0,unnamed_2,2018.0,documents
536.0,unnamed_2,2017.0,documents
537.0,unnamed_2,2016.0,documents
538.0,unnamed_2,2015.0,documents
539.0,unnamed_2,2014.0,documents
540.0,unnamed_2,2013.0,documents
541.0,unnamed_2,2012.0,documents
542.0,unnamed_2,2011.0,documents
543.0,unnamed_2,2010.0,documents
544.0,unnamed_2,2009.0,documents
545.0,unnamed_2,2024.0,documents
546.0,unnamed_2,2023.0,documents
547.0,unnamed_2,2022.0,documents
548.0,unnamed_2,2021.0,documents
549.0,unnamed_2,2020.0,documents
550.0,unnamed_2,2019.0,documents
551.0,unnamed_2,2018.0,documents
552.0,unnamed_2,2017.0,documents
553.0,unnamed_2,2016.0,documents
554.0,unnamed_2,2015.0,documents
555.0,unnamed_2,2014.0,documents
556.0,unnamed_2,2013.0,documents
557.0,unnamed_2,2012.0,documents
558.0,unnamed_2,2011.0,documents
559.0,unnamed_2,2011.0,documents
560.0,unnamed_2,2010.0,documents
561.0,unnamed_2,2009.0,documents
562.0,unnamed_2,2022.0,documents
563.0,unnamed_2,2021.0,documents
564.0,unnamed_2,2020.0,documents
565.0,unnamed_2,2019.0,documents
566.0,unnamed_2,2018.0,documents
567.0,unnamed_2,2017.0,documents
568.0,unnamed_2,2016.0,documents
569.0,unnamed_2,2015.0,documents
570.0,unnamed_2,2014.0,documents
571.0,unnamed_2,2013.0,documents
572.0,unnamed_2,2012.0,documents
573.0,unnamed_2,2011.0,documents
574.0,unnamed_2,2010.0,documents
575.0,unnamed_2,2009.0,documents
576.0,unnamed_2,2024.0,documents
577.0,unnamed_2,2023.0,documents
578.0,unnamed_2,2022.0,documents
579.0,unnamed_2,2021.0,documents
580.0,unnamed_2,2020.0,documents
581.0,unnamed_2,2019.0,documents
582.0,unnamed_2,2018.0,documents
583.0,unnamed_2,2017.0,documents
584.0,unnamed_2,2016.0,documents
585.0,unnamed_2,2015.0,documents
586.0,unnamed_2,2014.0,documents
587.0,unnamed_2,2013.0,documents
588.0,unnamed_2,2012.0,documents
589.0,unnamed_2,2011.0,documents
590.0,unnamed_2,2010.0,documents
591.0,unnamed_2,2009.0,documents
592.0,unnamed_2,2024.0,documents
593.0,unnamed_2,2023.0,documents
594.0,unnamed_2,2022.0,documents
595.0,unnamed_2,2021.0,documents
596.0,unnamed_2,2020.0,documents
597.0,unnamed_2,2019.0,documents
598.0,unnamed_2,2018.0,documents
599.0,unnamed_2,2017.0,documents
600.0,unnamed_2,2016.0,documents
601.0,unnamed_2,2015.0,documents
602.0,unnamed_2,2014.0,documents
603.0,unnamed_2,2013.0,documents
604.0,unnamed_2,2012.0,documents
605.0,unnamed_2,2011.0,documents
606.0,unnamed_2,2010.0,documents
607.0,unnamed_2,2009.0,documents
608.0,unnamed_2,2024.0,documents
609.0,unnamed_2,2023.0,documents
610.0,unnamed_2,2022.0,documents
611.0,unnamed_2,2021.0,documents
612.0,unnamed_2,2020.0,documents
613.0,unnamed_2,2019.0,documents
614.0,unnamed_2,2018.0,documents
615.0,unnamed_2,2017.0,documents
616.0,unnamed_2,2016.0,documents
617.0,unnamed_2,2015.0,documents
618.0,unnamed_2,2014.0,documents
619.0,unnamed_2,2013.0,documents
620.0,unnamed_2,2012.0,documents
621.0,unnamed_2,2011.0,documents
622.0,unnamed_2,2010.0,documents
623.0,unnamed_2,2009.0,documents
624.0,unnamed_2,2008.0,documents
625.0,unnamed_2,2007.0,documents
626.0,unnamed_2,2024.0,documents
627.0,unnamed_2,2023.0,documents
628.0,unnamed_2,2022.0,documents
629.0,unnamed_2,2021.0,documents
630.0,unnamed_2,2020.0,documents
631.0,unnamed_2,2019.0,documents
632.0,unnamed_2,2018.0,documents
633.0,unnamed_2,2017.0,documents
634.0,unnamed_2,2016.0,documents
635.0,unnamed_2,2015.0,documents
636.0,unnamed_2,2014.0,documents
637.0,unnamed_2,2013.0,documents
638.0,unnamed_2,2012.0,documents
639.0,unnamed_2,2011.0,documents
640.0,unnamed_2,2010.0,documents
641.0,unnamed_2,2009.0,documents
642.0,unnamed_2,2024.0,documents
643.0,unnamed_2,2023.0,documents
644.0,unnamed_2,2022.0,documents
645.0,unnamed_2,2021.0,documents
646.0,unnamed_2,2020.0,documents
647.0,unnamed_2,2019.0,documents
648.0,unnamed_2,2018.0,documents
649.0,unnamed_2,2017.0,documents
650.0,unnamed_2,2016.0,documents
651.0,unnamed_2,2015.0,documents
652.0,unnamed_2,2014.0,documents
653.0,unnamed_2,2013.0,documents
654.0,unnamed_2,2012.0,documents
655.0,unnamed_2,2011.0,documents
656.0,unnamed_2,2010.0,documents
657.0,unnamed_2,2009.0,documents
658.0,unnamed_2,2024.0,documents
659.0,unnamed_2,2023.0,documents
660.0,unnamed_2,2022.0,documents
661.0,unnamed_2,2021.0,documents
662.0,unnamed_2,2020.0,documents
663.0,unnamed_2,2019.0,documents
664.0,unnamed_2,2018.0,documents
665.0,unnamed_2,2017.0,documents
666.0,unnamed_2,2016.0,documents
667.0,unnamed_2,2015.0,documents
668.0,unnamed_2,2014.0,documents
669.0,unnamed_2,2013.0,documents
670.0,unnamed_2,2012.0,documents
671.0,unnamed_2,2011.0,documents
672.0,unnamed_2,2010.0,documents
673.0,unnamed_2,2009.0,documents
674.0,unnamed_2,2024.0,documents
675.0,unnamed_2,2023.0,documents
676.0,unnamed_2,2022.0,documents
677.0,unnamed_2,2021.0,documents
678.0,unnamed_2,2020.0,documents
679.0,unnamed_2,2019.0,documents
680.0,unnamed_2,2018.0,documents
681.0,unnamed_2,2017.0,documents
682.0,unnamed_2,2016.0,documents
683.0,unnamed_2,2015.0,documents
684.0,unnamed_2,2014.0,documents
685.0,unnamed_2,2013.0,documents
686.0,unnamed_2,2012.0,documents
687.0,unnamed_2,2011.0,documents
688.0,unnamed_2,2010.0,documents
689.0,unnamed_2,2009.0,documents
690.0,unnamed_2,2024.0,documents
691.0,unnamed_2,2023.0,documents
692.0,unnamed_2,2022.0,documents
693.0,unnamed_2,2021.0,documents
694.0,unnamed_2,2020.0,documents
695.0,unnamed_2,2019.0,documents
696.0,unnamed_2,2018.0,documents
697.0,unnamed_2,2017.0,documents
698.0,unnamed_2,2016.0,documents
699.0,unnamed_2,2015.0,documents
700.0,unnamed_2,2014.0,documents
701.0,unnamed_2,2013.0,documents
702.0,unnamed_2,2012.0,documents
703.0,unnamed_2,2011.0,documents
704.0,unnamed_2,2010.0,documents
705.0,unnamed_2,2009.0,documents
706.0,unnamed_2,2024.0,documents
707.0,unnamed_2,2023.0,documents
708.0,unnamed_2,2022.0,documents
709.0,unnamed_2,2021.0,documents
710.0,unnamed_2,2020.0,documents
711.0,unnamed_2,2019.0,documents
712.0,unnamed_2,2018.0,documents
713.0,unnamed_2,2017.0,documents
714.0,unnamed_2,2016.0,documents
715.0,unnamed_2,2015.0,documents
716.0,unnamed_2,2014.0,documents
717.0,unnamed_2,2013.0,documents
718.0,unnamed_2,2012.0,documents
719.0,unnamed_2,2011.0,documents
720.0,unnamed_2,2010.0,documents
721.0,unnamed_2,2009.0,documents
722.0,unnamed_2,2024.0,documents
723.0,unnamed_2,2023.0,documents
724.0,unnamed_2,2022.0,documents
725.0,unnamed_2,2021.0,documents
726.0,unnamed_2,2020.0,documents
727.0,unnamed_2,2019.0,documents
728.0,unnamed_2,2018.0,documents
729.0,unnamed_2,2017.0,documents
730.0,unnamed_2,2016.0,documents
731.0,unnamed_2,2015.0,documents
732.0,unnamed_2,2014.0,documents
733.0,unnamed_2,2013.0,documents
734.0,unnamed_2,2012.0,documents
735.0,unnamed_2,2011.0,documents
736.0,unnamed_2,2010.0,documents
737.0,unnamed_2,2009.0,documents
738.0,unnamed_2,2024.0,documents
739.0,unnamed_2,2023.0,documents
740.0,unnamed_2,2022.0,documents
741.0,unnamed_2,2021.0,documents
742.0,unnamed_2,2020.0,documents
743.0,unnamed_2,2019.0,documents
744.0,unnamed_2,2018.0,documents
745.0,unnamed_2,2017.0,documents
746.0,unnamed_2,2016.0,documents
747.0,unnamed_2,2015.0,documents
748.0,unnamed_2,2014.0,documents
749.0,unnamed_2,2013.0,documents
750.0,unnamed_2,2012.0,documents
751.0,unnamed_2,2011.0,documents
752.0,unnamed_2,2010.0,documents
753.0,unnamed_2,2009.0,documents
754.0,unnamed_2,2024.0,documents
755.0,unnamed_2,2023.0,documents
756.0,unnamed_2,2022.0,documents
757.0,unnamed_2,2021.0,documents
758.0,unnamed_2,2020.0,documents
759.0,unnamed_2,2019.0,documents
760.0,unnamed_2,2018.0,documents
761.0,unnamed_2,2017.0,documents
762.0,unnamed_2,2016.0,documents
763.0,unnamed_2,2015.0,documents
764.0,unnamed_2,2014.0,documents
765.0,unnamed_2,2013.0,documents
766.0,unnamed_2,2012.0,documents
767.0,unnamed_2,2011.0,documents
768.0,unnamed_2,2010.0,documents
769.0,unnamed_2,2009.0,documents
770.0,unnamed_2,2024.0,documents
771.0,unnamed_2,2023.0,documents
772.0,unnamed_2,2022.0,documents
773.0,unnamed_2,2021.0,documents
774.0,unnamed_2,2020.0,documents
775.0,unnamed_2,2019.0,documents
776.0,unnamed_2,2018.0,documents
777.0,unnamed_2,2017.0,documents
778.0,unnamed_2,2016.0,documents
779.0,unnamed_2,2015.0,documents
780.0,unnamed_2,2014.0,documents
781.0,unnamed_2,2013.0,documents
782.0,unnamed_2,2012.0,documents
783.0,unnamed_2,2011.0,documents
784.0,unnamed_2,2010.0,documents
785.0,unnamed_2,2009.0,documents
786.0,unnamed_2,2024.0,documents
787.0,unnamed_2,2023.0,documents
788.0,unnamed_2,2022.0,documents
789.0,unnamed_2,2021.0,documents
790.0,unnamed_2,2020.0,documents
791.0,unnamed_2,2019.0,documents
792.0,unnamed_2,2018.0,documents
793.0,unnamed_2,2017.0,documents
794.0,unnamed_2,2016.0,documents
795.0,unnamed_2,2015.0,documents
796.0,unnamed_2,2014.0,documents
797.0,unnamed_2,2013.0,documents
798.0,unnamed_2,2012.0,documents
799.0,unnamed_2,2011.0,documents
800.0,unnamed_2,2010.0,documents
801.0,unnamed_2,2009.0,documents
802.0,unnamed_2,2024.0,documents
803.0,unnamed_2,2023.0,documents
804.0,unnamed_2,2022.0,documents
805.0,unnamed_2,2021.0,documents
806.0,unnamed_2,2020.0,documents
807.0,unnamed_2,2019.0,documents
808.0,unnamed_2,2018.0,documents
809.0,unnamed_2,2017.0,documents
810.0,unnamed_2,2016.0,documents
811.0,unnamed_2,2015.0,documents
812.0,unnamed_2,2014.0,documents
813.0,unnamed_2,2013.0,documents
814.0,unnamed_2,2012.0,documents
815.0,unnamed_2,2011.0,documents
816.0,unnamed_2,2010.0,documents
817.0,unnamed_2,2009.0,documents
818.0,unnamed_2,2024.0,documents
819.0,unnamed_2,2023.0,documents
820.0,unnamed_2,2022.0,documents
821.0,unnamed_2,2021.0,documents
822.0,unnamed_2,2020.0,documents
823.0,unnamed_2,2019.0,documents
824.0,unnamed_2,2018.0,documents
825.0,unnamed_2,2017.0,documents
826.0,unnamed_2,2016.0,documents
827.0,unnamed_2,2015.0,documents
828.0,unnamed_2,2014.0,documents
829.0,unnamed_2,2013.0,documents
830.0,unnamed_2,2012.0,documents
831.0,unnamed_2,2011.0,documents
832.0,unnamed_2,2010.0,documents
833.0,unnamed_2,2009.0,documents
834.0,unnamed_2,2024.0,documents
835.0,unnamed_2,2023.0,documents
836.0,unnamed_2,2022.0,documents
837.0,unnamed_2,2021.0,documents
838.0,unnamed_2,2020.0,documents
839.0,unnamed_2,2019.0,documents
840.0,unnamed_2,2018.0,documents
841.0,unnamed_2,2017.0,documents
842.0,unnamed_2,2016.0,documents
843.0,unnamed_2,2015.0,documents
844.0,unnamed_2,2014.0,documents
845.0,unnamed_2,2013.0,documents
846.0,unnamed_2,2012.0,documents
847.0,unnamed_2,2011.0,documents
848.0,unnamed_2,2010.0,documents
849.0,unnamed_2,2009.0,documents
850.0,unnamed_2,2024.0,documents
851.0,unnamed_2,2023.0,documents
852.0,unnamed_2,2022.0,documents
853.0,unnamed_2,2021.0,documents
854.0,unnamed_2,2020.0,documents
855.0,unnamed_2,2019.0,documents
856.0,unnamed_2,2018.0,documents
857.0,unnamed_2,2017.0,documents
858.0,unnamed_2,2016.0,documents
859.0,unnamed_2,2015.0,documents
860.0,unnamed_2,2014.0,documents
861.0,unnamed_2,2013.0,documents
862.0,unnamed_2,2012.0,documents
863.0,unnamed_2,2011.0,documents
864.0,unnamed_2,2010.0,documents
865.0,unnamed_2,2009.0,documents
866.0,unnamed_2,2024.0,documents
867.0,unnamed_2,2023.0,documents
868.0,unnamed_2,2022.0,documents
869.0,unnamed_2,2021.0,documents
870.0,unnamed_2,2020.0,documents
871.0,unnamed_2,2019.0,documents
872.0,unnamed_2,2018.0,documents
873.0,unnamed_2,2017.0,documents
874.0,unnamed_2,2016.0,documents
875.0,unnamed_2,2015.0,documents
876.0,unnamed_2,2014.0,documents
877.0,unnamed_2,2013.0,documents
878.0,unnamed_2,2012.0,documents
879.0,unnamed_2,2011.0,documents
880.0,unnamed_2,2010.0,documents
881.0,unnamed_2,2009.0,documents
882.0,unnamed_2,2024.0,documents
883.0,unnamed_2,2023.0,documents
884.0,unnamed_2,2022.0,documents
885.0,unnamed_2,2021.0,documents
886.0,unnamed_2,2020.0,documents
887.0,unnamed_2,2019.0,documents
888.0,unnamed_2,2018.0,documents
889.0,unnamed_2,2017.0,documents
890.0,unnamed_2,2016.0,documents
891.0,unnamed_2,2015.0,documents
892.0,unnamed_2,2014.0,documents
893.0,unnamed_2,2013.0,documents
894.0,unnamed_2,2012.0,documents
895.0,unnamed_2,2011.0,documents
896.0,unnamed_2,2010.0,documents
897.0,unnamed_2,2009.0,documents
898.0,unnamed_2,2024.0,documents
899.0,unnamed_2,2023.0,documents
900.0,unnamed_2,2022.0,documents
901.0,unnamed_2,2021.0,documents
902.0,unnamed_2,2020.0,documents
903.0,unnamed_2,2019.0,documents
904.0,unnamed_2,2018.0,documents
905.0,unnamed_2,2017.0,documents
906.0,unnamed_2,2016.0,documents
907.0,unnamed_2,2015.0,documents
908.0,unnamed_2,2014.0,documents
909.0,unnamed_2,2013.0,documents
910.0,unnamed_2,2012.0,documents
911.0,unnamed_2,2011.0,documents
912.0,unnamed_2,2010.0,documents
913.0,unnamed_2,2009.0,documents
914.0,unnamed_2,2024.0,documents
915.0,unnamed_2,2023.0,documents
916.0,unnamed_2,2022.0,documents
917.0,unnamed_2,2021.0,documents
918.0,unnamed_2,2020.0,documents
919.0,unnamed_2,2019.0,documents
920.0,unnamed_2,2018.0,documents
921.0,unnamed_2,2017.0,documents
922.0,unnamed_2,2016.0,documents
923.0,unnamed_2,2015.0,documents
924.0,unnamed_2,2014.0,documents
925.0,unnamed_2,2013.0,documents
926.0,unnamed_2,2012.0,documents
927.0,unnamed_2,2011.0,documents
928.0,unnamed_2,2010.0,documents
929.0,unnamed_2,2009.0,documents
930.0,unnamed_2,2024.0,documents
931.0,unnamed_2,2023.0,documents
932.0,unnamed_2,2022.0,documents
933.0,unnamed_2,2021.0,documents
934.0,unnamed_2,2020.0,documents
935.0,unnamed_2,2019.0,documents
936.0,unnamed_2,2018.0,documents
937.0,unnamed_2,2017.0,documents
938.0,unnamed_2,2016.0,documents
939.0,unnamed_2,2015.0,documents
940.0,unnamed_2,2014.0,documents
941.0,unnamed_2,2013.0,documents
942.0,unnamed_2,2012.0,documents
943.0,unnamed_2,2011.0,documents
944.0,unnamed_2,2010.0,documents
945.0,unnamed_2,2009.0,documents
946.0,unnamed_2,2024.0,documents
947.0,unnamed_2,2023.0,documents
948.0,unnamed_2,2022.0,documents
949.0,unnamed_2,2021.0,documents
950.0,unnamed_2,2020.0,documents
951.0,unnamed_2,2019.0,documents
952.0,unnamed_2,2018.0,documents
953.0,unnamed_2,2017.0,documents
954.0,unnamed_2,2016.0,documents
955.0,unnamed_2,2015.0,documents
956.0,unnamed_2,2014.0,documents
957.0,unnamed_2,2013.0,documents
958.0,unnamed_2,2012.0,documents
959.0,unnamed_2,2011.0,documents
960.0,unnamed_2,2010.0,documents
961.0,unnamed_2,2009.0,documents
962.0,unnamed_2,2024.0,documents
963.0,unnamed_2,2023.0,documents
964.0,unnamed_2,2022.0,documents
965.0,unnamed_2,2021.0,documents
966.0,unnamed_2,2020.0,documents
967.0,unnamed_2,2019.0,documents
968.0,unnamed_2,2018.0,documents
969.0,unnamed_2,2017.0,documents
970.0,unnamed_2,2016.0,documents
971.0,unnamed_2,2015.0,documents
972.0,unnamed_2,2014.0,documents
973.0,unnamed_2,2013.0,documents
974.0,unnamed_2,2012.0,documents
975.0,unnamed_2,2011.0,documents
976.0,unnamed_2,2010.0,documents
977.0,unnamed_2,2009.0,documents
978.0,unnamed_2,2024.0,documents
979.0,unnamed_2,2023.0,documents
980.0,unnamed_2,2022.0,documents
981.0,unnamed_2,2021.0,documents
982.0,unnamed_2,2020.0,documents
983.0,unnamed_2,2019.0,documents
984.0,unnamed_2,2018.0,documents
985.0,unnamed_2,2017.0,documents
986.0,unnamed_2,2016.0,documents
987.0,unnamed_2,2015.0,documents
988.0,unnamed_2,2014.0,documents
989.0,unnamed_2,2013.0,documents
990.0,unnamed_2,2012.0,documents
991.0,unnamed_2,2011.0,documents
992.0,unnamed_2,2010.0,documents
993.0,unnamed_2,2009.0,documents
994.0,unnamed_2,2024.0,documents
995.0,unnamed_2,2023.0,documents
996.0,unnamed_2,2022.0,documents
997.0,unnamed_2,2021.0,documents
998.0,unnamed_2,2020.0,documents
999.0,unnamed_2,2019.0,documents
1000.0,unnamed_2,2018.0,documents
1001.0,unnamed_2,2017.0,documents
1002.0,unnamed_2,2016.0,documents
1003.0,unnamed_2,2015.0,documents
1004.0,unnamed_2,2014.0,documents
1005.0,unnamed_2,2013.0,documents
1006.0,unnamed_2,2012.0,documents
1007.0,unnamed_2,2011.0,documents
1008.0,unnamed_2,2010.0,documents
1009.0,unnamed_2,2009.0,documents
1010.0,unnamed_2,2024.0,documents
1011.0,unnamed_2,2023.0,documents
1012.0,unnamed_2,2022.0,documents
1013.0,unnamed_2,2021.0,documents
1014.0,unnamed_2,2020.0,documents
1015.0,unnamed_2,2019.0,documents
1016.0,unnamed_2,2018.0,documents
1017.0,unnamed_2,2017.0,documents
1018.0,unnamed_2,2016.0,documents
1019.0,unnamed_2,2015.0,documents
1020.0,unnamed_2,2014.0,documents
1021.0,unnamed_2,2013.0,documents
1022.0,unnamed_2,2012.0,documents
1023.0,unnamed_2,2011.0,documents
1024.0,unnamed_2,2010.0,documents
1025.0,unnamed_2,2009.0,documents
1026.0,unnamed_2,2024.0,documents
1027.0,unnamed_2,2023.0,documents
1028.0,unnamed_2,2022.0,documents
1029.0,unnamed_2,2021.0,documents
1030.0,unnamed_2,2020.0,documents
1031.0,unnamed_2,2019.0,documents
1032.0,unnamed_2,2018.0,documents
1033.0,unnamed_2,2017.0,documents
1034.0,unnamed_2,2016.0,documents
1035.0,unnamed_2,2015.0,documents
1036.0,unnamed_2,2014.0,documents
1037.0,unnamed_2,2013.0,documents
1038.0,unnamed_2,2012.0,documents
1039.0,unnamed_2,2011.0,documents
1040.0,unnamed_2,2010.0,documents
1041.0,unnamed_2,2009.0,documents
1042.0,unnamed_2,2024.0,documents
1043.0,unnamed_2,2023.0,documents
1044.0,unnamed_2,2022.0,documents
1045.0,unnamed_2,2021.0,documents
1046.0,unnamed_2,2020.0,documents
1047.0,unnamed_2,2019.0,documents
1048.0,unnamed_2,2018.0,documents
1049.0,unnamed_2,2017.0,documents
1050.0,unnamed_2,2016.0,documents
1051.0,unnamed_2,2015.0,documents
1052.0,unnamed_2,2014.0,documents
1053.0,unnamed_2,2013.0,documents
1054.0,unnamed_2,2012.0,documents
1055.0,unnamed_2,2011.0,documents
1056.0,unnamed_2,2010.0,documents
1057.0,unnamed_2,2009.0,documents
1058.0,unnamed_2,2024.0,documents
1059.0,unnamed_2,2023.0,documents
1060.0,unnamed_2,2022.0,documents
1061.0,unnamed_2,2021.0,documents
1062.0,unnamed_2,2020.0,documents
1063.0,unnamed_2,2019.0,documents
1064.0,unnamed_2,2018.0,documents
1065.0,unnamed_2,2017.0,documents
1066.0,unnamed_2,2016.0,documents
1067.0,unnamed_2,2015.0,documents
1068.0,unnamed_2,2014.0,documents
1069.0,unnamed_2,2013.0,documents
1070.0,unnamed_2,2012.0,documents
1071.0,unnamed_2,2011.0,documents
1072.0,unnamed_2,2010.0,documents
1073.0,unnamed_2,2009.0,documents
1074.0,unnamed_2,2024.0,documents
1075.0,unnamed_2,2023.0,documents
1076.0,unnamed_2,2022.0,documents
1077.0,unnamed_2,2021.0,documents
1078.0,unnamed_2,2020.0,documents
1079.0,unnamed_2,2019.0,documents
1080.0,unnamed_2,2018.0,documents
1081.0,unnamed_2,2017.0,documents
1082.0,unnamed_2,2016.0,documents
1083.0,unnamed_2,2015.0,documents
1084.0,unnamed_2,2014.0,documents
1085.0,unnamed_2,2013.0,documents
1086.0,unnamed_2,2012.0,documents
1087.0,unnamed_2,2011.0,documents
1088.0,unnamed_2,2010.0,documents
1089.0,unnamed_2,2009.0,documents
1090.0,unnamed_2,2024.0,documents
1091.0,unnamed_2,2023.0,documents
1092.0,unnamed_2,2022.0,documents
1093.0,unnamed_2,2021.0,documents
1094.0,unnamed_2,2020.0,documents
1095.0,unnamed_2,2019.0,documents
1096.0,unnamed_2,2018.0,documents
1097.0,unnamed_2,2017.0,documents
1098.0,unnamed_2,2016.0,documents
1099.0,unnamed_2,2015.0,documents
1100.0,unnamed_2,2014.0,documents
1101.0,unnamed_2,2013.0,documents
1102.0,unnamed_2,2012.0,documents
1103.0,unnamed_2,2011.0,documents
1104.0,unnamed_2,2010.0,documents
1105.0,unnamed_2,2009.0,documents
1106.0,unnamed_2,2024.0,documents
1107.0,unnamed_2,2023.0,documents
1108.0,unnamed_2,2022.0,documents
1109.0,unnamed_2,2021.0,documents
1110.0,unnamed_2,2020.0,documents
1111.0,unnamed_2,2019.0,documents
1112.0,unnamed_2,2018.0,documents
1113.0,unnamed_2,2017.0,documents
1114.0,unnamed_2,2016.0,documents
1115.0,unnamed_2,2015.0,documents
1116.0,unnamed_2,2014.0,documents
1117.0,unnamed_2,2013.0,documents
1118.0,unnamed_2,2012.0,documents
1119.0,unnamed_2,2011.0,documents
1120.0,unnamed_2,2010.0,documents
1121.0,unnamed_2,2009.0,documents
1122.0,unnamed_2,2024.0,documents
1123.0,unnamed_2,2023.0,documents
1124.0,unnamed_2,2022.0,documents
1125.0,unnamed_2,2021.0,documents
1126.0,unnamed_2,2020.0,documents
1127.0,unnamed_2,2019.0,documents
1128.0,unnamed_2,2018.0,documents
1129.0,unnamed_2,2017.0,documents
1130.0,unnamed_2,2016.0,documents
1131.0,unnamed_2,2015.0,documents
1132.0,unnamed_2,2014.0,documents
1133.0,unnamed_2,2013.0,documents
1134.0,unnamed_2,2012.0,documents
1135.0,unnamed_2,2011.0,documents
1136.0,unnamed_2,2010.0,documents
1137.0,unnamed_2,2009.0,documents
1138.0,unnamed_2,2024.0,documents
1139.0,unnamed_2,2023.0,documents
1140.0,unnamed_2,2022.0,documents
1141.0,unnamed_2,2021.0,documents
1142.0,unnamed_2,2020.0,documents
1143.0,unnamed_2,2019.0,documents
1144.0,unnamed_2,2018.0,documents
1145.0,unnamed_2,2017.0,documents
1146.0,unnamed_2,2016.0,documents
1147.0,unnamed_2,2015.0,documents
1148.0,unnamed_2,2014.0,documents
1149.0,unnamed_2,2013.0,documents
1150.0,unnamed_2,2012.0,documents
1151.0,unnamed_2,2011.0,documents
1152.0,unnamed_2,2010.0,documents
1153.0,unnamed_2,2009.0,documents
1154.0,unnamed_2,2024.0,documents
1155.0,unnamed_2,2023.0,documents
1156.0,unnamed_2,2022.0,documents
1157.0,unnamed_2,2021.0,documents
1158.0,unnamed_2,2020.0,documents
1159.0,unnamed_2,2019.0,documents
1160.0,unnamed_2,2018.0,documents
1161.0,unnamed_2,2017.0,documents
1162.0,unnamed_2,2016.0,documents
1163.0,unnamed_2,2015.0,documents
1164.0,unnamed_2,2014.0,documents
1165.0,unnamed_2,2013.0,documents
1166.0,unnamed_2,2012.0,documents
1167.0,unnamed_2,2011.0,documents
1168.0,unnamed_2,2010.0,documents
1169.0,unnamed_2,2009.0,documents
1170.0,unnamed_2,2024.0,documents
1171.0,unnamed_2,2023.0,documents
1172.0,unnamed_2,2022.0,documents
1173.0,unnamed_2,2021.0,documents
1174.0,unnamed_2,2020.0,documents
1175.0,unnamed_2,2019.0,documents
1176.0,unnamed_2,2018.0,documents
1177.0,unnamed_2,2017.0,documents
1178.0,unnamed_2,2016.0,documents
1179.0,unnamed_2,2015.0,documents
1180.0,unnamed_2,2014.0,documents
1181.0,unnamed_2,2013.0,documents
1182.0,unnamed_2,2012.0,documents
1183.0,unnamed_2,2011.0,documents
1184.0,unnamed_2,2010.0,documents
1185.0,unnamed_2,2009.0,documents
1186.0,unnamed_2,2024.0,documents
1187.0,unnamed_2,2023.0,documents
1188.0,unnamed_2,2022.0,documents
1189.0,unnamed_2,2021.0,documents
1190.0,unnamed_2,2020.0,documents
1191.0,unnamed_2,2019.0,documents
1192.0,unnamed_2,2018.0,documents
1193.0,unnamed_2,2017.0,documents
1194.0,unnamed_2,2016.0,documents
1195.0,unnamed_2,2015.0,documents
1196.0,unnamed_2,2014.0,documents
1197.0,unnamed_2,2013.0,documents
1198.0,unnamed_2,2012.0,documents
1199.0,unnamed_2,2011.0,documents
1200.0,unnamed_2,2010.0,documents
1201.0,unnamed_2,2009.0,documents
1202.0,unnamed_2,2024.0,documents
1203.0,unnamed_2,2023.0,documents
1204.0,unnamed_2,2022.0,documents
1205.0,unnamed_2,2021.0,documents
1206.0,unnamed_2,2020.0,documents
1207.0,unnamed_2,2019.0,documents
1208.0,unnamed_2,2018.0,documents
1209.0,unnamed_2,2017.0,documents
1210.0,unnamed_2,2016.0,documents
1211.0,unnamed_2,2015.0,documents
1212.0,unnamed_2,2014.0,documents
1213.0,unnamed_2,2013.0,documents
1214.0,unnamed_2,2012.0,documents
1215.0,unnamed_2,2011.0,documents
1216.0,unnamed_2,2010.0,documents
1217.0,unnamed_2,2009.0,documents
1218.0,unnamed_2,2024.0,documents
1219.0,unnamed_2,2023.0,documents
1220.0,unnamed_2,2022.0,documents
1221.0,unnamed_2,2021.0,documents
1222.0,unnamed_2,2020.0,documents
1223.0,unnamed_2,2019.0,documents
1224.0,unnamed_2,2018.0,documents
1225.0,unnamed_2,2017.0,documents
1226.0,unnamed_2,2016.0,documents
1227.0,unnamed_2,2015.0,documents
1228.0,unnamed_2,2014.0,documents
1229.0,unnamed_2,2013.0,documents
1230.0,unnamed_2,2012.0,documents
1231.0,unnamed_2,2011.0,documents
1232.0,unnamed_2,2010.0,documents
1233.0,unnamed_2,2009.0,documents
1234.0,unnamed_2,2024.0,documents
1235.0,unnamed_2,2023.0,documents
1236.0,unnamed_2,2022.0,documents
1237.0,unnamed_2,2021.0,documents
1238.0,unnamed_2,2020.0,documents
1239.0,unnamed_2,2019.0,documents
1240.0,unnamed_2,2018.0,documents
1241.0,unnamed_2,2017.0,documents
1242.0,unnamed_2,2016.0,documents
1243.0,unnamed_2,2015.0,documents
1244.0,unnamed_2,2014.0,documents
1245.0,unnamed_2,2013.0,documents
1246.0,unnamed_2,2012.0,documents
1247.0,unnamed_2,2011.0,documents
1248.0,unnamed_2,2010.0,documents
1249.0,unnamed_2,2009.0,documents
1250.0,unnamed_2,2024.0,documents
1251.0,unnamed_2,2023.0,documents
1252.0,unnamed_2,2022.0,documents
1253.0,unnamed_2,2021.0,documents
1254.0,unnamed_2,2020.0,documents
1255.0,unnamed_2,2019.0,documents
1256.0,unnamed_2,2018.0,documents
1257.0,unnamed_2,2017.0,documents
1258.0,unnamed_2,2016.0,documents
1259.0,unnamed_2,2015.0,documents
1260.0,unnamed_2,2014.0,documents
1261.0,unnamed_2,2013.0,documents
1262.0,unnamed_2,2012.0,documents
1263.0,unnamed_2,2011.0,documents
1264.0,unnamed_2,2010.0,documents
1265.0,unnamed_2,2009.0,documents
1266.0,unnamed_2,2024.0,documents
1267.0,unnamed_2,2023.0,documents
1268.0,unnamed_2,2022.0,documents
1269.0,unnamed_2,2021.0,documents
1270.0,unnamed_2,2020.0,documents
1271.0,unnamed_2,2019.0,documents
1272.0,unnamed_2,2018.0,documents
1273.0,unnamed_2,2017.0,documents
1274.0,unnamed_2,2016.0,documents
1275.0,unnamed_2,2015.0,documents
1276.0,unnamed_2,2014.0,documents
1277.0,unnamed_2,2013.0,documents
1278.0,unnamed_2,2012.0,documents
1279.0,unnamed_2,2011.0,documents
1280.0,unnamed_2,2010.0,documents
1281.0,unnamed_2,2009.0,documents
1282.0,unnamed_2,2024.0,documents
1283.0,unnamed_2,2023.0,documents
1284.0,unnamed_2,2022.0,documents
1285.0,unnamed_2,2021.0,documents
1286.0,unnamed_2,2020.0,documents
1287.0,unnamed_2,2019.0,documents
1288.0,unnamed_2,2018.0,documents
1289.0,unnamed_2,2017.0,documents
1290.0,unnamed_2,2016.0,documents
1291.0,unnamed_2,2015.0,documents
1292.0,unnamed_2,2014.0,documents
1293.0,unnamed_2,2013.0,documents
1294.0,unnamed_2,2012.0,documents
1295.0,unnamed_2,2011.0,documents
1296.0,unnamed_2,2010.0,documents
1297.0,unnamed_2,2009.0,documents
1298.0,unnamed_2,2024.0,documents
1299.0,unnamed_2,2023.0,documents
1300.0,unnamed_2,2022.0,documents
1301.0,unnamed_2,2021.0,documents
1302.0,unnamed_2,2020.0,documents
1303.0,unnamed_2,2019.0,documents
1304.0,unnamed_2,2018.0,documents
1305.0,unnamed_2,2017.0,documents
1306.0,unnamed_2,2016.0,documents
1307.0,unnamed_2,2015.0,documents
1308.0,unnamed_2,2014.0,documents
1309.0,unnamed_2,2013.0,documents
1310.0,unnamed_2,2012.0,documents
1311.0,unnamed_2,2011.0,documents
1312.0,unnamed_2,2010.0,documents
1313.0,unnamed_2,2009.0,documents
1314.0,unnamed_2,2024.0,documents
1315.0,unnamed_2,2023.0,documents
1316.0,unnamed_2,2022.0,documents
1317.0,unnamed_2,2021.0,documents
1318.0,unnamed_2,2020.0,documents
1319.0,unnamed_2,2019.0,documents
1320.0,unnamed_2,2018.0,documents
1321.0,unnamed_2,2017.0,documents
1322.0,unnamed_2,2016.0,documents
1323.0,unnamed_2,2015.0,documents
1324.0,unnamed_2,2014.0,documents
1325.0,unnamed_2,2013.0,documents
1326.0,unnamed_2,2012.0,documents
1327.0,unnamed_2,2011.0,documents
1328.0,unnamed_2,2010.0,documents
1329.0,unnamed_2,2009.0,documents
1330.0,unnamed_2,2024.0,documents
1331.0,unnamed_2,2023.0,documents
1332.0,unnamed_2,2022.0,documents
1333.0,unnamed_2,2021.0,documents
1334.0,unnamed_2,2020.0,documents
1335.0,unnamed_2,2019.0,documents
1336.0,unnamed_2,2018.0,documents
1337.0,unnamed_2,2017.0,documents
1338.0,unnamed_2,2016.0,documents
1339.0,unnamed_2,2015.0,documents
1340.0,unnamed_2,2014.0,documents
1341.0,unnamed_2,2013.0,documents
1342.0,unnamed_2,2012.0,documents
1343.0,unnamed_2,2011.0,documents
1344.0,unnamed_2,2010.0,documents
1345.0,unnamed_2,2009.0,documents
1346.0,unnamed_2,2024.0,documents
1347.0,unnamed_2,2023.0,documents
1348.0,unnamed_2,2022.0,documents
1349.0,unnamed_2,2021.0,documents
1350.0,unnamed_2,2020.0,documents
1351.0,unnamed_2,2019.0,documents
1352.0,unnamed_2,2018.0,documents
1353.0,unnamed_2,2017.0,documents
1354.0,unnamed_2,2016.0,documents
1355.0,unnamed_2,2015.0,documents
1356.0,unnamed_2,2014.0,documents
1357.0,unnamed_2,2013.0,documents
1358.0,unnamed_2,2012.0,documents
1359.0,unnamed_2,2011.0,documents
1360.0,unnamed_2,2010.0,documents
1361.0,unnamed_2,2009.0,documents
1362.0,unnamed_2,2024.0,documents
1363.0,unnamed_2,2023.0,documents
1364.0,unnamed_2,2022.0,documents
1365.0,unnamed_2,2021.0,documents
1366.0,unnamed_2,2020.0,documents
1367.0,unnamed_2,2019.0,documents
1368.0,unnamed_2,2018.0,documents
1369.0,unnamed_2,2017.0,documents
1370.0,unnamed_2,2016.0,documents
1371.0,unnamed_2,2015.0,documents
1372.0,unnamed_2,2014.0,documents
1373.0,unnamed_2,2013.0,documents
1374.0,unnamed_2,2012.0,documents
1375.0,unnamed_2,2011.0,documents
1376.0,unnamed_2,2010.0,documents
1377.0,unnamed_2,2009.0,documents
1378.0,unnamed_2,2024.0,documents
1379.0,unnamed_2,2023.0,documents
1380.0,unnamed_2,2022.0,documents
1381.0,unnamed_2,2021.0,documents
1382.0,unnamed_2,2020.0,documents
1383.0,unnamed_2,2019.0,documents
1384.0,unnamed_2,2018.0,documents
1385.0,unnamed_2,2017.0,documents
1386.0,unnamed_2,2016.0,documents
1387.0,unnamed_2,2015.0,documents
1388.0,unnamed_2,2014.0,documents
1389.0,unnamed_2,2013.0,documents
1390.0,unnamed_2,2012.0,documents
1391.0,unnamed_2,2011.0,documents
1392.0,unnamed_2,2010.0,documents
1393.0,unnamed_2,2009.0,documents
1394.0,unnamed_2,2024.0,documents
1395.0,unnamed_2,2023.0,documents
1396.0,unnamed_2,2022.0,documents
1397.0,unnamed_2,2021.0,documents
1398.0,unnamed_2,2020.0,documents
1399.0,unnamed_2,2019.0,documents
1400.0,unnamed_2,2018.0,documents
1401.0,unnamed_2,2017.0,documents
1402.0,unnamed_2,2016.0,documents
1403.0,unnamed_2,2015.0,documents
1404.0,unnamed_2,2014.0,documents
1405.0,unnamed_2,2013.0,documents
1406.0,unnamed_2,2012.0,documents
1407.0,unnamed_2,2011.0,documents
1408.0,unnamed_2,2010.0,documents
1409.0,unnamed_2,2009.0,documents
1410.0,unnamed_2,2024.0,documents
1411.0,unnamed_2,2023.0,documents
1412.0,unnamed_2,2022.0,documents
1413.0,unnamed_2,2021.0,documents
1414.0,unnamed_2,2020.0,documents
1415.0,unnamed_2,2019.0,documents
1416.0,unnamed_2,2018.0,documents
1417.0,unnamed_2,2017.0,documents
1418.0,unnamed_2,2016.0,documents
1419.0,unnamed_2,2015.0,documents
1420.0,unnamed_2,2014.0,documents
1421.0,unnamed_2,2013.0,documents
1422.0,unnamed_2,2012.0,documents
1423.0,unnamed_2,2011.0,documents
1424.0,unnamed_2,2010.0,documents
1425.0,unnamed_2,2009.0,documents
1426.0,unnamed_2,2024.0,documents
1427.0,unnamed_2,2023.0,documents
1428.0,unnamed_2,2022.0,documents
1429.0,unnamed_2,2021.0,documents
1430.0,unnamed_2,2020.0,documents
1431.0,unnamed_2,2019.0,documents
1432.0,unnamed_2,2018.0,documents
1433.0,unnamed_2,2017.0,documents
1434.0,unnamed_2,2016.0,documents
1435.0,unnamed_2,2015.0,documents
1436.0,unnamed_2,2014.0,documents
1437.0,unnamed_2,2013.0,documents
1438.0,unnamed_2,2012.0,documents
1439.0,unnamed_2,2011.0,documents
1440.0,unnamed_2,2010.0,documents
1441.0,unnamed_2,2009.0,documents
1442.0,unnamed_2,2024.0,documents
1443.0,unnamed_2,2023.0,documents
1444.0,unnamed_2,2022.0,documents
1445.0,unnamed_2,2021.0,documents
1446.0,unnamed_2,2020.0,documents
1447.0,unnamed_2,2019.0,documents
1448.0,unnamed_2,2018.0,documents
1449.0,unnamed_2,2017.0,documents
1450.0,unnamed_2,2016.0,documents
1451.0,unnamed_2,2015.0,documents
1452.0,unnamed_2,2014.0,documents
1453.0,unnamed_2,2013.0,documents
1454.0,unnamed_2,2012.0,documents
1455.0,unnamed_2,2011.0,documents
1456.0,unnamed_2,2010.0,documents
1457.0,unnamed_2,2009.0,documents
1458.0,unnamed_2,2024.0,documents
1459.0,unnamed_2,2023.0,documents
1460.0,unnamed_2,2022.0,documents
1461.0,unnamed_2,2021.0,documents
1462.0,unnamed_2,2020.0,documents
1463.0,unnamed_2,2019.0,documents
1464.0,unnamed_2,2018.0,documents
1465.0,unnamed_2,2017.0,documents
1466.0,unnamed_2,2016.0,documents
1467.0,unnamed_2,2015.0,documents
1468.0,unnamed_2,2014.0,documents
1469.0,unnamed_2,2013.0,documents
1470.0,unnamed_2,2012.0,documents
1471.0,unnamed_2,2011.0,documents
1472.0,unnamed_2,2010.0,documents
1473.0,unnamed_2,2009.0,documents
1474.0,unnamed_2,2024.0,documents
1475.0,unnamed_2,2023.0,documents
1476.0,unnamed_2,2022.0,documents
1477.0,unnamed_2,2021.0,documents
1478.0,unnamed_2,2020.0,documents
1479.0,unnamed_2,2019.0,documents
1480.0,unnamed_2,2018.0,documents
1481.0,unnamed_2,2017.0,documents
1482.0,unnamed_2,2016.0,documents
1483.0,unnamed_2,2015.0,documents
1484.0,unnamed_2,2014.0,documents
1485.0,unnamed_2,2013.0,documents
1486.0,unnamed_2,2012.0,documents
1487.0,unnamed_2,2011.0,documents
1488.0,unnamed_2,2010.0,documents
1489.0,unnamed_2,2009.0,documents
1490.0,unnamed_2,2024.0,documents
1491.0,unnamed_2,2023.0,documents
1492.0,unnamed_2,2022.0,documents
1493.0,unnamed_2,2021.0,documents
1494.0,unnamed_2,2020.0,documents
1495.0,unnamed_2,2019.0,documents
1496.0,unnamed_2,2018.0,documents
1497.0,unnamed_2,2017.0,documents
1498.0,unnamed_2,2016.0,documents
1499.0,unnamed_2,2015.0,documents
1500.0,unnamed_2,2014.0,documents
1501.0,unnamed_2,2013.0,documents
1502.0,unnamed_2,2012.0,documents
1503.0,unnamed_2,2011.0,documents
1504.0,unnamed_2,2010.0,documents
1505.0,unnamed_2,2009.0,documents
1506.0,unnamed_2,2024.0,documents
1507.0,unnamed_2,2023.0,documents
1508.0,unnamed_2,2022.0,documents
1509.0,unnamed_2,2021.0,documents
1510.0,unnamed_2,2020.0,documents
1511.0,unnamed_2,2019.0,documents
1512.0,unnamed_2,2018.0,documents
1513.0,unnamed_2,2017.0,documents
1514.0,unnamed_2,2016.0,documents
1515.0,unnamed_2,2015.0,documents
1516.0,unnamed_2,2014.0,documents
1517.0,unnamed_2,2013.0,documents
1518.0,unnamed_2,2012.0,documents
1519.0,unnamed_2,2011.0,documents
1520.0,unnamed_2,2010.0,documents
1521.0,unnamed_2,2009.0,documents
1522.0,unnamed_2,2024.0,documents
1523.0,unnamed_2,2023.0,documents
1524.0,unnamed_2,2022.0,documents
1525.0,unnamed_2,2021.0,documents
1526.0,unnamed_2,2020.0,documents
1527.0,unnamed_2,2019.0,documents
1528.0,unnamed_2,2018.0,documents
1529.0,unnamed_2,2017.0,documents
1530.0,unnamed_2,2016.0,documents
1531.0,unnamed_2,2015.0,documents
1532.0,unnamed_2,2014.0,documents
1533.0,unnamed_2,2013.0,documents
1534.0,unnamed_2,2012.0,documents
1535.0,unnamed_2,2011.0,documents
1536.0,unnamed_2,2010.0,documents
1537.0,unnamed_2,2009.0,documents
1538.0,unnamed_2,2024.0,documents
1539.0,unnamed_2,2023.0,documents
1540.0,unnamed_2,2022.0,documents
1541.0,unnamed_2,2021.0,documents
1542.0,unnamed_2,2020.0,documents
1543.0,unnamed_2,2019.0,documents
1544.0,unnamed_2,2018.0,documents
1545.0,unnamed_2,2017.0,documents
1546.0,unnamed_2,2016.0,documents
1547.0,unnamed_2,2015.0,documents
1548.0,unnamed_2,2014.0,documents
1549.0,unnamed_2,2013.0,documents
1550.0,unnamed_2,2012.0,documents
1551.0,unnamed_2,2011.0,documents
1552.0,unnamed_2,2010.0,documents
1553.0,unnamed_2,2009.0,documents
1554.0,unnamed_2,2024.0,documents
1555.0,unnamed_2,2023.0,documents
1556.0,unnamed_2,2022.0,documents
1557.0,unnamed_2,2021.0,documents
1558.0,unnamed_2,2020.0,documents
1559.0,unnamed_2,2019.0,documents
1560.0,unnamed_2,2018.0,documents
1561.0,unnamed_2,2017.0,documents
1562.0,unnamed_2,2016.0,documents
1563.0,unnamed_2,2015.0,documents
1564.0,unnamed_2,2014.0,documents
1565.0,unnamed_2,2013.0,documents
1566.0,unnamed_2,2012.0,documents
1567.0,unnamed_2,2011.0,documents
1568.0,unnamed_2,2010.0,documents
1569.0,unnamed_2,2009.0,documents
1570.0,unnamed_2,2024.0,documents
1571.0,unnamed_2,2023.0,documents
1572.0,unnamed_2,2022.0,documents
1573.0,unnamed_2,2021.0,documents
1574.0,unnamed_2,2020.0,documents
1575.0,unnamed_2,2019.0,documents
1576.0,unnamed_2,2018.0,documents
1577.0,unnamed_2,2017.0,documents
1578.0,unnamed_2,2016.0,documents
1579.0,unnamed_2,2015.0,documents
1580.0,unnamed_2,2014.0,documents
1581.0,unnamed_2,2013.0,documents
1582.0,unnamed_2,2012.0,documents
1583.0,unnamed_2,2011.0,documents
1584.0,unnamed_2,2010.0,documents
1585.0,unnamed_2,2009.0,documents
,unnamed_3,,documents
1.0,unnamed_3,,documents
2.0,unnamed_3,,documents
3.0,unnamed_3,,documents
4.0,unnamed_3,,documents
5.0,unnamed_3,,documents
6.0,unnamed_3,,documents
7.0,unnamed_3,,documents
8.0,unnamed_3,,documents
9.0,unnamed_3,,documents
10.0,unnamed_3,,documents
11.0,unnamed_3,,documents
12.0,unnamed_3,,documents
13.0,unnamed_3,,documents
14.0,unnamed_3,,documents
15.0,unnamed_3,,documents
16.0,unnamed_3,,documents
17.0,unnamed_3,,documents
18.0,unnamed_3,,documents
19.0,unnamed_3,,documents
20.0,unnamed_3,,documents
21.0,unnamed_3,,documents
22.0,unnamed_3,,documents
23.0,unnamed_3,,documents
24.0,unnamed_3,,documents
25.0,unnamed_3,,documents
26.0,unnamed_3,,documents
27.0,unnamed_3,,documents
28.0,unnamed_3,,documents
29.0,unnamed_3,,documents
30.0,unnamed_3,,documents
31.0,unnamed_3,,documents
32.0,unnamed_3,,documents
33.0,unnamed_3,,documents
34.0,unnamed_3,,documents
35.0,unnamed_3,,documents
36.0,unnamed_3,,documents
37.0,unnamed_3,,documents
38.0,unnamed_3,,documents
39.0,unnamed_3,,documents
40.0,unnamed_3,,documents
41.0,unnamed_3,,documents
42.0,unnamed_3,,documents
43.0,unnamed_3,,documents
44.0,unnamed_3,,documents
45.0,unnamed_3,,documents
46.0,unnamed_3,,documents
47.0,unnamed_3,,documents
48.0,unnamed_3,,documents
49.0,unnamed_3,,documents
50.0,unnamed_3,,documents
51.0,unnamed_3,,documents
52.0,unnamed_3,,documents
53.0,unnamed_3,,documents
54.0,unnamed_3,,documents
55.0,unnamed_3,,documents
56.0,unnamed_3,,documents
57.0,unnamed_3,,documents
58.0,unnamed_3,,documents
59.0,unnamed_3,,documents
60.0,unnamed_3,,documents
61.0,unnamed_3,,documents
62.0,unnamed_3,,documents
63.0,unnamed_3,,documents
64.0,unnamed_3,,documents
65.0,unnamed_3,,documents
66.0,unnamed_3,,documents
67.0,unnamed_3,,documents
68.0,unnamed_3,,documents
69.0,unnamed_3,,documents
70.0,unnamed_3,,documents
71.0,unnamed_3,,documents
72.0,unnamed_3,,documents
73.0,unnamed_3,,documents
74.0,unnamed_3,,documents
75.0,unnamed_3,,documents
76.0,unnamed_3,,documents
77.0,unnamed_3,,documents
78.0,unnamed_3,,documents
79.0,unnamed_3,,documents
80.0,unnamed_3,,documents
81.0,unnamed_3,,documents
82.0,unnamed_3,,documents
83.0,unnamed_3,,documents
84.0,unnamed_3,,documents
85.0,unnamed_3,,documents
86.0,unnamed_3,,documents
87.0,unnamed_3,,documents
88.0,unnamed_3,,documents
89.0,unnamed_3,,documents
90.0,unnamed_3,,documents
91.0,unnamed_3,,documents
92.0,unnamed_3,,documents
93.0,unnamed_3,,documents
94.0,unnamed_3,,documents
95.0,unnamed_3,,documents
96.0,unnamed_3,,documents
97.0,unnamed_3,,documents
98.0,unnamed_3,,documents
99.0,unnamed_3,,documents
100.0,unnamed_3,,documents
101.0,unnamed_3,,documents
102.0,unnamed_3,,documents
103.0,unnamed_3,,documents
104.0,unnamed_3,,documents
105.0,unnamed_3,,documents
106.0,unnamed_3,,documents
107.0,unnamed_3,,documents
108.0,unnamed_3,,documents
109.0,unnamed_3,,documents
110.0,unnamed_3,,documents
111.0,unnamed_3,,documents
112.0,unnamed_3,,documents
113.0,unnamed_3,,documents
114.0,unnamed_3,,documents
115.0,unnamed_3,,documents
116.0,unnamed_3,,documents
117.0,unnamed_3,,documents
118.0,unnamed_3,,documents
119.0,unnamed_3,,documents
120.0,unnamed_3,,documents
121.0,unnamed_3,,documents
122.0,unnamed_3,,documents
123.0,unnamed_3,,documents
124.0,unnamed_3,,documents
125.0,unnamed_3,,documents
126.0,unnamed_3,,documents
127.0,unnamed_3,,documents
128.0,unnamed_3,,documents
129.0,unnamed_3,,documents
130.0,unnamed_3,,documents
131.0,unnamed_3,,documents
132.0,unnamed_3,,documents
133.0,unnamed_3,,documents
134.0,unnamed_3,,documents
135.0,unnamed_3,,documents
136.0,unnamed_3,,documents
137.0,unnamed_3,,documents
138.0,unnamed_3,,documents
139.0,unnamed_3,,documents
140.0,unnamed_3,,documents
141.0,unnamed_3,,documents
142.0,unnamed_3,,documents
143.0,unnamed_3,,documents
144.0,unnamed_3,,documents
145.0,unnamed_3,,documents
146.0,unnamed_3,,documents
147.0,unnamed_3,,documents
148.0,unnamed_3,,documents
149.0,unnamed_3,,documents
150.0,unnamed_3,,documents
151.0,unnamed_3,,documents
152.0,unnamed_3,,documents
153.0,unnamed_3,,documents
154.0,unnamed_3,,documents
155.0,unnamed_3,,documents
156.0,unnamed_3,,documents
157.0,unnamed_3,,documents
158.0,unnamed_3,,documents
159.0,unnamed_3,,documents
160.0,unnamed_3,,documents
161.0,unnamed_3,,documents
162.0,unnamed_3,,documents
163.0,unnamed_3,,documents
164.0,unnamed_3,,documents
165.0,unnamed_3,,documents
166.0,unnamed_3,,documents
167.0,unnamed_3,,documents
168.0,unnamed_3,,documents
169.0,unnamed_3,,documents
170.0,unnamed_3,,documents
171.0,unnamed_3,,documents
172.0,unnamed_3,,documents
173.0,unnamed_3,,documents
174.0,unnamed_3,,documents
175.0,unnamed_3,,documents
176.0,unnamed_3,,documents
177.0,unnamed_3,,documents
178.0,unnamed_3,,documents
179.0,unnamed_3,,documents
180.0,unnamed_3,,documents
181.0,unnamed_3,,documents
182.0,unnamed_3,,documents
183.0,unnamed_3,,documents
184.0,unnamed_3,,documents
185.0,unnamed_3,,documents
186.0,unnamed_3,,documents
187.0,unnamed_3,,documents
188.0,unnamed_3,,documents
189.0,unnamed_3,,documents
190.0,unnamed_3,,documents
191.0,unnamed_3,,documents
192.0,unnamed_3,,documents
193.0,unnamed_3,,documents
194.0,unnamed_3,,documents
195.0,unnamed_3,,documents
196.0,unnamed_3,,documents
197.0,unnamed_3,,documents
198.0,unnamed_3,,documents
199.0,unnamed_3,,documents
200.0,unnamed_3,,documents
201.0,unnamed_3,,documents
202.0,unnamed_3,,documents
203.0,unnamed_3,,documents
204.0,unnamed_3,,documents
205.0,unnamed_3,,documents
206.0,unnamed_3,,documents
207.0,unnamed_3,,documents
208.0,unnamed_3,,documents
209.0,unnamed_3,,documents
210.0,unnamed_3,,documents
211.0,unnamed_3,,documents
212.0,unnamed_3,,documents
213.0,unnamed_3,,documents
214.0,unnamed_3,,documents
215.0,unnamed_3,,documents
216.0,unnamed_3,,documents
217.0,unnamed_3,,documents
218.0,unnamed_3,,documents
219.0,unnamed_3,,documents
220.0,unnamed_3,,documents
221.0,unnamed_3,,documents
222.0,unnamed_3,,documents
223.0,unnamed_3,,documents
224.0,unnamed_3,,documents
225.0,unnamed_3,,documents
226.0,unnamed_3,,documents
227.0,unnamed_3,,documents
228.0,unnamed_3,,documents
229.0,unnamed_3,,documents
230.0,unnamed_3,,documents
231.0,unnamed_3,,documents
232.0,unnamed_3,,documents
233.0,unnamed_3,,documents
234.0,unnamed_3,,documents
235.0,unnamed_3,,documents
236.0,unnamed_3,,documents
237.0,unnamed_3,,documents
238.0,unnamed_3,,documents
239.0,unnamed_3,,documents
240.0,unnamed_3,,documents
241.0,unnamed_3,,documents
242.0,unnamed_3,,documents
243.0,unnamed_3,,documents
244.0,unnamed_3,,documents
245.0,unnamed_3,,documents
246.0,unnamed_3,,documents
247.0,unnamed_3,,documents
248.0,unnamed_3,,documents
249.0,unnamed_3,,documents
250.0,unnamed_3,,documents
251.0,unnamed_3,,documents
252.0,unnamed_3,,documents
253.0,unnamed_3,,documents
254.0,unnamed_3,,documents
255.0,unnamed_3,,documents
256.0,unnamed_3,,documents
257.0,unnamed_3,,documents
258.0,unnamed_3,,documents
259.0,unnamed_3,,documents
260.0,unnamed_3,,documents
261.0,unnamed_3,,documents
262.0,unnamed_3,,documents
263.0,unnamed_3,,documents
264.0,unnamed_3,,documents
265.0,unnamed_3,,documents
266.0,unnamed_3,,documents
267.0,unnamed_3,,documents
268.0,unnamed_3,,documents
269.0,unnamed_3,,documents
270.0,unnamed_3,,documents
271.0,unnamed_3,,documents
272.0,unnamed_3,,documents
273.0,unnamed_3,,documents
274.0,unnamed_3,,documents
275.0,unnamed_3,,documents
276.0,unnamed_3,,documents
277.0,unnamed_3,,documents
278.0,unnamed_3,,documents
279.0,unnamed_3,,documents
280.0,unnamed_3,,documents
281.0,unnamed_3,,documents
282.0,unnamed_3,,documents
283.0,unnamed_3,,documents
284.0,unnamed_3,,documents
285.0,unnamed_3,,documents
286.0,unnamed_3,,documents
287.0,unnamed_3,,documents
288.0,unnamed_3,,documents
289.0,unnamed_3,,documents
290.0,unnamed_3,,documents
291.0,unnamed_3,,documents
292.0,unnamed_3,,documents
293.0,unnamed_3,,documents
294.0,unnamed_3,,documents
295.0,unnamed_3,,documents
296.0,unnamed_3,,documents
297.0,unnamed_3,,documents
298.0,unnamed_3,,documents
299.0,unnamed_3,,documents
300.0,unnamed_3,,documents
301.0,unnamed_3,,documents
302.0,unnamed_3,,documents
303.0,unnamed_3,,documents
304.0,unnamed_3,,documents
305.0,unnamed_3,,documents
306.0,unnamed_3,,documents
307.0,unnamed_3,,documents
308.0,unnamed_3,,documents
309.0,unnamed_3,,documents
310.0,unnamed_3,,documents
311.0,unnamed_3,,documents
312.0,unnamed_3,,documents
313.0,unnamed_3,,documents
314.0,unnamed_3,,documents
315.0,unnamed_3,,documents
316.0,unnamed_3,,documents
317.0,unnamed_3,,documents
318.0,unnamed_3,,documents
319.0,unnamed_3,,documents
320.0,unnamed_3,,documents
321.0,unnamed_3,,documents
322.0,unnamed_3,,documents
323.0,unnamed_3,,documents
324.0,unnamed_3,,documents
325.0,unnamed_3,,documents
326.0,unnamed_3,,documents
327.0,unnamed_3,,documents
328.0,unnamed_3,,documents
329.0,unnamed_3,,documents
330.0,unnamed_3,,documents
331.0,unnamed_3,,documents
332.0,unnamed_3,,documents
333.0,unnamed_3,,documents
334.0,unnamed_3,,documents
335.0,unnamed_3,,documents
336.0,unnamed_3,,documents
337.0,unnamed_3,,documents
338.0,unnamed_3,,documents
339.0,unnamed_3,,documents
340.0,unnamed_3,,documents
341.0,unnamed_3,,documents
342.0,unnamed_3,,documents
343.0,unnamed_3,,documents
344.0,unnamed_3,,documents
345.0,unnamed_3,,documents
346.0,unnamed_3,,documents
347.0,unnamed_3,,documents
348.0,unnamed_3,,documents
349.0,unnamed_3,,documents
350.0,unnamed_3,,documents
351.0,unnamed_3,,documents
352.0,unnamed_3,,documents
353.0,unnamed_3,,documents
354.0,unnamed_3,,documents
355.0,unnamed_3,,documents
356.0,unnamed_3,,documents
357.0,unnamed_3,,documents
358.0,unnamed_3,,documents
359.0,unnamed_3,,documents
360.0,unnamed_3,,documents
361.0,unnamed_3,,documents
362.0,unnamed_3,,documents
363.0,unnamed_3,,documents
364.0,unnamed_3,,documents
365.0,unnamed_3,,documents
366.0,unnamed_3,,documents
367.0,unnamed_3,,documents
368.0,unnamed_3,,documents
369.0,unnamed_3,,documents
370.0,unnamed_3,,documents
371.0,unnamed_3,,documents
372.0,unnamed_3,,documents
373.0,unnamed_3,,documents
374.0,unnamed_3,,documents
375.0,unnamed_3,,documents
376.0,unnamed_3,,documents
377.0,unnamed_3,,documents
378.0,unnamed_3,,documents
379.0,unnamed_3,,documents
380.0,unnamed_3,,documents
381.0,unnamed_3,,documents
382.0,unnamed_3,,documents
383.0,unnamed_3,,documents
384.0,unnamed_3,,documents
385.0,unnamed_3,,documents
386.0,unnamed_3,,documents
387.0,unnamed_3,,documents
388.0,unnamed_3,,documents
389.0,unnamed_3,,documents
390.0,unnamed_3,,documents
391.0,unnamed_3,,documents
392.0,unnamed_3,,documents
393.0,unnamed_3,,documents
394.0,unnamed_3,,documents
395.0,unnamed_3,,documents
396.0,unnamed_3,,documents
397.0,unnamed_3,,documents
398.0,unnamed_3,,documents
399.0,unnamed_3,,documents
400.0,unnamed_3,,documents
401.0,unnamed_3,,documents
402.0,unnamed_3,,documents
403.0,unnamed_3,,documents
404.0,unnamed_3,,documents
405.0,unnamed_3,,documents
406.0,unnamed_3,,documents
407.0,unnamed_3,,documents
408.0,unnamed_3,,documents
409.0,unnamed_3,,documents
410.0,unnamed_3,,documents
411.0,unnamed_3,,documents
412.0,unnamed_3,,documents
413.0,unnamed_3,,documents
414.0,unnamed_3,,documents
415.0,unnamed_3,,documents
416.0,unnamed_3,,documents
417.0,unnamed_3,,documents
418.0,unnamed_3,,documents
419.0,unnamed_3,,documents
420.0,unnamed_3,,documents
421.0,unnamed_3,,documents
422.0,unnamed_3,,documents
423.0,unnamed_3,,documents
424.0,unnamed_3,,documents
425.0,unnamed_3,,documents
426.0,unnamed_3,,documents
427.0,unnamed_3,,documents
428.0,unnamed_3,,documents
429.0,unnamed_3,,documents
430.0,unnamed_3,,documents
431.0,unnamed_3,,documents
432.0,unnamed_3,,documents
433.0,unnamed_3,,documents
434.0,unnamed_3,,documents
435.0,unnamed_3,,documents
436.0,unnamed_3,,documents
437.0,unnamed_3,,documents
438.0,unnamed_3,,documents
439.0,unnamed_3,,documents
440.0,unnamed_3,,documents
441.0,unnamed_3,,documents
442.0,unnamed_3,,documents
443.0,unnamed_3,,documents
444.0,unnamed_3,,documents
445.0,unnamed_3,,documents
446.0,unnamed_3,,documents
447.0,unnamed_3,,documents
448.0,unnamed_3,,documents
449.0,unnamed_3,,documents
450.0,unnamed_3,,documents
451.0,unnamed_3,,documents
452.0,unnamed_3,,documents
453.0,unnamed_3,,documents
454.0,unnamed_3,,documents
455.0,unnamed_3,,documents
456.0,unnamed_3,,documents
457.0,unnamed_3,,documents
458.0,unnamed_3,,documents
459.0,unnamed_3,,documents
460.0,unnamed_3,,documents
461.0,unnamed_3,,documents
462.0,unnamed_3,,documents
463.0,unnamed_3,,documents
464.0,unnamed_3,,documents
465.0,unnamed_3,,documents
466.0,unnamed_3,,documents
467.0,unnamed_3,,documents
468.0,unnamed_3,,documents
469.0,unnamed_3,,documents
470.0,unnamed_3,,documents
471.0,unnamed_3,,documents
472.0,unnamed_3,,documents
473.0,unnamed_3,,documents
474.0,unnamed_3,,documents
475.0,unnamed_3,,documents
476.0,unnamed_3,,documents
477.0,unnamed_3,,documents
478.0,unnamed_3,,documents
479.0,unnamed_3,,documents
480.0,unnamed_3,,documents
481.0,unnamed_3,,documents
482.0,unnamed_3,,documents
483.0,unnamed_3,,documents
484.0,unnamed_3,,documents
485.0,unnamed_3,,documents
486.0,unnamed_3,,documents
487.0,unnamed_3,,documents
488.0,unnamed_3,,documents
489.0,unnamed_3,,documents
490.0,unnamed_3,,documents
491.0,unnamed_3,,documents
492.0,unnamed_3,,documents
493.0,unnamed_3,,documents
494.0,unnamed_3,,documents
495.0,unnamed_3,,documents
496.0,unnamed_3,,documents
497.0,unnamed_3,,documents
498.0,unnamed_3,,documents
499.0,unnamed_3,,documents
500.0,unnamed_3,,documents
501.0,unnamed_3,,documents
502.0,unnamed_3,,documents
503.0,unnamed_3,,documents
504.0,unnamed_3,,documents
505.0,unnamed_3,,documents
506.0,unnamed_3,,documents
507.0,unnamed_3,,documents
508.0,unnamed_3,,documents
509.0,unnamed_3,,documents
510.0,unnamed_3,,documents
511.0,unnamed_3,,documents
512.0,unnamed_3,,documents
513.0,unnamed_3,,documents
514.0,unnamed_3,,documents
515.0,unnamed_3,,documents
516.0,unnamed_3,,documents
517.0,unnamed_3,,documents
518.0,unnamed_3,,documents
519.0,unnamed_3,,documents
520.0,unnamed_3,,documents
521.0,unnamed_3,,documents
522.0,unnamed_3,,documents
523.0,unnamed_3,,documents
524.0,unnamed_3,,documents
525.0,unnamed_3,,documents
526.0,unnamed_3,,documents
527.0,unnamed_3,,documents
528.0,unnamed_3,,documents
529.0,unnamed_3,,documents
530.0,unnamed_3,,documents
531.0,unnamed_3,,documents
532.0,unnamed_3,,documents
533.0,unnamed_3,,documents
534.0,unnamed_3,,documents
535.0,unnamed_3,,documents
536.0,unnamed_3,,documents
537.0,unnamed_3,,documents
538.0,unnamed_3,,documents
539.0,unnamed_3,,documents
540.0,unnamed_3,,documents
541.0,unnamed_3,,documents
542.0,unnamed_3,,documents
543.0,unnamed_3,,documents
544.0,unnamed_3,,documents
545.0,unnamed_3,,documents
546.0,unnamed_3,,documents
547.0,unnamed_3,,documents
548.0,unnamed_3,,documents
549.0,unnamed_3,,documents
550.0,unnamed_3,,documents
551.0,unnamed_3,,documents
552.0,unnamed_3,,documents
553.0,unnamed_3,,documents
554.0,unnamed_3,,documents
555.0,unnamed_3,,documents
556.0,unnamed_3,,documents
557.0,unnamed_3,,documents
558.0,unnamed_3,,documents
559.0,unnamed_3,,documents
560.0,unnamed_3,,documents
561.0,unnamed_3,,documents
562.0,unnamed_3,,documents
563.0,unnamed_3,,documents
564.0,unnamed_3,,documents
565.0,unnamed_3,,documents
566.0,unnamed_3,,documents
567.0,unnamed_3,,documents
568.0,unnamed_3,,documents
569.0,unnamed_3,,documents
570.0,unnamed_3,,documents
571.0,unnamed_3,,documents
572.0,unnamed_3,,documents
573.0,unnamed_3,,documents
574.0,unnamed_3,,documents
575.0,unnamed_3,,documents
576.0,unnamed_3,,documents
577.0,unnamed_3,,documents
578.0,unnamed_3,,documents
579.0,unnamed_3,,documents
580.0,unnamed_3,,documents
581.0,unnamed_3,,documents
582.0,unnamed_3,,documents
583.0,unnamed_3,,documents
584.0,unnamed_3,,documents
585.0,unnamed_3,,documents
586.0,unnamed_3,,documents
587.0,unnamed_3,,documents
588.0,unnamed_3,,documents
589.0,unnamed_3,,documents
590.0,unnamed_3,,documents
591.0,unnamed_3,,documents
592.0,unnamed_3,,documents
593.0,unnamed_3,,documents
594.0,unnamed_3,,documents
595.0,unnamed_3,,documents
596.0,unnamed_3,,documents
597.0,unnamed_3,,documents
598.0,unnamed_3,,documents
599.0,unnamed_3,,documents
600.0,unnamed_3,,documents
601.0,unnamed_3,,documents
602.0,unnamed_3,,documents
603.0,unnamed_3,,documents
604.0,unnamed_3,,documents
605.0,unnamed_3,,documents
606.0,unnamed_3,,documents
607.0,unnamed_3,,documents
608.0,unnamed_3,,documents
609.0,unnamed_3,,documents
610.0,unnamed_3,,documents
611.0,unnamed_3,,documents
612.0,unnamed_3,,documents
613.0,unnamed_3,,documents
614.0,unnamed_3,,documents
615.0,unnamed_3,,documents
616.0,unnamed_3,,documents
617.0,unnamed_3,,documents
618.0,unnamed_3,,documents
619.0,unnamed_3,,documents
620.0,unnamed_3,,documents
621.0,unnamed_3,,documents
622.0,unnamed_3,,documents
623.0,unnamed_3,,documents
624.0,unnamed_3,,documents
625.0,unnamed_3,,documents
626.0,unnamed_3,,documents
627.0,unnamed_3,,documents
628.0,unnamed_3,,documents
629.0,unnamed_3,,documents
630.0,unnamed_3,,documents
631.0,unnamed_3,,documents
632.0,unnamed_3,,documents
633.0,unnamed_3,,documents
634.0,unnamed_3,,documents
635.0,unnamed_3,,documents
636.0,unnamed_3,,documents
637.0,unnamed_3,,documents
638.0,unnamed_3,,documents
639.0,unnamed_3,,documents
640.0,unnamed_3,,documents
641.0,unnamed_3,,documents
642.0,unnamed_3,,documents
643.0,unnamed_3,,documents
644.0,unnamed_3,,documents
645.0,unnamed_3,,documents
646.0,unnamed_3,,documents
647.0,unnamed_3,,documents
648.0,unnamed_3,,documents
649.0,unnamed_3,,documents
650.0,unnamed_3,,documents
651.0,unnamed_3,,documents
652.0,unnamed_3,,documents
653.0,unnamed_3,,documents
654.0,unnamed_3,,documents
655.0,unnamed_3,,documents
656.0,unnamed_3,,documents
657.0,unnamed_3,,documents
658.0,unnamed_3,,documents
659.0,unnamed_3,,documents
660.0,unnamed_3,,documents
661.0,unnamed_3,,documents
662.0,unnamed_3,,documents
663.0,unnamed_3,,documents
664.0,unnamed_3,,documents
665.0,unnamed_3,,documents
666.0,unnamed_3,,documents
667.0,unnamed_3,,documents
668.0,unnamed_3,,documents
669.0,unnamed_3,,documents
670.0,unnamed_3,,documents
671.0,unnamed_3,,documents
672.0,unnamed_3,,documents
673.0,unnamed_3,,documents
674.0,unnamed_3,,documents
675.0,unnamed_3,,documents
676.0,unnamed_3,,documents
677.0,unnamed_3,,documents
678.0,unnamed_3,,documents
679.0,unnamed_3,,documents
680.0,unnamed_3,,documents
681.0,unnamed_3,,documents
682.0,unnamed_3,,documents
683.0,unnamed_3,,documents
684.0,unnamed_3,,documents
685.0,unnamed_3,,documents
686.0,unnamed_3,,documents
687.0,unnamed_3,,documents
688.0,unnamed_3,,documents
689.0,unnamed_3,,documents
690.0,unnamed_3,,documents
691.0,unnamed_3,,documents
692.0,unnamed_3,,documents
693.0,unnamed_3,,documents
694.0,unnamed_3,,documents
695.0,unnamed_3,,documents
696.0,unnamed_3,,documents
697.0,unnamed_3,,documents
698.0,unnamed_3,,documents
699.0,unnamed_3,,documents
700.0,unnamed_3,,documents
701.0,unnamed_3,,documents
702.0,unnamed_3,,documents
703.0,unnamed_3,,documents
704.0,unnamed_3,,documents
705.0,unnamed_3,,documents
706.0,unnamed_3,,documents
707.0,unnamed_3,,documents
708.0,unnamed_3,,documents
709.0,unnamed_3,,documents
710.0,unnamed_3,,documents
711.0,unnamed_3,,documents
712.0,unnamed_3,,documents
713.0,unnamed_3,,documents
714.0,unnamed_3,,documents
715.0,unnamed_3,,documents
716.0,unnamed_3,,documents
717.0,unnamed_3,,documents
718.0,unnamed_3,,documents
719.0,unnamed_3,,documents
720.0,unnamed_3,,documents
721.0,unnamed_3,,documents
722.0,unnamed_3,,documents
723.0,unnamed_3,,documents
724.0,unnamed_3,,documents
725.0,unnamed_3,,documents
726.0,unnamed_3,,documents
727.0,unnamed_3,,documents
728.0,unnamed_3,,documents
729.0,unnamed_3,,documents
730.0,unnamed_3,,documents
731.0,unnamed_3,,documents
732.0,unnamed_3,,documents
733.0,unnamed_3,,documents
734.0,unnamed_3,,documents
735.0,unnamed_3,,documents
736.0,unnamed_3,,documents
737.0,unnamed_3,,documents
738.0,unnamed_3,,documents
739.0,unnamed_3,,documents
740.0,unnamed_3,,documents
741.0,unnamed_3,,documents
742.0,unnamed_3,,documents
743.0,unnamed_3,,documents
744.0,unnamed_3,,documents
745.0,unnamed_3,,documents
746.0,unnamed_3,,documents
747.0,unnamed_3,,documents
748.0,unnamed_3,,documents
749.0,unnamed_3,,documents
750.0,unnamed_3,,documents
751.0,unnamed_3,,documents
752.0,unnamed_3,,documents
753.0,unnamed_3,,documents
754.0,unnamed_3,,documents
755.0,unnamed_3,,documents
756.0,unnamed_3,,documents
757.0,unnamed_3,,documents
758.0,unnamed_3,,documents
759.0,unnamed_3,,documents
760.0,unnamed_3,,documents
761.0,unnamed_3,,documents
762.0,unnamed_3,,documents
763.0,unnamed_3,,documents
764.0,unnamed_3,,documents
765.0,unnamed_3,,documents
766.0,unnamed_3,,documents
767.0,unnamed_3,,documents
768.0,unnamed_3,,documents
769.0,unnamed_3,,documents
770.0,unnamed_3,,documents
771.0,unnamed_3,,documents
772.0,unnamed_3,,documents
773.0,unnamed_3,,documents
774.0,unnamed_3,,documents
775.0,unnamed_3,,documents
776.0,unnamed_3,,documents
777.0,unnamed_3,,documents
778.0,unnamed_3,,documents
779.0,unnamed_3,,documents
780.0,unnamed_3,,documents
781.0,unnamed_3,,documents
782.0,unnamed_3,,documents
783.0,unnamed_3,,documents
784.0,unnamed_3,,documents
785.0,unnamed_3,,documents
786.0,unnamed_3,,documents
787.0,unnamed_3,,documents
788.0,unnamed_3,,documents
789.0,unnamed_3,,documents
790.0,unnamed_3,,documents
791.0,unnamed_3,,documents
792.0,unnamed_3,,documents
793.0,unnamed_3,,documents
794.0,unnamed_3,,documents
795.0,unnamed_3,,documents
796.0,unnamed_3,,documents
797.0,unnamed_3,,documents
798.0,unnamed_3,,documents
799.0,unnamed_3,,documents
800.0,unnamed_3,,documents
801.0,unnamed_3,,documents
802.0,unnamed_3,,documents
803.0,unnamed_3,,documents
804.0,unnamed_3,,documents
805.0,unnamed_3,,documents
806.0,unnamed_3,,documents
807.0,unnamed_3,,documents
808.0,unnamed_3,,documents
809.0,unnamed_3,,documents
810.0,unnamed_3,,documents
811.0,unnamed_3,,documents
812.0,unnamed_3,,documents
813.0,unnamed_3,,documents
814.0,unnamed_3,,documents
815.0,unnamed_3,,documents
816.0,unnamed_3,,documents
817.0,unnamed_3,,documents
818.0,unnamed_3,,documents
819.0,unnamed_3,,documents
820.0,unnamed_3,,documents
821.0,unnamed_3,,documents
822.0,unnamed_3,,documents
823.0,unnamed_3,,documents
824.0,unnamed_3,,documents
825.0,unnamed_3,,documents
826.0,unnamed_3,,documents
827.0,unnamed_3,,documents
828.0,unnamed_3,,documents
829.0,unnamed_3,,documents
830.0,unnamed_3,,documents
831.0,unnamed_3,,documents
832.0,unnamed_3,,documents
833.0,unnamed_3,,documents
834.0,unnamed_3,,documents
835.0,unnamed_3,,documents
836.0,unnamed_3,,documents
837.0,unnamed_3,,documents
838.0,unnamed_3,,documents
839.0,unnamed_3,,documents
840.0,unnamed_3,,documents
841.0,unnamed_3,,documents
842.0,unnamed_3,,documents
843.0,unnamed_3,,documents
844.0,unnamed_3,,documents
845.0,unnamed_3,,documents
846.0,unnamed_3,,documents
847.0,unnamed_3,,documents
848.0,unnamed_3,,documents
849.0,unnamed_3,,documents
850.0,unnamed_3,,documents
851.0,unnamed_3,,documents
852.0,unnamed_3,,documents
853.0,unnamed_3,,documents
854.0,unnamed_3,,documents
855.0,unnamed_3,,documents
856.0,unnamed_3,,documents
857.0,unnamed_3,,documents
858.0,unnamed_3,,documents
859.0,unnamed_3,,documents
860.0,unnamed_3,,documents
861.0,unnamed_3,,documents
862.0,unnamed_3,,documents
863.0,unnamed_3,,documents
864.0,unnamed_3,,documents
865.0,unnamed_3,,documents
866.0,unnamed_3,,documents
867.0,unnamed_3,,documents
868.0,unnamed_3,,documents
869.0,unnamed_3,,documents
870.0,unnamed_3,,documents
871.0,unnamed_3,,documents
872.0,unnamed_3,,documents
873.0,unnamed_3,,documents
874.0,unnamed_3,,documents
875.0,unnamed_3,,documents
876.0,unnamed_3,,documents
877.0,unnamed_3,,documents
878.0,unnamed_3,,documents
879.0,unnamed_3,,documents
880.0,unnamed_3,,documents
881.0,unnamed_3,,documents
882.0,unnamed_3,,documents
883.0,unnamed_3,,documents
884.0,unnamed_3,,documents
885.0,unnamed_3,,documents
886.0,unnamed_3,,documents
887.0,unnamed_3,,documents
888.0,unnamed_3,,documents
889.0,unnamed_3,,documents
890.0,unnamed_3,,documents
891.0,unnamed_3,,documents
892.0,unnamed_3,,documents
893.0,unnamed_3,,documents
894.0,unnamed_3,,documents
895.0,unnamed_3,,documents
896.0,unnamed_3,,documents
897.0,unnamed_3,,documents
898.0,unnamed_3,,documents
899.0,unnamed_3,,documents
900.0,unnamed_3,,documents
901.0,unnamed_3,,documents
902.0,unnamed_3,,documents
903.0,unnamed_3,,documents
904.0,unnamed_3,,documents
905.0,unnamed_3,,documents
906.0,unnamed_3,,documents
907.0,unnamed_3,,documents
908.0,unnamed_3,,documents
909.0,unnamed_3,,documents
910.0,unnamed_3,,documents
911.0,unnamed_3,,documents
912.0,unnamed_3,,documents
913.0,unnamed_3,,documents
914.0,unnamed_3,,documents
915.0,unnamed_3,,documents
916.0,unnamed_3,,documents
917.0,unnamed_3,,documents
918.0,unnamed_3,,documents
919.0,unnamed_3,,documents
920.0,unnamed_3,,documents
921.0,unnamed_3,,documents
922.0,unnamed_3,,documents
923.0,unnamed_3,,documents
924.0,unnamed_3,,documents
925.0,unnamed_3,,documents
926.0,unnamed_3,,documents
927.0,unnamed_3,,documents
928.0,unnamed_3,,documents
929.0,unnamed_3,,documents
930.0,unnamed_3,,documents
931.0,unnamed_3,,documents
932.0,unnamed_3,,documents
933.0,unnamed_3,,documents
934.0,unnamed_3,,documents
935.0,unnamed_3,,documents
936.0,unnamed_3,,documents
937.0,unnamed_3,,documents
938.0,unnamed_3,,documents
939.0,unnamed_3,,documents
940.0,unnamed_3,,documents
941.0,unnamed_3,,documents
942.0,unnamed_3,,documents
943.0,unnamed_3,,documents
944.0,unnamed_3,,documents
945.0,unnamed_3,,documents
946.0,unnamed_3,,documents
947.0,unnamed_3,,documents
948.0,unnamed_3,,documents
949.0,unnamed_3,,documents
950.0,unnamed_3,,documents
951.0,unnamed_3,,documents
952.0,unnamed_3,,documents
953.0,unnamed_3,,documents
954.0,unnamed_3,,documents
955.0,unnamed_3,,documents
956.0,unnamed_3,,documents
957.0,unnamed_3,,documents
958.0,unnamed_3,,documents
959.0,unnamed_3,,documents
960.0,unnamed_3,,documents
961.0,unnamed_3,,documents
962.0,unnamed_3,,documents
963.0,unnamed_3,,documents
964.0,unnamed_3,,documents
965.0,unnamed_3,,documents
966.0,unnamed_3,,documents
967.0,unnamed_3,,documents
968.0,unnamed_3,,documents
969.0,unnamed_3,,documents
970.0,unnamed_3,,documents
971.0,unnamed_3,,documents
972.0,unnamed_3,,documents
973.0,unnamed_3,,documents
974.0,unnamed_3,,documents
975.0,unnamed_3,,documents
976.0,unnamed_3,,documents
977.0,unnamed_3,,documents
978.0,unnamed_3,,documents
979.0,unnamed_3,,documents
980.0,unnamed_3,,documents
981.0,unnamed_3,,documents
982.0,unnamed_3,,documents
983.0,unnamed_3,,documents
984.0,unnamed_3,,documents
985.0,unnamed_3,,documents
986.0,unnamed_3,,documents
987.0,unnamed_3,,documents
988.0,unnamed_3,,documents
989.0,unnamed_3,,documents
990.0,unnamed_3,,documents
991.0,unnamed_3,,documents
992.0,unnamed_3,,documents
993.0,unnamed_3,,documents
994.0,unnamed_3,,documents
995.0,unnamed_3,,documents
996.0,unnamed_3,,documents
997.0,unnamed_3,,documents
998.0,unnamed_3,,documents
999.0,unnamed_3,,documents
1000.0,unnamed_3,,documents
1001.0,unnamed_3,,documents
1002.0,unnamed_3,,documents
1003.0,unnamed_3,,documents
1004.0,unnamed_3,,documents
1005.0,unnamed_3,,documents
1006.0,unnamed_3,,documents
1007.0,unnamed_3,,documents
1008.0,unnamed_3,,documents
1009.0,unnamed_3,,documents
1010.0,unnamed_3,,documents
1011.0,unnamed_3,,documents
1012.0,unnamed_3,,documents
1013.0,unnamed_3,,documents
1014.0,unnamed_3,,documents
1015.0,unnamed_3,,documents
1016.0,unnamed_3,,documents
1017.0,unnamed_3,,documents
1018.0,unnamed_3,,documents
1019.0,unnamed_3,,documents
1020.0,unnamed_3,,documents
1021.0,unnamed_3,,documents
1022.0,unnamed_3,,documents
1023.0,unnamed_3,,documents
1024.0,unnamed_3,,documents
1025.0,unnamed_3,,documents
1026.0,unnamed_3,,documents
1027.0,unnamed_3,,documents
1028.0,unnamed_3,,documents
1029.0,unnamed_3,,documents
1030.0,unnamed_3,,documents
1031.0,unnamed_3,,documents
1032.0,unnamed_3,,documents
1033.0,unnamed_3,,documents
1034.0,unnamed_3,,documents
1035.0,unnamed_3,,documents
1036.0,unnamed_3,,documents
1037.0,unnamed_3,,documents
1038.0,unnamed_3,,documents
1039.0,unnamed_3,,documents
1040.0,unnamed_3,,documents
1041.0,unnamed_3,,documents
1042.0,unnamed_3,,documents
1043.0,unnamed_3,,documents
1044.0,unnamed_3,,documents
1045.0,unnamed_3,,documents
1046.0,unnamed_3,,documents
1047.0,unnamed_3,,documents
1048.0,unnamed_3,,documents
1049.0,unnamed_3,,documents
1050.0,unnamed_3,,documents
1051.0,unnamed_3,,documents
1052.0,unnamed_3,,documents
1053.0,unnamed_3,,documents
1054.0,unnamed_3,,documents
1055.0,unnamed_3,,documents
1056.0,unnamed_3,,documents
1057.0,unnamed_3,,documents
1058.0,unnamed_3,,documents
1059.0,unnamed_3,,documents
1060.0,unnamed_3,,documents
1061.0,unnamed_3,,documents
1062.0,unnamed_3,,documents
1063.0,unnamed_3,,documents
1064.0,unnamed_3,,documents
1065.0,unnamed_3,,documents
1066.0,unnamed_3,,documents
1067.0,unnamed_3,,documents
1068.0,unnamed_3,,documents
1069.0,unnamed_3,,documents
1070.0,unnamed_3,,documents
1071.0,unnamed_3,,documents
1072.0,unnamed_3,,documents
1073.0,unnamed_3,,documents
1074.0,unnamed_3,,documents
1075.0,unnamed_3,,documents
1076.0,unnamed_3,,documents
1077.0,unnamed_3,,documents
1078.0,unnamed_3,,documents
1079.0,unnamed_3,,documents
1080.0,unnamed_3,,documents
1081.0,unnamed_3,,documents
1082.0,unnamed_3,,documents
1083.0,unnamed_3,,documents
1084.0,unnamed_3,,documents
1085.0,unnamed_3,,documents
1086.0,unnamed_3,,documents
1087.0,unnamed_3,,documents
1088.0,unnamed_3,,documents
1089.0,unnamed_3,,documents
1090.0,unnamed_3,,documents
1091.0,unnamed_3,,documents
1092.0,unnamed_3,,documents
1093.0,unnamed_3,,documents
1094.0,unnamed_3,,documents
1095.0,unnamed_3,,documents
1096.0,unnamed_3,,documents
1097.0,unnamed_3,,documents
1098.0,unnamed_3,,documents
1099.0,unnamed_3,,documents
1100.0,unnamed_3,,documents
1101.0,unnamed_3,,documents
1102.0,unnamed_3,,documents
1103.0,unnamed_3,,documents
1104.0,unnamed_3,,documents
1105.0,unnamed_3,,documents
1106.0,unnamed_3,,documents
1107.0,unnamed_3,,documents
1108.0,unnamed_3,,documents
1109.0,unnamed_3,,documents
1110.0,unnamed_3,,documents
1111.0,unnamed_3,,documents
1112.0,unnamed_3,,documents
1113.0,unnamed_3,,documents
1114.0,unnamed_3,,documents
1115.0,unnamed_3,,documents
1116.0,unnamed_3,,documents
1117.0,unnamed_3,,documents
1118.0,unnamed_3,,documents
1119.0,unnamed_3,,documents
1120.0,unnamed_3,,documents
1121.0,unnamed_3,,documents
1122.0,unnamed_3,,documents
1123.0,unnamed_3,,documents
1124.0,unnamed_3,,documents
1125.0,unnamed_3,,documents
1126.0,unnamed_3,,documents
1127.0,unnamed_3,,documents
1128.0,unnamed_3,,documents
1129.0,unnamed_3,,documents
1130.0,unnamed_3,,documents
1131.0,unnamed_3,,documents
1132.0,unnamed_3,,documents
1133.0,unnamed_3,,documents
1134.0,unnamed_3,,documents
1135.0,unnamed_3,,documents
1136.0,unnamed_3,,documents
1137.0,unnamed_3,,documents
1138.0,unnamed_3,,documents
1139.0,unnamed_3,,documents
1140.0,unnamed_3,,documents
1141.0,unnamed_3,,documents
1142.0,unnamed_3,,documents
1143.0,unnamed_3,,documents
1144.0,unnamed_3,,documents
1145.0,unnamed_3,,documents
1146.0,unnamed_3,,documents
1147.0,unnamed_3,,documents
1148.0,unnamed_3,,documents
1149.0,unnamed_3,,documents
1150.0,unnamed_3,,documents
1151.0,unnamed_3,,documents
1152.0,unnamed_3,,documents
1153.0,unnamed_3,,documents
1154.0,unnamed_3,,documents
1155.0,unnamed_3,,documents
1156.0,unnamed_3,,documents
1157.0,unnamed_3,,documents
1158.0,unnamed_3,,documents
1159.0,unnamed_3,,documents
1160.0,unnamed_3,,documents
1161.0,unnamed_3,,documents
1162.0,unnamed_3,,documents
1163.0,unnamed_3,,documents
1164.0,unnamed_3,,documents
1165.0,unnamed_3,,documents
1166.0,unnamed_3,,documents
1167.0,unnamed_3,,documents
1168.0,unnamed_3,,documents
1169.0,unnamed_3,,documents
1170.0,unnamed_3,,documents
1171.0,unnamed_3,,documents
1172.0,unnamed_3,,documents
1173.0,unnamed_3,,documents
1174.0,unnamed_3,,documents
1175.0,unnamed_3,,documents
1176.0,unnamed_3,,documents
1177.0,unnamed_3,,documents
1178.0,unnamed_3,,documents
1179.0,unnamed_3,,documents
1180.0,unnamed_3,,documents
1181.0,unnamed_3,,documents
1182.0,unnamed_3,,documents
1183.0,unnamed_3,,documents
1184.0,unnamed_3,,documents
1185.0,unnamed_3,,documents
1186.0,unnamed_3,,documents
1187.0,unnamed_3,,documents
1188.0,unnamed_3,,documents
1189.0,unnamed_3,,documents
1190.0,unnamed_3,,documents
1191.0,unnamed_3,,documents
1192.0,unnamed_3,,documents
1193.0,unnamed_3,,documents
1194.0,unnamed_3,,documents
1195.0,unnamed_3,,documents
1196.0,unnamed_3,,documents
1197.0,unnamed_3,,documents
1198.0,unnamed_3,,documents
1199.0,unnamed_3,,documents
1200.0,unnamed_3,,documents
1201.0,unnamed_3,,documents
1202.0,unnamed_3,,documents
1203.0,unnamed_3,,documents
1204.0,unnamed_3,,documents
1205.0,unnamed_3,,documents
1206.0,unnamed_3,,documents
1207.0,unnamed_3,,documents
1208.0,unnamed_3,,documents
1209.0,unnamed_3,,documents
1210.0,unnamed_3,,documents
1211.0,unnamed_3,,documents
1212.0,unnamed_3,,documents
1213.0,unnamed_3,,documents
1214.0,unnamed_3,,documents
1215.0,unnamed_3,,documents
1216.0,unnamed_3,,documents
1217.0,unnamed_3,,documents
1218.0,unnamed_3,,documents
1219.0,unnamed_3,,documents
1220.0,unnamed_3,,documents
1221.0,unnamed_3,,documents
1222.0,unnamed_3,,documents
1223.0,unnamed_3,,documents
1224.0,unnamed_3,,documents
1225.0,unnamed_3,,documents
1226.0,unnamed_3,,documents
1227.0,unnamed_3,,documents
1228.0,unnamed_3,,documents
1229.0,unnamed_3,,documents
1230.0,unnamed_3,,documents
1231.0,unnamed_3,,documents
1232.0,unnamed_3,,documents
1233.0,unnamed_3,,documents
1234.0,unnamed_3,,documents
1235.0,unnamed_3,,documents
1236.0,unnamed_3,,documents
1237.0,unnamed_3,,documents
1238.0,unnamed_3,,documents
1239.0,unnamed_3,,documents
1240.0,unnamed_3,,documents
1241.0,unnamed_3,,documents
1242.0,unnamed_3,,documents
1243.0,unnamed_3,,documents
1244.0,unnamed_3,,documents
1245.0,unnamed_3,,documents
1246.0,unnamed_3,,documents
1247.0,unnamed_3,,documents
1248.0,unnamed_3,,documents
1249.0,unnamed_3,,documents
1250.0,unnamed_3,,documents
1251.0,unnamed_3,,documents
1252.0,unnamed_3,,documents
1253.0,unnamed_3,,documents
1254.0,unnamed_3,,documents
1255.0,unnamed_3,,documents
1256.0,unnamed_3,,documents
1257.0,unnamed_3,,documents
1258.0,unnamed_3,,documents
1259.0,unnamed_3,,documents
1260.0,unnamed_3,,documents
1261.0,unnamed_3,,documents
1262.0,unnamed_3,,documents
1263.0,unnamed_3,,documents
1264.0,unnamed_3,,documents
1265.0,unnamed_3,,documents
1266.0,unnamed_3,,documents
1267.0,unnamed_3,,documents
1268.0,unnamed_3,,documents
1269.0,unnamed_3,,documents
1270.0,unnamed_3,,documents
1271.0,unnamed_3,,documents
1272.0,unnamed_3,,documents
1273.0,unnamed_3,,documents
1274.0,unnamed_3,,documents
1275.0,unnamed_3,,documents
1276.0,unnamed_3,,documents
1277.0,unnamed_3,,documents
1278.0,unnamed_3,,documents
1279.0,unnamed_3,,documents
1280.0,unnamed_3,,documents
1281.0,unnamed_3,,documents
1282.0,unnamed_3,,documents
1283.0,unnamed_3,,documents
1284.0,unnamed_3,,documents
1285.0,unnamed_3,,documents
1286.0,unnamed_3,,documents
1287.0,unnamed_3,,documents
1288.0,unnamed_3,,documents
1289.0,unnamed_3,,documents
1290.0,unnamed_3,,documents
1291.0,unnamed_3,,documents
1292.0,unnamed_3,,documents
1293.0,unnamed_3,,documents
1294.0,unnamed_3,,documents
1295.0,unnamed_3,,documents
1296.0,unnamed_3,,documents
1297.0,unnamed_3,,documents
1298.0,unnamed_3,,documents
1299.0,unnamed_3,,documents
1300.0,unnamed_3,,documents
1301.0,unnamed_3,,documents
1302.0,unnamed_3,,documents
1303.0,unnamed_3,,documents
1304.0,unnamed_3,,documents
1305.0,unnamed_3,,documents
1306.0,unnamed_3,,documents
1307.0,unnamed_3,,documents
1308.0,unnamed_3,,documents
1309.0,unnamed_3,,documents
1310.0,unnamed_3,,documents
1311.0,unnamed_3,,documents
1312.0,unnamed_3,,documents
1313.0,unnamed_3,,documents
1314.0,unnamed_3,,documents
1315.0,unnamed_3,,documents
1316.0,unnamed_3,,documents
1317.0,unnamed_3,,documents
1318.0,unnamed_3,,documents
1319.0,unnamed_3,,documents
1320.0,unnamed_3,,documents
1321.0,unnamed_3,,documents
1322.0,unnamed_3,,documents
1323.0,unnamed_3,,documents
1324.0,unnamed_3,,documents
1325.0,unnamed_3,,documents
1326.0,unnamed_3,,documents
1327.0,unnamed_3,,documents
1328.0,unnamed_3,,documents
1329.0,unnamed_3,,documents
1330.0,unnamed_3,,documents
1331.0,unnamed_3,,documents
1332.0,unnamed_3,,documents
1333.0,unnamed_3,,documents
1334.0,unnamed_3,,documents
1335.0,unnamed_3,,documents
1336.0,unnamed_3,,documents
1337.0,unnamed_3,,documents
1338.0,unnamed_3,,documents
1339.0,unnamed_3,,documents
1340.0,unnamed_3,,documents
1341.0,unnamed_3,,documents
1342.0,unnamed_3,,documents
1343.0,unnamed_3,,documents
1344.0,unnamed_3,,documents
1345.0,unnamed_3,,documents
1346.0,unnamed_3,,documents
1347.0,unnamed_3,,documents
1348.0,unnamed_3,,documents
1349.0,unnamed_3,,documents
1350.0,unnamed_3,,documents
1351.0,unnamed_3,,documents
1352.0,unnamed_3,,documents
1353.0,unnamed_3,,documents
1354.0,unnamed_3,,documents
1355.0,unnamed_3,,documents
1356.0,unnamed_3,,documents
1357.0,unnamed_3,,documents
1358.0,unnamed_3,,documents
1359.0,unnamed_3,,documents
1360.0,unnamed_3,,documents
1361.0,unnamed_3,,documents
1362.0,unnamed_3,,documents
1363.0,unnamed_3,,documents
1364.0,unnamed_3,,documents
1365.0,unnamed_3,,documents
1366.0,unnamed_3,,documents
1367.0,unnamed_3,,documents
1368.0,unnamed_3,,documents
1369.0,unnamed_3,,documents
1370.0,unnamed_3,,documents
1371.0,unnamed_3,,documents
1372.0,unnamed_3,,documents
1373.0,unnamed_3,,documents
1374.0,unnamed_3,,documents
1375.0,unnamed_3,,documents
1376.0,unnamed_3,,documents
1377.0,unnamed_3,,documents
1378.0,unnamed_3,,documents
1379.0,unnamed_3,,documents
1380.0,unnamed_3,,documents
1381.0,unnamed_3,,documents
1382.0,unnamed_3,,documents
1383.0,unnamed_3,,documents
1384.0,unnamed_3,,documents
1385.0,unnamed_3,,documents
1386.0,unnamed_3,,documents
1387.0,unnamed_3,,documents
1388.0,unnamed_3,,documents
1389.0,unnamed_3,,documents
1390.0,unnamed_3,,documents
1391.0,unnamed_3,,documents
1392.0,unnamed_3,,documents
1393.0,unnamed_3,,documents
1394.0,unnamed_3,,documents
1395.0,unnamed_3,,documents
1396.0,unnamed_3,,documents
1397.0,unnamed_3,,documents
1398.0,unnamed_3,,documents
1399.0,unnamed_3,,documents
1400.0,unnamed_3,,documents
1401.0,unnamed_3,,documents
1402.0,unnamed_3,,documents
1403.0,unnamed_3,,documents
1404.0,unnamed_3,,documents
1405.0,unnamed_3,,documents
1406.0,unnamed_3,,documents
1407.0,unnamed_3,,documents
1408.0,unnamed_3,,documents
1409.0,unnamed_3,,documents
1410.0,unnamed_3,,documents
1411.0,unnamed_3,,documents
1412.0,unnamed_3,,documents
1413.0,unnamed_3,,documents
1414.0,unnamed_3,,documents
1415.0,unnamed_3,,documents
1416.0,unnamed_3,,documents
1417.0,unnamed_3,,documents
1418.0,unnamed_3,,documents
1419.0,unnamed_3,,documents
1420.0,unnamed_3,,documents
1421.0,unnamed_3,,documents
1422.0,unnamed_3,,documents
1423.0,unnamed_3,,documents
1424.0,unnamed_3,,documents
1425.0,unnamed_3,,documents
1426.0,unnamed_3,,documents
1427.0,unnamed_3,,documents
1428.0,unnamed_3,,documents
1429.0,unnamed_3,,documents
1430.0,unnamed_3,,documents
1431.0,unnamed_3,,documents
1432.0,unnamed_3,,documents
1433.0,unnamed_3,,documents
1434.0,unnamed_3,,documents
1435.0,unnamed_3,,documents
1436.0,unnamed_3,,documents
1437.0,unnamed_3,,documents
1438.0,unnamed_3,,documents
1439.0,unnamed_3,,documents
1440.0,unnamed_3,,documents
1441.0,unnamed_3,,documents
1442.0,unnamed_3,,documents
1443.0,unnamed_3,,documents
1444.0,unnamed_3,,documents
1445.0,unnamed_3,,documents
1446.0,unnamed_3,,documents
1447.0,unnamed_3,,documents
1448.0,unnamed_3,,documents
1449.0,unnamed_3,,documents
1450.0,unnamed_3,,documents
1451.0,unnamed_3,,documents
1452.0,unnamed_3,,documents
1453.0,unnamed_3,,documents
1454.0,unnamed_3,,documents
1455.0,unnamed_3,,documents
1456.0,unnamed_3,,documents
1457.0,unnamed_3,,documents
1458.0,unnamed_3,,documents
1459.0,unnamed_3,,documents
1460.0,unnamed_3,,documents
1461.0,unnamed_3,,documents
1462.0,unnamed_3,,documents
1463.0,unnamed_3,,documents
1464.0,unnamed_3,,documents
1465.0,unnamed_3,,documents
1466.0,unnamed_3,,documents
1467.0,unnamed_3,,documents
1468.0,unnamed_3,,documents
1469.0,unnamed_3,,documents
1470.0,unnamed_3,,documents
1471.0,unnamed_3,,documents
1472.0,unnamed_3,,documents
1473.0,unnamed_3,,documents
1474.0,unnamed_3,,documents
1475.0,unnamed_3,,documents
1476.0,unnamed_3,,documents
1477.0,unnamed_3,,documents
1478.0,unnamed_3,,documents
1479.0,unnamed_3,,documents
1480.0,unnamed_3,,documents
1481.0,unnamed_3,,documents
1482.0,unnamed_3,,documents
1483.0,unnamed_3,,documents
1484.0,unnamed_3,,documents
1485.0,unnamed_3,,documents
1486.0,unnamed_3,,documents
1487.0,unnamed_3,,documents
1488.0,unnamed_3,,documents
1489.0,unnamed_3,,documents
1490.0,unnamed_3,,documents
1491.0,unnamed_3,,documents
1492.0,unnamed_3,,documents
1493.0,unnamed_3,,documents
1494.0,unnamed_3,,documents
1495.0,unnamed_3,,documents
1496.0,unnamed_3,,documents
1497.0,unnamed_3,,documents
1498.0,unnamed_3,,documents
1499.0,unnamed_3,,documents
1500.0,unnamed_3,,documents
1501.0,unnamed_3,,documents
1502.0,unnamed_3,,documents
1503.0,unnamed_3,,documents
1504.0,unnamed_3,,documents
1505.0,unnamed_3,,documents
1506.0,unnamed_3,,documents
1507.0,unnamed_3,,documents
1508.0,unnamed_3,,documents
1509.0,unnamed_3,,documents
1510.0,unnamed_3,,documents
1511.0,unnamed_3,,documents
1512.0,unnamed_3,,documents
1513.0,unnamed_3,,documents
1514.0,unnamed_3,,documents
1515.0,unnamed_3,,documents
1516.0,unnamed_3,,documents
1517.0,unnamed_3,,documents
1518.0,unnamed_3,,documents
1519.0,unnamed_3,,documents
1520.0,unnamed_3,,documents
1521.0,unnamed_3,,documents
1522.0,unnamed_3,,documents
1523.0,unnamed_3,,documents
1524.0,unnamed_3,,documents
1525.0,unnamed_3,,documents
1526.0,unnamed_3,,documents
1527.0,unnamed_3,,documents
1528.0,unnamed_3,,documents
1529.0,unnamed_3,,documents
1530.0,unnamed_3,,documents
1531.0,unnamed_3,,documents
1532.0,unnamed_3,,documents
1533.0,unnamed_3,,documents
1534.0,unnamed_3,,documents
1535.0,unnamed_3,,documents
1536.0,unnamed_3,,documents
1537.0,unnamed_3,,documents
1538.0,unnamed_3,,documents
1539.0,unnamed_3,,documents
1540.0,unnamed_3,,documents
1541.0,unnamed_3,,documents
1542.0,unnamed_3,,documents
1543.0,unnamed_3,,documents
1544.0,unnamed_3,,documents
1545.0,unnamed_3,,documents
1546.0,unnamed_3,,documents
1547.0,unnamed_3,,documents
1548.0,unnamed_3,,documents
1549.0,unnamed_3,,documents
1550.0,unnamed_3,,documents
1551.0,unnamed_3,,documents
1552.0,unnamed_3,,documents
1553.0,unnamed_3,,documents
1554.0,unnamed_3,,documents
1555.0,unnamed_3,,documents
1556.0,unnamed_3,,documents
1557.0,unnamed_3,,documents
1558.0,unnamed_3,,documents
1559.0,unnamed_3,,documents
1560.0,unnamed_3,,documents
1561.0,unnamed_3,,documents
1562.0,unnamed_3,,documents
1563.0,unnamed_3,,documents
1564.0,unnamed_3,,documents
1565.0,unnamed_3,,documents
1566.0,unnamed_3,,documents
1567.0,unnamed_3,,documents
1568.0,unnamed_3,,documents
1569.0,unnamed_3,,documents
1570.0,unnamed_3,,documents
1571.0,unnamed_3,,documents
1572.0,unnamed_3,,documents
1573.0,unnamed_3,,documents
1574.0,unnamed_3,,documents
1575.0,unnamed_3,,documents
1576.0,unnamed_3,,documents
1577.0,unnamed_3,,documents
1578.0,unnamed_3,,documents
1579.0,unnamed_3,,documents
1580.0,unnamed_3,,documents
1581.0,unnamed_3,,documents
1582.0,unnamed_3,,documents
1583.0,unnamed_3,,documents
1584.0,unnamed_3,,documents
1585.0,unnamed_3,,documents
