metric,year,value,company
,unnamed_1,,profitandloss
61.0,unnamed_1,,profitandloss
62.0,unnamed_1,,profitandloss
63.0,unnamed_1,,profitandloss
64.0,unnamed_1,,profitandloss
65.0,unnamed_1,,profitandloss
66.0,unnamed_1,,profitandloss
67.0,unnamed_1,,profitandloss
68.0,unnamed_1,,profitandloss
69.0,unnamed_1,,profitandloss
70.0,unnamed_1,,profitandloss
71.0,unnamed_1,,profitandloss
72.0,unnamed_1,,profitandloss
73.0,unnamed_1,,profitandloss
86.0,unnamed_1,,profitandloss
87.0,unnamed_1,,profitandloss
88.0,unnamed_1,,profitandloss
89.0,unnamed_1,,profitandloss
90.0,unnamed_1,,profitandloss
91.0,unnamed_1,,profitandloss
92.0,unnamed_1,,profitandloss
93.0,unnamed_1,,profitandloss
94.0,unnamed_1,,profitandloss
95.0,unnamed_1,,profitandloss
96.0,unnamed_1,,profitandloss
97.0,unnamed_1,,profitandloss
98.0,unnamed_1,,profitandloss
99.0,unnamed_1,,profitandloss
100.0,unnamed_1,,profitandloss
101.0,unnamed_1,,profitandloss
102.0,unnamed_1,,profitandloss
103.0,unnamed_1,,profitandloss
104.0,unnamed_1,,profitandloss
105.0,unnamed_1,,profitandloss
106.0,unnamed_1,,profitandloss
107.0,unnamed_1,,profitandloss
108.0,unnamed_1,,profitandloss
109.0,unnamed_1,,profitandloss
110.0,unnamed_1,,profitandloss
111.0,unnamed_1,,profitandloss
112.0,unnamed_1,,profitandloss
113.0,unnamed_1,,profitandloss
114.0,unnamed_1,,profitandloss
115.0,unnamed_1,,profitandloss
116.0,unnamed_1,,profitandloss
117.0,unnamed_1,,profitandloss
118.0,unnamed_1,,profitandloss
119.0,unnamed_1,,profitandloss
120.0,unnamed_1,,profitandloss
121.0,unnamed_1,,profitandloss
122.0,unnamed_1,,profitandloss
123.0,unnamed_1,,profitandloss
124.0,unnamed_1,,profitandloss
125.0,unnamed_1,,profitandloss
126.0,unnamed_1,,profitandloss
127.0,unnamed_1,,profitandloss
128.0,unnamed_1,,profitandloss
129.0,unnamed_1,,profitandloss
130.0,unnamed_1,,profitandloss
131.0,unnamed_1,,profitandloss
132.0,unnamed_1,,profitandloss
133.0,unnamed_1,,profitandloss
134.0,unnamed_1,,profitandloss
135.0,unnamed_1,,profitandloss
136.0,unnamed_1,,profitandloss
137.0,unnamed_1,,profitandloss
138.0,unnamed_1,,profitandloss
139.0,unnamed_1,,profitandloss
140.0,unnamed_1,,profitandloss
141.0,unnamed_1,,profitandloss
142.0,unnamed_1,,profitandloss
143.0,unnamed_1,,profitandloss
144.0,unnamed_1,,profitandloss
145.0,unnamed_1,,profitandloss
146.0,unnamed_1,,profitandloss
147.0,unnamed_1,,profitandloss
148.0,unnamed_1,,profitandloss
149.0,unnamed_1,,profitandloss
150.0,unnamed_1,,profitandloss
151.0,unnamed_1,,profitandloss
152.0,unnamed_1,,profitandloss
153.0,unnamed_1,,profitandloss
154.0,unnamed_1,,profitandloss
155.0,unnamed_1,,profitandloss
156.0,unnamed_1,,profitandloss
157.0,unnamed_1,,profitandloss
158.0,unnamed_1,,profitandloss
159.0,unnamed_1,,profitandloss
160.0,unnamed_1,,profitandloss
161.0,unnamed_1,,profitandloss
162.0,unnamed_1,,profitandloss
163.0,unnamed_1,,profitandloss
164.0,unnamed_1,,profitandloss
165.0,unnamed_1,,profitandloss
166.0,unnamed_1,,profitandloss
167.0,unnamed_1,,profitandloss
168.0,unnamed_1,,profitandloss
169.0,unnamed_1,,profitandloss
170.0,unnamed_1,,profitandloss
171.0,unnamed_1,,profitandloss
172.0,unnamed_1,,profitandloss
173.0,unnamed_1,,profitandloss
174.0,unnamed_1,,profitandloss
175.0,unnamed_1,,profitandloss
176.0,unnamed_1,,profitandloss
177.0,unnamed_1,,profitandloss
178.0,unnamed_1,,profitandloss
179.0,unnamed_1,,profitandloss
180.0,unnamed_1,,profitandloss
181.0,unnamed_1,,profitandloss
182.0,unnamed_1,,profitandloss
183.0,unnamed_1,,profitandloss
184.0,unnamed_1,,profitandloss
185.0,unnamed_1,,profitandloss
186.0,unnamed_1,,profitandloss
187.0,unnamed_1,,profitandloss
188.0,unnamed_1,,profitandloss
189.0,unnamed_1,,profitandloss
190.0,unnamed_1,,profitandloss
191.0,unnamed_1,,profitandloss
192.0,unnamed_1,,profitandloss
193.0,unnamed_1,,profitandloss
194.0,unnamed_1,,profitandloss
195.0,unnamed_1,,profitandloss
196.0,unnamed_1,,profitandloss
197.0,unnamed_1,,profitandloss
198.0,unnamed_1,,profitandloss
199.0,unnamed_1,,profitandloss
200.0,unnamed_1,,profitandloss
201.0,unnamed_1,,profitandloss
202.0,unnamed_1,,profitandloss
203.0,unnamed_1,,profitandloss
204.0,unnamed_1,,profitandloss
205.0,unnamed_1,,profitandloss
206.0,unnamed_1,,profitandloss
207.0,unnamed_1,,profitandloss
208.0,unnamed_1,,profitandloss
209.0,unnamed_1,,profitandloss
210.0,unnamed_1,,profitandloss
211.0,unnamed_1,,profitandloss
212.0,unnamed_1,,profitandloss
213.0,unnamed_1,,profitandloss
214.0,unnamed_1,,profitandloss
215.0,unnamed_1,,profitandloss
216.0,unnamed_1,,profitandloss
217.0,unnamed_1,,profitandloss
218.0,unnamed_1,,profitandloss
219.0,unnamed_1,,profitandloss
220.0,unnamed_1,,profitandloss
221.0,unnamed_1,,profitandloss
222.0,unnamed_1,,profitandloss
223.0,unnamed_1,,profitandloss
224.0,unnamed_1,,profitandloss
225.0,unnamed_1,,profitandloss
226.0,unnamed_1,,profitandloss
227.0,unnamed_1,,profitandloss
228.0,unnamed_1,,profitandloss
229.0,unnamed_1,,profitandloss
230.0,unnamed_1,,profitandloss
231.0,unnamed_1,,profitandloss
232.0,unnamed_1,,profitandloss
233.0,unnamed_1,,profitandloss
234.0,unnamed_1,,profitandloss
235.0,unnamed_1,,profitandloss
236.0,unnamed_1,,profitandloss
237.0,unnamed_1,,profitandloss
238.0,unnamed_1,,profitandloss
239.0,unnamed_1,,profitandloss
240.0,unnamed_1,,profitandloss
241.0,unnamed_1,,profitandloss
242.0,unnamed_1,,profitandloss
243.0,unnamed_1,,profitandloss
244.0,unnamed_1,,profitandloss
245.0,unnamed_1,,profitandloss
246.0,unnamed_1,,profitandloss
247.0,unnamed_1,,profitandloss
248.0,unnamed_1,,profitandloss
249.0,unnamed_1,,profitandloss
250.0,unnamed_1,,profitandloss
251.0,unnamed_1,,profitandloss
252.0,unnamed_1,,profitandloss
253.0,unnamed_1,,profitandloss
254.0,unnamed_1,,profitandloss
255.0,unnamed_1,,profitandloss
256.0,unnamed_1,,profitandloss
257.0,unnamed_1,,profitandloss
258.0,unnamed_1,,profitandloss
259.0,unnamed_1,,profitandloss
260.0,unnamed_1,,profitandloss
261.0,unnamed_1,,profitandloss
262.0,unnamed_1,,profitandloss
263.0,unnamed_1,,profitandloss
264.0,unnamed_1,,profitandloss
265.0,unnamed_1,,profitandloss
266.0,unnamed_1,,profitandloss
267.0,unnamed_1,,profitandloss
268.0,unnamed_1,,profitandloss
269.0,unnamed_1,,profitandloss
270.0,unnamed_1,,profitandloss
271.0,unnamed_1,,profitandloss
272.0,unnamed_1,,profitandloss
273.0,unnamed_1,,profitandloss
274.0,unnamed_1,,profitandloss
275.0,unnamed_1,,profitandloss
276.0,unnamed_1,,profitandloss
277.0,unnamed_1,,profitandloss
278.0,unnamed_1,,profitandloss
279.0,unnamed_1,,profitandloss
280.0,unnamed_1,,profitandloss
281.0,unnamed_1,,profitandloss
282.0,unnamed_1,,profitandloss
283.0,unnamed_1,,profitandloss
284.0,unnamed_1,,profitandloss
285.0,unnamed_1,,profitandloss
286.0,unnamed_1,,profitandloss
287.0,unnamed_1,,profitandloss
288.0,unnamed_1,,profitandloss
289.0,unnamed_1,,profitandloss
290.0,unnamed_1,,profitandloss
291.0,unnamed_1,,profitandloss
292.0,unnamed_1,,profitandloss
293.0,unnamed_1,,profitandloss
294.0,unnamed_1,,profitandloss
295.0,unnamed_1,,profitandloss
296.0,unnamed_1,,profitandloss
297.0,unnamed_1,,profitandloss
298.0,unnamed_1,,profitandloss
299.0,unnamed_1,,profitandloss
300.0,unnamed_1,,profitandloss
301.0,unnamed_1,,profitandloss
302.0,unnamed_1,,profitandloss
303.0,unnamed_1,,profitandloss
304.0,unnamed_1,,profitandloss
305.0,unnamed_1,,profitandloss
306.0,unnamed_1,,profitandloss
307.0,unnamed_1,,profitandloss
308.0,unnamed_1,,profitandloss
309.0,unnamed_1,,profitandloss
310.0,unnamed_1,,profitandloss
311.0,unnamed_1,,profitandloss
312.0,unnamed_1,,profitandloss
313.0,unnamed_1,,profitandloss
314.0,unnamed_1,,profitandloss
315.0,unnamed_1,,profitandloss
316.0,unnamed_1,,profitandloss
317.0,unnamed_1,,profitandloss
318.0,unnamed_1,,profitandloss
319.0,unnamed_1,,profitandloss
320.0,unnamed_1,,profitandloss
321.0,unnamed_1,,profitandloss
322.0,unnamed_1,,profitandloss
323.0,unnamed_1,,profitandloss
324.0,unnamed_1,,profitandloss
325.0,unnamed_1,,profitandloss
326.0,unnamed_1,,profitandloss
327.0,unnamed_1,,profitandloss
328.0,unnamed_1,,profitandloss
329.0,unnamed_1,,profitandloss
330.0,unnamed_1,,profitandloss
331.0,unnamed_1,,profitandloss
332.0,unnamed_1,,profitandloss
333.0,unnamed_1,,profitandloss
334.0,unnamed_1,,profitandloss
335.0,unnamed_1,,profitandloss
336.0,unnamed_1,,profitandloss
337.0,unnamed_1,,profitandloss
338.0,unnamed_1,,profitandloss
339.0,unnamed_1,,profitandloss
340.0,unnamed_1,,profitandloss
341.0,unnamed_1,,profitandloss
342.0,unnamed_1,,profitandloss
343.0,unnamed_1,,profitandloss
344.0,unnamed_1,,profitandloss
345.0,unnamed_1,,profitandloss
346.0,unnamed_1,,profitandloss
347.0,unnamed_1,,profitandloss
348.0,unnamed_1,,profitandloss
349.0,unnamed_1,,profitandloss
350.0,unnamed_1,,profitandloss
351.0,unnamed_1,,profitandloss
352.0,unnamed_1,,profitandloss
353.0,unnamed_1,,profitandloss
354.0,unnamed_1,,profitandloss
355.0,unnamed_1,,profitandloss
356.0,unnamed_1,,profitandloss
357.0,unnamed_1,,profitandloss
358.0,unnamed_1,,profitandloss
359.0,unnamed_1,,profitandloss
360.0,unnamed_1,,profitandloss
361.0,unnamed_1,,profitandloss
362.0,unnamed_1,,profitandloss
363.0,unnamed_1,,profitandloss
364.0,unnamed_1,,profitandloss
365.0,unnamed_1,,profitandloss
366.0,unnamed_1,,profitandloss
367.0,unnamed_1,,profitandloss
368.0,unnamed_1,,profitandloss
369.0,unnamed_1,,profitandloss
370.0,unnamed_1,,profitandloss
371.0,unnamed_1,,profitandloss
372.0,unnamed_1,,profitandloss
373.0,unnamed_1,,profitandloss
374.0,unnamed_1,,profitandloss
375.0,unnamed_1,,profitandloss
376.0,unnamed_1,,profitandloss
377.0,unnamed_1,,profitandloss
378.0,unnamed_1,,profitandloss
379.0,unnamed_1,,profitandloss
380.0,unnamed_1,,profitandloss
381.0,unnamed_1,,profitandloss
382.0,unnamed_1,,profitandloss
383.0,unnamed_1,,profitandloss
384.0,unnamed_1,,profitandloss
385.0,unnamed_1,,profitandloss
386.0,unnamed_1,,profitandloss
387.0,unnamed_1,,profitandloss
388.0,unnamed_1,,profitandloss
389.0,unnamed_1,,profitandloss
390.0,unnamed_1,,profitandloss
391.0,unnamed_1,,profitandloss
392.0,unnamed_1,,profitandloss
393.0,unnamed_1,,profitandloss
394.0,unnamed_1,,profitandloss
395.0,unnamed_1,,profitandloss
396.0,unnamed_1,,profitandloss
397.0,unnamed_1,,profitandloss
398.0,unnamed_1,,profitandloss
399.0,unnamed_1,,profitandloss
400.0,unnamed_1,,profitandloss
401.0,unnamed_1,,profitandloss
402.0,unnamed_1,,profitandloss
403.0,unnamed_1,,profitandloss
404.0,unnamed_1,,profitandloss
405.0,unnamed_1,,profitandloss
406.0,unnamed_1,,profitandloss
407.0,unnamed_1,,profitandloss
408.0,unnamed_1,,profitandloss
409.0,unnamed_1,,profitandloss
410.0,unnamed_1,,profitandloss
411.0,unnamed_1,,profitandloss
412.0,unnamed_1,,profitandloss
413.0,unnamed_1,,profitandloss
414.0,unnamed_1,,profitandloss
415.0,unnamed_1,,profitandloss
416.0,unnamed_1,,profitandloss
417.0,unnamed_1,,profitandloss
418.0,unnamed_1,,profitandloss
419.0,unnamed_1,,profitandloss
420.0,unnamed_1,,profitandloss
421.0,unnamed_1,,profitandloss
422.0,unnamed_1,,profitandloss
423.0,unnamed_1,,profitandloss
424.0,unnamed_1,,profitandloss
425.0,unnamed_1,,profitandloss
426.0,unnamed_1,,profitandloss
427.0,unnamed_1,,profitandloss
428.0,unnamed_1,,profitandloss
429.0,unnamed_1,,profitandloss
430.0,unnamed_1,,profitandloss
431.0,unnamed_1,,profitandloss
432.0,unnamed_1,,profitandloss
433.0,unnamed_1,,profitandloss
434.0,unnamed_1,,profitandloss
435.0,unnamed_1,,profitandloss
436.0,unnamed_1,,profitandloss
437.0,unnamed_1,,profitandloss
438.0,unnamed_1,,profitandloss
439.0,unnamed_1,,profitandloss
440.0,unnamed_1,,profitandloss
441.0,unnamed_1,,profitandloss
442.0,unnamed_1,,profitandloss
443.0,unnamed_1,,profitandloss
444.0,unnamed_1,,profitandloss
445.0,unnamed_1,,profitandloss
446.0,unnamed_1,,profitandloss
447.0,unnamed_1,,profitandloss
448.0,unnamed_1,,profitandloss
449.0,unnamed_1,,profitandloss
450.0,unnamed_1,,profitandloss
451.0,unnamed_1,,profitandloss
452.0,unnamed_1,,profitandloss
453.0,unnamed_1,,profitandloss
454.0,unnamed_1,,profitandloss
455.0,unnamed_1,,profitandloss
456.0,unnamed_1,,profitandloss
457.0,unnamed_1,,profitandloss
458.0,unnamed_1,,profitandloss
459.0,unnamed_1,,profitandloss
460.0,unnamed_1,,profitandloss
461.0,unnamed_1,,profitandloss
462.0,unnamed_1,,profitandloss
463.0,unnamed_1,,profitandloss
464.0,unnamed_1,,profitandloss
465.0,unnamed_1,,profitandloss
466.0,unnamed_1,,profitandloss
467.0,unnamed_1,,profitandloss
468.0,unnamed_1,,profitandloss
469.0,unnamed_1,,profitandloss
470.0,unnamed_1,,profitandloss
471.0,unnamed_1,,profitandloss
472.0,unnamed_1,,profitandloss
473.0,unnamed_1,,profitandloss
474.0,unnamed_1,,profitandloss
475.0,unnamed_1,,profitandloss
476.0,unnamed_1,,profitandloss
477.0,unnamed_1,,profitandloss
478.0,unnamed_1,,profitandloss
479.0,unnamed_1,,profitandloss
480.0,unnamed_1,,profitandloss
481.0,unnamed_1,,profitandloss
482.0,unnamed_1,,profitandloss
483.0,unnamed_1,,profitandloss
484.0,unnamed_1,,profitandloss
485.0,unnamed_1,,profitandloss
486.0,unnamed_1,,profitandloss
487.0,unnamed_1,,profitandloss
488.0,unnamed_1,,profitandloss
489.0,unnamed_1,,profitandloss
490.0,unnamed_1,,profitandloss
491.0,unnamed_1,,profitandloss
492.0,unnamed_1,,profitandloss
493.0,unnamed_1,,profitandloss
494.0,unnamed_1,,profitandloss
495.0,unnamed_1,,profitandloss
496.0,unnamed_1,,profitandloss
497.0,unnamed_1,,profitandloss
498.0,unnamed_1,,profitandloss
499.0,unnamed_1,,profitandloss
500.0,unnamed_1,,profitandloss
501.0,unnamed_1,,profitandloss
502.0,unnamed_1,,profitandloss
503.0,unnamed_1,,profitandloss
504.0,unnamed_1,,profitandloss
505.0,unnamed_1,,profitandloss
506.0,unnamed_1,,profitandloss
507.0,unnamed_1,,profitandloss
508.0,unnamed_1,,profitandloss
509.0,unnamed_1,,profitandloss
510.0,unnamed_1,,profitandloss
511.0,unnamed_1,,profitandloss
512.0,unnamed_1,,profitandloss
513.0,unnamed_1,,profitandloss
514.0,unnamed_1,,profitandloss
515.0,unnamed_1,,profitandloss
516.0,unnamed_1,,profitandloss
517.0,unnamed_1,,profitandloss
518.0,unnamed_1,,profitandloss
519.0,unnamed_1,,profitandloss
520.0,unnamed_1,,profitandloss
521.0,unnamed_1,,profitandloss
522.0,unnamed_1,,profitandloss
523.0,unnamed_1,,profitandloss
524.0,unnamed_1,,profitandloss
525.0,unnamed_1,,profitandloss
526.0,unnamed_1,,profitandloss
527.0,unnamed_1,,profitandloss
528.0,unnamed_1,,profitandloss
529.0,unnamed_1,,profitandloss
530.0,unnamed_1,,profitandloss
531.0,unnamed_1,,profitandloss
532.0,unnamed_1,,profitandloss
533.0,unnamed_1,,profitandloss
534.0,unnamed_1,,profitandloss
535.0,unnamed_1,,profitandloss
536.0,unnamed_1,,profitandloss
537.0,unnamed_1,,profitandloss
538.0,unnamed_1,,profitandloss
539.0,unnamed_1,,profitandloss
540.0,unnamed_1,,profitandloss
541.0,unnamed_1,,profitandloss
542.0,unnamed_1,,profitandloss
543.0,unnamed_1,,profitandloss
544.0,unnamed_1,,profitandloss
545.0,unnamed_1,,profitandloss
546.0,unnamed_1,,profitandloss
547.0,unnamed_1,,profitandloss
548.0,unnamed_1,,profitandloss
549.0,unnamed_1,,profitandloss
550.0,unnamed_1,,profitandloss
551.0,unnamed_1,,profitandloss
552.0,unnamed_1,,profitandloss
553.0,unnamed_1,,profitandloss
554.0,unnamed_1,,profitandloss
555.0,unnamed_1,,profitandloss
556.0,unnamed_1,,profitandloss
557.0,unnamed_1,,profitandloss
558.0,unnamed_1,,profitandloss
559.0,unnamed_1,,profitandloss
560.0,unnamed_1,,profitandloss
561.0,unnamed_1,,profitandloss
562.0,unnamed_1,,profitandloss
563.0,unnamed_1,,profitandloss
564.0,unnamed_1,,profitandloss
565.0,unnamed_1,,profitandloss
566.0,unnamed_1,,profitandloss
567.0,unnamed_1,,profitandloss
568.0,unnamed_1,,profitandloss
569.0,unnamed_1,,profitandloss
570.0,unnamed_1,,profitandloss
571.0,unnamed_1,,profitandloss
572.0,unnamed_1,,profitandloss
573.0,unnamed_1,,profitandloss
574.0,unnamed_1,,profitandloss
575.0,unnamed_1,,profitandloss
576.0,unnamed_1,,profitandloss
577.0,unnamed_1,,profitandloss
578.0,unnamed_1,,profitandloss
579.0,unnamed_1,,profitandloss
580.0,unnamed_1,,profitandloss
581.0,unnamed_1,,profitandloss
582.0,unnamed_1,,profitandloss
583.0,unnamed_1,,profitandloss
584.0,unnamed_1,,profitandloss
585.0,unnamed_1,,profitandloss
586.0,unnamed_1,,profitandloss
587.0,unnamed_1,,profitandloss
588.0,unnamed_1,,profitandloss
589.0,unnamed_1,,profitandloss
590.0,unnamed_1,,profitandloss
591.0,unnamed_1,,profitandloss
592.0,unnamed_1,,profitandloss
593.0,unnamed_1,,profitandloss
594.0,unnamed_1,,profitandloss
595.0,unnamed_1,,profitandloss
596.0,unnamed_1,,profitandloss
597.0,unnamed_1,,profitandloss
598.0,unnamed_1,,profitandloss
599.0,unnamed_1,,profitandloss
600.0,unnamed_1,,profitandloss
601.0,unnamed_1,,profitandloss
602.0,unnamed_1,,profitandloss
603.0,unnamed_1,,profitandloss
604.0,unnamed_1,,profitandloss
605.0,unnamed_1,,profitandloss
606.0,unnamed_1,,profitandloss
607.0,unnamed_1,,profitandloss
608.0,unnamed_1,,profitandloss
609.0,unnamed_1,,profitandloss
610.0,unnamed_1,,profitandloss
611.0,unnamed_1,,profitandloss
612.0,unnamed_1,,profitandloss
613.0,unnamed_1,,profitandloss
614.0,unnamed_1,,profitandloss
615.0,unnamed_1,,profitandloss
616.0,unnamed_1,,profitandloss
617.0,unnamed_1,,profitandloss
618.0,unnamed_1,,profitandloss
619.0,unnamed_1,,profitandloss
620.0,unnamed_1,,profitandloss
621.0,unnamed_1,,profitandloss
622.0,unnamed_1,,profitandloss
623.0,unnamed_1,,profitandloss
624.0,unnamed_1,,profitandloss
625.0,unnamed_1,,profitandloss
626.0,unnamed_1,,profitandloss
627.0,unnamed_1,,profitandloss
628.0,unnamed_1,,profitandloss
629.0,unnamed_1,,profitandloss
630.0,unnamed_1,,profitandloss
631.0,unnamed_1,,profitandloss
632.0,unnamed_1,,profitandloss
633.0,unnamed_1,,profitandloss
634.0,unnamed_1,,profitandloss
635.0,unnamed_1,,profitandloss
636.0,unnamed_1,,profitandloss
637.0,unnamed_1,,profitandloss
638.0,unnamed_1,,profitandloss
639.0,unnamed_1,,profitandloss
640.0,unnamed_1,,profitandloss
641.0,unnamed_1,,profitandloss
642.0,unnamed_1,,profitandloss
643.0,unnamed_1,,profitandloss
644.0,unnamed_1,,profitandloss
645.0,unnamed_1,,profitandloss
646.0,unnamed_1,,profitandloss
647.0,unnamed_1,,profitandloss
648.0,unnamed_1,,profitandloss
649.0,unnamed_1,,profitandloss
650.0,unnamed_1,,profitandloss
651.0,unnamed_1,,profitandloss
652.0,unnamed_1,,profitandloss
653.0,unnamed_1,,profitandloss
654.0,unnamed_1,,profitandloss
655.0,unnamed_1,,profitandloss
656.0,unnamed_1,,profitandloss
657.0,unnamed_1,,profitandloss
658.0,unnamed_1,,profitandloss
659.0,unnamed_1,,profitandloss
660.0,unnamed_1,,profitandloss
661.0,unnamed_1,,profitandloss
662.0,unnamed_1,,profitandloss
663.0,unnamed_1,,profitandloss
664.0,unnamed_1,,profitandloss
665.0,unnamed_1,,profitandloss
666.0,unnamed_1,,profitandloss
667.0,unnamed_1,,profitandloss
668.0,unnamed_1,,profitandloss
669.0,unnamed_1,,profitandloss
670.0,unnamed_1,,profitandloss
697.0,unnamed_1,,profitandloss
698.0,unnamed_1,,profitandloss
699.0,unnamed_1,,profitandloss
700.0,unnamed_1,,profitandloss
701.0,unnamed_1,,profitandloss
702.0,unnamed_1,,profitandloss
703.0,unnamed_1,,profitandloss
704.0,unnamed_1,,profitandloss
705.0,unnamed_1,,profitandloss
706.0,unnamed_1,,profitandloss
707.0,unnamed_1,,profitandloss
708.0,unnamed_1,,profitandloss
709.0,unnamed_1,,profitandloss
710.0,unnamed_1,,profitandloss
711.0,unnamed_1,,profitandloss
712.0,unnamed_1,,profitandloss
713.0,unnamed_1,,profitandloss
714.0,unnamed_1,,profitandloss
715.0,unnamed_1,,profitandloss
716.0,unnamed_1,,profitandloss
717.0,unnamed_1,,profitandloss
718.0,unnamed_1,,profitandloss
719.0,unnamed_1,,profitandloss
720.0,unnamed_1,,profitandloss
721.0,unnamed_1,,profitandloss
722.0,unnamed_1,,profitandloss
723.0,unnamed_1,,profitandloss
724.0,unnamed_1,,profitandloss
725.0,unnamed_1,,profitandloss
726.0,unnamed_1,,profitandloss
727.0,unnamed_1,,profitandloss
728.0,unnamed_1,,profitandloss
729.0,unnamed_1,,profitandloss
730.0,unnamed_1,,profitandloss
731.0,unnamed_1,,profitandloss
732.0,unnamed_1,,profitandloss
733.0,unnamed_1,,profitandloss
734.0,unnamed_1,,profitandloss
735.0,unnamed_1,,profitandloss
736.0,unnamed_1,,profitandloss
737.0,unnamed_1,,profitandloss
738.0,unnamed_1,,profitandloss
739.0,unnamed_1,,profitandloss
740.0,unnamed_1,,profitandloss
741.0,unnamed_1,,profitandloss
742.0,unnamed_1,,profitandloss
743.0,unnamed_1,,profitandloss
744.0,unnamed_1,,profitandloss
745.0,unnamed_1,,profitandloss
746.0,unnamed_1,,profitandloss
747.0,unnamed_1,,profitandloss
748.0,unnamed_1,,profitandloss
749.0,unnamed_1,,profitandloss
750.0,unnamed_1,,profitandloss
751.0,unnamed_1,,profitandloss
752.0,unnamed_1,,profitandloss
753.0,unnamed_1,,profitandloss
754.0,unnamed_1,,profitandloss
755.0,unnamed_1,,profitandloss
756.0,unnamed_1,,profitandloss
757.0,unnamed_1,,profitandloss
758.0,unnamed_1,,profitandloss
759.0,unnamed_1,,profitandloss
760.0,unnamed_1,,profitandloss
761.0,unnamed_1,,profitandloss
762.0,unnamed_1,,profitandloss
763.0,unnamed_1,,profitandloss
764.0,unnamed_1,,profitandloss
765.0,unnamed_1,,profitandloss
766.0,unnamed_1,,profitandloss
767.0,unnamed_1,,profitandloss
768.0,unnamed_1,,profitandloss
769.0,unnamed_1,,profitandloss
770.0,unnamed_1,,profitandloss
771.0,unnamed_1,,profitandloss
772.0,unnamed_1,,profitandloss
773.0,unnamed_1,,profitandloss
774.0,unnamed_1,,profitandloss
775.0,unnamed_1,,profitandloss
776.0,unnamed_1,,profitandloss
777.0,unnamed_1,,profitandloss
778.0,unnamed_1,,profitandloss
779.0,unnamed_1,,profitandloss
780.0,unnamed_1,,profitandloss
781.0,unnamed_1,,profitandloss
782.0,unnamed_1,,profitandloss
783.0,unnamed_1,,profitandloss
784.0,unnamed_1,,profitandloss
785.0,unnamed_1,,profitandloss
786.0,unnamed_1,,profitandloss
787.0,unnamed_1,,profitandloss
788.0,unnamed_1,,profitandloss
789.0,unnamed_1,,profitandloss
790.0,unnamed_1,,profitandloss
791.0,unnamed_1,,profitandloss
792.0,unnamed_1,,profitandloss
793.0,unnamed_1,,profitandloss
794.0,unnamed_1,,profitandloss
795.0,unnamed_1,,profitandloss
796.0,unnamed_1,,profitandloss
797.0,unnamed_1,,profitandloss
798.0,unnamed_1,,profitandloss
799.0,unnamed_1,,profitandloss
800.0,unnamed_1,,profitandloss
801.0,unnamed_1,,profitandloss
802.0,unnamed_1,,profitandloss
803.0,unnamed_1,,profitandloss
804.0,unnamed_1,,profitandloss
805.0,unnamed_1,,profitandloss
806.0,unnamed_1,,profitandloss
807.0,unnamed_1,,profitandloss
808.0,unnamed_1,,profitandloss
809.0,unnamed_1,,profitandloss
810.0,unnamed_1,,profitandloss
811.0,unnamed_1,,profitandloss
812.0,unnamed_1,,profitandloss
813.0,unnamed_1,,profitandloss
814.0,unnamed_1,,profitandloss
815.0,unnamed_1,,profitandloss
816.0,unnamed_1,,profitandloss
817.0,unnamed_1,,profitandloss
818.0,unnamed_1,,profitandloss
819.0,unnamed_1,,profitandloss
820.0,unnamed_1,,profitandloss
821.0,unnamed_1,,profitandloss
822.0,unnamed_1,,profitandloss
823.0,unnamed_1,,profitandloss
824.0,unnamed_1,,profitandloss
825.0,unnamed_1,,profitandloss
826.0,unnamed_1,,profitandloss
827.0,unnamed_1,,profitandloss
828.0,unnamed_1,,profitandloss
829.0,unnamed_1,,profitandloss
830.0,unnamed_1,,profitandloss
831.0,unnamed_1,,profitandloss
832.0,unnamed_1,,profitandloss
833.0,unnamed_1,,profitandloss
834.0,unnamed_1,,profitandloss
835.0,unnamed_1,,profitandloss
836.0,unnamed_1,,profitandloss
837.0,unnamed_1,,profitandloss
838.0,unnamed_1,,profitandloss
839.0,unnamed_1,,profitandloss
840.0,unnamed_1,,profitandloss
841.0,unnamed_1,,profitandloss
842.0,unnamed_1,,profitandloss
843.0,unnamed_1,,profitandloss
844.0,unnamed_1,,profitandloss
845.0,unnamed_1,,profitandloss
846.0,unnamed_1,,profitandloss
847.0,unnamed_1,,profitandloss
848.0,unnamed_1,,profitandloss
849.0,unnamed_1,,profitandloss
850.0,unnamed_1,,profitandloss
851.0,unnamed_1,,profitandloss
852.0,unnamed_1,,profitandloss
853.0,unnamed_1,,profitandloss
854.0,unnamed_1,,profitandloss
855.0,unnamed_1,,profitandloss
856.0,unnamed_1,,profitandloss
857.0,unnamed_1,,profitandloss
858.0,unnamed_1,,profitandloss
859.0,unnamed_1,,profitandloss
860.0,unnamed_1,,profitandloss
861.0,unnamed_1,,profitandloss
862.0,unnamed_1,,profitandloss
863.0,unnamed_1,,profitandloss
864.0,unnamed_1,,profitandloss
865.0,unnamed_1,,profitandloss
866.0,unnamed_1,,profitandloss
867.0,unnamed_1,,profitandloss
868.0,unnamed_1,,profitandloss
869.0,unnamed_1,,profitandloss
870.0,unnamed_1,,profitandloss
871.0,unnamed_1,,profitandloss
872.0,unnamed_1,,profitandloss
873.0,unnamed_1,,profitandloss
874.0,unnamed_1,,profitandloss
875.0,unnamed_1,,profitandloss
876.0,unnamed_1,,profitandloss
877.0,unnamed_1,,profitandloss
878.0,unnamed_1,,profitandloss
879.0,unnamed_1,,profitandloss
880.0,unnamed_1,,profitandloss
881.0,unnamed_1,,profitandloss
882.0,unnamed_1,,profitandloss
883.0,unnamed_1,,profitandloss
884.0,unnamed_1,,profitandloss
885.0,unnamed_1,,profitandloss
886.0,unnamed_1,,profitandloss
887.0,unnamed_1,,profitandloss
888.0,unnamed_1,,profitandloss
889.0,unnamed_1,,profitandloss
890.0,unnamed_1,,profitandloss
891.0,unnamed_1,,profitandloss
892.0,unnamed_1,,profitandloss
893.0,unnamed_1,,profitandloss
894.0,unnamed_1,,profitandloss
895.0,unnamed_1,,profitandloss
896.0,unnamed_1,,profitandloss
897.0,unnamed_1,,profitandloss
898.0,unnamed_1,,profitandloss
899.0,unnamed_1,,profitandloss
900.0,unnamed_1,,profitandloss
901.0,unnamed_1,,profitandloss
902.0,unnamed_1,,profitandloss
903.0,unnamed_1,,profitandloss
904.0,unnamed_1,,profitandloss
905.0,unnamed_1,,profitandloss
906.0,unnamed_1,,profitandloss
907.0,unnamed_1,,profitandloss
908.0,unnamed_1,,profitandloss
909.0,unnamed_1,,profitandloss
910.0,unnamed_1,,profitandloss
911.0,unnamed_1,,profitandloss
912.0,unnamed_1,,profitandloss
913.0,unnamed_1,,profitandloss
914.0,unnamed_1,,profitandloss
915.0,unnamed_1,,profitandloss
916.0,unnamed_1,,profitandloss
917.0,unnamed_1,,profitandloss
918.0,unnamed_1,,profitandloss
919.0,unnamed_1,,profitandloss
920.0,unnamed_1,,profitandloss
921.0,unnamed_1,,profitandloss
922.0,unnamed_1,,profitandloss
923.0,unnamed_1,,profitandloss
924.0,unnamed_1,,profitandloss
925.0,unnamed_1,,profitandloss
926.0,unnamed_1,,profitandloss
927.0,unnamed_1,,profitandloss
928.0,unnamed_1,,profitandloss
929.0,unnamed_1,,profitandloss
930.0,unnamed_1,,profitandloss
931.0,unnamed_1,,profitandloss
932.0,unnamed_1,,profitandloss
933.0,unnamed_1,,profitandloss
934.0,unnamed_1,,profitandloss
935.0,unnamed_1,,profitandloss
936.0,unnamed_1,,profitandloss
937.0,unnamed_1,,profitandloss
938.0,unnamed_1,,profitandloss
939.0,unnamed_1,,profitandloss
940.0,unnamed_1,,profitandloss
941.0,unnamed_1,,profitandloss
942.0,unnamed_1,,profitandloss
943.0,unnamed_1,,profitandloss
944.0,unnamed_1,,profitandloss
945.0,unnamed_1,,profitandloss
946.0,unnamed_1,,profitandloss
947.0,unnamed_1,,profitandloss
948.0,unnamed_1,,profitandloss
949.0,unnamed_1,,profitandloss
950.0,unnamed_1,,profitandloss
951.0,unnamed_1,,profitandloss
952.0,unnamed_1,,profitandloss
953.0,unnamed_1,,profitandloss
954.0,unnamed_1,,profitandloss
955.0,unnamed_1,,profitandloss
956.0,unnamed_1,,profitandloss
957.0,unnamed_1,,profitandloss
958.0,unnamed_1,,profitandloss
959.0,unnamed_1,,profitandloss
960.0,unnamed_1,,profitandloss
961.0,unnamed_1,,profitandloss
962.0,unnamed_1,,profitandloss
963.0,unnamed_1,,profitandloss
964.0,unnamed_1,,profitandloss
965.0,unnamed_1,,profitandloss
966.0,unnamed_1,,profitandloss
967.0,unnamed_1,,profitandloss
968.0,unnamed_1,,profitandloss
969.0,unnamed_1,,profitandloss
970.0,unnamed_1,,profitandloss
971.0,unnamed_1,,profitandloss
972.0,unnamed_1,,profitandloss
973.0,unnamed_1,,profitandloss
974.0,unnamed_1,,profitandloss
975.0,unnamed_1,,profitandloss
976.0,unnamed_1,,profitandloss
977.0,unnamed_1,,profitandloss
978.0,unnamed_1,,profitandloss
979.0,unnamed_1,,profitandloss
980.0,unnamed_1,,profitandloss
981.0,unnamed_1,,profitandloss
982.0,unnamed_1,,profitandloss
983.0,unnamed_1,,profitandloss
984.0,unnamed_1,,profitandloss
985.0,unnamed_1,,profitandloss
986.0,unnamed_1,,profitandloss
987.0,unnamed_1,,profitandloss
988.0,unnamed_1,,profitandloss
989.0,unnamed_1,,profitandloss
990.0,unnamed_1,,profitandloss
991.0,unnamed_1,,profitandloss
992.0,unnamed_1,,profitandloss
993.0,unnamed_1,,profitandloss
994.0,unnamed_1,,profitandloss
995.0,unnamed_1,,profitandloss
996.0,unnamed_1,,profitandloss
997.0,unnamed_1,,profitandloss
998.0,unnamed_1,,profitandloss
999.0,unnamed_1,,profitandloss
1000.0,unnamed_1,,profitandloss
1001.0,unnamed_1,,profitandloss
1002.0,unnamed_1,,profitandloss
1003.0,unnamed_1,,profitandloss
1004.0,unnamed_1,,profitandloss
1005.0,unnamed_1,,profitandloss
1006.0,unnamed_1,,profitandloss
1007.0,unnamed_1,,profitandloss
1008.0,unnamed_1,,profitandloss
1009.0,unnamed_1,,profitandloss
1010.0,unnamed_1,,profitandloss
1011.0,unnamed_1,,profitandloss
1012.0,unnamed_1,,profitandloss
1013.0,unnamed_1,,profitandloss
1014.0,unnamed_1,,profitandloss
1015.0,unnamed_1,,profitandloss
1016.0,unnamed_1,,profitandloss
1017.0,unnamed_1,,profitandloss
1018.0,unnamed_1,,profitandloss
1019.0,unnamed_1,,profitandloss
1020.0,unnamed_1,,profitandloss
1021.0,unnamed_1,,profitandloss
1022.0,unnamed_1,,profitandloss
1023.0,unnamed_1,,profitandloss
1024.0,unnamed_1,,profitandloss
1025.0,unnamed_1,,profitandloss
1026.0,unnamed_1,,profitandloss
1027.0,unnamed_1,,profitandloss
1028.0,unnamed_1,,profitandloss
1029.0,unnamed_1,,profitandloss
1030.0,unnamed_1,,profitandloss
1031.0,unnamed_1,,profitandloss
1032.0,unnamed_1,,profitandloss
1033.0,unnamed_1,,profitandloss
1034.0,unnamed_1,,profitandloss
1035.0,unnamed_1,,profitandloss
1036.0,unnamed_1,,profitandloss
1037.0,unnamed_1,,profitandloss
1038.0,unnamed_1,,profitandloss
1039.0,unnamed_1,,profitandloss
1040.0,unnamed_1,,profitandloss
1041.0,unnamed_1,,profitandloss
1042.0,unnamed_1,,profitandloss
1043.0,unnamed_1,,profitandloss
1044.0,unnamed_1,,profitandloss
1045.0,unnamed_1,,profitandloss
1046.0,unnamed_1,,profitandloss
1047.0,unnamed_1,,profitandloss
1048.0,unnamed_1,,profitandloss
1049.0,unnamed_1,,profitandloss
1050.0,unnamed_1,,profitandloss
1051.0,unnamed_1,,profitandloss
1052.0,unnamed_1,,profitandloss
1053.0,unnamed_1,,profitandloss
1054.0,unnamed_1,,profitandloss
1055.0,unnamed_1,,profitandloss
1056.0,unnamed_1,,profitandloss
1057.0,unnamed_1,,profitandloss
1058.0,unnamed_1,,profitandloss
1059.0,unnamed_1,,profitandloss
1060.0,unnamed_1,,profitandloss
1061.0,unnamed_1,,profitandloss
1062.0,unnamed_1,,profitandloss
1063.0,unnamed_1,,profitandloss
1064.0,unnamed_1,,profitandloss
1065.0,unnamed_1,,profitandloss
1066.0,unnamed_1,,profitandloss
1067.0,unnamed_1,,profitandloss
1068.0,unnamed_1,,profitandloss
1069.0,unnamed_1,,profitandloss
1070.0,unnamed_1,,profitandloss
1071.0,unnamed_1,,profitandloss
1072.0,unnamed_1,,profitandloss
1073.0,unnamed_1,,profitandloss
1074.0,unnamed_1,,profitandloss
1075.0,unnamed_1,,profitandloss
1076.0,unnamed_1,,profitandloss
1077.0,unnamed_1,,profitandloss
1078.0,unnamed_1,,profitandloss
1079.0,unnamed_1,,profitandloss
1080.0,unnamed_1,,profitandloss
1081.0,unnamed_1,,profitandloss
1082.0,unnamed_1,,profitandloss
1083.0,unnamed_1,,profitandloss
1084.0,unnamed_1,,profitandloss
1085.0,unnamed_1,,profitandloss
1086.0,unnamed_1,,profitandloss
1087.0,unnamed_1,,profitandloss
1088.0,unnamed_1,,profitandloss
1089.0,unnamed_1,,profitandloss
1090.0,unnamed_1,,profitandloss
1091.0,unnamed_1,,profitandloss
1092.0,unnamed_1,,profitandloss
1093.0,unnamed_1,,profitandloss
1094.0,unnamed_1,,profitandloss
1095.0,unnamed_1,,profitandloss
1096.0,unnamed_1,,profitandloss
1097.0,unnamed_1,,profitandloss
1098.0,unnamed_1,,profitandloss
1099.0,unnamed_1,,profitandloss
1100.0,unnamed_1,,profitandloss
1101.0,unnamed_1,,profitandloss
1102.0,unnamed_1,,profitandloss
1103.0,unnamed_1,,profitandloss
1104.0,unnamed_1,,profitandloss
1105.0,unnamed_1,,profitandloss
1106.0,unnamed_1,,profitandloss
1107.0,unnamed_1,,profitandloss
1108.0,unnamed_1,,profitandloss
1109.0,unnamed_1,,profitandloss
1110.0,unnamed_1,,profitandloss
1111.0,unnamed_1,,profitandloss
1112.0,unnamed_1,,profitandloss
1113.0,unnamed_1,,profitandloss
1114.0,unnamed_1,,profitandloss
1115.0,unnamed_1,,profitandloss
1116.0,unnamed_1,,profitandloss
1117.0,unnamed_1,,profitandloss
1118.0,unnamed_1,,profitandloss
1119.0,unnamed_1,,profitandloss
1120.0,unnamed_1,,profitandloss
1121.0,unnamed_1,,profitandloss
1122.0,unnamed_1,,profitandloss
1123.0,unnamed_1,,profitandloss
1124.0,unnamed_1,,profitandloss
1125.0,unnamed_1,,profitandloss
1126.0,unnamed_1,,profitandloss
1127.0,unnamed_1,,profitandloss
1128.0,unnamed_1,,profitandloss
1129.0,unnamed_1,,profitandloss
1130.0,unnamed_1,,profitandloss
1131.0,unnamed_1,,profitandloss
1132.0,unnamed_1,,profitandloss
1133.0,unnamed_1,,profitandloss
1134.0,unnamed_1,,profitandloss
1135.0,unnamed_1,,profitandloss
1136.0,unnamed_1,,profitandloss
1137.0,unnamed_1,,profitandloss
1138.0,unnamed_1,,profitandloss
1139.0,unnamed_1,,profitandloss
1140.0,unnamed_1,,profitandloss
1141.0,unnamed_1,,profitandloss
1142.0,unnamed_1,,profitandloss
1143.0,unnamed_1,,profitandloss
1144.0,unnamed_1,,profitandloss
1145.0,unnamed_1,,profitandloss
1146.0,unnamed_1,,profitandloss
1147.0,unnamed_1,,profitandloss
1148.0,unnamed_1,,profitandloss
1149.0,unnamed_1,,profitandloss
1150.0,unnamed_1,,profitandloss
1151.0,unnamed_1,,profitandloss
1152.0,unnamed_1,,profitandloss
1153.0,unnamed_1,,profitandloss
1154.0,unnamed_1,,profitandloss
1155.0,unnamed_1,,profitandloss
1156.0,unnamed_1,,profitandloss
1157.0,unnamed_1,,profitandloss
1158.0,unnamed_1,,profitandloss
1159.0,unnamed_1,,profitandloss
1160.0,unnamed_1,,profitandloss
1161.0,unnamed_1,,profitandloss
1162.0,unnamed_1,,profitandloss
1163.0,unnamed_1,,profitandloss
1164.0,unnamed_1,,profitandloss
1165.0,unnamed_1,,profitandloss
1166.0,unnamed_1,,profitandloss
1167.0,unnamed_1,,profitandloss
1168.0,unnamed_1,,profitandloss
1169.0,unnamed_1,,profitandloss
1170.0,unnamed_1,,profitandloss
1171.0,unnamed_1,,profitandloss
1172.0,unnamed_1,,profitandloss
1173.0,unnamed_1,,profitandloss
1174.0,unnamed_1,,profitandloss
1175.0,unnamed_1,,profitandloss
1176.0,unnamed_1,,profitandloss
1177.0,unnamed_1,,profitandloss
1178.0,unnamed_1,,profitandloss
1179.0,unnamed_1,,profitandloss
1180.0,unnamed_1,,profitandloss
1181.0,unnamed_1,,profitandloss
1182.0,unnamed_1,,profitandloss
1183.0,unnamed_1,,profitandloss
1184.0,unnamed_1,,profitandloss
1185.0,unnamed_1,,profitandloss
1186.0,unnamed_1,,profitandloss
1187.0,unnamed_1,,profitandloss
1188.0,unnamed_1,,profitandloss
1189.0,unnamed_1,,profitandloss
1190.0,unnamed_1,,profitandloss
1191.0,unnamed_1,,profitandloss
1192.0,unnamed_1,,profitandloss
1193.0,unnamed_1,,profitandloss
1194.0,unnamed_1,,profitandloss
1195.0,unnamed_1,,profitandloss
1196.0,unnamed_1,,profitandloss
1197.0,unnamed_1,,profitandloss
1198.0,unnamed_1,,profitandloss
1199.0,unnamed_1,,profitandloss
1200.0,unnamed_1,,profitandloss
1201.0,unnamed_1,,profitandloss
1202.0,unnamed_1,,profitandloss
1203.0,unnamed_1,,profitandloss
1204.0,unnamed_1,,profitandloss
1205.0,unnamed_1,,profitandloss
1206.0,unnamed_1,,profitandloss
1207.0,unnamed_1,,profitandloss
1208.0,unnamed_1,,profitandloss
1209.0,unnamed_1,,profitandloss
1210.0,unnamed_1,,profitandloss
1211.0,unnamed_1,,profitandloss
1212.0,unnamed_1,,profitandloss
1213.0,unnamed_1,,profitandloss
1214.0,unnamed_1,,profitandloss
1215.0,unnamed_1,,profitandloss
1216.0,unnamed_1,,profitandloss
1217.0,unnamed_1,,profitandloss
1218.0,unnamed_1,,profitandloss
1219.0,unnamed_1,,profitandloss
1220.0,unnamed_1,,profitandloss
1221.0,unnamed_1,,profitandloss
1222.0,unnamed_1,,profitandloss
1223.0,unnamed_1,,profitandloss
1224.0,unnamed_1,,profitandloss
1225.0,unnamed_1,,profitandloss
1226.0,unnamed_1,,profitandloss
1227.0,unnamed_1,,profitandloss
1228.0,unnamed_1,,profitandloss
1229.0,unnamed_1,,profitandloss
1230.0,unnamed_1,,profitandloss
1231.0,unnamed_1,,profitandloss
1232.0,unnamed_1,,profitandloss
1233.0,unnamed_1,,profitandloss
1234.0,unnamed_1,,profitandloss
1235.0,unnamed_1,,profitandloss
1236.0,unnamed_1,,profitandloss
1237.0,unnamed_1,,profitandloss
1238.0,unnamed_1,,profitandloss
1239.0,unnamed_1,,profitandloss
1240.0,unnamed_1,,profitandloss
1241.0,unnamed_1,,profitandloss
1242.0,unnamed_1,,profitandloss
1243.0,unnamed_1,,profitandloss
1244.0,unnamed_1,,profitandloss
1245.0,unnamed_1,,profitandloss
1246.0,unnamed_1,,profitandloss
1247.0,unnamed_1,,profitandloss
1248.0,unnamed_1,,profitandloss
1249.0,unnamed_1,,profitandloss
1250.0,unnamed_1,,profitandloss
1251.0,unnamed_1,,profitandloss
1252.0,unnamed_1,,profitandloss
1253.0,unnamed_1,,profitandloss
1254.0,unnamed_1,,profitandloss
1255.0,unnamed_1,,profitandloss
1256.0,unnamed_1,,profitandloss
1257.0,unnamed_1,,profitandloss
1258.0,unnamed_1,,profitandloss
1259.0,unnamed_1,,profitandloss
1260.0,unnamed_1,,profitandloss
1261.0,unnamed_1,,profitandloss
1262.0,unnamed_1,,profitandloss
1263.0,unnamed_1,,profitandloss
1264.0,unnamed_1,,profitandloss
1265.0,unnamed_1,,profitandloss
1266.0,unnamed_1,,profitandloss
1267.0,unnamed_1,,profitandloss
1268.0,unnamed_1,,profitandloss
1269.0,unnamed_1,,profitandloss
1270.0,unnamed_1,,profitandloss
1271.0,unnamed_1,,profitandloss
1272.0,unnamed_1,,profitandloss
1273.0,unnamed_1,,profitandloss
1274.0,unnamed_1,,profitandloss
1275.0,unnamed_1,,profitandloss
1276.0,unnamed_1,,profitandloss
1277.0,unnamed_1,,profitandloss
1278.0,unnamed_1,,profitandloss
1279.0,unnamed_1,,profitandloss
1280.0,unnamed_1,,profitandloss
1281.0,unnamed_1,,profitandloss
1282.0,unnamed_1,,profitandloss
1283.0,unnamed_1,,profitandloss
1284.0,unnamed_1,,profitandloss
1285.0,unnamed_1,,profitandloss
1286.0,unnamed_1,,profitandloss
1287.0,unnamed_1,,profitandloss
1288.0,unnamed_1,,profitandloss
1289.0,unnamed_1,,profitandloss
1290.0,unnamed_1,,profitandloss
1291.0,unnamed_1,,profitandloss
1292.0,unnamed_1,,profitandloss
1293.0,unnamed_1,,profitandloss
1294.0,unnamed_1,,profitandloss
1295.0,unnamed_1,,profitandloss
1296.0,unnamed_1,,profitandloss
1297.0,unnamed_1,,profitandloss
1298.0,unnamed_1,,profitandloss
1299.0,unnamed_1,,profitandloss
1300.0,unnamed_1,,profitandloss
1301.0,unnamed_1,,profitandloss
1302.0,unnamed_1,,profitandloss
1303.0,unnamed_1,,profitandloss
1304.0,unnamed_1,,profitandloss
1305.0,unnamed_1,,profitandloss
1306.0,unnamed_1,,profitandloss
1307.0,unnamed_1,,profitandloss
1308.0,unnamed_1,,profitandloss
1309.0,unnamed_1,,profitandloss
1310.0,unnamed_1,,profitandloss
1311.0,unnamed_1,,profitandloss
1312.0,unnamed_1,,profitandloss
1313.0,unnamed_1,,profitandloss
1314.0,unnamed_1,,profitandloss
1315.0,unnamed_1,,profitandloss
1316.0,unnamed_1,,profitandloss
1317.0,unnamed_1,,profitandloss
1318.0,unnamed_1,,profitandloss
1319.0,unnamed_1,,profitandloss
1320.0,unnamed_1,,profitandloss
1321.0,unnamed_1,,profitandloss
1322.0,unnamed_1,,profitandloss
1323.0,unnamed_1,,profitandloss
1324.0,unnamed_1,,profitandloss
1325.0,unnamed_1,,profitandloss
1326.0,unnamed_1,,profitandloss
1327.0,unnamed_1,,profitandloss
1328.0,unnamed_1,,profitandloss
1329.0,unnamed_1,,profitandloss
1330.0,unnamed_1,,profitandloss
1331.0,unnamed_1,,profitandloss
1332.0,unnamed_1,,profitandloss
1333.0,unnamed_1,,profitandloss
1334.0,unnamed_1,,profitandloss
1335.0,unnamed_1,,profitandloss
1336.0,unnamed_1,,profitandloss
1337.0,unnamed_1,,profitandloss
1338.0,unnamed_1,,profitandloss
1339.0,unnamed_1,,profitandloss
1340.0,unnamed_1,,profitandloss
1341.0,unnamed_1,,profitandloss
1342.0,unnamed_1,,profitandloss
1343.0,unnamed_1,,profitandloss
1344.0,unnamed_1,,profitandloss
1345.0,unnamed_1,,profitandloss
1346.0,unnamed_1,,profitandloss
1347.0,unnamed_1,,profitandloss
1348.0,unnamed_1,,profitandloss
1349.0,unnamed_1,,profitandloss
1350.0,unnamed_1,,profitandloss
1351.0,unnamed_1,,profitandloss
1352.0,unnamed_1,,profitandloss
1353.0,unnamed_1,,profitandloss
1354.0,unnamed_1,,profitandloss
1355.0,unnamed_1,,profitandloss
1356.0,unnamed_1,,profitandloss
1357.0,unnamed_1,,profitandloss
1358.0,unnamed_1,,profitandloss
1359.0,unnamed_1,,profitandloss
1360.0,unnamed_1,,profitandloss
1361.0,unnamed_1,,profitandloss
1362.0,unnamed_1,,profitandloss
1363.0,unnamed_1,,profitandloss
1364.0,unnamed_1,,profitandloss
1365.0,unnamed_1,,profitandloss
1366.0,unnamed_1,,profitandloss
1367.0,unnamed_1,,profitandloss
1368.0,unnamed_1,,profitandloss
1369.0,unnamed_1,,profitandloss
1370.0,unnamed_1,,profitandloss
1371.0,unnamed_1,,profitandloss
1372.0,unnamed_1,,profitandloss
1373.0,unnamed_1,,profitandloss
1374.0,unnamed_1,,profitandloss
,unnamed_2,,profitandloss
61.0,unnamed_2,,profitandloss
62.0,unnamed_2,,profitandloss
63.0,unnamed_2,,profitandloss
64.0,unnamed_2,,profitandloss
65.0,unnamed_2,,profitandloss
66.0,unnamed_2,,profitandloss
67.0,unnamed_2,,profitandloss
68.0,unnamed_2,,profitandloss
69.0,unnamed_2,,profitandloss
70.0,unnamed_2,,profitandloss
71.0,unnamed_2,,profitandloss
72.0,unnamed_2,,profitandloss
73.0,unnamed_2,,profitandloss
86.0,unnamed_2,,profitandloss
87.0,unnamed_2,,profitandloss
88.0,unnamed_2,,profitandloss
89.0,unnamed_2,,profitandloss
90.0,unnamed_2,,profitandloss
91.0,unnamed_2,,profitandloss
92.0,unnamed_2,,profitandloss
93.0,unnamed_2,,profitandloss
94.0,unnamed_2,,profitandloss
95.0,unnamed_2,,profitandloss
96.0,unnamed_2,,profitandloss
97.0,unnamed_2,,profitandloss
98.0,unnamed_2,,profitandloss
99.0,unnamed_2,,profitandloss
100.0,unnamed_2,,profitandloss
101.0,unnamed_2,,profitandloss
102.0,unnamed_2,,profitandloss
103.0,unnamed_2,,profitandloss
104.0,unnamed_2,,profitandloss
105.0,unnamed_2,,profitandloss
106.0,unnamed_2,,profitandloss
107.0,unnamed_2,,profitandloss
108.0,unnamed_2,,profitandloss
109.0,unnamed_2,,profitandloss
110.0,unnamed_2,,profitandloss
111.0,unnamed_2,,profitandloss
112.0,unnamed_2,,profitandloss
113.0,unnamed_2,,profitandloss
114.0,unnamed_2,,profitandloss
115.0,unnamed_2,,profitandloss
116.0,unnamed_2,,profitandloss
117.0,unnamed_2,,profitandloss
118.0,unnamed_2,,profitandloss
119.0,unnamed_2,,profitandloss
120.0,unnamed_2,,profitandloss
121.0,unnamed_2,,profitandloss
122.0,unnamed_2,,profitandloss
123.0,unnamed_2,,profitandloss
124.0,unnamed_2,,profitandloss
125.0,unnamed_2,,profitandloss
126.0,unnamed_2,,profitandloss
127.0,unnamed_2,,profitandloss
128.0,unnamed_2,,profitandloss
129.0,unnamed_2,,profitandloss
130.0,unnamed_2,,profitandloss
131.0,unnamed_2,,profitandloss
132.0,unnamed_2,,profitandloss
133.0,unnamed_2,,profitandloss
134.0,unnamed_2,,profitandloss
135.0,unnamed_2,,profitandloss
136.0,unnamed_2,,profitandloss
137.0,unnamed_2,,profitandloss
138.0,unnamed_2,,profitandloss
139.0,unnamed_2,,profitandloss
140.0,unnamed_2,,profitandloss
141.0,unnamed_2,,profitandloss
142.0,unnamed_2,,profitandloss
143.0,unnamed_2,,profitandloss
144.0,unnamed_2,,profitandloss
145.0,unnamed_2,,profitandloss
146.0,unnamed_2,,profitandloss
147.0,unnamed_2,,profitandloss
148.0,unnamed_2,,profitandloss
149.0,unnamed_2,,profitandloss
150.0,unnamed_2,,profitandloss
151.0,unnamed_2,,profitandloss
152.0,unnamed_2,,profitandloss
153.0,unnamed_2,,profitandloss
154.0,unnamed_2,,profitandloss
155.0,unnamed_2,,profitandloss
156.0,unnamed_2,,profitandloss
157.0,unnamed_2,,profitandloss
158.0,unnamed_2,,profitandloss
159.0,unnamed_2,,profitandloss
160.0,unnamed_2,,profitandloss
161.0,unnamed_2,,profitandloss
162.0,unnamed_2,,profitandloss
163.0,unnamed_2,,profitandloss
164.0,unnamed_2,,profitandloss
165.0,unnamed_2,,profitandloss
166.0,unnamed_2,,profitandloss
167.0,unnamed_2,,profitandloss
168.0,unnamed_2,,profitandloss
169.0,unnamed_2,,profitandloss
170.0,unnamed_2,,profitandloss
171.0,unnamed_2,,profitandloss
172.0,unnamed_2,,profitandloss
173.0,unnamed_2,,profitandloss
174.0,unnamed_2,,profitandloss
175.0,unnamed_2,,profitandloss
176.0,unnamed_2,,profitandloss
177.0,unnamed_2,,profitandloss
178.0,unnamed_2,,profitandloss
179.0,unnamed_2,,profitandloss
180.0,unnamed_2,,profitandloss
181.0,unnamed_2,,profitandloss
182.0,unnamed_2,,profitandloss
183.0,unnamed_2,,profitandloss
184.0,unnamed_2,,profitandloss
185.0,unnamed_2,,profitandloss
186.0,unnamed_2,,profitandloss
187.0,unnamed_2,,profitandloss
188.0,unnamed_2,,profitandloss
189.0,unnamed_2,,profitandloss
190.0,unnamed_2,,profitandloss
191.0,unnamed_2,,profitandloss
192.0,unnamed_2,,profitandloss
193.0,unnamed_2,,profitandloss
194.0,unnamed_2,,profitandloss
195.0,unnamed_2,,profitandloss
196.0,unnamed_2,,profitandloss
197.0,unnamed_2,,profitandloss
198.0,unnamed_2,,profitandloss
199.0,unnamed_2,,profitandloss
200.0,unnamed_2,,profitandloss
201.0,unnamed_2,,profitandloss
202.0,unnamed_2,,profitandloss
203.0,unnamed_2,,profitandloss
204.0,unnamed_2,,profitandloss
205.0,unnamed_2,,profitandloss
206.0,unnamed_2,,profitandloss
207.0,unnamed_2,,profitandloss
208.0,unnamed_2,,profitandloss
209.0,unnamed_2,,profitandloss
210.0,unnamed_2,,profitandloss
211.0,unnamed_2,,profitandloss
212.0,unnamed_2,,profitandloss
213.0,unnamed_2,,profitandloss
214.0,unnamed_2,,profitandloss
215.0,unnamed_2,,profitandloss
216.0,unnamed_2,,profitandloss
217.0,unnamed_2,,profitandloss
218.0,unnamed_2,,profitandloss
219.0,unnamed_2,,profitandloss
220.0,unnamed_2,,profitandloss
221.0,unnamed_2,,profitandloss
222.0,unnamed_2,,profitandloss
223.0,unnamed_2,,profitandloss
224.0,unnamed_2,,profitandloss
225.0,unnamed_2,,profitandloss
226.0,unnamed_2,,profitandloss
227.0,unnamed_2,,profitandloss
228.0,unnamed_2,,profitandloss
229.0,unnamed_2,,profitandloss
230.0,unnamed_2,,profitandloss
231.0,unnamed_2,,profitandloss
232.0,unnamed_2,,profitandloss
233.0,unnamed_2,,profitandloss
234.0,unnamed_2,,profitandloss
235.0,unnamed_2,,profitandloss
236.0,unnamed_2,,profitandloss
237.0,unnamed_2,,profitandloss
238.0,unnamed_2,,profitandloss
239.0,unnamed_2,,profitandloss
240.0,unnamed_2,,profitandloss
241.0,unnamed_2,,profitandloss
242.0,unnamed_2,,profitandloss
243.0,unnamed_2,,profitandloss
244.0,unnamed_2,,profitandloss
245.0,unnamed_2,,profitandloss
246.0,unnamed_2,,profitandloss
247.0,unnamed_2,,profitandloss
248.0,unnamed_2,,profitandloss
249.0,unnamed_2,,profitandloss
250.0,unnamed_2,,profitandloss
251.0,unnamed_2,,profitandloss
252.0,unnamed_2,,profitandloss
253.0,unnamed_2,,profitandloss
254.0,unnamed_2,,profitandloss
255.0,unnamed_2,,profitandloss
256.0,unnamed_2,,profitandloss
257.0,unnamed_2,,profitandloss
258.0,unnamed_2,,profitandloss
259.0,unnamed_2,,profitandloss
260.0,unnamed_2,,profitandloss
261.0,unnamed_2,,profitandloss
262.0,unnamed_2,,profitandloss
263.0,unnamed_2,,profitandloss
264.0,unnamed_2,,profitandloss
265.0,unnamed_2,,profitandloss
266.0,unnamed_2,,profitandloss
267.0,unnamed_2,,profitandloss
268.0,unnamed_2,,profitandloss
269.0,unnamed_2,,profitandloss
270.0,unnamed_2,,profitandloss
271.0,unnamed_2,,profitandloss
272.0,unnamed_2,,profitandloss
273.0,unnamed_2,,profitandloss
274.0,unnamed_2,,profitandloss
275.0,unnamed_2,,profitandloss
276.0,unnamed_2,,profitandloss
277.0,unnamed_2,,profitandloss
278.0,unnamed_2,,profitandloss
279.0,unnamed_2,,profitandloss
280.0,unnamed_2,,profitandloss
281.0,unnamed_2,,profitandloss
282.0,unnamed_2,,profitandloss
283.0,unnamed_2,,profitandloss
284.0,unnamed_2,,profitandloss
285.0,unnamed_2,,profitandloss
286.0,unnamed_2,,profitandloss
287.0,unnamed_2,,profitandloss
288.0,unnamed_2,,profitandloss
289.0,unnamed_2,,profitandloss
290.0,unnamed_2,,profitandloss
291.0,unnamed_2,,profitandloss
292.0,unnamed_2,,profitandloss
293.0,unnamed_2,,profitandloss
294.0,unnamed_2,,profitandloss
295.0,unnamed_2,,profitandloss
296.0,unnamed_2,,profitandloss
297.0,unnamed_2,,profitandloss
298.0,unnamed_2,,profitandloss
299.0,unnamed_2,,profitandloss
300.0,unnamed_2,,profitandloss
301.0,unnamed_2,,profitandloss
302.0,unnamed_2,,profitandloss
303.0,unnamed_2,,profitandloss
304.0,unnamed_2,,profitandloss
305.0,unnamed_2,,profitandloss
306.0,unnamed_2,,profitandloss
307.0,unnamed_2,,profitandloss
308.0,unnamed_2,,profitandloss
309.0,unnamed_2,,profitandloss
310.0,unnamed_2,,profitandloss
311.0,unnamed_2,,profitandloss
312.0,unnamed_2,,profitandloss
313.0,unnamed_2,,profitandloss
314.0,unnamed_2,,profitandloss
315.0,unnamed_2,,profitandloss
316.0,unnamed_2,,profitandloss
317.0,unnamed_2,,profitandloss
318.0,unnamed_2,,profitandloss
319.0,unnamed_2,,profitandloss
320.0,unnamed_2,,profitandloss
321.0,unnamed_2,,profitandloss
322.0,unnamed_2,,profitandloss
323.0,unnamed_2,,profitandloss
324.0,unnamed_2,,profitandloss
325.0,unnamed_2,,profitandloss
326.0,unnamed_2,,profitandloss
327.0,unnamed_2,,profitandloss
328.0,unnamed_2,,profitandloss
329.0,unnamed_2,,profitandloss
330.0,unnamed_2,,profitandloss
331.0,unnamed_2,,profitandloss
332.0,unnamed_2,,profitandloss
333.0,unnamed_2,,profitandloss
334.0,unnamed_2,,profitandloss
335.0,unnamed_2,,profitandloss
336.0,unnamed_2,,profitandloss
337.0,unnamed_2,,profitandloss
338.0,unnamed_2,,profitandloss
339.0,unnamed_2,,profitandloss
340.0,unnamed_2,,profitandloss
341.0,unnamed_2,,profitandloss
342.0,unnamed_2,,profitandloss
343.0,unnamed_2,,profitandloss
344.0,unnamed_2,,profitandloss
345.0,unnamed_2,,profitandloss
346.0,unnamed_2,,profitandloss
347.0,unnamed_2,,profitandloss
348.0,unnamed_2,,profitandloss
349.0,unnamed_2,,profitandloss
350.0,unnamed_2,,profitandloss
351.0,unnamed_2,,profitandloss
352.0,unnamed_2,,profitandloss
353.0,unnamed_2,,profitandloss
354.0,unnamed_2,,profitandloss
355.0,unnamed_2,,profitandloss
356.0,unnamed_2,,profitandloss
357.0,unnamed_2,,profitandloss
358.0,unnamed_2,,profitandloss
359.0,unnamed_2,,profitandloss
360.0,unnamed_2,,profitandloss
361.0,unnamed_2,,profitandloss
362.0,unnamed_2,,profitandloss
363.0,unnamed_2,,profitandloss
364.0,unnamed_2,,profitandloss
365.0,unnamed_2,,profitandloss
366.0,unnamed_2,,profitandloss
367.0,unnamed_2,,profitandloss
368.0,unnamed_2,,profitandloss
369.0,unnamed_2,,profitandloss
370.0,unnamed_2,,profitandloss
371.0,unnamed_2,,profitandloss
372.0,unnamed_2,,profitandloss
373.0,unnamed_2,,profitandloss
374.0,unnamed_2,,profitandloss
375.0,unnamed_2,,profitandloss
376.0,unnamed_2,,profitandloss
377.0,unnamed_2,,profitandloss
378.0,unnamed_2,,profitandloss
379.0,unnamed_2,,profitandloss
380.0,unnamed_2,,profitandloss
381.0,unnamed_2,,profitandloss
382.0,unnamed_2,,profitandloss
383.0,unnamed_2,,profitandloss
384.0,unnamed_2,,profitandloss
385.0,unnamed_2,,profitandloss
386.0,unnamed_2,,profitandloss
387.0,unnamed_2,,profitandloss
388.0,unnamed_2,,profitandloss
389.0,unnamed_2,,profitandloss
390.0,unnamed_2,,profitandloss
391.0,unnamed_2,,profitandloss
392.0,unnamed_2,,profitandloss
393.0,unnamed_2,,profitandloss
394.0,unnamed_2,,profitandloss
395.0,unnamed_2,,profitandloss
396.0,unnamed_2,,profitandloss
397.0,unnamed_2,,profitandloss
398.0,unnamed_2,,profitandloss
399.0,unnamed_2,,profitandloss
400.0,unnamed_2,,profitandloss
401.0,unnamed_2,,profitandloss
402.0,unnamed_2,,profitandloss
403.0,unnamed_2,,profitandloss
404.0,unnamed_2,,profitandloss
405.0,unnamed_2,,profitandloss
406.0,unnamed_2,,profitandloss
407.0,unnamed_2,,profitandloss
408.0,unnamed_2,,profitandloss
409.0,unnamed_2,,profitandloss
410.0,unnamed_2,,profitandloss
411.0,unnamed_2,,profitandloss
412.0,unnamed_2,,profitandloss
413.0,unnamed_2,,profitandloss
414.0,unnamed_2,,profitandloss
415.0,unnamed_2,,profitandloss
416.0,unnamed_2,,profitandloss
417.0,unnamed_2,,profitandloss
418.0,unnamed_2,,profitandloss
419.0,unnamed_2,,profitandloss
420.0,unnamed_2,,profitandloss
421.0,unnamed_2,,profitandloss
422.0,unnamed_2,,profitandloss
423.0,unnamed_2,,profitandloss
424.0,unnamed_2,,profitandloss
425.0,unnamed_2,,profitandloss
426.0,unnamed_2,,profitandloss
427.0,unnamed_2,,profitandloss
428.0,unnamed_2,,profitandloss
429.0,unnamed_2,,profitandloss
430.0,unnamed_2,,profitandloss
431.0,unnamed_2,,profitandloss
432.0,unnamed_2,,profitandloss
433.0,unnamed_2,,profitandloss
434.0,unnamed_2,,profitandloss
435.0,unnamed_2,,profitandloss
436.0,unnamed_2,,profitandloss
437.0,unnamed_2,,profitandloss
438.0,unnamed_2,,profitandloss
439.0,unnamed_2,,profitandloss
440.0,unnamed_2,,profitandloss
441.0,unnamed_2,,profitandloss
442.0,unnamed_2,,profitandloss
443.0,unnamed_2,,profitandloss
444.0,unnamed_2,,profitandloss
445.0,unnamed_2,,profitandloss
446.0,unnamed_2,,profitandloss
447.0,unnamed_2,,profitandloss
448.0,unnamed_2,,profitandloss
449.0,unnamed_2,,profitandloss
450.0,unnamed_2,,profitandloss
451.0,unnamed_2,,profitandloss
452.0,unnamed_2,,profitandloss
453.0,unnamed_2,,profitandloss
454.0,unnamed_2,,profitandloss
455.0,unnamed_2,,profitandloss
456.0,unnamed_2,,profitandloss
457.0,unnamed_2,,profitandloss
458.0,unnamed_2,,profitandloss
459.0,unnamed_2,,profitandloss
460.0,unnamed_2,,profitandloss
461.0,unnamed_2,,profitandloss
462.0,unnamed_2,,profitandloss
463.0,unnamed_2,,profitandloss
464.0,unnamed_2,,profitandloss
465.0,unnamed_2,,profitandloss
466.0,unnamed_2,,profitandloss
467.0,unnamed_2,,profitandloss
468.0,unnamed_2,,profitandloss
469.0,unnamed_2,,profitandloss
470.0,unnamed_2,,profitandloss
471.0,unnamed_2,,profitandloss
472.0,unnamed_2,,profitandloss
473.0,unnamed_2,,profitandloss
474.0,unnamed_2,,profitandloss
475.0,unnamed_2,,profitandloss
476.0,unnamed_2,,profitandloss
477.0,unnamed_2,,profitandloss
478.0,unnamed_2,,profitandloss
479.0,unnamed_2,,profitandloss
480.0,unnamed_2,,profitandloss
481.0,unnamed_2,,profitandloss
482.0,unnamed_2,,profitandloss
483.0,unnamed_2,,profitandloss
484.0,unnamed_2,,profitandloss
485.0,unnamed_2,,profitandloss
486.0,unnamed_2,,profitandloss
487.0,unnamed_2,,profitandloss
488.0,unnamed_2,,profitandloss
489.0,unnamed_2,,profitandloss
490.0,unnamed_2,,profitandloss
491.0,unnamed_2,,profitandloss
492.0,unnamed_2,,profitandloss
493.0,unnamed_2,,profitandloss
494.0,unnamed_2,,profitandloss
495.0,unnamed_2,,profitandloss
496.0,unnamed_2,,profitandloss
497.0,unnamed_2,,profitandloss
498.0,unnamed_2,,profitandloss
499.0,unnamed_2,,profitandloss
500.0,unnamed_2,,profitandloss
501.0,unnamed_2,,profitandloss
502.0,unnamed_2,,profitandloss
503.0,unnamed_2,,profitandloss
504.0,unnamed_2,,profitandloss
505.0,unnamed_2,,profitandloss
506.0,unnamed_2,,profitandloss
507.0,unnamed_2,,profitandloss
508.0,unnamed_2,,profitandloss
509.0,unnamed_2,,profitandloss
510.0,unnamed_2,,profitandloss
511.0,unnamed_2,,profitandloss
512.0,unnamed_2,,profitandloss
513.0,unnamed_2,,profitandloss
514.0,unnamed_2,,profitandloss
515.0,unnamed_2,,profitandloss
516.0,unnamed_2,,profitandloss
517.0,unnamed_2,,profitandloss
518.0,unnamed_2,,profitandloss
519.0,unnamed_2,,profitandloss
520.0,unnamed_2,,profitandloss
521.0,unnamed_2,,profitandloss
522.0,unnamed_2,,profitandloss
523.0,unnamed_2,,profitandloss
524.0,unnamed_2,,profitandloss
525.0,unnamed_2,,profitandloss
526.0,unnamed_2,,profitandloss
527.0,unnamed_2,,profitandloss
528.0,unnamed_2,,profitandloss
529.0,unnamed_2,,profitandloss
530.0,unnamed_2,,profitandloss
531.0,unnamed_2,,profitandloss
532.0,unnamed_2,,profitandloss
533.0,unnamed_2,,profitandloss
534.0,unnamed_2,,profitandloss
535.0,unnamed_2,,profitandloss
536.0,unnamed_2,,profitandloss
537.0,unnamed_2,,profitandloss
538.0,unnamed_2,,profitandloss
539.0,unnamed_2,,profitandloss
540.0,unnamed_2,,profitandloss
541.0,unnamed_2,,profitandloss
542.0,unnamed_2,,profitandloss
543.0,unnamed_2,,profitandloss
544.0,unnamed_2,,profitandloss
545.0,unnamed_2,,profitandloss
546.0,unnamed_2,,profitandloss
547.0,unnamed_2,,profitandloss
548.0,unnamed_2,,profitandloss
549.0,unnamed_2,,profitandloss
550.0,unnamed_2,,profitandloss
551.0,unnamed_2,,profitandloss
552.0,unnamed_2,,profitandloss
553.0,unnamed_2,,profitandloss
554.0,unnamed_2,,profitandloss
555.0,unnamed_2,,profitandloss
556.0,unnamed_2,,profitandloss
557.0,unnamed_2,,profitandloss
558.0,unnamed_2,,profitandloss
559.0,unnamed_2,,profitandloss
560.0,unnamed_2,,profitandloss
561.0,unnamed_2,,profitandloss
562.0,unnamed_2,,profitandloss
563.0,unnamed_2,,profitandloss
564.0,unnamed_2,,profitandloss
565.0,unnamed_2,,profitandloss
566.0,unnamed_2,,profitandloss
567.0,unnamed_2,,profitandloss
568.0,unnamed_2,,profitandloss
569.0,unnamed_2,,profitandloss
570.0,unnamed_2,,profitandloss
571.0,unnamed_2,,profitandloss
572.0,unnamed_2,,profitandloss
573.0,unnamed_2,,profitandloss
574.0,unnamed_2,,profitandloss
575.0,unnamed_2,,profitandloss
576.0,unnamed_2,,profitandloss
577.0,unnamed_2,,profitandloss
578.0,unnamed_2,,profitandloss
579.0,unnamed_2,,profitandloss
580.0,unnamed_2,,profitandloss
581.0,unnamed_2,,profitandloss
582.0,unnamed_2,,profitandloss
583.0,unnamed_2,,profitandloss
584.0,unnamed_2,,profitandloss
585.0,unnamed_2,,profitandloss
586.0,unnamed_2,,profitandloss
587.0,unnamed_2,,profitandloss
588.0,unnamed_2,,profitandloss
589.0,unnamed_2,,profitandloss
590.0,unnamed_2,,profitandloss
591.0,unnamed_2,,profitandloss
592.0,unnamed_2,,profitandloss
593.0,unnamed_2,,profitandloss
594.0,unnamed_2,,profitandloss
595.0,unnamed_2,,profitandloss
596.0,unnamed_2,,profitandloss
597.0,unnamed_2,,profitandloss
598.0,unnamed_2,,profitandloss
599.0,unnamed_2,,profitandloss
600.0,unnamed_2,,profitandloss
601.0,unnamed_2,,profitandloss
602.0,unnamed_2,,profitandloss
603.0,unnamed_2,,profitandloss
604.0,unnamed_2,,profitandloss
605.0,unnamed_2,,profitandloss
606.0,unnamed_2,,profitandloss
607.0,unnamed_2,,profitandloss
608.0,unnamed_2,,profitandloss
609.0,unnamed_2,,profitandloss
610.0,unnamed_2,,profitandloss
611.0,unnamed_2,,profitandloss
612.0,unnamed_2,,profitandloss
613.0,unnamed_2,,profitandloss
614.0,unnamed_2,,profitandloss
615.0,unnamed_2,,profitandloss
616.0,unnamed_2,,profitandloss
617.0,unnamed_2,,profitandloss
618.0,unnamed_2,,profitandloss
619.0,unnamed_2,,profitandloss
620.0,unnamed_2,,profitandloss
621.0,unnamed_2,,profitandloss
622.0,unnamed_2,,profitandloss
623.0,unnamed_2,,profitandloss
624.0,unnamed_2,,profitandloss
625.0,unnamed_2,,profitandloss
626.0,unnamed_2,,profitandloss
627.0,unnamed_2,,profitandloss
628.0,unnamed_2,,profitandloss
629.0,unnamed_2,,profitandloss
630.0,unnamed_2,,profitandloss
631.0,unnamed_2,,profitandloss
632.0,unnamed_2,,profitandloss
633.0,unnamed_2,,profitandloss
634.0,unnamed_2,,profitandloss
635.0,unnamed_2,,profitandloss
636.0,unnamed_2,,profitandloss
637.0,unnamed_2,,profitandloss
638.0,unnamed_2,,profitandloss
639.0,unnamed_2,,profitandloss
640.0,unnamed_2,,profitandloss
641.0,unnamed_2,,profitandloss
642.0,unnamed_2,,profitandloss
643.0,unnamed_2,,profitandloss
644.0,unnamed_2,,profitandloss
645.0,unnamed_2,,profitandloss
646.0,unnamed_2,,profitandloss
647.0,unnamed_2,,profitandloss
648.0,unnamed_2,,profitandloss
649.0,unnamed_2,,profitandloss
650.0,unnamed_2,,profitandloss
651.0,unnamed_2,,profitandloss
652.0,unnamed_2,,profitandloss
653.0,unnamed_2,,profitandloss
654.0,unnamed_2,,profitandloss
655.0,unnamed_2,,profitandloss
656.0,unnamed_2,,profitandloss
657.0,unnamed_2,,profitandloss
658.0,unnamed_2,,profitandloss
659.0,unnamed_2,,profitandloss
660.0,unnamed_2,,profitandloss
661.0,unnamed_2,,profitandloss
662.0,unnamed_2,,profitandloss
663.0,unnamed_2,,profitandloss
664.0,unnamed_2,,profitandloss
665.0,unnamed_2,,profitandloss
666.0,unnamed_2,,profitandloss
667.0,unnamed_2,,profitandloss
668.0,unnamed_2,,profitandloss
669.0,unnamed_2,,profitandloss
670.0,unnamed_2,,profitandloss
697.0,unnamed_2,,profitandloss
698.0,unnamed_2,,profitandloss
699.0,unnamed_2,,profitandloss
700.0,unnamed_2,,profitandloss
701.0,unnamed_2,,profitandloss
702.0,unnamed_2,,profitandloss
703.0,unnamed_2,,profitandloss
704.0,unnamed_2,,profitandloss
705.0,unnamed_2,,profitandloss
706.0,unnamed_2,,profitandloss
707.0,unnamed_2,,profitandloss
708.0,unnamed_2,,profitandloss
709.0,unnamed_2,,profitandloss
710.0,unnamed_2,,profitandloss
711.0,unnamed_2,,profitandloss
712.0,unnamed_2,,profitandloss
713.0,unnamed_2,,profitandloss
714.0,unnamed_2,,profitandloss
715.0,unnamed_2,,profitandloss
716.0,unnamed_2,,profitandloss
717.0,unnamed_2,,profitandloss
718.0,unnamed_2,,profitandloss
719.0,unnamed_2,,profitandloss
720.0,unnamed_2,,profitandloss
721.0,unnamed_2,,profitandloss
722.0,unnamed_2,,profitandloss
723.0,unnamed_2,,profitandloss
724.0,unnamed_2,,profitandloss
725.0,unnamed_2,,profitandloss
726.0,unnamed_2,,profitandloss
727.0,unnamed_2,,profitandloss
728.0,unnamed_2,,profitandloss
729.0,unnamed_2,,profitandloss
730.0,unnamed_2,,profitandloss
731.0,unnamed_2,,profitandloss
732.0,unnamed_2,,profitandloss
733.0,unnamed_2,,profitandloss
734.0,unnamed_2,,profitandloss
735.0,unnamed_2,,profitandloss
736.0,unnamed_2,,profitandloss
737.0,unnamed_2,,profitandloss
738.0,unnamed_2,,profitandloss
739.0,unnamed_2,,profitandloss
740.0,unnamed_2,,profitandloss
741.0,unnamed_2,,profitandloss
742.0,unnamed_2,,profitandloss
743.0,unnamed_2,,profitandloss
744.0,unnamed_2,,profitandloss
745.0,unnamed_2,,profitandloss
746.0,unnamed_2,,profitandloss
747.0,unnamed_2,,profitandloss
748.0,unnamed_2,,profitandloss
749.0,unnamed_2,,profitandloss
750.0,unnamed_2,,profitandloss
751.0,unnamed_2,,profitandloss
752.0,unnamed_2,,profitandloss
753.0,unnamed_2,,profitandloss
754.0,unnamed_2,,profitandloss
755.0,unnamed_2,,profitandloss
756.0,unnamed_2,,profitandloss
757.0,unnamed_2,,profitandloss
758.0,unnamed_2,,profitandloss
759.0,unnamed_2,,profitandloss
760.0,unnamed_2,,profitandloss
761.0,unnamed_2,,profitandloss
762.0,unnamed_2,,profitandloss
763.0,unnamed_2,,profitandloss
764.0,unnamed_2,,profitandloss
765.0,unnamed_2,,profitandloss
766.0,unnamed_2,,profitandloss
767.0,unnamed_2,,profitandloss
768.0,unnamed_2,,profitandloss
769.0,unnamed_2,,profitandloss
770.0,unnamed_2,,profitandloss
771.0,unnamed_2,,profitandloss
772.0,unnamed_2,,profitandloss
773.0,unnamed_2,,profitandloss
774.0,unnamed_2,,profitandloss
775.0,unnamed_2,,profitandloss
776.0,unnamed_2,,profitandloss
777.0,unnamed_2,,profitandloss
778.0,unnamed_2,,profitandloss
779.0,unnamed_2,,profitandloss
780.0,unnamed_2,,profitandloss
781.0,unnamed_2,,profitandloss
782.0,unnamed_2,,profitandloss
783.0,unnamed_2,,profitandloss
784.0,unnamed_2,,profitandloss
785.0,unnamed_2,,profitandloss
786.0,unnamed_2,,profitandloss
787.0,unnamed_2,,profitandloss
788.0,unnamed_2,,profitandloss
789.0,unnamed_2,,profitandloss
790.0,unnamed_2,,profitandloss
791.0,unnamed_2,,profitandloss
792.0,unnamed_2,,profitandloss
793.0,unnamed_2,,profitandloss
794.0,unnamed_2,,profitandloss
795.0,unnamed_2,,profitandloss
796.0,unnamed_2,,profitandloss
797.0,unnamed_2,,profitandloss
798.0,unnamed_2,,profitandloss
799.0,unnamed_2,,profitandloss
800.0,unnamed_2,,profitandloss
801.0,unnamed_2,,profitandloss
802.0,unnamed_2,,profitandloss
803.0,unnamed_2,,profitandloss
804.0,unnamed_2,,profitandloss
805.0,unnamed_2,,profitandloss
806.0,unnamed_2,,profitandloss
807.0,unnamed_2,,profitandloss
808.0,unnamed_2,,profitandloss
809.0,unnamed_2,,profitandloss
810.0,unnamed_2,,profitandloss
811.0,unnamed_2,,profitandloss
812.0,unnamed_2,,profitandloss
813.0,unnamed_2,,profitandloss
814.0,unnamed_2,,profitandloss
815.0,unnamed_2,,profitandloss
816.0,unnamed_2,,profitandloss
817.0,unnamed_2,,profitandloss
818.0,unnamed_2,,profitandloss
819.0,unnamed_2,,profitandloss
820.0,unnamed_2,,profitandloss
821.0,unnamed_2,,profitandloss
822.0,unnamed_2,,profitandloss
823.0,unnamed_2,,profitandloss
824.0,unnamed_2,,profitandloss
825.0,unnamed_2,,profitandloss
826.0,unnamed_2,,profitandloss
827.0,unnamed_2,,profitandloss
828.0,unnamed_2,,profitandloss
829.0,unnamed_2,,profitandloss
830.0,unnamed_2,,profitandloss
831.0,unnamed_2,,profitandloss
832.0,unnamed_2,,profitandloss
833.0,unnamed_2,,profitandloss
834.0,unnamed_2,,profitandloss
835.0,unnamed_2,,profitandloss
836.0,unnamed_2,,profitandloss
837.0,unnamed_2,,profitandloss
838.0,unnamed_2,,profitandloss
839.0,unnamed_2,,profitandloss
840.0,unnamed_2,,profitandloss
841.0,unnamed_2,,profitandloss
842.0,unnamed_2,,profitandloss
843.0,unnamed_2,,profitandloss
844.0,unnamed_2,,profitandloss
845.0,unnamed_2,,profitandloss
846.0,unnamed_2,,profitandloss
847.0,unnamed_2,,profitandloss
848.0,unnamed_2,,profitandloss
849.0,unnamed_2,,profitandloss
850.0,unnamed_2,,profitandloss
851.0,unnamed_2,,profitandloss
852.0,unnamed_2,,profitandloss
853.0,unnamed_2,,profitandloss
854.0,unnamed_2,,profitandloss
855.0,unnamed_2,,profitandloss
856.0,unnamed_2,,profitandloss
857.0,unnamed_2,,profitandloss
858.0,unnamed_2,,profitandloss
859.0,unnamed_2,,profitandloss
860.0,unnamed_2,,profitandloss
861.0,unnamed_2,,profitandloss
862.0,unnamed_2,,profitandloss
863.0,unnamed_2,,profitandloss
864.0,unnamed_2,,profitandloss
865.0,unnamed_2,,profitandloss
866.0,unnamed_2,,profitandloss
867.0,unnamed_2,,profitandloss
868.0,unnamed_2,,profitandloss
869.0,unnamed_2,,profitandloss
870.0,unnamed_2,,profitandloss
871.0,unnamed_2,,profitandloss
872.0,unnamed_2,,profitandloss
873.0,unnamed_2,,profitandloss
874.0,unnamed_2,,profitandloss
875.0,unnamed_2,,profitandloss
876.0,unnamed_2,,profitandloss
877.0,unnamed_2,,profitandloss
878.0,unnamed_2,,profitandloss
879.0,unnamed_2,,profitandloss
880.0,unnamed_2,,profitandloss
881.0,unnamed_2,,profitandloss
882.0,unnamed_2,,profitandloss
883.0,unnamed_2,,profitandloss
884.0,unnamed_2,,profitandloss
885.0,unnamed_2,,profitandloss
886.0,unnamed_2,,profitandloss
887.0,unnamed_2,,profitandloss
888.0,unnamed_2,,profitandloss
889.0,unnamed_2,,profitandloss
890.0,unnamed_2,,profitandloss
891.0,unnamed_2,,profitandloss
892.0,unnamed_2,,profitandloss
893.0,unnamed_2,,profitandloss
894.0,unnamed_2,,profitandloss
895.0,unnamed_2,,profitandloss
896.0,unnamed_2,,profitandloss
897.0,unnamed_2,,profitandloss
898.0,unnamed_2,,profitandloss
899.0,unnamed_2,,profitandloss
900.0,unnamed_2,,profitandloss
901.0,unnamed_2,,profitandloss
902.0,unnamed_2,,profitandloss
903.0,unnamed_2,,profitandloss
904.0,unnamed_2,,profitandloss
905.0,unnamed_2,,profitandloss
906.0,unnamed_2,,profitandloss
907.0,unnamed_2,,profitandloss
908.0,unnamed_2,,profitandloss
909.0,unnamed_2,,profitandloss
910.0,unnamed_2,,profitandloss
911.0,unnamed_2,,profitandloss
912.0,unnamed_2,,profitandloss
913.0,unnamed_2,,profitandloss
914.0,unnamed_2,,profitandloss
915.0,unnamed_2,,profitandloss
916.0,unnamed_2,,profitandloss
917.0,unnamed_2,,profitandloss
918.0,unnamed_2,,profitandloss
919.0,unnamed_2,,profitandloss
920.0,unnamed_2,,profitandloss
921.0,unnamed_2,,profitandloss
922.0,unnamed_2,,profitandloss
923.0,unnamed_2,,profitandloss
924.0,unnamed_2,,profitandloss
925.0,unnamed_2,,profitandloss
926.0,unnamed_2,,profitandloss
927.0,unnamed_2,,profitandloss
928.0,unnamed_2,,profitandloss
929.0,unnamed_2,,profitandloss
930.0,unnamed_2,,profitandloss
931.0,unnamed_2,,profitandloss
932.0,unnamed_2,,profitandloss
933.0,unnamed_2,,profitandloss
934.0,unnamed_2,,profitandloss
935.0,unnamed_2,,profitandloss
936.0,unnamed_2,,profitandloss
937.0,unnamed_2,,profitandloss
938.0,unnamed_2,,profitandloss
939.0,unnamed_2,,profitandloss
940.0,unnamed_2,,profitandloss
941.0,unnamed_2,,profitandloss
942.0,unnamed_2,,profitandloss
943.0,unnamed_2,,profitandloss
944.0,unnamed_2,,profitandloss
945.0,unnamed_2,,profitandloss
946.0,unnamed_2,,profitandloss
947.0,unnamed_2,,profitandloss
948.0,unnamed_2,,profitandloss
949.0,unnamed_2,,profitandloss
950.0,unnamed_2,,profitandloss
951.0,unnamed_2,,profitandloss
952.0,unnamed_2,,profitandloss
953.0,unnamed_2,,profitandloss
954.0,unnamed_2,,profitandloss
955.0,unnamed_2,,profitandloss
956.0,unnamed_2,,profitandloss
957.0,unnamed_2,,profitandloss
958.0,unnamed_2,,profitandloss
959.0,unnamed_2,,profitandloss
960.0,unnamed_2,,profitandloss
961.0,unnamed_2,,profitandloss
962.0,unnamed_2,,profitandloss
963.0,unnamed_2,,profitandloss
964.0,unnamed_2,,profitandloss
965.0,unnamed_2,,profitandloss
966.0,unnamed_2,,profitandloss
967.0,unnamed_2,,profitandloss
968.0,unnamed_2,,profitandloss
969.0,unnamed_2,,profitandloss
970.0,unnamed_2,,profitandloss
971.0,unnamed_2,,profitandloss
972.0,unnamed_2,,profitandloss
973.0,unnamed_2,,profitandloss
974.0,unnamed_2,,profitandloss
975.0,unnamed_2,,profitandloss
976.0,unnamed_2,,profitandloss
977.0,unnamed_2,,profitandloss
978.0,unnamed_2,,profitandloss
979.0,unnamed_2,,profitandloss
980.0,unnamed_2,,profitandloss
981.0,unnamed_2,,profitandloss
982.0,unnamed_2,,profitandloss
983.0,unnamed_2,,profitandloss
984.0,unnamed_2,,profitandloss
985.0,unnamed_2,,profitandloss
986.0,unnamed_2,,profitandloss
987.0,unnamed_2,,profitandloss
988.0,unnamed_2,,profitandloss
989.0,unnamed_2,,profitandloss
990.0,unnamed_2,,profitandloss
991.0,unnamed_2,,profitandloss
992.0,unnamed_2,,profitandloss
993.0,unnamed_2,,profitandloss
994.0,unnamed_2,,profitandloss
995.0,unnamed_2,,profitandloss
996.0,unnamed_2,,profitandloss
997.0,unnamed_2,,profitandloss
998.0,unnamed_2,,profitandloss
999.0,unnamed_2,,profitandloss
1000.0,unnamed_2,,profitandloss
1001.0,unnamed_2,,profitandloss
1002.0,unnamed_2,,profitandloss
1003.0,unnamed_2,,profitandloss
1004.0,unnamed_2,,profitandloss
1005.0,unnamed_2,,profitandloss
1006.0,unnamed_2,,profitandloss
1007.0,unnamed_2,,profitandloss
1008.0,unnamed_2,,profitandloss
1009.0,unnamed_2,,profitandloss
1010.0,unnamed_2,,profitandloss
1011.0,unnamed_2,,profitandloss
1012.0,unnamed_2,,profitandloss
1013.0,unnamed_2,,profitandloss
1014.0,unnamed_2,,profitandloss
1015.0,unnamed_2,,profitandloss
1016.0,unnamed_2,,profitandloss
1017.0,unnamed_2,,profitandloss
1018.0,unnamed_2,,profitandloss
1019.0,unnamed_2,,profitandloss
1020.0,unnamed_2,,profitandloss
1021.0,unnamed_2,,profitandloss
1022.0,unnamed_2,,profitandloss
1023.0,unnamed_2,,profitandloss
1024.0,unnamed_2,,profitandloss
1025.0,unnamed_2,,profitandloss
1026.0,unnamed_2,,profitandloss
1027.0,unnamed_2,,profitandloss
1028.0,unnamed_2,,profitandloss
1029.0,unnamed_2,,profitandloss
1030.0,unnamed_2,,profitandloss
1031.0,unnamed_2,,profitandloss
1032.0,unnamed_2,,profitandloss
1033.0,unnamed_2,,profitandloss
1034.0,unnamed_2,,profitandloss
1035.0,unnamed_2,,profitandloss
1036.0,unnamed_2,,profitandloss
1037.0,unnamed_2,,profitandloss
1038.0,unnamed_2,,profitandloss
1039.0,unnamed_2,,profitandloss
1040.0,unnamed_2,,profitandloss
1041.0,unnamed_2,,profitandloss
1042.0,unnamed_2,,profitandloss
1043.0,unnamed_2,,profitandloss
1044.0,unnamed_2,,profitandloss
1045.0,unnamed_2,,profitandloss
1046.0,unnamed_2,,profitandloss
1047.0,unnamed_2,,profitandloss
1048.0,unnamed_2,,profitandloss
1049.0,unnamed_2,,profitandloss
1050.0,unnamed_2,,profitandloss
1051.0,unnamed_2,,profitandloss
1052.0,unnamed_2,,profitandloss
1053.0,unnamed_2,,profitandloss
1054.0,unnamed_2,,profitandloss
1055.0,unnamed_2,,profitandloss
1056.0,unnamed_2,,profitandloss
1057.0,unnamed_2,,profitandloss
1058.0,unnamed_2,,profitandloss
1059.0,unnamed_2,,profitandloss
1060.0,unnamed_2,,profitandloss
1061.0,unnamed_2,,profitandloss
1062.0,unnamed_2,,profitandloss
1063.0,unnamed_2,,profitandloss
1064.0,unnamed_2,,profitandloss
1065.0,unnamed_2,,profitandloss
1066.0,unnamed_2,,profitandloss
1067.0,unnamed_2,,profitandloss
1068.0,unnamed_2,,profitandloss
1069.0,unnamed_2,,profitandloss
1070.0,unnamed_2,,profitandloss
1071.0,unnamed_2,,profitandloss
1072.0,unnamed_2,,profitandloss
1073.0,unnamed_2,,profitandloss
1074.0,unnamed_2,,profitandloss
1075.0,unnamed_2,,profitandloss
1076.0,unnamed_2,,profitandloss
1077.0,unnamed_2,,profitandloss
1078.0,unnamed_2,,profitandloss
1079.0,unnamed_2,,profitandloss
1080.0,unnamed_2,,profitandloss
1081.0,unnamed_2,,profitandloss
1082.0,unnamed_2,,profitandloss
1083.0,unnamed_2,,profitandloss
1084.0,unnamed_2,,profitandloss
1085.0,unnamed_2,,profitandloss
1086.0,unnamed_2,,profitandloss
1087.0,unnamed_2,,profitandloss
1088.0,unnamed_2,,profitandloss
1089.0,unnamed_2,,profitandloss
1090.0,unnamed_2,,profitandloss
1091.0,unnamed_2,,profitandloss
1092.0,unnamed_2,,profitandloss
1093.0,unnamed_2,,profitandloss
1094.0,unnamed_2,,profitandloss
1095.0,unnamed_2,,profitandloss
1096.0,unnamed_2,,profitandloss
1097.0,unnamed_2,,profitandloss
1098.0,unnamed_2,,profitandloss
1099.0,unnamed_2,,profitandloss
1100.0,unnamed_2,,profitandloss
1101.0,unnamed_2,,profitandloss
1102.0,unnamed_2,,profitandloss
1103.0,unnamed_2,,profitandloss
1104.0,unnamed_2,,profitandloss
1105.0,unnamed_2,,profitandloss
1106.0,unnamed_2,,profitandloss
1107.0,unnamed_2,,profitandloss
1108.0,unnamed_2,,profitandloss
1109.0,unnamed_2,,profitandloss
1110.0,unnamed_2,,profitandloss
1111.0,unnamed_2,,profitandloss
1112.0,unnamed_2,,profitandloss
1113.0,unnamed_2,,profitandloss
1114.0,unnamed_2,,profitandloss
1115.0,unnamed_2,,profitandloss
1116.0,unnamed_2,,profitandloss
1117.0,unnamed_2,,profitandloss
1118.0,unnamed_2,,profitandloss
1119.0,unnamed_2,,profitandloss
1120.0,unnamed_2,,profitandloss
1121.0,unnamed_2,,profitandloss
1122.0,unnamed_2,,profitandloss
1123.0,unnamed_2,,profitandloss
1124.0,unnamed_2,,profitandloss
1125.0,unnamed_2,,profitandloss
1126.0,unnamed_2,,profitandloss
1127.0,unnamed_2,,profitandloss
1128.0,unnamed_2,,profitandloss
1129.0,unnamed_2,,profitandloss
1130.0,unnamed_2,,profitandloss
1131.0,unnamed_2,,profitandloss
1132.0,unnamed_2,,profitandloss
1133.0,unnamed_2,,profitandloss
1134.0,unnamed_2,,profitandloss
1135.0,unnamed_2,,profitandloss
1136.0,unnamed_2,,profitandloss
1137.0,unnamed_2,,profitandloss
1138.0,unnamed_2,,profitandloss
1139.0,unnamed_2,,profitandloss
1140.0,unnamed_2,,profitandloss
1141.0,unnamed_2,,profitandloss
1142.0,unnamed_2,,profitandloss
1143.0,unnamed_2,,profitandloss
1144.0,unnamed_2,,profitandloss
1145.0,unnamed_2,,profitandloss
1146.0,unnamed_2,,profitandloss
1147.0,unnamed_2,,profitandloss
1148.0,unnamed_2,,profitandloss
1149.0,unnamed_2,,profitandloss
1150.0,unnamed_2,,profitandloss
1151.0,unnamed_2,,profitandloss
1152.0,unnamed_2,,profitandloss
1153.0,unnamed_2,,profitandloss
1154.0,unnamed_2,,profitandloss
1155.0,unnamed_2,,profitandloss
1156.0,unnamed_2,,profitandloss
1157.0,unnamed_2,,profitandloss
1158.0,unnamed_2,,profitandloss
1159.0,unnamed_2,,profitandloss
1160.0,unnamed_2,,profitandloss
1161.0,unnamed_2,,profitandloss
1162.0,unnamed_2,,profitandloss
1163.0,unnamed_2,,profitandloss
1164.0,unnamed_2,,profitandloss
1165.0,unnamed_2,,profitandloss
1166.0,unnamed_2,,profitandloss
1167.0,unnamed_2,,profitandloss
1168.0,unnamed_2,,profitandloss
1169.0,unnamed_2,,profitandloss
1170.0,unnamed_2,,profitandloss
1171.0,unnamed_2,,profitandloss
1172.0,unnamed_2,,profitandloss
1173.0,unnamed_2,,profitandloss
1174.0,unnamed_2,,profitandloss
1175.0,unnamed_2,,profitandloss
1176.0,unnamed_2,,profitandloss
1177.0,unnamed_2,,profitandloss
1178.0,unnamed_2,,profitandloss
1179.0,unnamed_2,,profitandloss
1180.0,unnamed_2,,profitandloss
1181.0,unnamed_2,,profitandloss
1182.0,unnamed_2,,profitandloss
1183.0,unnamed_2,,profitandloss
1184.0,unnamed_2,,profitandloss
1185.0,unnamed_2,,profitandloss
1186.0,unnamed_2,,profitandloss
1187.0,unnamed_2,,profitandloss
1188.0,unnamed_2,,profitandloss
1189.0,unnamed_2,,profitandloss
1190.0,unnamed_2,,profitandloss
1191.0,unnamed_2,,profitandloss
1192.0,unnamed_2,,profitandloss
1193.0,unnamed_2,,profitandloss
1194.0,unnamed_2,,profitandloss
1195.0,unnamed_2,,profitandloss
1196.0,unnamed_2,,profitandloss
1197.0,unnamed_2,,profitandloss
1198.0,unnamed_2,,profitandloss
1199.0,unnamed_2,,profitandloss
1200.0,unnamed_2,,profitandloss
1201.0,unnamed_2,,profitandloss
1202.0,unnamed_2,,profitandloss
1203.0,unnamed_2,,profitandloss
1204.0,unnamed_2,,profitandloss
1205.0,unnamed_2,,profitandloss
1206.0,unnamed_2,,profitandloss
1207.0,unnamed_2,,profitandloss
1208.0,unnamed_2,,profitandloss
1209.0,unnamed_2,,profitandloss
1210.0,unnamed_2,,profitandloss
1211.0,unnamed_2,,profitandloss
1212.0,unnamed_2,,profitandloss
1213.0,unnamed_2,,profitandloss
1214.0,unnamed_2,,profitandloss
1215.0,unnamed_2,,profitandloss
1216.0,unnamed_2,,profitandloss
1217.0,unnamed_2,,profitandloss
1218.0,unnamed_2,,profitandloss
1219.0,unnamed_2,,profitandloss
1220.0,unnamed_2,,profitandloss
1221.0,unnamed_2,,profitandloss
1222.0,unnamed_2,,profitandloss
1223.0,unnamed_2,,profitandloss
1224.0,unnamed_2,,profitandloss
1225.0,unnamed_2,,profitandloss
1226.0,unnamed_2,,profitandloss
1227.0,unnamed_2,,profitandloss
1228.0,unnamed_2,,profitandloss
1229.0,unnamed_2,,profitandloss
1230.0,unnamed_2,,profitandloss
1231.0,unnamed_2,,profitandloss
1232.0,unnamed_2,,profitandloss
1233.0,unnamed_2,,profitandloss
1234.0,unnamed_2,,profitandloss
1235.0,unnamed_2,,profitandloss
1236.0,unnamed_2,,profitandloss
1237.0,unnamed_2,,profitandloss
1238.0,unnamed_2,,profitandloss
1239.0,unnamed_2,,profitandloss
1240.0,unnamed_2,,profitandloss
1241.0,unnamed_2,,profitandloss
1242.0,unnamed_2,,profitandloss
1243.0,unnamed_2,,profitandloss
1244.0,unnamed_2,,profitandloss
1245.0,unnamed_2,,profitandloss
1246.0,unnamed_2,,profitandloss
1247.0,unnamed_2,,profitandloss
1248.0,unnamed_2,,profitandloss
1249.0,unnamed_2,,profitandloss
1250.0,unnamed_2,,profitandloss
1251.0,unnamed_2,,profitandloss
1252.0,unnamed_2,,profitandloss
1253.0,unnamed_2,,profitandloss
1254.0,unnamed_2,,profitandloss
1255.0,unnamed_2,,profitandloss
1256.0,unnamed_2,,profitandloss
1257.0,unnamed_2,,profitandloss
1258.0,unnamed_2,,profitandloss
1259.0,unnamed_2,,profitandloss
1260.0,unnamed_2,,profitandloss
1261.0,unnamed_2,,profitandloss
1262.0,unnamed_2,,profitandloss
1263.0,unnamed_2,,profitandloss
1264.0,unnamed_2,,profitandloss
1265.0,unnamed_2,,profitandloss
1266.0,unnamed_2,,profitandloss
1267.0,unnamed_2,,profitandloss
1268.0,unnamed_2,,profitandloss
1269.0,unnamed_2,,profitandloss
1270.0,unnamed_2,,profitandloss
1271.0,unnamed_2,,profitandloss
1272.0,unnamed_2,,profitandloss
1273.0,unnamed_2,,profitandloss
1274.0,unnamed_2,,profitandloss
1275.0,unnamed_2,,profitandloss
1276.0,unnamed_2,,profitandloss
1277.0,unnamed_2,,profitandloss
1278.0,unnamed_2,,profitandloss
1279.0,unnamed_2,,profitandloss
1280.0,unnamed_2,,profitandloss
1281.0,unnamed_2,,profitandloss
1282.0,unnamed_2,,profitandloss
1283.0,unnamed_2,,profitandloss
1284.0,unnamed_2,,profitandloss
1285.0,unnamed_2,,profitandloss
1286.0,unnamed_2,,profitandloss
1287.0,unnamed_2,,profitandloss
1288.0,unnamed_2,,profitandloss
1289.0,unnamed_2,,profitandloss
1290.0,unnamed_2,,profitandloss
1291.0,unnamed_2,,profitandloss
1292.0,unnamed_2,,profitandloss
1293.0,unnamed_2,,profitandloss
1294.0,unnamed_2,,profitandloss
1295.0,unnamed_2,,profitandloss
1296.0,unnamed_2,,profitandloss
1297.0,unnamed_2,,profitandloss
1298.0,unnamed_2,,profitandloss
1299.0,unnamed_2,,profitandloss
1300.0,unnamed_2,,profitandloss
1301.0,unnamed_2,,profitandloss
1302.0,unnamed_2,,profitandloss
1303.0,unnamed_2,,profitandloss
1304.0,unnamed_2,,profitandloss
1305.0,unnamed_2,,profitandloss
1306.0,unnamed_2,,profitandloss
1307.0,unnamed_2,,profitandloss
1308.0,unnamed_2,,profitandloss
1309.0,unnamed_2,,profitandloss
1310.0,unnamed_2,,profitandloss
1311.0,unnamed_2,,profitandloss
1312.0,unnamed_2,,profitandloss
1313.0,unnamed_2,,profitandloss
1314.0,unnamed_2,,profitandloss
1315.0,unnamed_2,,profitandloss
1316.0,unnamed_2,,profitandloss
1317.0,unnamed_2,,profitandloss
1318.0,unnamed_2,,profitandloss
1319.0,unnamed_2,,profitandloss
1320.0,unnamed_2,,profitandloss
1321.0,unnamed_2,,profitandloss
1322.0,unnamed_2,,profitandloss
1323.0,unnamed_2,,profitandloss
1324.0,unnamed_2,,profitandloss
1325.0,unnamed_2,,profitandloss
1326.0,unnamed_2,,profitandloss
1327.0,unnamed_2,,profitandloss
1328.0,unnamed_2,,profitandloss
1329.0,unnamed_2,,profitandloss
1330.0,unnamed_2,,profitandloss
1331.0,unnamed_2,,profitandloss
1332.0,unnamed_2,,profitandloss
1333.0,unnamed_2,,profitandloss
1334.0,unnamed_2,,profitandloss
1335.0,unnamed_2,,profitandloss
1336.0,unnamed_2,,profitandloss
1337.0,unnamed_2,,profitandloss
1338.0,unnamed_2,,profitandloss
1339.0,unnamed_2,,profitandloss
1340.0,unnamed_2,,profitandloss
1341.0,unnamed_2,,profitandloss
1342.0,unnamed_2,,profitandloss
1343.0,unnamed_2,,profitandloss
1344.0,unnamed_2,,profitandloss
1345.0,unnamed_2,,profitandloss
1346.0,unnamed_2,,profitandloss
1347.0,unnamed_2,,profitandloss
1348.0,unnamed_2,,profitandloss
1349.0,unnamed_2,,profitandloss
1350.0,unnamed_2,,profitandloss
1351.0,unnamed_2,,profitandloss
1352.0,unnamed_2,,profitandloss
1353.0,unnamed_2,,profitandloss
1354.0,unnamed_2,,profitandloss
1355.0,unnamed_2,,profitandloss
1356.0,unnamed_2,,profitandloss
1357.0,unnamed_2,,profitandloss
1358.0,unnamed_2,,profitandloss
1359.0,unnamed_2,,profitandloss
1360.0,unnamed_2,,profitandloss
1361.0,unnamed_2,,profitandloss
1362.0,unnamed_2,,profitandloss
1363.0,unnamed_2,,profitandloss
1364.0,unnamed_2,,profitandloss
1365.0,unnamed_2,,profitandloss
1366.0,unnamed_2,,profitandloss
1367.0,unnamed_2,,profitandloss
1368.0,unnamed_2,,profitandloss
1369.0,unnamed_2,,profitandloss
1370.0,unnamed_2,,profitandloss
1371.0,unnamed_2,,profitandloss
1372.0,unnamed_2,,profitandloss
1373.0,unnamed_2,,profitandloss
1374.0,unnamed_2,,profitandloss
,unnamed_3,,profitandloss
61.0,unnamed_3,1653.0,profitandloss
62.0,unnamed_3,2276.0,profitandloss
63.0,unnamed_3,2289.0,profitandloss
64.0,unnamed_3,2614.0,profitandloss
65.0,unnamed_3,2903.0,profitandloss
66.0,unnamed_3,3298.0,profitandloss
67.0,unnamed_3,3679.0,profitandloss
68.0,unnamed_3,4093.0,profitandloss
69.0,unnamed_3,4310.0,profitandloss
70.0,unnamed_3,4913.0,profitandloss
71.0,unnamed_3,5349.0,profitandloss
72.0,unnamed_3,5849.0,profitandloss
73.0,unnamed_3,6066.0,profitandloss
86.0,unnamed_3,0.0,profitandloss
87.0,unnamed_3,131.0,profitandloss
88.0,unnamed_3,2194.0,profitandloss
89.0,unnamed_3,2876.0,profitandloss
90.0,unnamed_3,3944.0,profitandloss
91.0,unnamed_3,7305.0,profitandloss
92.0,unnamed_3,11416.0,profitandloss
93.0,unnamed_3,9926.0,profitandloss
94.0,unnamed_3,11258.0,profitandloss
95.0,unnamed_3,13293.0,profitandloss
96.0,unnamed_3,16607.0,profitandloss
97.0,unnamed_3,22099.0,profitandloss
98.0,unnamed_3,46375.0,profitandloss
99.0,unnamed_3,54947.0,profitandloss
100.0,unnamed_3,64465.0,profitandloss
101.0,unnamed_3,34008.0,profitandloss
102.0,unnamed_3,36533.0,profitandloss
103.0,unnamed_3,35924.0,profitandloss
104.0,unnamed_3,40379.0,profitandloss
105.0,unnamed_3,43403.0,profitandloss
106.0,unnamed_3,39537.0,profitandloss
107.0,unnamed_3,69420.0,profitandloss
108.0,unnamed_3,127540.0,profitandloss
109.0,unnamed_3,96421.0,profitandloss
110.0,unnamed_3,102311.0,profitandloss
111.0,unnamed_3,502.0,profitandloss
112.0,unnamed_3,1480.0,profitandloss
113.0,unnamed_3,2058.0,profitandloss
114.0,unnamed_3,2549.0,profitandloss
115.0,unnamed_3,3124.0,profitandloss
116.0,unnamed_3,5133.0,profitandloss
117.0,unnamed_3,7776.0,profitandloss
118.0,unnamed_3,9220.0,profitandloss
119.0,unnamed_3,10782.0,profitandloss
120.0,unnamed_3,3577.0,profitandloss
121.0,unnamed_3,4830.0,profitandloss
122.0,unnamed_3,6152.0,profitandloss
123.0,unnamed_3,7109.0,profitandloss
124.0,unnamed_3,8439.0,profitandloss
125.0,unnamed_3,11323.0,profitandloss
126.0,unnamed_3,10925.0,profitandloss
127.0,unnamed_3,11873.0,profitandloss
128.0,unnamed_3,12550.0,profitandloss
129.0,unnamed_3,17119.0,profitandloss
130.0,unnamed_3,20852.0,profitandloss
131.0,unnamed_3,26711.0,profitandloss
132.0,unnamed_3,28443.0,profitandloss
133.0,unnamed_3,3577.0,profitandloss
134.0,unnamed_3,4830.0,profitandloss
135.0,unnamed_3,6152.0,profitandloss
136.0,unnamed_3,7109.0,profitandloss
137.0,unnamed_3,8439.0,profitandloss
138.0,unnamed_3,11323.0,profitandloss
139.0,unnamed_3,10925.0,profitandloss
140.0,unnamed_3,11873.0,profitandloss
141.0,unnamed_3,12550.0,profitandloss
142.0,unnamed_3,17119.0,profitandloss
143.0,unnamed_3,20852.0,profitandloss
144.0,unnamed_3,26711.0,profitandloss
145.0,unnamed_3,28443.0,profitandloss
146.0,unnamed_3,6692.0,profitandloss
147.0,unnamed_3,15328.0,profitandloss
148.0,unnamed_3,18683.0,profitandloss
149.0,unnamed_3,25377.0,profitandloss
150.0,unnamed_3,22616.0,profitandloss
151.0,unnamed_3,20304.0,profitandloss
152.0,unnamed_3,23884.0,profitandloss
153.0,unnamed_3,26468.0,profitandloss
154.0,unnamed_3,26221.0,profitandloss
155.0,unnamed_3,27711.0,profitandloss
156.0,unnamed_3,38773.0,profitandloss
157.0,unnamed_3,50351.0,profitandloss
158.0,unnamed_3,54650.0,profitandloss
159.0,unnamed_3,9749.0,profitandloss
160.0,unnamed_3,9161.0,profitandloss
161.0,unnamed_3,9955.0,profitandloss
162.0,unnamed_3,9437.0,profitandloss
163.0,unnamed_3,20094.0,profitandloss
164.0,unnamed_3,23609.0,profitandloss
165.0,unnamed_3,26041.0,profitandloss
166.0,unnamed_3,27104.0,profitandloss
167.0,unnamed_3,24516.0,profitandloss
168.0,unnamed_3,28965.0,profitandloss
169.0,unnamed_3,38937.0,profitandloss
170.0,unnamed_3,33160.0,profitandloss
171.0,unnamed_3,32850.0,profitandloss
172.0,unnamed_3,3769.0,profitandloss
173.0,unnamed_3,4357.0,profitandloss
174.0,unnamed_3,5129.0,profitandloss
175.0,unnamed_3,6150.0,profitandloss
176.0,unnamed_3,7256.0,profitandloss
177.0,unnamed_3,8243.0,profitandloss
178.0,unnamed_3,9617.0,profitandloss
179.0,unnamed_3,11247.0,profitandloss
180.0,unnamed_3,10560.0,profitandloss
181.0,unnamed_3,14663.0,profitandloss
182.0,unnamed_3,16612.0,profitandloss
183.0,unnamed_3,19059.0,profitandloss
184.0,unnamed_3,20469.0,profitandloss
185.0,unnamed_3,10504.0,profitandloss
186.0,unnamed_3,12220.0,profitandloss
187.0,unnamed_3,13615.0,profitandloss
188.0,unnamed_3,14271.0,profitandloss
189.0,unnamed_3,15062.0,profitandloss
190.0,unnamed_3,16825.0,profitandloss
191.0,unnamed_3,19240.0,profitandloss
192.0,unnamed_3,20211.0,profitandloss
193.0,unnamed_3,21713.0,profitandloss
194.0,unnamed_3,29101.0,profitandloss
195.0,unnamed_3,34489.0,profitandloss
196.0,unnamed_3,35495.0,profitandloss
197.0,unnamed_3,34831.0,profitandloss
198.0,unnamed_3,1374.0,profitandloss
199.0,unnamed_3,1719.0,profitandloss
200.0,unnamed_3,1875.0,profitandloss
201.0,unnamed_3,1696.0,profitandloss
202.0,unnamed_3,3038.0,profitandloss
203.0,unnamed_3,4378.0,profitandloss
204.0,unnamed_3,4475.0,profitandloss
205.0,unnamed_3,4826.0,profitandloss
206.0,unnamed_3,20025.0,profitandloss
207.0,unnamed_3,20137.0,profitandloss
208.0,unnamed_3,21595.0,profitandloss
209.0,unnamed_3,22574.0,profitandloss
210.0,unnamed_3,21755.0,profitandloss
211.0,unnamed_3,25210.0,profitandloss
212.0,unnamed_3,30358.0,profitandloss
213.0,unnamed_3,29919.0,profitandloss
214.0,unnamed_3,27741.0,profitandloss
215.0,unnamed_3,33145.0,profitandloss
216.0,unnamed_3,36455.0,profitandloss
217.0,unnamed_3,44870.0,profitandloss
218.0,unnamed_3,48900.0,profitandloss
219.0,unnamed_3,27183.0,profitandloss
220.0,unnamed_3,30641.0,profitandloss
221.0,unnamed_3,35479.0,profitandloss
222.0,unnamed_3,40988.0,profitandloss
223.0,unnamed_3,44542.0,profitandloss
224.0,unnamed_3,45780.0,profitandloss
225.0,unnamed_3,54986.0,profitandloss
226.0,unnamed_3,62635.0,profitandloss
227.0,unnamed_3,63346.0,profitandloss
228.0,unnamed_3,67377.0,profitandloss
229.0,unnamed_3,85164.0,profitandloss
230.0,unnamed_3,109369.0,profitandloss
231.0,unnamed_3,120659.0,profitandloss
232.0,unnamed_3,8055.0,profitandloss
233.0,unnamed_3,6023.0,profitandloss
234.0,unnamed_3,11335.0,profitandloss
235.0,unnamed_3,20533.0,profitandloss
236.0,unnamed_3,24507.0,profitandloss
237.0,unnamed_3,32862.0,profitandloss
238.0,unnamed_3,42605.0,profitandloss
239.0,unnamed_3,54351.0,profitandloss
240.0,unnamed_3,60592.0,profitandloss
241.0,unnamed_3,68406.0,profitandloss
242.0,unnamed_3,82072.0,profitandloss
243.0,unnamed_3,110382.0,profitandloss
244.0,unnamed_3,126263.0,profitandloss
245.0,unnamed_3,337.0,profitandloss
246.0,unnamed_3,423.0,profitandloss
247.0,unnamed_3,524.0,profitandloss
248.0,unnamed_3,470.0,profitandloss
249.0,unnamed_3,842.0,profitandloss
250.0,unnamed_3,420.0,profitandloss
251.0,unnamed_3,431.0,profitandloss
252.0,unnamed_3,435.0,profitandloss
253.0,unnamed_3,457.0,profitandloss
254.0,unnamed_3,484.0,profitandloss
255.0,unnamed_3,522.0,profitandloss
256.0,unnamed_3,1702.0,profitandloss
257.0,unnamed_3,1733.0,profitandloss
258.0,unnamed_3,5392.0,profitandloss
259.0,unnamed_3,7299.0,profitandloss
260.0,unnamed_3,9970.0,profitandloss
261.0,unnamed_3,12746.0,profitandloss
262.0,unnamed_3,18487.0,profitandloss
263.0,unnamed_3,26374.0,profitandloss
264.0,unnamed_3,26673.0,profitandloss
265.0,unnamed_3,31641.0,profitandloss
266.0,unnamed_3,41411.0,profitandloss
267.0,unnamed_3,54972.0,profitandloss
268.0,unnamed_3,62279.0,profitandloss
269.0,unnamed_3,36442.0,profitandloss
270.0,unnamed_3,40463.0,profitandloss
271.0,unnamed_3,44915.0,profitandloss
272.0,unnamed_3,45799.0,profitandloss
273.0,unnamed_3,44473.0,profitandloss
274.0,unnamed_3,46056.0,profitandloss
275.0,unnamed_3,52906.0,profitandloss
276.0,unnamed_3,78895.0,profitandloss
277.0,unnamed_3,74314.0,profitandloss
278.0,unnamed_3,73385.0,profitandloss
279.0,unnamed_3,94503.0,profitandloss
280.0,unnamed_3,118379.0,profitandloss
281.0,unnamed_3,124144.0,profitandloss
282.0,unnamed_3,76947.0,profitandloss
283.0,unnamed_3,85864.0,profitandloss
284.0,unnamed_3,96101.0,profitandloss
285.0,unnamed_3,96532.0,profitandloss
286.0,unnamed_3,95468.0,profitandloss
287.0,unnamed_3,82639.0,profitandloss
288.0,unnamed_3,80780.0,profitandloss
289.0,unnamed_3,87539.0,profitandloss
290.0,unnamed_3,100616.0,profitandloss
291.0,unnamed_3,116547.0,profitandloss
292.0,unnamed_3,139145.0,profitandloss
293.0,unnamed_3,149982.0,profitandloss
294.0,unnamed_3,155478.0,profitandloss
295.0,unnamed_3,6273.0,profitandloss
296.0,unnamed_3,6518.0,profitandloss
297.0,unnamed_3,7093.0,profitandloss
298.0,unnamed_3,7354.0,profitandloss
299.0,unnamed_3,8656.0,profitandloss
300.0,unnamed_3,10401.0,profitandloss
301.0,unnamed_3,12164.0,profitandloss
302.0,unnamed_3,12968.0,profitandloss
303.0,unnamed_3,14109.0,profitandloss
304.0,unnamed_3,15368.0,profitandloss
305.0,unnamed_3,17734.0,profitandloss
306.0,unnamed_3,20268.0,profitandloss
307.0,unnamed_3,21575.0,profitandloss
308.0,unnamed_3,48903.0,profitandloss
309.0,unnamed_3,39561.0,profitandloss
310.0,unnamed_3,31323.0,profitandloss
311.0,unnamed_3,25505.0,profitandloss
312.0,unnamed_3,28465.0,profitandloss
313.0,unnamed_3,28827.0,profitandloss
314.0,unnamed_3,30441.0,profitandloss
315.0,unnamed_3,21463.0,profitandloss
316.0,unnamed_3,17309.0,profitandloss
317.0,unnamed_3,21211.0,profitandloss
318.0,unnamed_3,23365.0,profitandloss
319.0,unnamed_3,23893.0,profitandloss
320.0,unnamed_3,25833.0,profitandloss
321.0,unnamed_3,8659.0,profitandloss
322.0,unnamed_3,8757.0,profitandloss
323.0,unnamed_3,12086.0,profitandloss
324.0,unnamed_3,9701.0,profitandloss
325.0,unnamed_3,10435.0,profitandloss
326.0,unnamed_3,11690.0,profitandloss
327.0,unnamed_3,12085.0,profitandloss
328.0,unnamed_3,9842.0,profitandloss
329.0,unnamed_3,9718.0,profitandloss
330.0,unnamed_3,11782.0,profitandloss
331.0,unnamed_3,14929.0,profitandloss
332.0,unnamed_3,16727.0,profitandloss
333.0,unnamed_3,17150.0,profitandloss
334.0,unnamed_3,242181.0,profitandloss
335.0,unnamed_3,264421.0,profitandloss
336.0,unnamed_3,242598.0,profitandloss
337.0,unnamed_3,187815.0,profitandloss
338.0,unnamed_3,201251.0,profitandloss
339.0,unnamed_3,235895.0,profitandloss
340.0,unnamed_3,298226.0,profitandloss
341.0,unnamed_3,284572.0,profitandloss
342.0,unnamed_3,230171.0,profitandloss
343.0,unnamed_3,346791.0,profitandloss
344.0,unnamed_3,473187.0,profitandloss
345.0,unnamed_3,448083.0,profitandloss
346.0,unnamed_3,445601.0,profitandloss
347.0,unnamed_3,6185.0,profitandloss
348.0,unnamed_3,6913.0,profitandloss
349.0,unnamed_3,7858.0,profitandloss
350.0,unnamed_3,8397.0,profitandloss
351.0,unnamed_3,9054.0,profitandloss
352.0,unnamed_3,9914.0,profitandloss
353.0,unnamed_3,11055.0,profitandloss
354.0,unnamed_3,11600.0,profitandloss
355.0,unnamed_3,13136.0,profitandloss
356.0,unnamed_3,14136.0,profitandloss
357.0,unnamed_3,16301.0,profitandloss
358.0,unnamed_3,16769.0,profitandloss
359.0,unnamed_3,17244.0,profitandloss
360.0,unnamed_3,34070.0,profitandloss
361.0,unnamed_3,39570.0,profitandloss
362.0,unnamed_3,43813.0,profitandloss
363.0,unnamed_3,44039.0,profitandloss
364.0,unnamed_3,41457.0,profitandloss
365.0,unnamed_3,41345.0,profitandloss
366.0,unnamed_3,47951.0,profitandloss
367.0,unnamed_3,49759.0,profitandloss
368.0,unnamed_3,70253.0,profitandloss
369.0,unnamed_3,70614.0,profitandloss
370.0,unnamed_3,85885.0,profitandloss
371.0,unnamed_3,110519.0,profitandloss
372.0,unnamed_3,119392.0,profitandloss
373.0,unnamed_3,2570.0,profitandloss
374.0,unnamed_3,3279.0,profitandloss
375.0,unnamed_3,3715.0,profitandloss
376.0,unnamed_3,4214.0,profitandloss
377.0,unnamed_3,4694.0,profitandloss
378.0,unnamed_3,5559.0,profitandloss
379.0,unnamed_3,7108.0,profitandloss
380.0,unnamed_3,8712.0,profitandloss
381.0,unnamed_3,9583.0,profitandloss
382.0,unnamed_3,10148.0,profitandloss
383.0,unnamed_3,12884.0,profitandloss
384.0,unnamed_3,19163.0,profitandloss
385.0,unnamed_3,22502.0,profitandloss
386.0,unnamed_3,8279.0,profitandloss
387.0,unnamed_3,10173.0,profitandloss
388.0,unnamed_3,11345.0,profitandloss
389.0,unnamed_3,13790.0,profitandloss
390.0,unnamed_3,14394.0,profitandloss
391.0,unnamed_3,15156.0,profitandloss
392.0,unnamed_3,16362.0,profitandloss
393.0,unnamed_3,17132.0,profitandloss
394.0,unnamed_3,19160.0,profitandloss
395.0,unnamed_3,21763.0,profitandloss
396.0,unnamed_3,22753.0,profitandloss
397.0,unnamed_3,25774.0,profitandloss
398.0,unnamed_3,26981.0,profitandloss
399.0,unnamed_3,68303.0,profitandloss
400.0,unnamed_3,70608.0,profitandloss
401.0,unnamed_3,74120.0,profitandloss
402.0,unnamed_3,77861.0,profitandloss
403.0,unnamed_3,78164.0,profitandloss
404.0,unnamed_3,85244.0,profitandloss
405.0,unnamed_3,99586.0,profitandloss
406.0,unnamed_3,96080.0,profitandloss
407.0,unnamed_3,90026.0,profitandloss
408.0,unnamed_3,109715.0,profitandloss
409.0,unnamed_3,138252.0,profitandloss
410.0,unnamed_3,142324.0,profitandloss
411.0,unnamed_3,140328.0,profitandloss
412.0,unnamed_3,6140.0,profitandloss
413.0,unnamed_3,7058.0,profitandloss
414.0,unnamed_3,7795.0,profitandloss
415.0,unnamed_3,7780.0,profitandloss
416.0,unnamed_3,7614.0,profitandloss
417.0,unnamed_3,7722.0,profitandloss
418.0,unnamed_3,8515.0,profitandloss
419.0,unnamed_3,8685.0,profitandloss
420.0,unnamed_3,9562.0,profitandloss
421.0,unnamed_3,10889.0,profitandloss
422.0,unnamed_3,11530.0,profitandloss
423.0,unnamed_3,12404.0,profitandloss
424.0,unnamed_3,12447.0,profitandloss
425.0,unnamed_3,2145.0,profitandloss
426.0,unnamed_3,2532.0,profitandloss
427.0,unnamed_3,3115.0,profitandloss
428.0,unnamed_3,3776.0,profitandloss
429.0,unnamed_3,4064.0,profitandloss
430.0,unnamed_3,3891.0,profitandloss
431.0,unnamed_3,4946.0,profitandloss
432.0,unnamed_3,5394.0,profitandloss
433.0,unnamed_3,6969.0,profitandloss
434.0,unnamed_3,8960.0,profitandloss
435.0,unnamed_3,7767.0,profitandloss
436.0,unnamed_3,7845.0,profitandloss
437.0,unnamed_3,8614.0,profitandloss
438.0,unnamed_3,7773.0,profitandloss
439.0,unnamed_3,8298.0,profitandloss
440.0,unnamed_3,7649.0,profitandloss
441.0,unnamed_3,9926.0,profitandloss
442.0,unnamed_3,8221.0,profitandloss
443.0,unnamed_3,6707.0,profitandloss
444.0,unnamed_3,8366.0,profitandloss
445.0,unnamed_3,6083.0,profitandloss
446.0,unnamed_3,5414.0,profitandloss
447.0,unnamed_3,5717.0,profitandloss
448.0,unnamed_3,5695.0,profitandloss
449.0,unnamed_3,6427.0,profitandloss
450.0,unnamed_3,7001.0,profitandloss
451.0,unnamed_3,3341.0,profitandloss
452.0,unnamed_3,4686.0,profitandloss
453.0,unnamed_3,6439.0,profitandloss
454.0,unnamed_3,8584.0,profitandloss
455.0,unnamed_3,11898.0,profitandloss
456.0,unnamed_3,15033.0,profitandloss
457.0,unnamed_3,20005.0,profitandloss
458.0,unnamed_3,24870.0,profitandloss
459.0,unnamed_3,24143.0,profitandloss
460.0,unnamed_3,30976.0,profitandloss
461.0,unnamed_3,42840.0,profitandloss
462.0,unnamed_3,50789.0,profitandloss
463.0,unnamed_3,57213.0,profitandloss
464.0,unnamed_3,11833.0,profitandloss
465.0,unnamed_3,13415.0,profitandloss
466.0,unnamed_3,15023.0,profitandloss
467.0,unnamed_3,15568.0,profitandloss
468.0,unnamed_3,14196.0,profitandloss
469.0,unnamed_3,14281.0,profitandloss
470.0,unnamed_3,15448.0,profitandloss
471.0,unnamed_3,17517.0,profitandloss
472.0,unnamed_3,19048.0,profitandloss
473.0,unnamed_3,21545.0,profitandloss
474.0,unnamed_3,24670.0,profitandloss
475.0,unnamed_3,28011.0,profitandloss
476.0,unnamed_3,31229.0,profitandloss
477.0,unnamed_3,6390.0,profitandloss
478.0,unnamed_3,6810.0,profitandloss
479.0,unnamed_3,8738.0,profitandloss
480.0,unnamed_3,6173.0,profitandloss
481.0,unnamed_3,7033.0,profitandloss
482.0,unnamed_3,8965.0,profitandloss
483.0,unnamed_3,9797.0,profitandloss
484.0,unnamed_3,9154.0,profitandloss
485.0,unnamed_3,8720.0,profitandloss
486.0,unnamed_3,10298.0,profitandloss
487.0,unnamed_3,14442.0,profitandloss
488.0,unnamed_3,16536.0,profitandloss
489.0,unnamed_3,17091.0,profitandloss
490.0,unnamed_3,50974.0,profitandloss
491.0,unnamed_3,61765.0,profitandloss
492.0,unnamed_3,60557.0,profitandloss
493.0,unnamed_3,52053.0,profitandloss
494.0,unnamed_3,48552.0,profitandloss
495.0,unnamed_3,54496.0,profitandloss
496.0,unnamed_3,76190.0,profitandloss
497.0,unnamed_3,72518.0,profitandloss
498.0,unnamed_3,57372.0,profitandloss
499.0,unnamed_3,92770.0,profitandloss
500.0,unnamed_3,145668.0,profitandloss
501.0,unnamed_3,133228.0,profitandloss
502.0,unnamed_3,136081.0,profitandloss
503.0,unnamed_3,6412.0,profitandloss
504.0,unnamed_3,7599.0,profitandloss
505.0,unnamed_3,8273.0,profitandloss
506.0,unnamed_3,8424.0,profitandloss
507.0,unnamed_3,9268.0,profitandloss
508.0,unnamed_3,9847.0,profitandloss
509.0,unnamed_3,10314.0,profitandloss
510.0,unnamed_3,9911.0,profitandloss
511.0,unnamed_3,11029.0,profitandloss
512.0,unnamed_3,12276.0,profitandloss
513.0,unnamed_3,13316.0,profitandloss
514.0,unnamed_3,14096.0,profitandloss
515.0,unnamed_3,14152.0,profitandloss
516.0,unnamed_3,27909.0,profitandloss
517.0,unnamed_3,28331.0,profitandloss
518.0,unnamed_3,31734.0,profitandloss
519.0,unnamed_3,34487.0,profitandloss
520.0,unnamed_3,36068.0,profitandloss
521.0,unnamed_3,55894.0,profitandloss
522.0,unnamed_3,77200.0,profitandloss
523.0,unnamed_3,68252.0,profitandloss
524.0,unnamed_3,76404.0,profitandloss
525.0,unnamed_3,95701.0,profitandloss
526.0,unnamed_3,117627.0,profitandloss
527.0,unnamed_3,130978.0,profitandloss
528.0,unnamed_3,137116.0,profitandloss
529.0,unnamed_3,14328.0,profitandloss
530.0,unnamed_3,15135.0,profitandloss
531.0,unnamed_3,15730.0,profitandloss
532.0,unnamed_3,16758.0,profitandloss
533.0,unnamed_3,17950.0,profitandloss
534.0,unnamed_3,18519.0,profitandloss
535.0,unnamed_3,20008.0,profitandloss
536.0,unnamed_3,21445.0,profitandloss
537.0,unnamed_3,22882.0,profitandloss
538.0,unnamed_3,24620.0,profitandloss
539.0,unnamed_3,26928.0,profitandloss
540.0,unnamed_3,30381.0,profitandloss
541.0,unnamed_3,31154.0,profitandloss
542.0,unnamed_3,7135.0,profitandloss
543.0,unnamed_3,8051.0,profitandloss
544.0,unnamed_3,8468.0,profitandloss
545.0,unnamed_3,7594.0,profitandloss
546.0,unnamed_3,6130.0,profitandloss
547.0,unnamed_3,8116.0,profitandloss
548.0,unnamed_3,10073.0,profitandloss
549.0,unnamed_3,9440.0,profitandloss
550.0,unnamed_3,10457.0,profitandloss
551.0,unnamed_3,13938.0,profitandloss
552.0,unnamed_3,16911.0,profitandloss
553.0,unnamed_3,18590.0,profitandloss
554.0,unnamed_3,20677.0,profitandloss
555.0,unnamed_3,25581.0,profitandloss
556.0,unnamed_3,32144.0,profitandloss
557.0,unnamed_3,36701.0,profitandloss
558.0,unnamed_3,31136.0,profitandloss
559.0,unnamed_3,47568.0,profitandloss
560.0,unnamed_3,50569.0,profitandloss
561.0,unnamed_3,60427.0,profitandloss
562.0,unnamed_3,70676.0,profitandloss
563.0,unnamed_3,75379.0,profitandloss
564.0,unnamed_3,85651.0,profitandloss
565.0,unnamed_3,101456.0,profitandloss
566.0,unnamed_3,109913.0,profitandloss
567.0,unnamed_3,115308.0,profitandloss
568.0,unnamed_3,35861.0,profitandloss
569.0,unnamed_3,42555.0,profitandloss
570.0,unnamed_3,50666.0,profitandloss
571.0,unnamed_3,63162.0,profitandloss
572.0,unnamed_3,73271.0,profitandloss
573.0,unnamed_3,85288.0,profitandloss
574.0,unnamed_3,105161.0,profitandloss
575.0,unnamed_3,122189.0,profitandloss
576.0,unnamed_3,128552.0,profitandloss
577.0,unnamed_3,135936.0,profitandloss
578.0,unnamed_3,170754.0,profitandloss
579.0,unnamed_3,283649.0,profitandloss
580.0,unnamed_3,329022.0,profitandloss
581.0,unnamed_3,14060.0,profitandloss
582.0,unnamed_3,17166.0,profitandloss
583.0,unnamed_3,27215.0,profitandloss
584.0,unnamed_3,18141.0,profitandloss
585.0,unnamed_3,30647.0,profitandloss
586.0,unnamed_3,32260.0,profitandloss
587.0,unnamed_3,38855.0,profitandloss
588.0,unnamed_3,29380.0,profitandloss
589.0,unnamed_3,71528.0,profitandloss
590.0,unnamed_3,67126.0,profitandloss
591.0,unnamed_3,70207.0,profitandloss
592.0,unnamed_3,101482.0,profitandloss
593.0,unnamed_3,100772.0,profitandloss
594.0,unnamed_3,25275.0,profitandloss
595.0,unnamed_3,27538.0,profitandloss
596.0,unnamed_3,28457.0,profitandloss
597.0,unnamed_3,28610.0,profitandloss
598.0,unnamed_3,32458.0,profitandloss
599.0,unnamed_3,33971.0,profitandloss
600.0,unnamed_3,29254.0,profitandloss
601.0,unnamed_3,30959.0,profitandloss
602.0,unnamed_3,29551.0,profitandloss
603.0,unnamed_3,34158.0,profitandloss
604.0,unnamed_3,37789.0,profitandloss
605.0,unnamed_3,40098.0,profitandloss
606.0,unnamed_3,80193.0,profitandloss
607.0,unnamed_3,87695.0,profitandloss
608.0,unnamed_3,104281.0,profitandloss
609.0,unnamed_3,98759.0,profitandloss
610.0,unnamed_3,100184.0,profitandloss
611.0,unnamed_3,115183.0,profitandloss
612.0,unnamed_3,130542.0,profitandloss
613.0,unnamed_3,118144.0,profitandloss
614.0,unnamed_3,132008.0,profitandloss
615.0,unnamed_3,195059.0,profitandloss
616.0,unnamed_3,223202.0,profitandloss
617.0,unnamed_3,215962.0,profitandloss
618.0,unnamed_3,224018.0,profitandloss
619.0,unnamed_3,27004.0,profitandloss
620.0,unnamed_3,29234.0,profitandloss
621.0,unnamed_3,31972.0,profitandloss
622.0,unnamed_3,32186.0,profitandloss
623.0,unnamed_3,33162.0,profitandloss
624.0,unnamed_3,35545.0,profitandloss
625.0,unnamed_3,39310.0,profitandloss
626.0,unnamed_3,39783.0,profitandloss
627.0,unnamed_3,47028.0,profitandloss
628.0,unnamed_3,52446.0,profitandloss
629.0,unnamed_3,60580.0,profitandloss
630.0,unnamed_3,61896.0,profitandloss
631.0,unnamed_3,62661.0,profitandloss
632.0,unnamed_3,44885.0,profitandloss
633.0,unnamed_3,49479.0,profitandloss
634.0,unnamed_3,54964.0,profitandloss
635.0,unnamed_3,59294.0,profitandloss
636.0,unnamed_3,60940.0,profitandloss
637.0,unnamed_3,62162.0,profitandloss
638.0,unnamed_3,71982.0,profitandloss
639.0,unnamed_3,84836.0,profitandloss
640.0,unnamed_3,89163.0,profitandloss
641.0,unnamed_3,95407.0,profitandloss
642.0,unnamed_3,121067.0,profitandloss
643.0,unnamed_3,159516.0,profitandloss
644.0,unnamed_3,180551.0,profitandloss
645.0,unnamed_3,4012.0,profitandloss
646.0,unnamed_3,4352.0,profitandloss
647.0,unnamed_3,4234.0,profitandloss
648.0,unnamed_3,6033.0,profitandloss
649.0,unnamed_3,7520.0,profitandloss
650.0,unnamed_3,6912.0,profitandloss
651.0,unnamed_3,11163.0,profitandloss
652.0,unnamed_3,11517.0,profitandloss
653.0,unnamed_3,12161.0,profitandloss
654.0,unnamed_3,16026.0,profitandloss
655.0,unnamed_3,17876.0,profitandloss
656.0,unnamed_3,20487.0,profitandloss
657.0,unnamed_3,23301.0,profitandloss
658.0,unnamed_3,20025.0,profitandloss
659.0,unnamed_3,21888.0,profitandloss
660.0,unnamed_3,34453.0,profitandloss
661.0,unnamed_3,20849.0,profitandloss
662.0,unnamed_3,37816.0,profitandloss
663.0,unnamed_3,38832.0,profitandloss
664.0,unnamed_3,41463.0,profitandloss
665.0,unnamed_3,21025.0,profitandloss
666.0,unnamed_3,83182.0,profitandloss
667.0,unnamed_3,63564.0,profitandloss
668.0,unnamed_3,50478.0,profitandloss
669.0,unnamed_3,90307.0,profitandloss
670.0,unnamed_3,77572.0,profitandloss
697.0,unnamed_3,6983.0,profitandloss
698.0,unnamed_3,8254.0,profitandloss
699.0,unnamed_3,9692.0,profitandloss
700.0,unnamed_3,11872.0,profitandloss
701.0,unnamed_3,14406.0,profitandloss
702.0,unnamed_3,17281.0,profitandloss
703.0,unnamed_3,22261.0,profitandloss
704.0,unnamed_3,28783.0,profitandloss
705.0,unnamed_3,29000.0,profitandloss
706.0,unnamed_3,30822.0,profitandloss
707.0,unnamed_3,36368.0,profitandloss
708.0,unnamed_3,45748.0,profitandloss
709.0,unnamed_3,49004.0,profitandloss
710.0,unnamed_3,40352.0,profitandloss
711.0,unnamed_3,50133.0,profitandloss
712.0,unnamed_3,53319.0,profitandloss
713.0,unnamed_3,62441.0,profitandloss
714.0,unnamed_3,68484.0,profitandloss
715.0,unnamed_3,70522.0,profitandloss
716.0,unnamed_3,82675.0,profitandloss
717.0,unnamed_3,90791.0,profitandloss
718.0,unnamed_3,100472.0,profitandloss
719.0,unnamed_3,121641.0,profitandloss
720.0,unnamed_3,146767.0,profitandloss
721.0,unnamed_3,153670.0,profitandloss
722.0,unnamed_3,159988.0,profitandloss
723.0,unnamed_3,461780.0,profitandloss
724.0,unnamed_3,488345.0,profitandloss
725.0,unnamed_3,449507.0,profitandloss
726.0,unnamed_3,346045.0,profitandloss
727.0,unnamed_3,355379.0,profitandloss
728.0,unnamed_3,421492.0,profitandloss
729.0,unnamed_3,528158.0,profitandloss
730.0,unnamed_3,483763.0,profitandloss
731.0,unnamed_3,363950.0,profitandloss
732.0,unnamed_3,589321.0,profitandloss
733.0,unnamed_3,841756.0,profitandloss
734.0,unnamed_3,776352.0,profitandloss
735.0,unnamed_3,761485.0,profitandloss
736.0,unnamed_3,1059.0,profitandloss
737.0,unnamed_3,1367.0,profitandloss
738.0,unnamed_3,1520.0,profitandloss
739.0,unnamed_3,1466.0,profitandloss
740.0,unnamed_3,1870.0,profitandloss
741.0,unnamed_3,2264.0,profitandloss
742.0,unnamed_3,777.0,profitandloss
743.0,unnamed_3,1879.0,profitandloss
744.0,unnamed_3,3541.0,profitandloss
745.0,unnamed_3,4270.0,profitandloss
746.0,unnamed_3,4455.0,profitandloss
747.0,unnamed_3,5550.0,profitandloss
748.0,unnamed_3,6197.0,profitandloss
749.0,unnamed_3,6939.0,profitandloss
750.0,unnamed_3,7507.0,profitandloss
751.0,unnamed_3,9047.0,profitandloss
752.0,unnamed_3,9267.0,profitandloss
753.0,unnamed_3,11134.0,profitandloss
754.0,unnamed_3,13421.0,profitandloss
755.0,unnamed_3,15771.0,profitandloss
756.0,unnamed_3,20299.0,profitandloss
757.0,unnamed_3,23722.0,profitandloss
758.0,unnamed_3,26645.0,profitandloss
759.0,unnamed_3,26902.0,profitandloss
760.0,unnamed_3,31618.0,profitandloss
761.0,unnamed_3,35306.0,profitandloss
762.0,unnamed_3,38817.0,profitandloss
763.0,unnamed_3,39192.0,profitandloss
764.0,unnamed_3,42768.0,profitandloss
765.0,unnamed_3,43449.0,profitandloss
766.0,unnamed_3,48340.0,profitandloss
767.0,unnamed_3,49388.0,profitandloss
768.0,unnamed_3,49257.0,profitandloss
769.0,unnamed_3,60645.0,profitandloss
770.0,unnamed_3,70919.0,profitandloss
771.0,unnamed_3,70866.0,profitandloss
772.0,unnamed_3,75135.0,profitandloss
773.0,unnamed_3,19807.0,profitandloss
774.0,unnamed_3,19286.0,profitandloss
775.0,unnamed_3,19401.0,profitandloss
776.0,unnamed_3,19469.0,profitandloss
777.0,unnamed_3,21603.0,profitandloss
778.0,unnamed_3,33286.0,profitandloss
779.0,unnamed_3,46966.0,profitandloss
780.0,unnamed_3,37923.0,profitandloss
781.0,unnamed_3,34579.0,profitandloss
782.0,unnamed_3,51166.0,profitandloss
783.0,unnamed_3,53212.0,profitandloss
784.0,unnamed_3,50354.0,profitandloss
785.0,unnamed_3,50019.0,profitandloss
786.0,unnamed_3,45.0,profitandloss
787.0,unnamed_3,1855.0,profitandloss
788.0,unnamed_3,1968.0,profitandloss
789.0,unnamed_3,8870.0,profitandloss
790.0,unnamed_3,8648.0,profitandloss
791.0,unnamed_3,9347.0,profitandloss
792.0,unnamed_3,9824.0,profitandloss
793.0,unnamed_3,8263.0,profitandloss
794.0,unnamed_3,8049.0,profitandloss
795.0,unnamed_3,9138.0,profitandloss
796.0,unnamed_3,8273.0,profitandloss
797.0,unnamed_3,6922.0,profitandloss
798.0,unnamed_3,8167.0,profitandloss
799.0,unnamed_3,10332.0,profitandloss
800.0,unnamed_3,11486.0,profitandloss
801.0,unnamed_3,11416.0,profitandloss
802.0,unnamed_3,38210.0,profitandloss
803.0,unnamed_3,51220.0,profitandloss
804.0,unnamed_3,52972.0,profitandloss
805.0,unnamed_3,41546.0,profitandloss
806.0,unnamed_3,55604.0,profitandloss
807.0,unnamed_3,71933.0,profitandloss
808.0,unnamed_3,84757.0,profitandloss
809.0,unnamed_3,73326.0,profitandloss
810.0,unnamed_3,79839.0,profitandloss
811.0,unnamed_3,146371.0,profitandloss
812.0,unnamed_3,165960.0,profitandloss
813.0,unnamed_3,175006.0,profitandloss
814.0,unnamed_3,170274.0,profitandloss
815.0,unnamed_3,10838.0,profitandloss
816.0,unnamed_3,11986.0,profitandloss
817.0,unnamed_3,13319.0,profitandloss
818.0,unnamed_3,20402.0,profitandloss
819.0,unnamed_3,22324.0,profitandloss
820.0,unnamed_3,25131.0,profitandloss
821.0,unnamed_3,29831.0,profitandloss
822.0,unnamed_3,33474.0,profitandloss
823.0,unnamed_3,32820.0,profitandloss
824.0,unnamed_3,33741.0,profitandloss
825.0,unnamed_3,42151.0,profitandloss
826.0,unnamed_3,56237.0,profitandloss
827.0,unnamed_3,64053.0,profitandloss
828.0,unnamed_3,571508.0,profitandloss
829.0,unnamed_3,628043.0,profitandloss
830.0,unnamed_3,690914.0,profitandloss
831.0,unnamed_3,723606.0,profitandloss
832.0,unnamed_3,784628.0,profitandloss
833.0,unnamed_3,845966.0,profitandloss
834.0,unnamed_3,896106.0,profitandloss
835.0,unnamed_3,2173.0,profitandloss
836.0,unnamed_3,2954.0,profitandloss
837.0,unnamed_3,6236.0,profitandloss
838.0,unnamed_3,8249.0,profitandloss
839.0,unnamed_3,7926.0,profitandloss
840.0,unnamed_3,9677.0,profitandloss
841.0,unnamed_3,11907.0,profitandloss
842.0,unnamed_3,12443.0,profitandloss
843.0,unnamed_3,5449.0,profitandloss
844.0,unnamed_3,9233.0,profitandloss
845.0,unnamed_3,9470.0,profitandloss
846.0,unnamed_3,10316.0,profitandloss
847.0,unnamed_3,13574.0,profitandloss
848.0,unnamed_3,74426.0,profitandloss
849.0,unnamed_3,85054.0,profitandloss
850.0,unnamed_3,91929.0,profitandloss
851.0,unnamed_3,101122.0,profitandloss
852.0,unnamed_3,109312.0,profitandloss
853.0,unnamed_3,119683.0,profitandloss
854.0,unnamed_3,135220.0,profitandloss
855.0,unnamed_3,145452.0,profitandloss
856.0,unnamed_3,135979.0,profitandloss
857.0,unnamed_3,156521.0,profitandloss
858.0,unnamed_3,183341.0,profitandloss
859.0,unnamed_3,221113.0,profitandloss
860.0,unnamed_3,238881.0,profitandloss
861.0,unnamed_3,3851.0,profitandloss
862.0,unnamed_3,4920.0,profitandloss
863.0,unnamed_3,4978.0,profitandloss
864.0,unnamed_3,5846.0,profitandloss
865.0,unnamed_3,6501.0,profitandloss
866.0,unnamed_3,7306.0,profitandloss
867.0,unnamed_3,9446.0,profitandloss
868.0,unnamed_3,10879.0,profitandloss
869.0,unnamed_3,12370.0,profitandloss
870.0,unnamed_3,26109.0,profitandloss
871.0,unnamed_3,33183.0,profitandloss
872.0,unnamed_3,35517.0,profitandloss
873.0,unnamed_3,37129.0,profitandloss
874.0,unnamed_3,68693.0,profitandloss
875.0,unnamed_3,74001.0,profitandloss
876.0,unnamed_3,71448.0,profitandloss
877.0,unnamed_3,75841.0,profitandloss
878.0,unnamed_3,83773.0,profitandloss
879.0,unnamed_3,92094.0,profitandloss
880.0,unnamed_3,104721.0,profitandloss
881.0,unnamed_3,75382.0,profitandloss
882.0,unnamed_3,74278.0,profitandloss
883.0,unnamed_3,90171.0,profitandloss
884.0,unnamed_3,121269.0,profitandloss
885.0,unnamed_3,139078.0,profitandloss
886.0,unnamed_3,145893.0,profitandloss
887.0,unnamed_3,44304.0,profitandloss
888.0,unnamed_3,44542.0,profitandloss
889.0,unnamed_3,50801.0,profitandloss
890.0,unnamed_3,57589.0,profitandloss
891.0,unnamed_3,68085.0,profitandloss
892.0,unnamed_3,79809.0,profitandloss
893.0,unnamed_3,86068.0,profitandloss
894.0,unnamed_3,75660.0,profitandloss
895.0,unnamed_3,70372.0,profitandloss
896.0,unnamed_3,88330.0,profitandloss
897.0,unnamed_3,118410.0,profitandloss
898.0,unnamed_3,141858.0,profitandloss
899.0,unnamed_3,145213.0,profitandloss
900.0,unnamed_3,25298.0,profitandloss
901.0,unnamed_3,30414.0,profitandloss
902.0,unnamed_3,34661.0,profitandloss
903.0,unnamed_3,37216.0,profitandloss
904.0,unnamed_3,42376.0,profitandloss
905.0,unnamed_3,56303.0,profitandloss
906.0,unnamed_3,63523.0,profitandloss
907.0,unnamed_3,60729.0,profitandloss
908.0,unnamed_3,57370.0,profitandloss
909.0,unnamed_3,63774.0,profitandloss
910.0,unnamed_3,78788.0,profitandloss
911.0,unnamed_3,98692.0,profitandloss
912.0,unnamed_3,109382.0,profitandloss
913.0,unnamed_3,472.0,profitandloss
914.0,unnamed_3,567.0,profitandloss
915.0,unnamed_3,732.0,profitandloss
916.0,unnamed_3,748.0,profitandloss
917.0,unnamed_3,888.0,profitandloss
918.0,unnamed_3,988.0,profitandloss
919.0,unnamed_3,1151.0,profitandloss
920.0,unnamed_3,1312.0,profitandloss
921.0,unnamed_3,1128.0,profitandloss
922.0,unnamed_3,1589.0,profitandloss
923.0,unnamed_3,2346.0,profitandloss
924.0,unnamed_3,2536.0,profitandloss
925.0,unnamed_3,2662.0,profitandloss
926.0,unnamed_3,9101.0,profitandloss
927.0,unnamed_3,9855.0,profitandloss
928.0,unnamed_3,8175.0,profitandloss
929.0,unnamed_3,9141.0,profitandloss
930.0,unnamed_3,10010.0,profitandloss
931.0,unnamed_3,11292.0,profitandloss
932.0,unnamed_3,12369.0,profitandloss
933.0,unnamed_3,13350.0,profitandloss
934.0,unnamed_3,14741.0,profitandloss
935.0,unnamed_3,16897.0,profitandloss
936.0,unnamed_3,19126.0,profitandloss
937.0,unnamed_3,24394.0,profitandloss
938.0,unnamed_3,19786.0,profitandloss
939.0,unnamed_3,6381.0,profitandloss
940.0,unnamed_3,7389.0,profitandloss
941.0,unnamed_3,8221.0,profitandloss
942.0,unnamed_3,8354.0,profitandloss
943.0,unnamed_3,8623.0,profitandloss
944.0,unnamed_3,7755.0,profitandloss
945.0,unnamed_3,8983.0,profitandloss
946.0,unnamed_3,10008.0,profitandloss
947.0,unnamed_3,9648.0,profitandloss
948.0,unnamed_3,9144.0,profitandloss
949.0,unnamed_3,10607.0,profitandloss
950.0,unnamed_3,9632.0,profitandloss
951.0,unnamed_3,9690.0,profitandloss
952.0,unnamed_3,71518.0,profitandloss
953.0,unnamed_3,78330.0,profitandloss
954.0,unnamed_3,79957.0,profitandloss
955.0,unnamed_3,73396.0,profitandloss
956.0,unnamed_3,82042.0,profitandloss
957.0,unnamed_3,88083.0,profitandloss
958.0,unnamed_3,100287.0,profitandloss
959.0,unnamed_3,109464.0,profitandloss
960.0,unnamed_3,111531.0,profitandloss
961.0,unnamed_3,132669.0,profitandloss
962.0,unnamed_3,176207.0,profitandloss
963.0,unnamed_3,178501.0,profitandloss
964.0,unnamed_3,185892.0,profitandloss
965.0,unnamed_3,161984.0,profitandloss
966.0,unnamed_3,174121.0,profitandloss
967.0,unnamed_3,160923.0,profitandloss
968.0,unnamed_3,124036.0,profitandloss
969.0,unnamed_3,282506.0,profitandloss
970.0,unnamed_3,322706.0,profitandloss
971.0,unnamed_3,421624.0,profitandloss
972.0,unnamed_3,396728.0,profitandloss
973.0,unnamed_3,303849.0,profitandloss
974.0,unnamed_3,491246.0,profitandloss
975.0,unnamed_3,632291.0,profitandloss
976.0,unnamed_3,591396.0,profitandloss
977.0,unnamed_3,658694.0,profitandloss
978.0,unnamed_3,17314.0,profitandloss
979.0,unnamed_3,21407.0,profitandloss
980.0,unnamed_3,24988.0,profitandloss
981.0,unnamed_3,27861.0,profitandloss
982.0,unnamed_3,27581.0,profitandloss
983.0,unnamed_3,48624.0,profitandloss
984.0,unnamed_3,54106.0,profitandloss
985.0,unnamed_3,62189.0,profitandloss
986.0,unnamed_3,71656.0,profitandloss
987.0,unnamed_3,76262.0,profitandloss
988.0,unnamed_3,77684.0,profitandloss
989.0,unnamed_3,91508.0,profitandloss
990.0,unnamed_3,98152.0,profitandloss
991.0,unnamed_3,3678.0,profitandloss
992.0,unnamed_3,4283.0,profitandloss
993.0,unnamed_3,4844.0,profitandloss
994.0,unnamed_3,5361.0,profitandloss
995.0,unnamed_3,5617.0,profitandloss
996.0,unnamed_3,6078.0,profitandloss
997.0,unnamed_3,7078.0,profitandloss
998.0,unnamed_3,7294.0,profitandloss
999.0,unnamed_3,7293.0,profitandloss
1000.0,unnamed_3,9921.0,profitandloss
1001.0,unnamed_3,11799.0,profitandloss
1002.0,unnamed_3,12383.0,profitandloss
1003.0,unnamed_3,12901.0,profitandloss
1004.0,unnamed_3,43071.0,profitandloss
1005.0,unnamed_3,44958.0,profitandloss
1006.0,unnamed_3,48710.0,profitandloss
1007.0,unnamed_3,50804.0,profitandloss
1008.0,unnamed_3,48058.0,profitandloss
1009.0,unnamed_3,48725.0,profitandloss
1010.0,unnamed_3,52147.0,profitandloss
1011.0,unnamed_3,54918.0,profitandloss
1012.0,unnamed_3,81935.0,profitandloss
1013.0,unnamed_3,76242.0,profitandloss
1014.0,unnamed_3,86845.0,profitandloss
1015.0,unnamed_3,109065.0,profitandloss
1016.0,unnamed_3,116126.0,profitandloss
1017.0,unnamed_3,13081.0,profitandloss
1018.0,unnamed_3,15555.0,profitandloss
1019.0,unnamed_3,17540.0,profitandloss
1020.0,unnamed_3,20652.0,profitandloss
1021.0,unnamed_3,25697.0,profitandloss
1022.0,unnamed_3,29954.0,profitandloss
1023.0,unnamed_3,35059.0,profitandloss
1024.0,unnamed_3,37744.0,profitandloss
1025.0,unnamed_3,39640.0,profitandloss
1026.0,unnamed_3,41622.0,profitandloss
1027.0,unnamed_3,45603.0,profitandloss
1028.0,unnamed_3,45843.0,profitandloss
1029.0,unnamed_3,45812.0,profitandloss
1030.0,unnamed_3,13634.0,profitandloss
1031.0,unnamed_3,17223.0,profitandloss
1032.0,unnamed_3,20544.0,profitandloss
1033.0,unnamed_3,24125.0,profitandloss
1034.0,unnamed_3,24338.0,profitandloss
1035.0,unnamed_3,22658.0,profitandloss
1036.0,unnamed_3,25408.0,profitandloss
1037.0,unnamed_3,29942.0,profitandloss
1038.0,unnamed_3,35557.0,profitandloss
1039.0,unnamed_3,39276.0,profitandloss
1040.0,unnamed_3,39486.0,profitandloss
1041.0,unnamed_3,47517.0,profitandloss
1042.0,unnamed_3,51490.0,profitandloss
1043.0,unnamed_3,395957.0,profitandloss
1044.0,unnamed_3,433521.0,profitandloss
1045.0,unnamed_3,374372.0,profitandloss
1046.0,unnamed_3,272583.0,profitandloss
1047.0,unnamed_3,303954.0,profitandloss
1048.0,unnamed_3,390823.0,profitandloss
1049.0,unnamed_3,568337.0,profitandloss
1050.0,unnamed_3,596679.0,profitandloss
1051.0,unnamed_3,466307.0,profitandloss
1052.0,unnamed_3,694673.0,profitandloss
1053.0,unnamed_3,876396.0,profitandloss
1054.0,unnamed_3,899041.0,profitandloss
1055.0,unnamed_3,939838.0,profitandloss
1056.0,unnamed_3,14870.0,profitandloss
1057.0,unnamed_3,17258.0,profitandloss
1058.0,unnamed_3,23399.0,profitandloss
1059.0,unnamed_3,19324.0,profitandloss
1060.0,unnamed_3,30548.0,profitandloss
1061.0,unnamed_3,34068.0,profitandloss
1062.0,unnamed_3,44604.0,profitandloss
1063.0,unnamed_3,43798.0,profitandloss
1064.0,unnamed_3,81913.0,profitandloss
1065.0,unnamed_3,82983.0,profitandloss
1066.0,unnamed_3,80636.0,profitandloss
1067.0,unnamed_3,131988.0,profitandloss
1068.0,unnamed_3,130073.0,profitandloss
1069.0,unnamed_3,167976.0,profitandloss
1070.0,unnamed_3,189062.0,profitandloss
1071.0,unnamed_3,207974.0,profitandloss
1072.0,unnamed_3,220633.0,profitandloss
1073.0,unnamed_3,230447.0,profitandloss
1074.0,unnamed_3,228970.0,profitandloss
1075.0,unnamed_3,253322.0,profitandloss
1076.0,unnamed_3,269852.0,profitandloss
1077.0,unnamed_3,278115.0,profitandloss
1078.0,unnamed_3,289973.0,profitandloss
1079.0,unnamed_3,350845.0,profitandloss
1080.0,unnamed_3,439189.0,profitandloss
1081.0,unnamed_3,469625.0,profitandloss
1082.0,unnamed_3,5418.0,profitandloss
1083.0,unnamed_3,5715.0,profitandloss
1084.0,unnamed_3,6259.0,profitandloss
1085.0,unnamed_3,5514.0,profitandloss
1086.0,unnamed_3,8594.0,profitandloss
1087.0,unnamed_3,9833.0,profitandloss
1088.0,unnamed_3,12555.0,profitandloss
1089.0,unnamed_3,12868.0,profitandloss
1090.0,unnamed_3,13560.0,profitandloss
1091.0,unnamed_3,15010.0,profitandloss
1092.0,unnamed_3,17852.0,profitandloss
1093.0,unnamed_3,20521.0,profitandloss
1094.0,unnamed_3,19802.0,profitandloss
1095.0,unnamed_3,7009.0,profitandloss
1096.0,unnamed_3,8476.0,profitandloss
1097.0,unnamed_3,9177.0,profitandloss
1098.0,unnamed_3,10359.0,profitandloss
1099.0,unnamed_3,10903.0,profitandloss
1100.0,unnamed_3,13502.0,profitandloss
1101.0,unnamed_3,15536.0,profitandloss
1102.0,unnamed_3,16561.0,profitandloss
1103.0,unnamed_3,17422.0,profitandloss
1104.0,unnamed_3,19255.0,profitandloss
1105.0,unnamed_3,30492.0,profitandloss
1106.0,unnamed_3,36388.0,profitandloss
1107.0,unnamed_3,39864.0,profitandloss
1108.0,unnamed_3,11955.0,profitandloss
1109.0,unnamed_3,10678.0,profitandloss
1110.0,unnamed_3,10563.0,profitandloss
1111.0,unnamed_3,10837.0,profitandloss
1112.0,unnamed_3,11065.0,profitandloss
1113.0,unnamed_3,12795.0,profitandloss
1114.0,unnamed_3,13084.0,profitandloss
1115.0,unnamed_3,9946.0,profitandloss
1116.0,unnamed_3,13198.0,profitandloss
1117.0,unnamed_3,16138.0,profitandloss
1118.0,unnamed_3,19554.0,profitandloss
1119.0,unnamed_3,22240.0,profitandloss
1120.0,unnamed_3,11131.0,profitandloss
1121.0,unnamed_3,16080.0,profitandloss
1122.0,unnamed_3,27392.0,profitandloss
1123.0,unnamed_3,28487.0,profitandloss
1124.0,unnamed_3,31578.0,profitandloss
1125.0,unnamed_3,26489.0,profitandloss
1126.0,unnamed_3,29066.0,profitandloss
1127.0,unnamed_3,32838.0,profitandloss
1128.0,unnamed_3,33498.0,profitandloss
1129.0,unnamed_3,38654.0,profitandloss
1130.0,unnamed_3,43886.0,profitandloss
1131.0,unnamed_3,48497.0,profitandloss
1132.0,unnamed_3,50308.0,profitandloss
1133.0,unnamed_3,7351.0,profitandloss
1134.0,unnamed_3,7738.0,profitandloss
1135.0,unnamed_3,7993.0,profitandloss
1136.0,unnamed_3,6637.0,profitandloss
1137.0,unnamed_3,6780.0,profitandloss
1138.0,unnamed_3,6815.0,profitandloss
1139.0,unnamed_3,7252.0,profitandloss
1140.0,unnamed_3,9637.0,profitandloss
1141.0,unnamed_3,11602.0,profitandloss
1142.0,unnamed_3,12425.0,profitandloss
1143.0,unnamed_3,13783.0,profitandloss
1144.0,unnamed_3,15206.0,profitandloss
1145.0,unnamed_3,16297.0,profitandloss
1146.0,unnamed_3,188793.0,profitandloss
1147.0,unnamed_3,232834.0,profitandloss
1148.0,unnamed_3,263159.0,profitandloss
1149.0,unnamed_3,273046.0,profitandloss
1150.0,unnamed_3,269693.0,profitandloss
1151.0,unnamed_3,291550.0,profitandloss
1152.0,unnamed_3,301938.0,profitandloss
1153.0,unnamed_3,261068.0,profitandloss
1154.0,unnamed_3,249795.0,profitandloss
1155.0,unnamed_3,278454.0,profitandloss
1156.0,unnamed_3,345967.0,profitandloss
1157.0,unnamed_3,437928.0,profitandloss
1158.0,unnamed_3,440061.0,profitandloss
1159.0,unnamed_3,33177.0,profitandloss
1160.0,unnamed_3,35726.0,profitandloss
1161.0,unnamed_3,33593.0,profitandloss
1162.0,unnamed_3,29494.0,profitandloss
1163.0,unnamed_3,27588.0,profitandloss
1164.0,unnamed_3,26840.0,profitandloss
1165.0,unnamed_3,29881.0,profitandloss
1166.0,unnamed_3,29136.0,profitandloss
1167.0,unnamed_3,32703.0,profitandloss
1168.0,unnamed_3,42816.0,profitandloss
1169.0,unnamed_3,55109.0,profitandloss
1170.0,unnamed_3,61449.0,profitandloss
1171.0,unnamed_3,63489.0,profitandloss
1172.0,unnamed_3,134712.0,profitandloss
1173.0,unnamed_3,148614.0,profitandloss
1174.0,unnamed_3,139504.0,profitandloss
1175.0,unnamed_3,101965.0,profitandloss
1176.0,unnamed_3,112299.0,profitandloss
1177.0,unnamed_3,123249.0,profitandloss
1178.0,unnamed_3,157669.0,profitandloss
1179.0,unnamed_3,139817.0,profitandloss
1180.0,unnamed_3,156294.0,profitandloss
1181.0,unnamed_3,243959.0,profitandloss
1182.0,unnamed_3,243353.0,profitandloss
1183.0,unnamed_3,229171.0,profitandloss
1184.0,unnamed_3,221012.0,profitandloss
1185.0,unnamed_3,62989.0,profitandloss
1186.0,unnamed_3,81809.0,profitandloss
1187.0,unnamed_3,94648.0,profitandloss
1188.0,unnamed_3,108646.0,profitandloss
1189.0,unnamed_3,117966.0,profitandloss
1190.0,unnamed_3,123104.0,profitandloss
1191.0,unnamed_3,146463.0,profitandloss
1192.0,unnamed_3,156949.0,profitandloss
1193.0,unnamed_3,164177.0,profitandloss
1194.0,unnamed_3,191754.0,profitandloss
1195.0,unnamed_3,225458.0,profitandloss
1196.0,unnamed_3,240893.0,profitandloss
1197.0,unnamed_3,252082.0,profitandloss
1198.0,unnamed_3,6873.0,profitandloss
1199.0,unnamed_3,18802.0,profitandloss
1200.0,unnamed_3,22621.0,profitandloss
1201.0,unnamed_3,26494.0,profitandloss
1202.0,unnamed_3,29141.0,profitandloss
1203.0,unnamed_3,30773.0,profitandloss
1204.0,unnamed_3,34742.0,profitandloss
1205.0,unnamed_3,36868.0,profitandloss
1206.0,unnamed_3,37855.0,profitandloss
1207.0,unnamed_3,44646.0,profitandloss
1208.0,unnamed_3,53290.0,profitandloss
1209.0,unnamed_3,51996.0,profitandloss
1210.0,unnamed_3,52476.0,profitandloss
1211.0,unnamed_3,10123.0,profitandloss
1212.0,unnamed_3,10927.0,profitandloss
1213.0,unnamed_3,11913.0,profitandloss
1214.0,unnamed_3,11276.0,profitandloss
1215.0,unnamed_3,13261.0,profitandloss
1216.0,unnamed_3,16120.0,profitandloss
1217.0,unnamed_3,19779.0,profitandloss
1218.0,unnamed_3,21052.0,profitandloss
1219.0,unnamed_3,21644.0,profitandloss
1220.0,unnamed_3,28799.0,profitandloss
1221.0,unnamed_3,40575.0,profitandloss
1222.0,unnamed_3,51084.0,profitandloss
1223.0,unnamed_3,54458.0,profitandloss
1224.0,unnamed_3,3203.0,profitandloss
1225.0,unnamed_3,4172.0,profitandloss
1226.0,unnamed_3,4636.0,profitandloss
1227.0,unnamed_3,6687.0,profitandloss
1228.0,unnamed_3,5816.0,profitandloss
1229.0,unnamed_3,5950.0,profitandloss
1230.0,unnamed_3,7673.0,profitandloss
1231.0,unnamed_3,7939.0,profitandloss
1232.0,unnamed_3,8005.0,profitandloss
1233.0,unnamed_3,8508.0,profitandloss
1234.0,unnamed_3,9620.0,profitandloss
1235.0,unnamed_3,10728.0,profitandloss
1236.0,unnamed_3,11302.0,profitandloss
1237.0,unnamed_3,2132.0,profitandloss
1238.0,unnamed_3,2333.0,profitandloss
1239.0,unnamed_3,2284.0,profitandloss
1240.0,unnamed_3,1686.0,profitandloss
1241.0,unnamed_3,1812.0,profitandloss
1242.0,unnamed_3,2157.0,profitandloss
1243.0,unnamed_3,2630.0,profitandloss
1244.0,unnamed_3,3486.0,profitandloss
1245.0,unnamed_3,2593.0,profitandloss
1246.0,unnamed_3,4498.0,profitandloss
1247.0,unnamed_3,8242.0,profitandloss
1248.0,unnamed_3,12375.0,profitandloss
1249.0,unnamed_3,15025.0,profitandloss
1250.0,unnamed_3,7510.0,profitandloss
1251.0,unnamed_3,8384.0,profitandloss
1252.0,unnamed_3,10256.0,profitandloss
1253.0,unnamed_3,11377.0,profitandloss
1254.0,unnamed_3,12463.0,profitandloss
1255.0,unnamed_3,16340.0,profitandloss
1256.0,unnamed_3,20160.0,profitandloss
1257.0,unnamed_3,18849.0,profitandloss
1258.0,unnamed_3,19421.0,profitandloss
1259.0,unnamed_3,24355.0,profitandloss
1260.0,unnamed_3,31974.0,profitandloss
1261.0,unnamed_3,39145.0,profitandloss
1262.0,unnamed_3,42886.0,profitandloss
1263.0,unnamed_3,20514.0,profitandloss
1264.0,unnamed_3,20730.0,profitandloss
1265.0,unnamed_3,23306.0,profitandloss
1266.0,unnamed_3,25153.0,profitandloss
1267.0,unnamed_3,25375.0,profitandloss
1268.0,unnamed_3,30979.0,profitandloss
1269.0,unnamed_3,41462.0,profitandloss
1270.0,unnamed_3,42430.0,profitandloss
1271.0,unnamed_3,44726.0,profitandloss
1272.0,unnamed_3,52599.0,profitandloss
1273.0,unnamed_3,63240.0,profitandloss
1274.0,unnamed_3,70908.0,profitandloss
1275.0,unnamed_3,71317.0,profitandloss
1276.0,unnamed_3,25169.0,profitandloss
1277.0,unnamed_3,29394.0,profitandloss
1278.0,unnamed_3,32164.0,profitandloss
1279.0,unnamed_3,32316.0,profitandloss
1280.0,unnamed_3,32817.0,profitandloss
1281.0,unnamed_3,32952.0,profitandloss
1282.0,unnamed_3,34314.0,profitandloss
1283.0,unnamed_3,37479.0,profitandloss
1284.0,unnamed_3,69311.0,profitandloss
1285.0,unnamed_3,68230.0,profitandloss
1286.0,unnamed_3,81163.0,profitandloss
1287.0,unnamed_3,100376.0,profitandloss
1288.0,unnamed_3,107058.0,profitandloss
1289.0,unnamed_3,10378.0,profitandloss
1290.0,unnamed_3,10508.0,profitandloss
1291.0,unnamed_3,9254.0,profitandloss
1292.0,unnamed_3,8495.0,profitandloss
1293.0,unnamed_3,8818.0,profitandloss
1294.0,unnamed_3,8591.0,profitandloss
1295.0,unnamed_3,9341.0,profitandloss
1296.0,unnamed_3,9325.0,profitandloss
1297.0,unnamed_3,8131.0,profitandloss
1298.0,unnamed_3,9712.0,profitandloss
1299.0,unnamed_3,10612.0,profitandloss
1300.0,unnamed_3,11321.0,profitandloss
1301.0,unnamed_3,11821.0,profitandloss
1302.0,unnamed_3,1800.0,profitandloss
1303.0,unnamed_3,2115.0,profitandloss
1304.0,unnamed_3,2502.0,profitandloss
1305.0,unnamed_3,3394.0,profitandloss
1306.0,unnamed_3,3861.0,profitandloss
1307.0,unnamed_3,4004.0,profitandloss
1308.0,unnamed_3,5105.0,profitandloss
1309.0,unnamed_3,7130.0,profitandloss
1310.0,unnamed_3,6450.0,profitandloss
1311.0,unnamed_3,8823.0,profitandloss
1312.0,unnamed_3,13173.0,profitandloss
1313.0,unnamed_3,16043.0,profitandloss
1314.0,unnamed_3,18987.0,profitandloss
1315.0,unnamed_3,2749.0,profitandloss
1316.0,unnamed_3,66152.0,profitandloss
1317.0,unnamed_3,73710.0,profitandloss
1318.0,unnamed_3,64262.0,profitandloss
1319.0,unnamed_3,72225.0,profitandloss
1320.0,unnamed_3,91866.0,profitandloss
1321.0,unnamed_3,92048.0,profitandloss
1322.0,unnamed_3,84447.0,profitandloss
1323.0,unnamed_3,88021.0,profitandloss
1324.0,unnamed_3,132732.0,profitandloss
1325.0,unnamed_3,147308.0,profitandloss
1326.0,unnamed_3,143727.0,profitandloss
1327.0,unnamed_3,144448.0,profitandloss
1328.0,unnamed_3,37430.0,profitandloss
1329.0,unnamed_3,43424.0,profitandloss
1330.0,unnamed_3,46951.0,profitandloss
1331.0,unnamed_3,51244.0,profitandloss
1332.0,unnamed_3,55448.0,profitandloss
1333.0,unnamed_3,54487.0,profitandloss
1334.0,unnamed_3,59019.0,profitandloss
1335.0,unnamed_3,61138.0,profitandloss
1336.0,unnamed_3,61935.0,profitandloss
1337.0,unnamed_3,79312.0,profitandloss
1338.0,unnamed_3,90488.0,profitandloss
1339.0,unnamed_3,89760.0,profitandloss
1340.0,unnamed_3,88792.0,profitandloss
1341.0,unnamed_3,466.0,profitandloss
1342.0,unnamed_3,1313.0,profitandloss
1343.0,unnamed_3,2605.0,profitandloss
1344.0,unnamed_3,1994.0,profitandloss
1345.0,unnamed_3,4192.0,profitandloss
1346.0,unnamed_3,7079.0,profitandloss
1347.0,unnamed_3,12114.0,profitandloss
1348.0,unnamed_3,17972.0,profitandloss
1349.0,unnamed_3,6358.0,profitandloss
1350.0,unnamed_3,7224.0,profitandloss
1351.0,unnamed_3,8651.0,profitandloss
1352.0,unnamed_3,9427.0,profitandloss
1353.0,unnamed_3,9376.0,profitandloss
1354.0,unnamed_3,11905.0,profitandloss
1355.0,unnamed_3,13166.0,profitandloss
1356.0,unnamed_3,14253.0,profitandloss
1357.0,unnamed_3,14404.0,profitandloss
1358.0,unnamed_3,15110.0,profitandloss
1359.0,unnamed_3,17237.0,profitandloss
1360.0,unnamed_3,19547.0,profitandloss
1361.0,unnamed_3,21484.0,profitandloss
1362.0,unnamed_3,9203.0,profitandloss
1363.0,unnamed_3,11117.0,profitandloss
1364.0,unnamed_3,13925.0,profitandloss
1365.0,unnamed_3,16140.0,profitandloss
1366.0,unnamed_3,18580.0,profitandloss
1367.0,unnamed_3,23021.0,profitandloss
1368.0,unnamed_3,28497.0,profitandloss
1369.0,unnamed_3,35756.0,profitandloss
1370.0,unnamed_3,14641.0,profitandloss
1371.0,unnamed_3,25931.0,profitandloss
1372.0,unnamed_3,54446.0,profitandloss
1373.0,unnamed_3,68904.0,profitandloss
1374.0,unnamed_3,76476.0,profitandloss
,unnamed_4,,profitandloss
61.0,unnamed_4,1451.0,profitandloss
62.0,unnamed_4,2009.0,profitandloss
63.0,unnamed_4,1977.0,profitandloss
64.0,unnamed_4,2250.0,profitandloss
65.0,unnamed_4,2505.0,profitandloss
66.0,unnamed_4,2774.0,profitandloss
67.0,unnamed_4,3074.0,profitandloss
68.0,unnamed_4,3336.0,profitandloss
69.0,unnamed_4,3388.0,profitandloss
70.0,unnamed_4,3832.0,profitandloss
71.0,unnamed_4,4143.0,profitandloss
72.0,unnamed_4,4396.0,profitandloss
73.0,unnamed_4,4519.0,profitandloss
86.0,unnamed_4,0.0,profitandloss
87.0,unnamed_4,29.0,profitandloss
88.0,unnamed_4,267.0,profitandloss
89.0,unnamed_4,893.0,profitandloss
90.0,unnamed_4,1118.0,profitandloss
91.0,unnamed_4,4528.0,profitandloss
92.0,unnamed_4,7158.0,profitandloss
93.0,unnamed_4,5976.0,profitandloss
94.0,unnamed_4,7051.0,profitandloss
95.0,unnamed_4,8775.0,profitandloss
96.0,unnamed_4,10896.0,profitandloss
97.0,unnamed_4,15507.0,profitandloss
98.0,unnamed_4,40354.0,profitandloss
99.0,unnamed_4,45564.0,profitandloss
100.0,unnamed_4,52015.0,profitandloss
101.0,unnamed_4,32325.0,profitandloss
102.0,unnamed_4,34631.0,profitandloss
103.0,unnamed_4,33886.0,profitandloss
104.0,unnamed_4,38409.0,profitandloss
105.0,unnamed_4,41108.0,profitandloss
106.0,unnamed_4,37031.0,profitandloss
107.0,unnamed_4,65707.0,profitandloss
108.0,unnamed_4,118722.0,profitandloss
109.0,unnamed_4,85044.0,profitandloss
110.0,unnamed_4,88418.0,profitandloss
111.0,unnamed_4,98.0,profitandloss
112.0,unnamed_4,637.0,profitandloss
113.0,unnamed_4,532.0,profitandloss
114.0,unnamed_4,1098.0,profitandloss
115.0,unnamed_4,883.0,profitandloss
116.0,unnamed_4,1621.0,profitandloss
117.0,unnamed_4,2806.0,profitandloss
118.0,unnamed_4,1902.0,profitandloss
119.0,unnamed_4,2682.0,profitandloss
120.0,unnamed_4,1195.0,profitandloss
121.0,unnamed_4,1910.0,profitandloss
122.0,unnamed_4,2250.0,profitandloss
123.0,unnamed_4,2532.0,profitandloss
124.0,unnamed_4,3021.0,profitandloss
125.0,unnamed_4,4166.0,profitandloss
126.0,unnamed_4,4330.0,profitandloss
127.0,unnamed_4,5926.0,profitandloss
128.0,unnamed_4,3862.0,profitandloss
129.0,unnamed_4,7591.0,profitandloss
130.0,unnamed_4,9905.0,profitandloss
131.0,unnamed_4,11121.0,profitandloss
132.0,unnamed_4,11278.0,profitandloss
133.0,unnamed_4,1195.0,profitandloss
134.0,unnamed_4,1910.0,profitandloss
135.0,unnamed_4,2250.0,profitandloss
136.0,unnamed_4,2532.0,profitandloss
137.0,unnamed_4,3021.0,profitandloss
138.0,unnamed_4,4166.0,profitandloss
139.0,unnamed_4,4330.0,profitandloss
140.0,unnamed_4,5926.0,profitandloss
141.0,unnamed_4,3862.0,profitandloss
142.0,unnamed_4,7591.0,profitandloss
143.0,unnamed_4,9905.0,profitandloss
144.0,unnamed_4,11121.0,profitandloss
145.0,unnamed_4,11278.0,profitandloss
146.0,unnamed_4,5732.0,profitandloss
147.0,unnamed_4,10735.0,profitandloss
148.0,unnamed_4,14005.0,profitandloss
149.0,unnamed_4,16575.0,profitandloss
150.0,unnamed_4,16635.0,profitandloss
151.0,unnamed_4,14868.0,profitandloss
152.0,unnamed_4,18901.0,profitandloss
153.0,unnamed_4,20734.0,profitandloss
154.0,unnamed_4,17533.0,profitandloss
155.0,unnamed_4,17830.0,profitandloss
156.0,unnamed_4,28677.0,profitandloss
157.0,unnamed_4,32124.0,profitandloss
158.0,unnamed_4,33685.0,profitandloss
159.0,unnamed_4,7276.0,profitandloss
160.0,unnamed_4,7492.0,profitandloss
161.0,unnamed_4,8022.0,profitandloss
162.0,unnamed_4,7895.0,profitandloss
163.0,unnamed_4,16913.0,profitandloss
164.0,unnamed_4,19751.0,profitandloss
165.0,unnamed_4,22030.0,profitandloss
166.0,unnamed_4,22507.0,profitandloss
167.0,unnamed_4,19511.0,profitandloss
168.0,unnamed_4,22755.0,profitandloss
169.0,unnamed_4,33815.0,profitandloss
170.0,unnamed_4,26760.0,profitandloss
171.0,unnamed_4,27028.0,profitandloss
172.0,unnamed_4,3157.0,profitandloss
173.0,unnamed_4,3681.0,profitandloss
174.0,unnamed_4,4392.0,profitandloss
175.0,unnamed_4,5465.0,profitandloss
176.0,unnamed_4,6522.0,profitandloss
177.0,unnamed_4,7442.0,profitandloss
178.0,unnamed_4,8548.0,profitandloss
179.0,unnamed_4,9656.0,profitandloss
180.0,unnamed_4,9420.0,profitandloss
181.0,unnamed_4,12474.0,profitandloss
182.0,unnamed_4,14548.0,profitandloss
183.0,unnamed_4,16665.0,profitandloss
184.0,unnamed_4,17725.0,profitandloss
185.0,unnamed_4,8767.0,profitandloss
186.0,unnamed_4,10217.0,profitandloss
187.0,unnamed_4,11372.0,profitandloss
188.0,unnamed_4,11546.0,profitandloss
189.0,unnamed_4,12068.0,profitandloss
190.0,unnamed_4,13621.0,profitandloss
191.0,unnamed_4,15475.0,profitandloss
192.0,unnamed_4,16054.0,profitandloss
193.0,unnamed_4,16857.0,profitandloss
194.0,unnamed_4,24298.0,profitandloss
195.0,unnamed_4,28229.0,profitandloss
196.0,unnamed_4,27910.0,profitandloss
197.0,unnamed_4,28150.0,profitandloss
198.0,unnamed_4,1008.0,profitandloss
199.0,unnamed_4,1264.0,profitandloss
200.0,unnamed_4,1280.0,profitandloss
201.0,unnamed_4,991.0,profitandloss
202.0,unnamed_4,2265.0,profitandloss
203.0,unnamed_4,3508.0,profitandloss
204.0,unnamed_4,3371.0,profitandloss
205.0,unnamed_4,3672.0,profitandloss
206.0,unnamed_4,16370.0,profitandloss
207.0,unnamed_4,15974.0,profitandloss
208.0,unnamed_4,17467.0,profitandloss
209.0,unnamed_4,17781.0,profitandloss
210.0,unnamed_4,17326.0,profitandloss
211.0,unnamed_4,20364.0,profitandloss
212.0,unnamed_4,25160.0,profitandloss
213.0,unnamed_4,24809.0,profitandloss
214.0,unnamed_4,22803.0,profitandloss
215.0,unnamed_4,27886.0,profitandloss
216.0,unnamed_4,29991.0,profitandloss
217.0,unnamed_4,36106.0,profitandloss
218.0,unnamed_4,39757.0,profitandloss
219.0,unnamed_4,17516.0,profitandloss
220.0,unnamed_4,18690.0,profitandloss
221.0,unnamed_4,21254.0,profitandloss
222.0,unnamed_4,24155.0,profitandloss
223.0,unnamed_4,26449.0,profitandloss
224.0,unnamed_4,27163.0,profitandloss
225.0,unnamed_4,33278.0,profitandloss
226.0,unnamed_4,37429.0,profitandloss
227.0,unnamed_4,34107.0,profitandloss
228.0,unnamed_4,34245.0,profitandloss
229.0,unnamed_4,42218.0,profitandloss
230.0,unnamed_4,59474.0,profitandloss
231.0,unnamed_4,67033.0,profitandloss
232.0,unnamed_4,4124.0,profitandloss
233.0,unnamed_4,1531.0,profitandloss
234.0,unnamed_4,5823.0,profitandloss
235.0,unnamed_4,13795.0,profitandloss
236.0,unnamed_4,15794.0,profitandloss
237.0,unnamed_4,22074.0,profitandloss
238.0,unnamed_4,27569.0,profitandloss
239.0,unnamed_4,36094.0,profitandloss
240.0,unnamed_4,40950.0,profitandloss
241.0,unnamed_4,46951.0,profitandloss
242.0,unnamed_4,52204.0,profitandloss
243.0,unnamed_4,69497.0,profitandloss
244.0,unnamed_4,80784.0,profitandloss
245.0,unnamed_4,15.0,profitandloss
246.0,unnamed_4,23.0,profitandloss
247.0,unnamed_4,40.0,profitandloss
248.0,unnamed_4,42.0,profitandloss
249.0,unnamed_4,215.0,profitandloss
250.0,unnamed_4,65.0,profitandloss
251.0,unnamed_4,85.0,profitandloss
252.0,unnamed_4,134.0,profitandloss
253.0,unnamed_4,106.0,profitandloss
254.0,unnamed_4,117.0,profitandloss
255.0,unnamed_4,142.0,profitandloss
256.0,unnamed_4,140.0,profitandloss
257.0,unnamed_4,178.0,profitandloss
258.0,unnamed_4,2274.0,profitandloss
259.0,unnamed_4,2959.0,profitandloss
260.0,unnamed_4,3853.0,profitandloss
261.0,unnamed_4,4696.0,profitandloss
262.0,unnamed_4,6723.0,profitandloss
263.0,unnamed_4,9608.0,profitandloss
264.0,unnamed_4,9519.0,profitandloss
265.0,unnamed_4,9855.0,profitandloss
266.0,unnamed_4,12701.0,profitandloss
267.0,unnamed_4,18886.0,profitandloss
268.0,unnamed_4,21918.0,profitandloss
269.0,unnamed_4,24486.0,profitandloss
270.0,unnamed_4,27604.0,profitandloss
271.0,unnamed_4,30547.0,profitandloss
272.0,unnamed_4,32107.0,profitandloss
273.0,unnamed_4,29596.0,profitandloss
274.0,unnamed_4,29160.0,profitandloss
275.0,unnamed_4,32506.0,profitandloss
276.0,unnamed_4,50040.0,profitandloss
277.0,unnamed_4,43201.0,profitandloss
278.0,unnamed_4,38815.0,profitandloss
279.0,unnamed_4,49942.0,profitandloss
280.0,unnamed_4,69899.0,profitandloss
281.0,unnamed_4,74160.0,profitandloss
282.0,unnamed_4,53987.0,profitandloss
283.0,unnamed_4,59352.0,profitandloss
284.0,unnamed_4,62499.0,profitandloss
285.0,unnamed_4,62548.0,profitandloss
286.0,unnamed_4,60138.0,profitandloss
287.0,unnamed_4,52560.0,profitandloss
288.0,unnamed_4,55016.0,profitandloss
289.0,unnamed_4,50930.0,profitandloss
290.0,unnamed_4,55337.0,profitandloss
291.0,unnamed_4,59013.0,profitandloss
292.0,unnamed_4,67871.0,profitandloss
293.0,unnamed_4,71691.0,profitandloss
294.0,unnamed_4,74745.0,profitandloss
295.0,unnamed_4,5604.0,profitandloss
296.0,unnamed_4,5593.0,profitandloss
297.0,unnamed_4,5913.0,profitandloss
298.0,unnamed_4,5961.0,profitandloss
299.0,unnamed_4,6864.0,profitandloss
300.0,unnamed_4,8361.0,profitandloss
301.0,unnamed_4,9255.0,profitandloss
302.0,unnamed_4,10209.0,profitandloss
303.0,unnamed_4,10895.0,profitandloss
304.0,unnamed_4,12024.0,profitandloss
305.0,unnamed_4,13645.0,profitandloss
306.0,unnamed_4,15217.0,profitandloss
307.0,unnamed_4,15867.0,profitandloss
308.0,unnamed_4,39420.0,profitandloss
309.0,unnamed_4,34982.0,profitandloss
310.0,unnamed_4,29183.0,profitandloss
311.0,unnamed_4,26862.0,profitandloss
312.0,unnamed_4,27370.0,profitandloss
313.0,unnamed_4,27174.0,profitandloss
314.0,unnamed_4,28409.0,profitandloss
315.0,unnamed_4,21596.0,profitandloss
316.0,unnamed_4,20357.0,profitandloss
317.0,unnamed_4,20383.0,profitandloss
318.0,unnamed_4,22321.0,profitandloss
319.0,unnamed_4,23182.0,profitandloss
320.0,unnamed_4,24783.0,profitandloss
321.0,unnamed_4,7310.0,profitandloss
322.0,unnamed_4,7468.0,profitandloss
323.0,unnamed_4,10104.0,profitandloss
324.0,unnamed_4,7823.0,profitandloss
325.0,unnamed_4,8473.0,profitandloss
326.0,unnamed_4,9597.0,profitandloss
327.0,unnamed_4,9931.0,profitandloss
328.0,unnamed_4,8358.0,profitandloss
329.0,unnamed_4,8555.0,profitandloss
330.0,unnamed_4,10319.0,profitandloss
331.0,unnamed_4,13120.0,profitandloss
332.0,unnamed_4,14632.0,profitandloss
333.0,unnamed_4,14934.0,profitandloss
334.0,unnamed_4,235472.0,profitandloss
335.0,unnamed_4,255007.0,profitandloss
336.0,unnamed_4,232818.0,profitandloss
337.0,unnamed_4,174844.0,profitandloss
338.0,unnamed_4,187468.0,profitandloss
339.0,unnamed_4,220578.0,profitandloss
340.0,unnamed_4,283113.0,profitandloss
341.0,unnamed_4,275597.0,profitandloss
342.0,unnamed_4,209170.0,profitandloss
343.0,unnamed_4,327654.0,profitandloss
344.0,unnamed_4,462288.0,profitandloss
345.0,unnamed_4,404001.0,profitandloss
346.0,unnamed_4,419046.0,profitandloss
347.0,unnamed_4,5765.0,profitandloss
348.0,unnamed_4,6286.0,profitandloss
349.0,unnamed_4,6988.0,profitandloss
350.0,unnamed_4,7174.0,profitandloss
351.0,unnamed_4,7776.0,profitandloss
352.0,unnamed_4,8413.0,profitandloss
353.0,unnamed_4,9322.0,profitandloss
354.0,unnamed_4,9756.0,profitandloss
355.0,unnamed_4,10627.0,profitandloss
356.0,unnamed_4,11935.0,profitandloss
357.0,unnamed_4,13470.0,profitandloss
358.0,unnamed_4,13603.0,profitandloss
359.0,unnamed_4,14107.0,profitandloss
360.0,unnamed_4,26198.0,profitandloss
361.0,unnamed_4,30606.0,profitandloss
362.0,unnamed_4,34133.0,profitandloss
363.0,unnamed_4,34263.0,profitandloss
364.0,unnamed_4,31540.0,profitandloss
365.0,unnamed_4,29113.0,profitandloss
366.0,unnamed_4,32339.0,profitandloss
367.0,unnamed_4,35817.0,profitandloss
368.0,unnamed_4,45182.0,profitandloss
369.0,unnamed_4,43035.0,profitandloss
370.0,unnamed_4,52990.0,profitandloss
371.0,unnamed_4,72118.0,profitandloss
372.0,unnamed_4,80351.0,profitandloss
373.0,unnamed_4,1410.0,profitandloss
374.0,unnamed_4,1769.0,profitandloss
375.0,unnamed_4,1958.0,profitandloss
376.0,unnamed_4,2048.0,profitandloss
377.0,unnamed_4,2228.0,profitandloss
378.0,unnamed_4,2657.0,profitandloss
379.0,unnamed_4,3588.0,profitandloss
380.0,unnamed_4,4592.0,profitandloss
381.0,unnamed_4,4576.0,profitandloss
382.0,unnamed_4,4298.0,profitandloss
383.0,unnamed_4,5748.0,profitandloss
384.0,unnamed_4,9231.0,profitandloss
385.0,unnamed_4,10875.0,profitandloss
386.0,unnamed_4,34.0,profitandloss
387.0,unnamed_4,146.0,profitandloss
388.0,unnamed_4,168.0,profitandloss
389.0,unnamed_4,207.0,profitandloss
390.0,unnamed_4,159.0,profitandloss
391.0,unnamed_4,114.0,profitandloss
392.0,unnamed_4,168.0,profitandloss
393.0,unnamed_4,197.0,profitandloss
394.0,unnamed_4,161.0,profitandloss
395.0,unnamed_4,106.0,profitandloss
396.0,unnamed_4,110.0,profitandloss
397.0,unnamed_4,90.0,profitandloss
398.0,unnamed_4,66.0,profitandloss
399.0,unnamed_4,46.0,profitandloss
400.0,unnamed_4,59.0,profitandloss
401.0,unnamed_4,9.0,profitandloss
402.0,unnamed_4,388.0,profitandloss
403.0,unnamed_4,410.0,profitandloss
404.0,unnamed_4,430.0,profitandloss
405.0,unnamed_4,264.0,profitandloss
406.0,unnamed_4,503.0,profitandloss
407.0,unnamed_4,642.0,profitandloss
408.0,unnamed_4,541.0,profitandloss
409.0,unnamed_4,684.0,profitandloss
410.0,unnamed_4,819.0,profitandloss
411.0,unnamed_4,875.0,profitandloss
412.0,unnamed_4,5148.0,profitandloss
413.0,unnamed_4,5897.0,profitandloss
414.0,unnamed_4,6475.0,profitandloss
415.0,unnamed_4,6261.0,profitandloss
416.0,unnamed_4,6102.0,profitandloss
417.0,unnamed_4,6104.0,profitandloss
418.0,unnamed_4,6775.0,profitandloss
419.0,unnamed_4,6892.0,profitandloss
420.0,unnamed_4,7560.0,profitandloss
421.0,unnamed_4,8637.0,profitandloss
422.0,unnamed_4,9367.0,profitandloss
423.0,unnamed_4,10004.0,profitandloss
424.0,unnamed_4,10106.0,profitandloss
425.0,unnamed_4,1329.0,profitandloss
426.0,unnamed_4,1514.0,profitandloss
427.0,unnamed_4,1942.0,profitandloss
428.0,unnamed_4,2354.0,profitandloss
429.0,unnamed_4,2615.0,profitandloss
430.0,unnamed_4,2622.0,profitandloss
431.0,unnamed_4,3072.0,profitandloss
432.0,unnamed_4,3568.0,profitandloss
433.0,unnamed_4,4102.0,profitandloss
434.0,unnamed_4,5075.0,profitandloss
435.0,unnamed_4,5397.0,profitandloss
436.0,unnamed_4,5635.0,profitandloss
437.0,unnamed_4,6056.0,profitandloss
438.0,unnamed_4,5140.0,profitandloss
439.0,unnamed_4,5805.0,profitandloss
440.0,unnamed_4,4635.0,profitandloss
441.0,unnamed_4,5960.0,profitandloss
442.0,unnamed_4,4775.0,profitandloss
443.0,unnamed_4,4329.0,profitandloss
444.0,unnamed_4,6218.0,profitandloss
445.0,unnamed_4,4937.0,profitandloss
446.0,unnamed_4,3945.0,profitandloss
447.0,unnamed_4,3974.0,profitandloss
448.0,unnamed_4,3969.0,profitandloss
449.0,unnamed_4,4303.0,profitandloss
450.0,unnamed_4,5116.0,profitandloss
451.0,unnamed_4,3126.0,profitandloss
452.0,unnamed_4,4345.0,profitandloss
453.0,unnamed_4,5983.0,profitandloss
454.0,unnamed_4,7919.0,profitandloss
455.0,unnamed_4,10929.0,profitandloss
456.0,unnamed_4,13680.0,profitandloss
457.0,unnamed_4,18371.0,profitandloss
458.0,unnamed_4,22742.0,profitandloss
459.0,unnamed_4,22398.0,profitandloss
460.0,unnamed_4,28474.0,profitandloss
461.0,unnamed_4,39201.0,profitandloss
462.0,unnamed_4,46683.0,profitandloss
463.0,unnamed_4,52737.0,profitandloss
464.0,unnamed_4,9164.0,profitandloss
465.0,unnamed_4,10164.0,profitandloss
466.0,unnamed_4,11515.0,profitandloss
467.0,unnamed_4,11983.0,profitandloss
468.0,unnamed_4,11724.0,profitandloss
469.0,unnamed_4,11930.0,profitandloss
470.0,unnamed_4,12270.0,profitandloss
471.0,unnamed_4,15040.0,profitandloss
472.0,unnamed_4,15173.0,profitandloss
473.0,unnamed_4,17778.0,profitandloss
474.0,unnamed_4,18200.0,profitandloss
475.0,unnamed_4,20078.0,profitandloss
476.0,unnamed_4,22919.0,profitandloss
477.0,unnamed_4,5840.0,profitandloss
478.0,unnamed_4,6094.0,profitandloss
479.0,unnamed_4,7621.0,profitandloss
480.0,unnamed_4,4484.0,profitandloss
481.0,unnamed_4,4859.0,profitandloss
482.0,unnamed_4,6156.0,profitandloss
483.0,unnamed_4,6893.0,profitandloss
484.0,unnamed_4,6971.0,profitandloss
485.0,unnamed_4,6937.0,profitandloss
486.0,unnamed_4,8120.0,profitandloss
487.0,unnamed_4,10996.0,profitandloss
488.0,unnamed_4,12206.0,profitandloss
489.0,unnamed_4,12619.0,profitandloss
490.0,unnamed_4,43547.0,profitandloss
491.0,unnamed_4,53777.0,profitandloss
492.0,unnamed_4,54926.0,profitandloss
493.0,unnamed_4,47517.0,profitandloss
494.0,unnamed_4,42531.0,profitandloss
495.0,unnamed_4,46695.0,profitandloss
496.0,unnamed_4,66252.0,profitandloss
497.0,unnamed_4,63495.0,profitandloss
498.0,unnamed_4,50127.0,profitandloss
499.0,unnamed_4,77608.0,profitandloss
500.0,unnamed_4,138168.0,profitandloss
501.0,unnamed_4,118914.0,profitandloss
502.0,unnamed_4,119297.0,profitandloss
503.0,unnamed_4,5417.0,profitandloss
504.0,unnamed_4,6430.0,profitandloss
505.0,unnamed_4,6894.0,profitandloss
506.0,unnamed_4,6766.0,profitandloss
507.0,unnamed_4,7361.0,profitandloss
508.0,unnamed_4,7763.0,profitandloss
509.0,unnamed_4,8183.0,profitandloss
510.0,unnamed_4,7757.0,profitandloss
511.0,unnamed_4,8629.0,profitandloss
512.0,unnamed_4,9867.0,profitandloss
513.0,unnamed_4,10873.0,profitandloss
514.0,unnamed_4,11139.0,profitandloss
515.0,unnamed_4,11156.0,profitandloss
516.0,unnamed_4,21986.0,profitandloss
517.0,unnamed_4,23416.0,profitandloss
518.0,unnamed_4,26590.0,profitandloss
519.0,unnamed_4,28576.0,profitandloss
520.0,unnamed_4,28682.0,profitandloss
521.0,unnamed_4,44281.0,profitandloss
522.0,unnamed_4,60560.0,profitandloss
523.0,unnamed_4,57880.0,profitandloss
524.0,unnamed_4,57769.0,profitandloss
525.0,unnamed_4,75270.0,profitandloss
526.0,unnamed_4,96038.0,profitandloss
527.0,unnamed_4,103783.0,profitandloss
528.0,unnamed_4,109610.0,profitandloss
529.0,unnamed_4,13560.0,profitandloss
530.0,unnamed_4,13565.0,profitandloss
531.0,unnamed_4,13379.0,profitandloss
532.0,unnamed_4,14281.0,profitandloss
533.0,unnamed_4,14714.0,profitandloss
534.0,unnamed_4,15059.0,profitandloss
535.0,unnamed_4,15440.0,profitandloss
536.0,unnamed_4,16565.0,profitandloss
537.0,unnamed_4,17541.0,profitandloss
538.0,unnamed_4,19200.0,profitandloss
539.0,unnamed_4,20258.0,profitandloss
540.0,unnamed_4,20631.0,profitandloss
541.0,unnamed_4,21199.0,profitandloss
542.0,unnamed_4,6461.0,profitandloss
543.0,unnamed_4,7274.0,profitandloss
544.0,unnamed_4,7713.0,profitandloss
545.0,unnamed_4,6798.0,profitandloss
546.0,unnamed_4,5315.0,profitandloss
547.0,unnamed_4,7083.0,profitandloss
548.0,unnamed_4,8885.0,profitandloss
549.0,unnamed_4,8374.0,profitandloss
550.0,unnamed_4,8868.0,profitandloss
551.0,unnamed_4,12163.0,profitandloss
552.0,unnamed_4,15290.0,profitandloss
553.0,unnamed_4,16709.0,profitandloss
554.0,unnamed_4,18668.0,profitandloss
555.0,unnamed_4,19901.0,profitandloss
556.0,unnamed_4,24108.0,profitandloss
557.0,unnamed_4,28215.0,profitandloss
558.0,unnamed_4,24482.0,profitandloss
559.0,unnamed_4,37178.0,profitandloss
560.0,unnamed_4,39323.0,profitandloss
561.0,unnamed_4,46501.0,profitandloss
562.0,unnamed_4,53360.0,profitandloss
563.0,unnamed_4,55331.0,profitandloss
564.0,unnamed_4,65122.0,profitandloss
565.0,unnamed_4,78828.0,profitandloss
566.0,unnamed_4,85715.0,profitandloss
567.0,unnamed_4,90169.0,profitandloss
568.0,unnamed_4,19695.0,profitandloss
569.0,unnamed_4,23445.0,profitandloss
570.0,unnamed_4,27288.0,profitandloss
571.0,unnamed_4,34070.0,profitandloss
572.0,unnamed_4,38042.0,profitandloss
573.0,unnamed_4,42381.0,profitandloss
574.0,unnamed_4,53713.0,profitandloss
575.0,unnamed_4,62137.0,profitandloss
576.0,unnamed_4,59248.0,profitandloss
577.0,unnamed_4,58584.0,profitandloss
578.0,unnamed_4,77780.0,profitandloss
579.0,unnamed_4,154139.0,profitandloss
580.0,unnamed_4,180600.0,profitandloss
581.0,unnamed_4,15.0,profitandloss
582.0,unnamed_4,11.0,profitandloss
583.0,unnamed_4,-14.0,profitandloss
584.0,unnamed_4,8.0,profitandloss
585.0,unnamed_4,9.0,profitandloss
586.0,unnamed_4,11.0,profitandloss
587.0,unnamed_4,14.0,profitandloss
588.0,unnamed_4,0.0,profitandloss
589.0,unnamed_4,0.0,profitandloss
590.0,unnamed_4,0.0,profitandloss
591.0,unnamed_4,0.0,profitandloss
592.0,unnamed_4,0.0,profitandloss
593.0,unnamed_4,0.0,profitandloss
594.0,unnamed_4,12.0,profitandloss
595.0,unnamed_4,12.0,profitandloss
596.0,unnamed_4,15.0,profitandloss
597.0,unnamed_4,27.0,profitandloss
598.0,unnamed_4,31.0,profitandloss
599.0,unnamed_4,37.0,profitandloss
600.0,unnamed_4,47.0,profitandloss
601.0,unnamed_4,46.0,profitandloss
602.0,unnamed_4,53.0,profitandloss
603.0,unnamed_4,105.0,profitandloss
604.0,unnamed_4,76.0,profitandloss
605.0,unnamed_4,68.0,profitandloss
606.0,unnamed_4,2079.0,profitandloss
607.0,unnamed_4,2702.0,profitandloss
608.0,unnamed_4,4178.0,profitandloss
609.0,unnamed_4,5134.0,profitandloss
610.0,unnamed_4,5742.0,profitandloss
611.0,unnamed_4,3911.0,profitandloss
612.0,unnamed_4,3778.0,profitandloss
613.0,unnamed_4,4197.0,profitandloss
614.0,unnamed_4,3738.0,profitandloss
615.0,unnamed_4,3768.0,profitandloss
616.0,unnamed_4,3646.0,profitandloss
617.0,unnamed_4,3858.0,profitandloss
618.0,unnamed_4,3560.0,profitandloss
619.0,unnamed_4,26.0,profitandloss
620.0,unnamed_4,41.0,profitandloss
621.0,unnamed_4,18.0,profitandloss
622.0,unnamed_4,17.0,profitandloss
623.0,unnamed_4,35.0,profitandloss
624.0,unnamed_4,26.0,profitandloss
625.0,unnamed_4,33.0,profitandloss
626.0,unnamed_4,118.0,profitandloss
627.0,unnamed_4,117.0,profitandloss
628.0,unnamed_4,106.0,profitandloss
629.0,unnamed_4,114.0,profitandloss
630.0,unnamed_4,334.0,profitandloss
631.0,unnamed_4,420.0,profitandloss
632.0,unnamed_4,28285.0,profitandloss
633.0,unnamed_4,29711.0,profitandloss
634.0,unnamed_4,32318.0,profitandloss
635.0,unnamed_4,33996.0,profitandloss
636.0,unnamed_4,34836.0,profitandloss
637.0,unnamed_4,34262.0,profitandloss
638.0,unnamed_4,39178.0,profitandloss
639.0,unnamed_4,44666.0,profitandloss
640.0,unnamed_4,42659.0,profitandloss
641.0,unnamed_4,41167.0,profitandloss
642.0,unnamed_4,50543.0,profitandloss
643.0,unnamed_4,74108.0,profitandloss
644.0,unnamed_4,86404.0,profitandloss
645.0,unnamed_4,8.0,profitandloss
646.0,unnamed_4,9.0,profitandloss
647.0,unnamed_4,12.0,profitandloss
648.0,unnamed_4,0.0,profitandloss
649.0,unnamed_4,0.0,profitandloss
650.0,unnamed_4,59.0,profitandloss
651.0,unnamed_4,70.0,profitandloss
652.0,unnamed_4,0.0,profitandloss
653.0,unnamed_4,0.0,profitandloss
654.0,unnamed_4,0.0,profitandloss
655.0,unnamed_4,0.0,profitandloss
656.0,unnamed_4,0.0,profitandloss
657.0,unnamed_4,0.0,profitandloss
658.0,unnamed_4,14.0,profitandloss
659.0,unnamed_4,15.0,profitandloss
660.0,unnamed_4,17.0,profitandloss
661.0,unnamed_4,0.0,profitandloss
662.0,unnamed_4,15.0,profitandloss
663.0,unnamed_4,20.0,profitandloss
664.0,unnamed_4,23.0,profitandloss
665.0,unnamed_4,0.0,profitandloss
666.0,unnamed_4,0.0,profitandloss
667.0,unnamed_4,0.0,profitandloss
668.0,unnamed_4,0.0,profitandloss
669.0,unnamed_4,0.0,profitandloss
670.0,unnamed_4,0.0,profitandloss
697.0,unnamed_4,4750.0,profitandloss
698.0,unnamed_4,5363.0,profitandloss
699.0,unnamed_4,6272.0,profitandloss
700.0,unnamed_4,7355.0,profitandloss
701.0,unnamed_4,8343.0,profitandloss
702.0,unnamed_4,9783.0,profitandloss
703.0,unnamed_4,13415.0,profitandloss
704.0,unnamed_4,16724.0,profitandloss
705.0,unnamed_4,15472.0,profitandloss
706.0,unnamed_4,15822.0,profitandloss
707.0,unnamed_4,18776.0,profitandloss
708.0,unnamed_4,25132.0,profitandloss
709.0,unnamed_4,27577.0,profitandloss
710.0,unnamed_4,28814.0,profitandloss
711.0,unnamed_4,36743.0,profitandloss
712.0,unnamed_4,38436.0,profitandloss
713.0,unnamed_4,45362.0,profitandloss
714.0,unnamed_4,49880.0,profitandloss
715.0,unnamed_4,51700.0,profitandloss
716.0,unnamed_4,62505.0,profitandloss
717.0,unnamed_4,68524.0,profitandloss
718.0,unnamed_4,72583.0,profitandloss
719.0,unnamed_4,90150.0,profitandloss
720.0,unnamed_4,111637.0,profitandloss
721.0,unnamed_4,117245.0,profitandloss
722.0,unnamed_4,121843.0,profitandloss
723.0,unnamed_4,447919.0,profitandloss
724.0,unnamed_4,471123.0,profitandloss
725.0,unnamed_4,438932.0,profitandloss
726.0,unnamed_4,324007.0,profitandloss
727.0,unnamed_4,321230.0,profitandloss
728.0,unnamed_4,379834.0,profitandloss
729.0,unnamed_4,492896.0,profitandloss
730.0,unnamed_4,467710.0,profitandloss
731.0,unnamed_4,324021.0,profitandloss
732.0,unnamed_4,541563.0,profitandloss
733.0,unnamed_4,811073.0,profitandloss
734.0,unnamed_4,700706.0,profitandloss
735.0,unnamed_4,728555.0,profitandloss
736.0,unnamed_4,907.0,profitandloss
737.0,unnamed_4,1176.0,profitandloss
738.0,unnamed_4,1206.0,profitandloss
739.0,unnamed_4,1192.0,profitandloss
740.0,unnamed_4,1487.0,profitandloss
741.0,unnamed_4,1562.0,profitandloss
742.0,unnamed_4,589.0,profitandloss
743.0,unnamed_4,1005.0,profitandloss
744.0,unnamed_4,2265.0,profitandloss
745.0,unnamed_4,2804.0,profitandloss
746.0,unnamed_4,2950.0,profitandloss
747.0,unnamed_4,22.0,profitandloss
748.0,unnamed_4,19.0,profitandloss
749.0,unnamed_4,34.0,profitandloss
750.0,unnamed_4,38.0,profitandloss
751.0,unnamed_4,26.0,profitandloss
752.0,unnamed_4,38.0,profitandloss
753.0,unnamed_4,48.0,profitandloss
754.0,unnamed_4,66.0,profitandloss
755.0,unnamed_4,113.0,profitandloss
756.0,unnamed_4,123.0,profitandloss
757.0,unnamed_4,134.0,profitandloss
758.0,unnamed_4,133.0,profitandloss
759.0,unnamed_4,144.0,profitandloss
760.0,unnamed_4,20398.0,profitandloss
761.0,unnamed_4,22227.0,profitandloss
762.0,unnamed_4,24566.0,profitandloss
763.0,unnamed_4,24661.0,profitandloss
764.0,unnamed_4,27298.0,profitandloss
765.0,unnamed_4,26928.0,profitandloss
766.0,unnamed_4,29802.0,profitandloss
767.0,unnamed_4,30044.0,profitandloss
768.0,unnamed_4,32193.0,profitandloss
769.0,unnamed_4,40021.0,profitandloss
770.0,unnamed_4,45215.0,profitandloss
771.0,unnamed_4,44634.0,profitandloss
772.0,unnamed_4,48495.0,profitandloss
773.0,unnamed_4,13701.0,profitandloss
774.0,unnamed_4,13487.0,profitandloss
775.0,unnamed_4,13937.0,profitandloss
776.0,unnamed_4,16032.0,profitandloss
777.0,unnamed_4,16894.0,profitandloss
778.0,unnamed_4,26817.0,profitandloss
779.0,unnamed_4,38553.0,profitandloss
780.0,unnamed_4,31092.0,profitandloss
781.0,unnamed_4,23646.0,profitandloss
782.0,unnamed_4,35650.0,profitandloss
783.0,unnamed_4,43270.0,profitandloss
784.0,unnamed_4,40153.0,profitandloss
785.0,unnamed_4,39693.0,profitandloss
786.0,unnamed_4,6.0,profitandloss
787.0,unnamed_4,296.0,profitandloss
788.0,unnamed_4,437.0,profitandloss
789.0,unnamed_4,6069.0,profitandloss
790.0,unnamed_4,5394.0,profitandloss
791.0,unnamed_4,5723.0,profitandloss
792.0,unnamed_4,5796.0,profitandloss
793.0,unnamed_4,4939.0,profitandloss
794.0,unnamed_4,5336.0,profitandloss
795.0,unnamed_4,6283.0,profitandloss
796.0,unnamed_4,5316.0,profitandloss
797.0,unnamed_4,4009.0,profitandloss
798.0,unnamed_4,4596.0,profitandloss
799.0,unnamed_4,7050.0,profitandloss
800.0,unnamed_4,6104.0,profitandloss
801.0,unnamed_4,6034.0,profitandloss
802.0,unnamed_4,31698.0,profitandloss
803.0,unnamed_4,42051.0,profitandloss
804.0,unnamed_4,43608.0,profitandloss
805.0,unnamed_4,35124.0,profitandloss
806.0,unnamed_4,43296.0,profitandloss
807.0,unnamed_4,57017.0,profitandloss
808.0,unnamed_4,65827.0,profitandloss
809.0,unnamed_4,61513.0,profitandloss
810.0,unnamed_4,59661.0,profitandloss
811.0,unnamed_4,107257.0,profitandloss
812.0,unnamed_4,147490.0,profitandloss
813.0,unnamed_4,146849.0,profitandloss
814.0,unnamed_4,147796.0,profitandloss
815.0,unnamed_4,6024.0,profitandloss
816.0,unnamed_4,6312.0,profitandloss
817.0,unnamed_4,6966.0,profitandloss
818.0,unnamed_4,11123.0,profitandloss
819.0,unnamed_4,11458.0,profitandloss
820.0,unnamed_4,12467.0,profitandloss
821.0,unnamed_4,15187.0,profitandloss
822.0,unnamed_4,15901.0,profitandloss
823.0,unnamed_4,12967.0,profitandloss
824.0,unnamed_4,11554.0,profitandloss
825.0,unnamed_4,14411.0,profitandloss
826.0,unnamed_4,22567.0,profitandloss
827.0,unnamed_4,27327.0,profitandloss
828.0,unnamed_4,565587.0,profitandloss
829.0,unnamed_4,634989.0,profitandloss
830.0,unnamed_4,691166.0,profitandloss
831.0,unnamed_4,720280.0,profitandloss
832.0,unnamed_4,750420.0,profitandloss
833.0,unnamed_4,813188.0,profitandloss
834.0,unnamed_4,870255.0,profitandloss
835.0,unnamed_4,1663.0,profitandloss
836.0,unnamed_4,2229.0,profitandloss
837.0,unnamed_4,4769.0,profitandloss
838.0,unnamed_4,6123.0,profitandloss
839.0,unnamed_4,6313.0,profitandloss
840.0,unnamed_4,7995.0,profitandloss
841.0,unnamed_4,8728.0,profitandloss
842.0,unnamed_4,10526.0,profitandloss
843.0,unnamed_4,4066.0,profitandloss
844.0,unnamed_4,7047.0,profitandloss
845.0,unnamed_4,7406.0,profitandloss
846.0,unnamed_4,7651.0,profitandloss
847.0,unnamed_4,9761.0,profitandloss
848.0,unnamed_4,63032.0,profitandloss
849.0,unnamed_4,70968.0,profitandloss
850.0,unnamed_4,76245.0,profitandloss
851.0,unnamed_4,85637.0,profitandloss
852.0,unnamed_4,92691.0,profitandloss
853.0,unnamed_4,99572.0,profitandloss
854.0,unnamed_4,112354.0,profitandloss
855.0,unnamed_4,120899.0,profitandloss
856.0,unnamed_4,112519.0,profitandloss
857.0,unnamed_4,132207.0,profitandloss
858.0,unnamed_4,156175.0,profitandloss
859.0,unnamed_4,191248.0,profitandloss
860.0,unnamed_4,208066.0,profitandloss
861.0,unnamed_4,2981.0,profitandloss
862.0,unnamed_4,3773.0,profitandloss
863.0,unnamed_4,3973.0,profitandloss
864.0,unnamed_4,4819.0,profitandloss
865.0,unnamed_4,5271.0,profitandloss
866.0,unnamed_4,6119.0,profitandloss
867.0,unnamed_4,7562.0,profitandloss
868.0,unnamed_4,8849.0,profitandloss
869.0,unnamed_4,9645.0,profitandloss
870.0,unnamed_4,20860.0,profitandloss
871.0,unnamed_4,27075.0,profitandloss
872.0,unnamed_4,29130.0,profitandloss
873.0,unnamed_4,30695.0,profitandloss
874.0,unnamed_4,59578.0,profitandloss
875.0,unnamed_4,63830.0,profitandloss
876.0,unnamed_4,62655.0,profitandloss
877.0,unnamed_4,65759.0,profitandloss
878.0,unnamed_4,73038.0,profitandloss
879.0,unnamed_4,78868.0,profitandloss
880.0,unnamed_4,89514.0,profitandloss
881.0,unnamed_4,65224.0,profitandloss
882.0,unnamed_4,62791.0,profitandloss
883.0,unnamed_4,75488.0,profitandloss
884.0,unnamed_4,100983.0,profitandloss
885.0,unnamed_4,114186.0,profitandloss
886.0,unnamed_4,118688.0,profitandloss
887.0,unnamed_4,39944.0,profitandloss
888.0,unnamed_4,39232.0,profitandloss
889.0,unnamed_4,43909.0,profitandloss
890.0,unnamed_4,48565.0,profitandloss
891.0,unnamed_4,57664.0,profitandloss
892.0,unnamed_4,67692.0,profitandloss
893.0,unnamed_4,75012.0,profitandloss
894.0,unnamed_4,68305.0,profitandloss
895.0,unnamed_4,64961.0,profitandloss
896.0,unnamed_4,82578.0,profitandloss
897.0,unnamed_4,105288.0,profitandloss
898.0,unnamed_4,123232.0,profitandloss
899.0,unnamed_4,125446.0,profitandloss
900.0,unnamed_4,23819.0,profitandloss
901.0,unnamed_4,28017.0,profitandloss
902.0,unnamed_4,31817.0,profitandloss
903.0,unnamed_4,33668.0,profitandloss
904.0,unnamed_4,38204.0,profitandloss
905.0,unnamed_4,51174.0,profitandloss
906.0,unnamed_4,58174.0,profitandloss
907.0,unnamed_4,56075.0,profitandloss
908.0,unnamed_4,53000.0,profitandloss
909.0,unnamed_4,59060.0,profitandloss
910.0,unnamed_4,72537.0,profitandloss
911.0,unnamed_4,89370.0,profitandloss
912.0,unnamed_4,98908.0,profitandloss
913.0,unnamed_4,351.0,profitandloss
914.0,unnamed_4,471.0,profitandloss
915.0,unnamed_4,711.0,profitandloss
916.0,unnamed_4,656.0,profitandloss
917.0,unnamed_4,896.0,profitandloss
918.0,unnamed_4,769.0,profitandloss
919.0,unnamed_4,1142.0,profitandloss
920.0,unnamed_4,1662.0,profitandloss
921.0,unnamed_4,1054.0,profitandloss
922.0,unnamed_4,1143.0,profitandloss
923.0,unnamed_4,1997.0,profitandloss
924.0,unnamed_4,1825.0,profitandloss
925.0,unnamed_4,1911.0,profitandloss
926.0,unnamed_4,7153.0,profitandloss
927.0,unnamed_4,7816.0,profitandloss
928.0,unnamed_4,6620.0,profitandloss
929.0,unnamed_4,7292.0,profitandloss
930.0,unnamed_4,7913.0,profitandloss
931.0,unnamed_4,8675.0,profitandloss
932.0,unnamed_4,9443.0,profitandloss
933.0,unnamed_4,10149.0,profitandloss
934.0,unnamed_4,11178.0,profitandloss
935.0,unnamed_4,13191.0,profitandloss
936.0,unnamed_4,14655.0,profitandloss
937.0,unnamed_4,18581.0,profitandloss
938.0,unnamed_4,15060.0,profitandloss
939.0,unnamed_4,2229.0,profitandloss
940.0,unnamed_4,3047.0,profitandloss
941.0,unnamed_4,3087.0,profitandloss
942.0,unnamed_4,3571.0,profitandloss
943.0,unnamed_4,3739.0,profitandloss
944.0,unnamed_4,3508.0,profitandloss
945.0,unnamed_4,4002.0,profitandloss
946.0,unnamed_4,4562.0,profitandloss
947.0,unnamed_4,4371.0,profitandloss
948.0,unnamed_4,5131.0,profitandloss
949.0,unnamed_4,4423.0,profitandloss
950.0,unnamed_4,4825.0,profitandloss
951.0,unnamed_4,4675.0,profitandloss
952.0,unnamed_4,53370.0,profitandloss
953.0,unnamed_4,58603.0,profitandloss
954.0,unnamed_4,62605.0,profitandloss
955.0,unnamed_4,54829.0,profitandloss
956.0,unnamed_4,60445.0,profitandloss
957.0,unnamed_4,65598.0,profitandloss
958.0,unnamed_4,77576.0,profitandloss
959.0,unnamed_4,77878.0,profitandloss
960.0,unnamed_4,77487.0,profitandloss
961.0,unnamed_4,92307.0,profitandloss
962.0,unnamed_4,128611.0,profitandloss
963.0,unnamed_4,127045.0,profitandloss
964.0,unnamed_4,133499.0,profitandloss
965.0,unnamed_4,118482.0,profitandloss
966.0,unnamed_4,124991.0,profitandloss
967.0,unnamed_4,118610.0,profitandloss
968.0,unnamed_4,84901.0,profitandloss
969.0,unnamed_4,229702.0,profitandloss
970.0,unnamed_4,265817.0,profitandloss
971.0,unnamed_4,346805.0,profitandloss
972.0,unnamed_4,344623.0,profitandloss
973.0,unnamed_4,254375.0,profitandloss
974.0,unnamed_4,411373.0,profitandloss
975.0,unnamed_4,556764.0,profitandloss
976.0,unnamed_4,488561.0,profitandloss
977.0,unnamed_4,572824.0,profitandloss
978.0,unnamed_4,331.0,profitandloss
979.0,unnamed_4,748.0,profitandloss
980.0,unnamed_4,1103.0,profitandloss
981.0,unnamed_4,2042.0,profitandloss
982.0,unnamed_4,5538.0,profitandloss
983.0,unnamed_4,6583.0,profitandloss
984.0,unnamed_4,1696.0,profitandloss
985.0,unnamed_4,7332.0,profitandloss
986.0,unnamed_4,7102.0,profitandloss
987.0,unnamed_4,8215.0,profitandloss
988.0,unnamed_4,4167.0,profitandloss
989.0,unnamed_4,-27.0,profitandloss
990.0,unnamed_4,882.0,profitandloss
991.0,unnamed_4,3120.0,profitandloss
992.0,unnamed_4,3611.0,profitandloss
993.0,unnamed_4,4073.0,profitandloss
994.0,unnamed_4,4188.0,profitandloss
995.0,unnamed_4,4355.0,profitandloss
996.0,unnamed_4,4737.0,profitandloss
997.0,unnamed_4,5707.0,profitandloss
998.0,unnamed_4,5718.0,profitandloss
999.0,unnamed_4,5606.0,profitandloss
1000.0,unnamed_4,8065.0,profitandloss
1001.0,unnamed_4,9813.0,profitandloss
1002.0,unnamed_4,9675.0,profitandloss
1003.0,unnamed_4,9949.0,profitandloss
1004.0,unnamed_4,12456.0,profitandloss
1005.0,unnamed_4,16112.0,profitandloss
1006.0,unnamed_4,18760.0,profitandloss
1007.0,unnamed_4,27453.0,profitandloss
1008.0,unnamed_4,22533.0,profitandloss
1009.0,unnamed_4,43345.0,profitandloss
1010.0,unnamed_4,39645.0,profitandloss
1011.0,unnamed_4,25867.0,profitandloss
1012.0,unnamed_4,38601.0,profitandloss
1013.0,unnamed_4,36026.0,profitandloss
1014.0,unnamed_4,41502.0,profitandloss
1015.0,unnamed_4,39623.0,profitandloss
1016.0,unnamed_4,36345.0,profitandloss
1017.0,unnamed_4,2244.0,profitandloss
1018.0,unnamed_4,2588.0,profitandloss
1019.0,unnamed_4,2613.0,profitandloss
1020.0,unnamed_4,2468.0,profitandloss
1021.0,unnamed_4,3247.0,profitandloss
1022.0,unnamed_4,3993.0,profitandloss
1023.0,unnamed_4,8140.0,profitandloss
1024.0,unnamed_4,4858.0,profitandloss
1025.0,unnamed_4,4734.0,profitandloss
1026.0,unnamed_4,5796.0,profitandloss
1027.0,unnamed_4,6028.0,profitandloss
1028.0,unnamed_4,6017.0,profitandloss
1029.0,unnamed_4,6577.0,profitandloss
1030.0,unnamed_4,365.0,profitandloss
1031.0,unnamed_4,572.0,profitandloss
1032.0,unnamed_4,1149.0,profitandloss
1033.0,unnamed_4,1680.0,profitandloss
1034.0,unnamed_4,1888.0,profitandloss
1035.0,unnamed_4,3379.0,profitandloss
1036.0,unnamed_4,1702.0,profitandloss
1037.0,unnamed_4,3981.0,profitandloss
1038.0,unnamed_4,3292.0,profitandloss
1039.0,unnamed_4,4838.0,profitandloss
1040.0,unnamed_4,1858.0,profitandloss
1041.0,unnamed_4,-366.0,profitandloss
1042.0,unnamed_4,630.0,profitandloss
1043.0,unnamed_4,362802.0,profitandloss
1044.0,unnamed_4,398586.0,profitandloss
1045.0,unnamed_4,336923.0,profitandloss
1046.0,unnamed_4,230802.0,profitandloss
1047.0,unnamed_4,257647.0,profitandloss
1048.0,unnamed_4,326508.0,profitandloss
1049.0,unnamed_4,484087.0,profitandloss
1050.0,unnamed_4,507413.0,profitandloss
1051.0,unnamed_4,385517.0,profitandloss
1052.0,unnamed_4,586092.0,profitandloss
1053.0,unnamed_4,734078.0,profitandloss
1054.0,unnamed_4,736543.0,profitandloss
1055.0,unnamed_4,775710.0,profitandloss
1056.0,unnamed_4,14443.0,profitandloss
1057.0,unnamed_4,16747.0,profitandloss
1058.0,unnamed_4,22505.0,profitandloss
1059.0,unnamed_4,18404.0,profitandloss
1060.0,unnamed_4,29479.0,profitandloss
1061.0,unnamed_4,32736.0,profitandloss
1062.0,unnamed_4,43130.0,profitandloss
1063.0,unnamed_4,42447.0,profitandloss
1064.0,unnamed_4,81040.0,profitandloss
1065.0,unnamed_4,82254.0,profitandloss
1066.0,unnamed_4,80514.0,profitandloss
1067.0,unnamed_4,131742.0,profitandloss
1068.0,unnamed_4,129065.0,profitandloss
1069.0,unnamed_4,66283.0,profitandloss
1070.0,unnamed_4,82198.0,profitandloss
1071.0,unnamed_4,96675.0,profitandloss
1072.0,unnamed_4,109985.0,profitandloss
1073.0,unnamed_4,145666.0,profitandloss
1074.0,unnamed_4,169065.0,profitandloss
1075.0,unnamed_4,166104.0,profitandloss
1076.0,unnamed_4,172909.0,profitandloss
1077.0,unnamed_4,192821.0,profitandloss
1078.0,unnamed_4,197349.0,profitandloss
1079.0,unnamed_4,204303.0,profitandloss
1080.0,unnamed_4,239750.0,profitandloss
1081.0,unnamed_4,244759.0,profitandloss
1082.0,unnamed_4,3857.0,profitandloss
1083.0,unnamed_4,4325.0,profitandloss
1084.0,unnamed_4,4916.0,profitandloss
1085.0,unnamed_4,4107.0,profitandloss
1086.0,unnamed_4,6081.0,profitandloss
1087.0,unnamed_4,7360.0,profitandloss
1088.0,unnamed_4,9758.0,profitandloss
1089.0,unnamed_4,9098.0,profitandloss
1090.0,unnamed_4,9468.0,profitandloss
1091.0,unnamed_4,11300.0,profitandloss
1092.0,unnamed_4,14893.0,profitandloss
1093.0,unnamed_4,16003.0,profitandloss
1094.0,unnamed_4,15576.0,profitandloss
1095.0,unnamed_4,1738.0,profitandloss
1096.0,unnamed_4,2244.0,profitandloss
1097.0,unnamed_4,2781.0,profitandloss
1098.0,unnamed_4,3447.0,profitandloss
1099.0,unnamed_4,3712.0,profitandloss
1100.0,unnamed_4,3288.0,profitandloss
1101.0,unnamed_4,4171.0,profitandloss
1102.0,unnamed_4,4683.0,profitandloss
1103.0,unnamed_4,4932.0,profitandloss
1104.0,unnamed_4,5816.0,profitandloss
1105.0,unnamed_4,8706.0,profitandloss
1106.0,unnamed_4,10278.0,profitandloss
1107.0,unnamed_4,11228.0,profitandloss
1108.0,unnamed_4,10784.0,profitandloss
1109.0,unnamed_4,10559.0,profitandloss
1110.0,unnamed_4,9565.0,profitandloss
1111.0,unnamed_4,9815.0,profitandloss
1112.0,unnamed_4,10008.0,profitandloss
1113.0,unnamed_4,11468.0,profitandloss
1114.0,unnamed_4,11594.0,profitandloss
1115.0,unnamed_4,8944.0,profitandloss
1116.0,unnamed_4,11746.0,profitandloss
1117.0,unnamed_4,14278.0,profitandloss
1118.0,unnamed_4,17067.0,profitandloss
1119.0,unnamed_4,19136.0,profitandloss
1120.0,unnamed_4,6346.0,profitandloss
1121.0,unnamed_4,9078.0,profitandloss
1122.0,unnamed_4,19498.0,profitandloss
1123.0,unnamed_4,20313.0,profitandloss
1124.0,unnamed_4,21476.0,profitandloss
1125.0,unnamed_4,20858.0,profitandloss
1126.0,unnamed_4,22689.0,profitandloss
1127.0,unnamed_4,25855.0,profitandloss
1128.0,unnamed_4,25028.0,profitandloss
1129.0,unnamed_4,28397.0,profitandloss
1130.0,unnamed_4,32235.0,profitandloss
1131.0,unnamed_4,35479.0,profitandloss
1132.0,unnamed_4,36249.0,profitandloss
1133.0,unnamed_4,6581.0,profitandloss
1134.0,unnamed_4,6986.0,profitandloss
1135.0,unnamed_4,7201.0,profitandloss
1136.0,unnamed_4,6271.0,profitandloss
1137.0,unnamed_4,5988.0,profitandloss
1138.0,unnamed_4,5976.0,profitandloss
1139.0,unnamed_4,6466.0,profitandloss
1140.0,unnamed_4,8345.0,profitandloss
1141.0,unnamed_4,10058.0,profitandloss
1142.0,unnamed_4,10707.0,profitandloss
1143.0,unnamed_4,11927.0,profitandloss
1144.0,unnamed_4,12922.0,profitandloss
1145.0,unnamed_4,13802.0,profitandloss
1146.0,unnamed_4,164197.0,profitandloss
1147.0,unnamed_4,197980.0,profitandloss
1148.0,unnamed_4,223920.0,profitandloss
1149.0,unnamed_4,234650.0,profitandloss
1150.0,unnamed_4,240104.0,profitandloss
1151.0,unnamed_4,260093.0,profitandloss
1152.0,unnamed_4,277274.0,profitandloss
1153.0,unnamed_4,243081.0,profitandloss
1154.0,unnamed_4,217507.0,profitandloss
1155.0,unnamed_4,253734.0,profitandloss
1156.0,unnamed_4,314151.0,profitandloss
1157.0,unnamed_4,378389.0,profitandloss
1158.0,unnamed_4,379564.0,profitandloss
1159.0,unnamed_4,27583.0,profitandloss
1160.0,unnamed_4,28810.0,profitandloss
1161.0,unnamed_4,27292.0,profitandloss
1162.0,unnamed_4,27389.0,profitandloss
1163.0,unnamed_4,22114.0,profitandloss
1164.0,unnamed_4,24545.0,profitandloss
1165.0,unnamed_4,26811.0,profitandloss
1166.0,unnamed_4,22331.0,profitandloss
1167.0,unnamed_4,25782.0,profitandloss
1168.0,unnamed_4,35785.0,profitandloss
1169.0,unnamed_4,47381.0,profitandloss
1170.0,unnamed_4,50714.0,profitandloss
1171.0,unnamed_4,52432.0,profitandloss
1172.0,unnamed_4,130746.0,profitandloss
1173.0,unnamed_4,132430.0,profitandloss
1174.0,unnamed_4,136095.0,profitandloss
1175.0,unnamed_4,102590.0,profitandloss
1176.0,unnamed_4,99156.0,profitandloss
1177.0,unnamed_4,101816.0,profitandloss
1178.0,unnamed_4,128351.0,profitandloss
1179.0,unnamed_4,122354.0,profitandloss
1180.0,unnamed_4,125790.0,profitandloss
1181.0,unnamed_4,180469.0,profitandloss
1182.0,unnamed_4,211053.0,profitandloss
1183.0,unnamed_4,206923.0,profitandloss
1184.0,unnamed_4,195697.0,profitandloss
1185.0,unnamed_4,44950.0,profitandloss
1186.0,unnamed_4,56657.0,profitandloss
1187.0,unnamed_4,70167.0,profitandloss
1188.0,unnamed_4,77969.0,profitandloss
1189.0,unnamed_4,85655.0,profitandloss
1190.0,unnamed_4,90588.0,profitandloss
1191.0,unnamed_4,106957.0,profitandloss
1192.0,unnamed_4,114840.0,profitandloss
1193.0,unnamed_4,117631.0,profitandloss
1194.0,unnamed_4,138697.0,profitandloss
1195.0,unnamed_4,166199.0,profitandloss
1196.0,unnamed_4,176597.0,profitandloss
1197.0,unnamed_4,184491.0,profitandloss
1198.0,unnamed_4,5451.0,profitandloss
1199.0,unnamed_4,14630.0,profitandloss
1200.0,unnamed_4,18428.0,profitandloss
1201.0,unnamed_4,22234.0,profitandloss
1202.0,unnamed_4,24956.0,profitandloss
1203.0,unnamed_4,26063.0,profitandloss
1204.0,unnamed_4,28471.0,profitandloss
1205.0,unnamed_4,31365.0,profitandloss
1206.0,unnamed_4,31059.0,profitandloss
1207.0,unnamed_4,36626.0,profitandloss
1208.0,unnamed_4,45527.0,profitandloss
1209.0,unnamed_4,47489.0,profitandloss
1210.0,unnamed_4,46253.0,profitandloss
1211.0,unnamed_4,9109.0,profitandloss
1212.0,unnamed_4,9880.0,profitandloss
1213.0,unnamed_4,10761.0,profitandloss
1214.0,unnamed_4,10337.0,profitandloss
1215.0,unnamed_4,12097.0,profitandloss
1216.0,unnamed_4,14476.0,profitandloss
1217.0,unnamed_4,17785.0,profitandloss
1218.0,unnamed_4,18589.0,profitandloss
1219.0,unnamed_4,19919.0,profitandloss
1220.0,unnamed_4,25455.0,profitandloss
1221.0,unnamed_4,35693.0,profitandloss
1222.0,unnamed_4,45792.0,profitandloss
1223.0,unnamed_4,49219.0,profitandloss
1224.0,unnamed_4,2506.0,profitandloss
1225.0,unnamed_4,3216.0,profitandloss
1226.0,unnamed_4,3616.0,profitandloss
1227.0,unnamed_4,3954.0,profitandloss
1228.0,unnamed_4,4438.0,profitandloss
1229.0,unnamed_4,4601.0,profitandloss
1230.0,unnamed_4,5690.0,profitandloss
1231.0,unnamed_4,5769.0,profitandloss
1232.0,unnamed_4,5524.0,profitandloss
1233.0,unnamed_4,6077.0,profitandloss
1234.0,unnamed_4,6778.0,profitandloss
1235.0,unnamed_4,7360.0,profitandloss
1236.0,unnamed_4,7662.0,profitandloss
1237.0,unnamed_4,2128.0,profitandloss
1238.0,unnamed_4,2343.0,profitandloss
1239.0,unnamed_4,2196.0,profitandloss
1240.0,unnamed_4,1596.0,profitandloss
1241.0,unnamed_4,1679.0,profitandloss
1242.0,unnamed_4,1949.0,profitandloss
1243.0,unnamed_4,2390.0,profitandloss
1244.0,unnamed_4,2957.0,profitandloss
1245.0,unnamed_4,2479.0,profitandloss
1246.0,unnamed_4,3903.0,profitandloss
1247.0,unnamed_4,7128.0,profitandloss
1248.0,unnamed_4,10404.0,profitandloss
1249.0,unnamed_4,12672.0,profitandloss
1250.0,unnamed_4,7072.0,profitandloss
1251.0,unnamed_4,7892.0,profitandloss
1252.0,unnamed_4,9650.0,profitandloss
1253.0,unnamed_4,10558.0,profitandloss
1254.0,unnamed_4,11591.0,profitandloss
1255.0,unnamed_4,14769.0,profitandloss
1256.0,unnamed_4,17997.0,profitandloss
1257.0,unnamed_4,16585.0,profitandloss
1258.0,unnamed_4,17189.0,profitandloss
1259.0,unnamed_4,21601.0,profitandloss
1260.0,unnamed_4,27947.0,profitandloss
1261.0,unnamed_4,33645.0,profitandloss
1262.0,unnamed_4,36696.0,profitandloss
1263.0,unnamed_4,15674.0,profitandloss
1264.0,unnamed_4,16695.0,profitandloss
1265.0,unnamed_4,18881.0,profitandloss
1266.0,unnamed_4,20252.0,profitandloss
1267.0,unnamed_4,20162.0,profitandloss
1268.0,unnamed_4,24834.0,profitandloss
1269.0,unnamed_4,34115.0,profitandloss
1270.0,unnamed_4,33184.0,profitandloss
1271.0,unnamed_4,33158.0,profitandloss
1272.0,unnamed_4,41084.0,profitandloss
1273.0,unnamed_4,52620.0,profitandloss
1274.0,unnamed_4,57940.0,profitandloss
1275.0,unnamed_4,59261.0,profitandloss
1276.0,unnamed_4,7268.0,profitandloss
1277.0,unnamed_4,8829.0,profitandloss
1278.0,unnamed_4,9498.0,profitandloss
1279.0,unnamed_4,10349.0,profitandloss
1280.0,unnamed_4,13871.0,profitandloss
1281.0,unnamed_4,21181.0,profitandloss
1282.0,unnamed_4,19019.0,profitandloss
1283.0,unnamed_4,21166.0,profitandloss
1284.0,unnamed_4,36270.0,profitandloss
1285.0,unnamed_4,32264.0,profitandloss
1286.0,unnamed_4,36155.0,profitandloss
1287.0,unnamed_4,32422.0,profitandloss
1288.0,unnamed_4,35514.0,profitandloss
1289.0,unnamed_4,9287.0,profitandloss
1290.0,unnamed_4,13876.0,profitandloss
1291.0,unnamed_4,9619.0,profitandloss
1292.0,unnamed_4,8162.0,profitandloss
1293.0,unnamed_4,7826.0,profitandloss
1294.0,unnamed_4,7381.0,profitandloss
1295.0,unnamed_4,7947.0,profitandloss
1296.0,unnamed_4,7756.0,profitandloss
1297.0,unnamed_4,7080.0,profitandloss
1298.0,unnamed_4,8117.0,profitandloss
1299.0,unnamed_4,9195.0,profitandloss
1300.0,unnamed_4,9321.0,profitandloss
1301.0,unnamed_4,9710.0,profitandloss
1302.0,unnamed_4,1572.0,profitandloss
1303.0,unnamed_4,1824.0,profitandloss
1304.0,unnamed_4,2116.0,profitandloss
1305.0,unnamed_4,2752.0,profitandloss
1306.0,unnamed_4,3052.0,profitandloss
1307.0,unnamed_4,3165.0,profitandloss
1308.0,unnamed_4,4069.0,profitandloss
1309.0,unnamed_4,5667.0,profitandloss
1310.0,unnamed_4,5235.0,profitandloss
1311.0,unnamed_4,7129.0,profitandloss
1312.0,unnamed_4,10310.0,profitandloss
1313.0,unnamed_4,12326.0,profitandloss
1314.0,unnamed_4,14438.0,profitandloss
1315.0,unnamed_4,2283.0,profitandloss
1316.0,unnamed_4,46557.0,profitandloss
1317.0,unnamed_4,51595.0,profitandloss
1318.0,unnamed_4,82741.0,profitandloss
1319.0,unnamed_4,50849.0,profitandloss
1320.0,unnamed_4,66989.0,profitandloss
1321.0,unnamed_4,68877.0,profitandloss
1322.0,unnamed_4,63704.0,profitandloss
1323.0,unnamed_4,60703.0,profitandloss
1324.0,unnamed_4,87908.0,profitandloss
1325.0,unnamed_4,112877.0,profitandloss
1326.0,unnamed_4,108415.0,profitandloss
1327.0,unnamed_4,107376.0,profitandloss
1328.0,unnamed_4,29773.0,profitandloss
1329.0,unnamed_4,33788.0,profitandloss
1330.0,unnamed_4,36652.0,profitandloss
1331.0,unnamed_4,40448.0,profitandloss
1332.0,unnamed_4,44128.0,profitandloss
1333.0,unnamed_4,44100.0,profitandloss
1334.0,unnamed_4,47406.0,profitandloss
1335.0,unnamed_4,48795.0,profitandloss
1336.0,unnamed_4,47164.0,profitandloss
1337.0,unnamed_4,62628.0,profitandloss
1338.0,unnamed_4,73649.0,profitandloss
1339.0,unnamed_4,73008.0,profitandloss
1340.0,unnamed_4,71019.0,profitandloss
1341.0,unnamed_4,558.0,profitandloss
1342.0,unnamed_4,3556.0,profitandloss
1343.0,unnamed_4,4909.0,profitandloss
1344.0,unnamed_4,2461.0,profitandloss
1345.0,unnamed_4,6043.0,profitandloss
1346.0,unnamed_4,8290.0,profitandloss
1347.0,unnamed_4,12071.0,profitandloss
1348.0,unnamed_4,17321.0,profitandloss
1349.0,unnamed_4,5228.0,profitandloss
1350.0,unnamed_4,6021.0,profitandloss
1351.0,unnamed_4,6896.0,profitandloss
1352.0,unnamed_4,7095.0,profitandloss
1353.0,unnamed_4,7474.0,profitandloss
1354.0,unnamed_4,9074.0,profitandloss
1355.0,unnamed_4,10174.0,profitandloss
1356.0,unnamed_4,11455.0,profitandloss
1357.0,unnamed_4,11013.0,profitandloss
1358.0,unnamed_4,11768.0,profitandloss
1359.0,unnamed_4,13378.0,profitandloss
1360.0,unnamed_4,14163.0,profitandloss
1361.0,unnamed_4,15205.0,profitandloss
1362.0,unnamed_4,73.0,profitandloss
1363.0,unnamed_4,123.0,profitandloss
1364.0,unnamed_4,150.0,profitandloss
1365.0,unnamed_4,350.0,profitandloss
1366.0,unnamed_4,406.0,profitandloss
1367.0,unnamed_4,413.0,profitandloss
1368.0,unnamed_4,563.0,profitandloss
1369.0,unnamed_4,1902.0,profitandloss
1370.0,unnamed_4,2170.0,profitandloss
1371.0,unnamed_4,2386.0,profitandloss
1372.0,unnamed_4,3168.0,profitandloss
1373.0,unnamed_4,4805.0,profitandloss
1374.0,unnamed_4,0.0,profitandloss
,unnamed_5,,profitandloss
61.0,unnamed_5,202.0,profitandloss
62.0,unnamed_5,267.0,profitandloss
63.0,unnamed_5,312.0,profitandloss
64.0,unnamed_5,365.0,profitandloss
65.0,unnamed_5,398.0,profitandloss
66.0,unnamed_5,525.0,profitandloss
67.0,unnamed_5,605.0,profitandloss
68.0,unnamed_5,757.0,profitandloss
69.0,unnamed_5,922.0,profitandloss
70.0,unnamed_5,1082.0,profitandloss
71.0,unnamed_5,1206.0,profitandloss
72.0,unnamed_5,1453.0,profitandloss
73.0,unnamed_5,1547.0,profitandloss
86.0,unnamed_5,0.0,profitandloss
87.0,unnamed_5,101.0,profitandloss
88.0,unnamed_5,1927.0,profitandloss
89.0,unnamed_5,1983.0,profitandloss
90.0,unnamed_5,2826.0,profitandloss
91.0,unnamed_5,2778.0,profitandloss
92.0,unnamed_5,4258.0,profitandloss
93.0,unnamed_5,3950.0,profitandloss
94.0,unnamed_5,4206.0,profitandloss
95.0,unnamed_5,4518.0,profitandloss
96.0,unnamed_5,5711.0,profitandloss
97.0,unnamed_5,6592.0,profitandloss
98.0,unnamed_5,6021.0,profitandloss
99.0,unnamed_5,9383.0,profitandloss
100.0,unnamed_5,12450.0,profitandloss
101.0,unnamed_5,1684.0,profitandloss
102.0,unnamed_5,1902.0,profitandloss
103.0,unnamed_5,2038.0,profitandloss
104.0,unnamed_5,1969.0,profitandloss
105.0,unnamed_5,2294.0,profitandloss
106.0,unnamed_5,2506.0,profitandloss
107.0,unnamed_5,3714.0,profitandloss
108.0,unnamed_5,8818.0,profitandloss
109.0,unnamed_5,11377.0,profitandloss
110.0,unnamed_5,13893.0,profitandloss
111.0,unnamed_5,403.0,profitandloss
112.0,unnamed_5,843.0,profitandloss
113.0,unnamed_5,1526.0,profitandloss
114.0,unnamed_5,1450.0,profitandloss
115.0,unnamed_5,2241.0,profitandloss
116.0,unnamed_5,3512.0,profitandloss
117.0,unnamed_5,4970.0,profitandloss
118.0,unnamed_5,7318.0,profitandloss
119.0,unnamed_5,8100.0,profitandloss
120.0,unnamed_5,2382.0,profitandloss
121.0,unnamed_5,2919.0,profitandloss
122.0,unnamed_5,3902.0,profitandloss
123.0,unnamed_5,4577.0,profitandloss
124.0,unnamed_5,5418.0,profitandloss
125.0,unnamed_5,7157.0,profitandloss
126.0,unnamed_5,6596.0,profitandloss
127.0,unnamed_5,5947.0,profitandloss
128.0,unnamed_5,8688.0,profitandloss
129.0,unnamed_5,9528.0,profitandloss
130.0,unnamed_5,10947.0,profitandloss
131.0,unnamed_5,15589.0,profitandloss
132.0,unnamed_5,17165.0,profitandloss
133.0,unnamed_5,2382.0,profitandloss
134.0,unnamed_5,2919.0,profitandloss
135.0,unnamed_5,3902.0,profitandloss
136.0,unnamed_5,4577.0,profitandloss
137.0,unnamed_5,5418.0,profitandloss
138.0,unnamed_5,7157.0,profitandloss
139.0,unnamed_5,6596.0,profitandloss
140.0,unnamed_5,5947.0,profitandloss
141.0,unnamed_5,8688.0,profitandloss
142.0,unnamed_5,9528.0,profitandloss
143.0,unnamed_5,10947.0,profitandloss
144.0,unnamed_5,15589.0,profitandloss
145.0,unnamed_5,17165.0,profitandloss
146.0,unnamed_5,960.0,profitandloss
147.0,unnamed_5,4593.0,profitandloss
148.0,unnamed_5,4678.0,profitandloss
149.0,unnamed_5,8802.0,profitandloss
150.0,unnamed_5,5980.0,profitandloss
151.0,unnamed_5,5436.0,profitandloss
152.0,unnamed_5,4983.0,profitandloss
153.0,unnamed_5,5734.0,profitandloss
154.0,unnamed_5,8688.0,profitandloss
155.0,unnamed_5,9881.0,profitandloss
156.0,unnamed_5,10096.0,profitandloss
157.0,unnamed_5,18228.0,profitandloss
158.0,unnamed_5,20965.0,profitandloss
159.0,unnamed_5,2473.0,profitandloss
160.0,unnamed_5,1669.0,profitandloss
161.0,unnamed_5,1934.0,profitandloss
162.0,unnamed_5,1542.0,profitandloss
163.0,unnamed_5,3181.0,profitandloss
164.0,unnamed_5,3858.0,profitandloss
165.0,unnamed_5,4011.0,profitandloss
166.0,unnamed_5,4597.0,profitandloss
167.0,unnamed_5,5006.0,profitandloss
168.0,unnamed_5,6210.0,profitandloss
169.0,unnamed_5,5122.0,profitandloss
170.0,unnamed_5,6400.0,profitandloss
171.0,unnamed_5,5822.0,profitandloss
172.0,unnamed_5,612.0,profitandloss
173.0,unnamed_5,676.0,profitandloss
174.0,unnamed_5,737.0,profitandloss
175.0,unnamed_5,684.0,profitandloss
176.0,unnamed_5,734.0,profitandloss
177.0,unnamed_5,801.0,profitandloss
178.0,unnamed_5,1070.0,profitandloss
179.0,unnamed_5,1591.0,profitandloss
180.0,unnamed_5,1140.0,profitandloss
181.0,unnamed_5,2189.0,profitandloss
182.0,unnamed_5,2065.0,profitandloss
183.0,unnamed_5,2394.0,profitandloss
184.0,unnamed_5,2745.0,profitandloss
185.0,unnamed_5,1737.0,profitandloss
186.0,unnamed_5,2004.0,profitandloss
187.0,unnamed_5,2243.0,profitandloss
188.0,unnamed_5,2725.0,profitandloss
189.0,unnamed_5,2994.0,profitandloss
190.0,unnamed_5,3204.0,profitandloss
191.0,unnamed_5,3765.0,profitandloss
192.0,unnamed_5,4157.0,profitandloss
193.0,unnamed_5,4856.0,profitandloss
194.0,unnamed_5,4804.0,profitandloss
195.0,unnamed_5,6260.0,profitandloss
196.0,unnamed_5,7585.0,profitandloss
197.0,unnamed_5,6681.0,profitandloss
198.0,unnamed_5,366.0,profitandloss
199.0,unnamed_5,455.0,profitandloss
200.0,unnamed_5,595.0,profitandloss
201.0,unnamed_5,704.0,profitandloss
202.0,unnamed_5,773.0,profitandloss
203.0,unnamed_5,870.0,profitandloss
204.0,unnamed_5,1104.0,profitandloss
205.0,unnamed_5,1153.0,profitandloss
206.0,unnamed_5,3656.0,profitandloss
207.0,unnamed_5,4163.0,profitandloss
208.0,unnamed_5,4128.0,profitandloss
209.0,unnamed_5,4793.0,profitandloss
210.0,unnamed_5,4429.0,profitandloss
211.0,unnamed_5,4846.0,profitandloss
212.0,unnamed_5,5198.0,profitandloss
213.0,unnamed_5,5109.0,profitandloss
214.0,unnamed_5,4938.0,profitandloss
215.0,unnamed_5,5259.0,profitandloss
216.0,unnamed_5,6465.0,profitandloss
217.0,unnamed_5,8765.0,profitandloss
218.0,unnamed_5,9143.0,profitandloss
219.0,unnamed_5,8313.0,profitandloss
220.0,unnamed_5,9644.0,profitandloss
221.0,unnamed_5,11127.0,profitandloss
222.0,unnamed_5,13367.0,profitandloss
223.0,unnamed_5,23808.0,profitandloss
224.0,unnamed_5,28895.0,profitandloss
225.0,unnamed_5,27155.0,profitandloss
226.0,unnamed_5,35066.0,profitandloss
227.0,unnamed_5,31749.0,profitandloss
228.0,unnamed_5,29962.0,profitandloss
229.0,unnamed_5,29089.0,profitandloss
230.0,unnamed_5,37943.0,profitandloss
231.0,unnamed_5,44566.0,profitandloss
232.0,unnamed_5,3931.0,profitandloss
233.0,unnamed_5,4491.0,profitandloss
234.0,unnamed_5,5511.0,profitandloss
235.0,unnamed_5,6739.0,profitandloss
236.0,unnamed_5,8713.0,profitandloss
237.0,unnamed_5,10788.0,profitandloss
238.0,unnamed_5,15037.0,profitandloss
239.0,unnamed_5,18258.0,profitandloss
240.0,unnamed_5,19641.0,profitandloss
241.0,unnamed_5,21455.0,profitandloss
242.0,unnamed_5,29868.0,profitandloss
243.0,unnamed_5,40886.0,profitandloss
244.0,unnamed_5,45479.0,profitandloss
245.0,unnamed_5,322.0,profitandloss
246.0,unnamed_5,400.0,profitandloss
247.0,unnamed_5,484.0,profitandloss
248.0,unnamed_5,429.0,profitandloss
249.0,unnamed_5,628.0,profitandloss
250.0,unnamed_5,355.0,profitandloss
251.0,unnamed_5,347.0,profitandloss
252.0,unnamed_5,301.0,profitandloss
253.0,unnamed_5,352.0,profitandloss
254.0,unnamed_5,367.0,profitandloss
255.0,unnamed_5,380.0,profitandloss
256.0,unnamed_5,1562.0,profitandloss
257.0,unnamed_5,1554.0,profitandloss
258.0,unnamed_5,1752.0,profitandloss
259.0,unnamed_5,2354.0,profitandloss
260.0,unnamed_5,3250.0,profitandloss
261.0,unnamed_5,4115.0,profitandloss
262.0,unnamed_5,5454.0,profitandloss
263.0,unnamed_5,9159.0,profitandloss
264.0,unnamed_5,10839.0,profitandloss
265.0,unnamed_5,11880.0,profitandloss
266.0,unnamed_5,12693.0,profitandloss
267.0,unnamed_5,16099.0,profitandloss
268.0,unnamed_5,18943.0,profitandloss
269.0,unnamed_5,10950.0,profitandloss
270.0,unnamed_5,12049.0,profitandloss
271.0,unnamed_5,13466.0,profitandloss
272.0,unnamed_5,25391.0,profitandloss
273.0,unnamed_5,19250.0,profitandloss
274.0,unnamed_5,26093.0,profitandloss
275.0,unnamed_5,25815.0,profitandloss
276.0,unnamed_5,40583.0,profitandloss
277.0,unnamed_5,38070.0,profitandloss
278.0,unnamed_5,37518.0,profitandloss
279.0,unnamed_5,38231.0,profitandloss
280.0,unnamed_5,44379.0,profitandloss
281.0,unnamed_5,46459.0,profitandloss
282.0,unnamed_5,22960.0,profitandloss
283.0,unnamed_5,26512.0,profitandloss
284.0,unnamed_5,33602.0,profitandloss
285.0,unnamed_5,33984.0,profitandloss
286.0,unnamed_5,35330.0,profitandloss
287.0,unnamed_5,30079.0,profitandloss
288.0,unnamed_5,25764.0,profitandloss
289.0,unnamed_5,36610.0,profitandloss
290.0,unnamed_5,45279.0,profitandloss
291.0,unnamed_5,57534.0,profitandloss
292.0,unnamed_5,71274.0,profitandloss
293.0,unnamed_5,78292.0,profitandloss
294.0,unnamed_5,80733.0,profitandloss
295.0,unnamed_5,669.0,profitandloss
296.0,unnamed_5,925.0,profitandloss
297.0,unnamed_5,1179.0,profitandloss
298.0,unnamed_5,1393.0,profitandloss
299.0,unnamed_5,1792.0,profitandloss
300.0,unnamed_5,2039.0,profitandloss
301.0,unnamed_5,2909.0,profitandloss
302.0,unnamed_5,2759.0,profitandloss
303.0,unnamed_5,3214.0,profitandloss
304.0,unnamed_5,3344.0,profitandloss
305.0,unnamed_5,4090.0,profitandloss
306.0,unnamed_5,5051.0,profitandloss
307.0,unnamed_5,5708.0,profitandloss
308.0,unnamed_5,9483.0,profitandloss
309.0,unnamed_5,4579.0,profitandloss
310.0,unnamed_5,2141.0,profitandloss
311.0,unnamed_5,-1357.0,profitandloss
312.0,unnamed_5,1095.0,profitandloss
313.0,unnamed_5,1653.0,profitandloss
314.0,unnamed_5,2032.0,profitandloss
315.0,unnamed_5,-133.0,profitandloss
316.0,unnamed_5,-3049.0,profitandloss
317.0,unnamed_5,828.0,profitandloss
318.0,unnamed_5,1044.0,profitandloss
319.0,unnamed_5,711.0,profitandloss
320.0,unnamed_5,1050.0,profitandloss
321.0,unnamed_5,1350.0,profitandloss
322.0,unnamed_5,1289.0,profitandloss
323.0,unnamed_5,1981.0,profitandloss
324.0,unnamed_5,1878.0,profitandloss
325.0,unnamed_5,1963.0,profitandloss
326.0,unnamed_5,2093.0,profitandloss
327.0,unnamed_5,2154.0,profitandloss
328.0,unnamed_5,1483.0,profitandloss
329.0,unnamed_5,1163.0,profitandloss
330.0,unnamed_5,1462.0,profitandloss
331.0,unnamed_5,1810.0,profitandloss
332.0,unnamed_5,2095.0,profitandloss
333.0,unnamed_5,2216.0,profitandloss
334.0,unnamed_5,6709.0,profitandloss
335.0,unnamed_5,9414.0,profitandloss
336.0,unnamed_5,9780.0,profitandloss
337.0,unnamed_5,12971.0,profitandloss
338.0,unnamed_5,13783.0,profitandloss
339.0,unnamed_5,15317.0,profitandloss
340.0,unnamed_5,15112.0,profitandloss
341.0,unnamed_5,8975.0,profitandloss
342.0,unnamed_5,21001.0,profitandloss
343.0,unnamed_5,19137.0,profitandloss
344.0,unnamed_5,10899.0,profitandloss
345.0,unnamed_5,44082.0,profitandloss
346.0,unnamed_5,26554.0,profitandloss
347.0,unnamed_5,421.0,profitandloss
348.0,unnamed_5,627.0,profitandloss
349.0,unnamed_5,870.0,profitandloss
350.0,unnamed_5,1224.0,profitandloss
351.0,unnamed_5,1278.0,profitandloss
352.0,unnamed_5,1501.0,profitandloss
353.0,unnamed_5,1732.0,profitandloss
354.0,unnamed_5,1843.0,profitandloss
355.0,unnamed_5,2509.0,profitandloss
356.0,unnamed_5,2201.0,profitandloss
357.0,unnamed_5,2831.0,profitandloss
358.0,unnamed_5,3167.0,profitandloss
359.0,unnamed_5,3136.0,profitandloss
360.0,unnamed_5,7217.0,profitandloss
361.0,unnamed_5,9636.0,profitandloss
362.0,unnamed_5,10302.0,profitandloss
363.0,unnamed_5,17785.0,profitandloss
364.0,unnamed_5,15691.0,profitandloss
365.0,unnamed_5,25582.0,profitandloss
366.0,unnamed_5,27202.0,profitandloss
367.0,unnamed_5,26809.0,profitandloss
368.0,unnamed_5,43437.0,profitandloss
369.0,unnamed_5,41235.0,profitandloss
370.0,unnamed_5,42772.0,profitandloss
371.0,unnamed_5,46146.0,profitandloss
372.0,unnamed_5,48026.0,profitandloss
373.0,unnamed_5,688.0,profitandloss
374.0,unnamed_5,932.0,profitandloss
375.0,unnamed_5,1061.0,profitandloss
376.0,unnamed_5,1266.0,profitandloss
377.0,unnamed_5,1322.0,profitandloss
378.0,unnamed_5,1451.0,profitandloss
379.0,unnamed_5,1632.0,profitandloss
380.0,unnamed_5,2421.0,profitandloss
381.0,unnamed_5,2913.0,profitandloss
382.0,unnamed_5,2926.0,profitandloss
383.0,unnamed_5,3621.0,profitandloss
384.0,unnamed_5,5385.0,profitandloss
385.0,unnamed_5,6452.0,profitandloss
386.0,unnamed_5,6065.0,profitandloss
387.0,unnamed_5,8026.0,profitandloss
388.0,unnamed_5,9183.0,profitandloss
389.0,unnamed_5,11310.0,profitandloss
390.0,unnamed_5,11898.0,profitandloss
391.0,unnamed_5,12329.0,profitandloss
392.0,unnamed_5,13265.0,profitandloss
393.0,unnamed_5,13926.0,profitandloss
394.0,unnamed_5,14907.0,profitandloss
395.0,unnamed_5,17211.0,profitandloss
396.0,unnamed_5,17726.0,profitandloss
397.0,unnamed_5,19483.0,profitandloss
398.0,unnamed_5,20075.0,profitandloss
399.0,unnamed_5,50216.0,profitandloss
400.0,unnamed_5,52842.0,profitandloss
401.0,unnamed_5,56777.0,profitandloss
402.0,unnamed_5,59147.0,profitandloss
403.0,unnamed_5,65716.0,profitandloss
404.0,unnamed_5,75956.0,profitandloss
405.0,unnamed_5,74579.0,profitandloss
406.0,unnamed_5,74500.0,profitandloss
407.0,unnamed_5,71398.0,profitandloss
408.0,unnamed_5,84995.0,profitandloss
409.0,unnamed_5,94020.0,profitandloss
410.0,unnamed_5,94352.0,profitandloss
411.0,unnamed_5,93717.0,profitandloss
412.0,unnamed_5,992.0,profitandloss
413.0,unnamed_5,1162.0,profitandloss
414.0,unnamed_5,1320.0,profitandloss
415.0,unnamed_5,1518.0,profitandloss
416.0,unnamed_5,1512.0,profitandloss
417.0,unnamed_5,1617.0,profitandloss
418.0,unnamed_5,1740.0,profitandloss
419.0,unnamed_5,1792.0,profitandloss
420.0,unnamed_5,2002.0,profitandloss
421.0,unnamed_5,2252.0,profitandloss
422.0,unnamed_5,2162.0,profitandloss
423.0,unnamed_5,2400.0,profitandloss
424.0,unnamed_5,2341.0,profitandloss
425.0,unnamed_5,816.0,profitandloss
426.0,unnamed_5,1018.0,profitandloss
427.0,unnamed_5,1173.0,profitandloss
428.0,unnamed_5,1423.0,profitandloss
429.0,unnamed_5,1450.0,profitandloss
430.0,unnamed_5,1269.0,profitandloss
431.0,unnamed_5,1874.0,profitandloss
432.0,unnamed_5,1826.0,profitandloss
433.0,unnamed_5,2867.0,profitandloss
434.0,unnamed_5,3885.0,profitandloss
435.0,unnamed_5,2370.0,profitandloss
436.0,unnamed_5,2210.0,profitandloss
437.0,unnamed_5,2558.0,profitandloss
438.0,unnamed_5,2633.0,profitandloss
439.0,unnamed_5,2493.0,profitandloss
440.0,unnamed_5,3014.0,profitandloss
441.0,unnamed_5,3966.0,profitandloss
442.0,unnamed_5,3446.0,profitandloss
443.0,unnamed_5,2378.0,profitandloss
444.0,unnamed_5,2148.0,profitandloss
445.0,unnamed_5,1146.0,profitandloss
446.0,unnamed_5,1469.0,profitandloss
447.0,unnamed_5,1743.0,profitandloss
448.0,unnamed_5,1726.0,profitandloss
449.0,unnamed_5,2124.0,profitandloss
450.0,unnamed_5,1885.0,profitandloss
451.0,unnamed_5,215.0,profitandloss
452.0,unnamed_5,341.0,profitandloss
453.0,unnamed_5,456.0,profitandloss
454.0,unnamed_5,664.0,profitandloss
455.0,unnamed_5,969.0,profitandloss
456.0,unnamed_5,1353.0,profitandloss
457.0,unnamed_5,1633.0,profitandloss
458.0,unnamed_5,2128.0,profitandloss
459.0,unnamed_5,1745.0,profitandloss
460.0,unnamed_5,2502.0,profitandloss
461.0,unnamed_5,3639.0,profitandloss
462.0,unnamed_5,4106.0,profitandloss
463.0,unnamed_5,4476.0,profitandloss
464.0,unnamed_5,2669.0,profitandloss
465.0,unnamed_5,3251.0,profitandloss
466.0,unnamed_5,3508.0,profitandloss
467.0,unnamed_5,3585.0,profitandloss
468.0,unnamed_5,2472.0,profitandloss
469.0,unnamed_5,2351.0,profitandloss
470.0,unnamed_5,3178.0,profitandloss
471.0,unnamed_5,2477.0,profitandloss
472.0,unnamed_5,3874.0,profitandloss
473.0,unnamed_5,3768.0,profitandloss
474.0,unnamed_5,6470.0,profitandloss
475.0,unnamed_5,7933.0,profitandloss
476.0,unnamed_5,8311.0,profitandloss
477.0,unnamed_5,550.0,profitandloss
478.0,unnamed_5,715.0,profitandloss
479.0,unnamed_5,1118.0,profitandloss
480.0,unnamed_5,1690.0,profitandloss
481.0,unnamed_5,2174.0,profitandloss
482.0,unnamed_5,2809.0,profitandloss
483.0,unnamed_5,2904.0,profitandloss
484.0,unnamed_5,2183.0,profitandloss
485.0,unnamed_5,1783.0,profitandloss
486.0,unnamed_5,2178.0,profitandloss
487.0,unnamed_5,3446.0,profitandloss
488.0,unnamed_5,4329.0,profitandloss
489.0,unnamed_5,4472.0,profitandloss
490.0,unnamed_5,7427.0,profitandloss
491.0,unnamed_5,7988.0,profitandloss
492.0,unnamed_5,5631.0,profitandloss
493.0,unnamed_5,4536.0,profitandloss
494.0,unnamed_5,6021.0,profitandloss
495.0,unnamed_5,7802.0,profitandloss
496.0,unnamed_5,9938.0,profitandloss
497.0,unnamed_5,9022.0,profitandloss
498.0,unnamed_5,7245.0,profitandloss
499.0,unnamed_5,15161.0,profitandloss
500.0,unnamed_5,7500.0,profitandloss
501.0,unnamed_5,14314.0,profitandloss
502.0,unnamed_5,16784.0,profitandloss
503.0,unnamed_5,995.0,profitandloss
504.0,unnamed_5,1169.0,profitandloss
505.0,unnamed_5,1379.0,profitandloss
506.0,unnamed_5,1657.0,profitandloss
507.0,unnamed_5,1907.0,profitandloss
508.0,unnamed_5,2084.0,profitandloss
509.0,unnamed_5,2132.0,profitandloss
510.0,unnamed_5,2154.0,profitandloss
511.0,unnamed_5,2399.0,profitandloss
512.0,unnamed_5,2409.0,profitandloss
513.0,unnamed_5,2443.0,profitandloss
514.0,unnamed_5,2957.0,profitandloss
515.0,unnamed_5,2996.0,profitandloss
516.0,unnamed_5,5924.0,profitandloss
517.0,unnamed_5,4915.0,profitandloss
518.0,unnamed_5,5144.0,profitandloss
519.0,unnamed_5,5911.0,profitandloss
520.0,unnamed_5,7387.0,profitandloss
521.0,unnamed_5,11612.0,profitandloss
522.0,unnamed_5,16640.0,profitandloss
523.0,unnamed_5,10373.0,profitandloss
524.0,unnamed_5,18635.0,profitandloss
525.0,unnamed_5,20431.0,profitandloss
526.0,unnamed_5,21589.0,profitandloss
527.0,unnamed_5,27195.0,profitandloss
528.0,unnamed_5,27506.0,profitandloss
529.0,unnamed_5,768.0,profitandloss
530.0,unnamed_5,1570.0,profitandloss
531.0,unnamed_5,2351.0,profitandloss
532.0,unnamed_5,2478.0,profitandloss
533.0,unnamed_5,3236.0,profitandloss
534.0,unnamed_5,3460.0,profitandloss
535.0,unnamed_5,4569.0,profitandloss
536.0,unnamed_5,4880.0,profitandloss
537.0,unnamed_5,5341.0,profitandloss
538.0,unnamed_5,5420.0,profitandloss
539.0,unnamed_5,6669.0,profitandloss
540.0,unnamed_5,9749.0,profitandloss
541.0,unnamed_5,9954.0,profitandloss
542.0,unnamed_5,674.0,profitandloss
543.0,unnamed_5,777.0,profitandloss
544.0,unnamed_5,755.0,profitandloss
545.0,unnamed_5,796.0,profitandloss
546.0,unnamed_5,815.0,profitandloss
547.0,unnamed_5,1033.0,profitandloss
548.0,unnamed_5,1189.0,profitandloss
549.0,unnamed_5,1067.0,profitandloss
550.0,unnamed_5,1589.0,profitandloss
551.0,unnamed_5,1775.0,profitandloss
552.0,unnamed_5,1621.0,profitandloss
553.0,unnamed_5,1881.0,profitandloss
554.0,unnamed_5,2008.0,profitandloss
555.0,unnamed_5,5680.0,profitandloss
556.0,unnamed_5,8035.0,profitandloss
557.0,unnamed_5,8486.0,profitandloss
558.0,unnamed_5,6654.0,profitandloss
559.0,unnamed_5,10390.0,profitandloss
560.0,unnamed_5,11246.0,profitandloss
561.0,unnamed_5,13926.0,profitandloss
562.0,unnamed_5,17316.0,profitandloss
563.0,unnamed_5,20048.0,profitandloss
564.0,unnamed_5,20529.0,profitandloss
565.0,unnamed_5,22628.0,profitandloss
566.0,unnamed_5,24198.0,profitandloss
567.0,unnamed_5,25139.0,profitandloss
568.0,unnamed_5,12631.0,profitandloss
569.0,unnamed_5,13508.0,profitandloss
570.0,unnamed_5,16164.0,profitandloss
571.0,unnamed_5,20055.0,profitandloss
572.0,unnamed_5,23856.0,profitandloss
573.0,unnamed_5,29532.0,profitandloss
574.0,unnamed_5,34856.0,profitandloss
575.0,unnamed_5,45459.0,profitandloss
576.0,unnamed_5,52457.0,profitandloss
577.0,unnamed_5,56557.0,profitandloss
578.0,unnamed_5,63042.0,profitandloss
579.0,unnamed_5,174196.0,profitandloss
580.0,unnamed_5,206009.0,profitandloss
581.0,unnamed_5,13535.0,profitandloss
582.0,unnamed_5,16561.0,profitandloss
583.0,unnamed_5,26341.0,profitandloss
584.0,unnamed_5,17187.0,profitandloss
585.0,unnamed_5,29674.0,profitandloss
586.0,unnamed_5,31186.0,profitandloss
587.0,unnamed_5,37640.0,profitandloss
588.0,unnamed_5,28239.0,profitandloss
589.0,unnamed_5,70294.0,profitandloss
590.0,unnamed_5,66348.0,profitandloss
591.0,unnamed_5,70127.0,profitandloss
592.0,unnamed_5,100951.0,profitandloss
593.0,unnamed_5,100048.0,profitandloss
594.0,unnamed_5,21722.0,profitandloss
595.0,unnamed_5,24018.0,profitandloss
596.0,unnamed_5,24033.0,profitandloss
597.0,unnamed_5,24025.0,profitandloss
598.0,unnamed_5,27124.0,profitandloss
599.0,unnamed_5,28946.0,profitandloss
600.0,unnamed_5,25184.0,profitandloss
601.0,unnamed_5,26902.0,profitandloss
602.0,unnamed_5,26295.0,profitandloss
603.0,unnamed_5,30060.0,profitandloss
604.0,unnamed_5,32554.0,profitandloss
605.0,unnamed_5,34537.0,profitandloss
606.0,unnamed_5,72494.0,profitandloss
607.0,unnamed_5,79671.0,profitandloss
608.0,unnamed_5,95437.0,profitandloss
609.0,unnamed_5,90981.0,profitandloss
610.0,unnamed_5,87867.0,profitandloss
611.0,unnamed_5,101488.0,profitandloss
612.0,unnamed_5,115031.0,profitandloss
613.0,unnamed_5,103838.0,profitandloss
614.0,unnamed_5,114449.0,profitandloss
615.0,unnamed_5,166712.0,profitandloss
616.0,unnamed_5,200536.0,profitandloss
617.0,unnamed_5,192090.0,profitandloss
618.0,unnamed_5,196087.0,profitandloss
619.0,unnamed_5,22784.0,profitandloss
620.0,unnamed_5,24475.0,profitandloss
621.0,unnamed_5,26560.0,profitandloss
622.0,unnamed_5,26276.0,profitandloss
623.0,unnamed_5,26834.0,profitandloss
624.0,unnamed_5,28046.0,profitandloss
625.0,unnamed_5,30430.0,profitandloss
626.0,unnamed_5,29922.0,profitandloss
627.0,unnamed_5,35402.0,profitandloss
628.0,unnamed_5,39589.0,profitandloss
629.0,unnamed_5,46433.0,profitandloss
630.0,unnamed_5,47237.0,profitandloss
631.0,unnamed_5,47902.0,profitandloss
632.0,unnamed_5,31684.0,profitandloss
633.0,unnamed_5,32852.0,profitandloss
634.0,unnamed_5,38766.0,profitandloss
635.0,unnamed_5,52252.0,profitandloss
636.0,unnamed_5,63841.0,profitandloss
637.0,unnamed_5,72806.0,profitandloss
638.0,unnamed_5,83775.0,profitandloss
639.0,unnamed_5,85361.0,profitandloss
640.0,unnamed_5,91309.0,profitandloss
641.0,unnamed_5,80798.0,profitandloss
642.0,unnamed_5,87864.0,profitandloss
643.0,unnamed_5,99560.0,profitandloss
644.0,unnamed_5,125722.0,profitandloss
645.0,unnamed_5,4191.0,profitandloss
646.0,unnamed_5,4578.0,profitandloss
647.0,unnamed_5,4456.0,profitandloss
648.0,unnamed_5,5269.0,profitandloss
649.0,unnamed_5,6601.0,profitandloss
650.0,unnamed_5,7174.0,profitandloss
651.0,unnamed_5,9494.0,profitandloss
652.0,unnamed_5,9745.0,profitandloss
653.0,unnamed_5,10090.0,profitandloss
654.0,unnamed_5,15010.0,profitandloss
655.0,unnamed_5,16612.0,profitandloss
656.0,unnamed_5,17910.0,profitandloss
657.0,unnamed_5,19938.0,profitandloss
658.0,unnamed_5,19280.0,profitandloss
659.0,unnamed_5,20384.0,profitandloss
660.0,unnamed_5,32798.0,profitandloss
661.0,unnamed_5,19008.0,profitandloss
662.0,unnamed_5,36010.0,profitandloss
663.0,unnamed_5,37062.0,profitandloss
664.0,unnamed_5,40922.0,profitandloss
665.0,unnamed_5,21344.0,profitandloss
666.0,unnamed_5,83572.0,profitandloss
667.0,unnamed_5,65728.0,profitandloss
668.0,unnamed_5,52235.0,profitandloss
669.0,unnamed_5,92136.0,profitandloss
670.0,unnamed_5,77251.0,profitandloss
697.0,unnamed_5,1947.0,profitandloss
698.0,unnamed_5,2555.0,profitandloss
699.0,unnamed_5,3133.0,profitandloss
700.0,unnamed_5,4188.0,profitandloss
701.0,unnamed_5,5684.0,profitandloss
702.0,unnamed_5,6555.0,profitandloss
703.0,unnamed_5,9283.0,profitandloss
704.0,unnamed_5,12611.0,profitandloss
705.0,unnamed_5,15997.0,profitandloss
706.0,unnamed_5,15840.0,profitandloss
707.0,unnamed_5,15525.0,profitandloss
708.0,unnamed_5,17638.0,profitandloss
709.0,unnamed_5,20104.0,profitandloss
710.0,unnamed_5,11538.0,profitandloss
711.0,unnamed_5,13390.0,profitandloss
712.0,unnamed_5,14883.0,profitandloss
713.0,unnamed_5,17079.0,profitandloss
714.0,unnamed_5,18604.0,profitandloss
715.0,unnamed_5,18822.0,profitandloss
716.0,unnamed_5,20170.0,profitandloss
717.0,unnamed_5,22267.0,profitandloss
718.0,unnamed_5,27889.0,profitandloss
719.0,unnamed_5,31491.0,profitandloss
720.0,unnamed_5,35130.0,profitandloss
721.0,unnamed_5,36425.0,profitandloss
722.0,unnamed_5,38145.0,profitandloss
723.0,unnamed_5,13861.0,profitandloss
724.0,unnamed_5,17222.0,profitandloss
725.0,unnamed_5,10575.0,profitandloss
726.0,unnamed_5,22038.0,profitandloss
727.0,unnamed_5,34149.0,profitandloss
728.0,unnamed_5,41658.0,profitandloss
729.0,unnamed_5,35262.0,profitandloss
730.0,unnamed_5,16053.0,profitandloss
731.0,unnamed_5,39929.0,profitandloss
732.0,unnamed_5,47758.0,profitandloss
733.0,unnamed_5,30683.0,profitandloss
734.0,unnamed_5,75646.0,profitandloss
735.0,unnamed_5,32930.0,profitandloss
736.0,unnamed_5,152.0,profitandloss
737.0,unnamed_5,190.0,profitandloss
738.0,unnamed_5,314.0,profitandloss
739.0,unnamed_5,274.0,profitandloss
740.0,unnamed_5,383.0,profitandloss
741.0,unnamed_5,703.0,profitandloss
742.0,unnamed_5,188.0,profitandloss
743.0,unnamed_5,874.0,profitandloss
744.0,unnamed_5,1276.0,profitandloss
745.0,unnamed_5,1466.0,profitandloss
746.0,unnamed_5,1505.0,profitandloss
747.0,unnamed_5,5528.0,profitandloss
748.0,unnamed_5,6178.0,profitandloss
749.0,unnamed_5,6905.0,profitandloss
750.0,unnamed_5,7468.0,profitandloss
751.0,unnamed_5,9021.0,profitandloss
752.0,unnamed_5,9229.0,profitandloss
753.0,unnamed_5,11085.0,profitandloss
754.0,unnamed_5,13355.0,profitandloss
755.0,unnamed_5,15657.0,profitandloss
756.0,unnamed_5,20177.0,profitandloss
757.0,unnamed_5,23588.0,profitandloss
758.0,unnamed_5,26513.0,profitandloss
759.0,unnamed_5,26758.0,profitandloss
760.0,unnamed_5,11221.0,profitandloss
761.0,unnamed_5,13080.0,profitandloss
762.0,unnamed_5,14252.0,profitandloss
763.0,unnamed_5,14531.0,profitandloss
764.0,unnamed_5,15470.0,profitandloss
765.0,unnamed_5,16521.0,profitandloss
766.0,unnamed_5,18537.0,profitandloss
767.0,unnamed_5,19344.0,profitandloss
768.0,unnamed_5,17065.0,profitandloss
769.0,unnamed_5,20623.0,profitandloss
770.0,unnamed_5,25704.0,profitandloss
771.0,unnamed_5,26233.0,profitandloss
772.0,unnamed_5,26640.0,profitandloss
773.0,unnamed_5,6106.0,profitandloss
774.0,unnamed_5,5799.0,profitandloss
775.0,unnamed_5,5464.0,profitandloss
776.0,unnamed_5,3437.0,profitandloss
777.0,unnamed_5,4709.0,profitandloss
778.0,unnamed_5,6469.0,profitandloss
779.0,unnamed_5,8412.0,profitandloss
780.0,unnamed_5,6831.0,profitandloss
781.0,unnamed_5,10933.0,profitandloss
782.0,unnamed_5,15515.0,profitandloss
783.0,unnamed_5,9942.0,profitandloss
784.0,unnamed_5,10202.0,profitandloss
785.0,unnamed_5,10327.0,profitandloss
786.0,unnamed_5,39.0,profitandloss
787.0,unnamed_5,1559.0,profitandloss
788.0,unnamed_5,1531.0,profitandloss
789.0,unnamed_5,2801.0,profitandloss
790.0,unnamed_5,3255.0,profitandloss
791.0,unnamed_5,3624.0,profitandloss
792.0,unnamed_5,4029.0,profitandloss
793.0,unnamed_5,3324.0,profitandloss
794.0,unnamed_5,2713.0,profitandloss
795.0,unnamed_5,2855.0,profitandloss
796.0,unnamed_5,2957.0,profitandloss
797.0,unnamed_5,2913.0,profitandloss
798.0,unnamed_5,3572.0,profitandloss
799.0,unnamed_5,3282.0,profitandloss
800.0,unnamed_5,5382.0,profitandloss
801.0,unnamed_5,5382.0,profitandloss
802.0,unnamed_5,6512.0,profitandloss
803.0,unnamed_5,9169.0,profitandloss
804.0,unnamed_5,9364.0,profitandloss
805.0,unnamed_5,6422.0,profitandloss
806.0,unnamed_5,12308.0,profitandloss
807.0,unnamed_5,14916.0,profitandloss
808.0,unnamed_5,18930.0,profitandloss
809.0,unnamed_5,11813.0,profitandloss
810.0,unnamed_5,20178.0,profitandloss
811.0,unnamed_5,39114.0,profitandloss
812.0,unnamed_5,18470.0,profitandloss
813.0,unnamed_5,28157.0,profitandloss
814.0,unnamed_5,22478.0,profitandloss
815.0,unnamed_5,6603.0,profitandloss
816.0,unnamed_5,7053.0,profitandloss
817.0,unnamed_5,9718.0,profitandloss
818.0,unnamed_5,11541.0,profitandloss
819.0,unnamed_5,14832.0,profitandloss
820.0,unnamed_5,16805.0,profitandloss
821.0,unnamed_5,19758.0,profitandloss
822.0,unnamed_5,22578.0,profitandloss
823.0,unnamed_5,29812.0,profitandloss
824.0,unnamed_5,30699.0,profitandloss
825.0,unnamed_5,33485.0,profitandloss
826.0,unnamed_5,47052.0,profitandloss
827.0,unnamed_5,50872.0,profitandloss
828.0,unnamed_5,5920.0,profitandloss
829.0,unnamed_5,-6947.0,profitandloss
830.0,unnamed_5,-252.0,profitandloss
831.0,unnamed_5,3326.0,profitandloss
832.0,unnamed_5,34207.0,profitandloss
833.0,unnamed_5,32779.0,profitandloss
834.0,unnamed_5,25851.0,profitandloss
835.0,unnamed_5,510.0,profitandloss
836.0,unnamed_5,724.0,profitandloss
837.0,unnamed_5,1467.0,profitandloss
838.0,unnamed_5,2126.0,profitandloss
839.0,unnamed_5,1614.0,profitandloss
840.0,unnamed_5,1682.0,profitandloss
841.0,unnamed_5,3179.0,profitandloss
842.0,unnamed_5,1917.0,profitandloss
843.0,unnamed_5,1383.0,profitandloss
844.0,unnamed_5,2186.0,profitandloss
845.0,unnamed_5,2064.0,profitandloss
846.0,unnamed_5,2665.0,profitandloss
847.0,unnamed_5,3812.0,profitandloss
848.0,unnamed_5,11394.0,profitandloss
849.0,unnamed_5,14086.0,profitandloss
850.0,unnamed_5,15684.0,profitandloss
851.0,unnamed_5,15486.0,profitandloss
852.0,unnamed_5,16620.0,profitandloss
853.0,unnamed_5,20111.0,profitandloss
854.0,unnamed_5,22866.0,profitandloss
855.0,unnamed_5,24553.0,profitandloss
856.0,unnamed_5,23460.0,profitandloss
857.0,unnamed_5,24314.0,profitandloss
858.0,unnamed_5,27166.0,profitandloss
859.0,unnamed_5,29865.0,profitandloss
860.0,unnamed_5,30815.0,profitandloss
861.0,unnamed_5,870.0,profitandloss
862.0,unnamed_5,1147.0,profitandloss
863.0,unnamed_5,1005.0,profitandloss
864.0,unnamed_5,1028.0,profitandloss
865.0,unnamed_5,1230.0,profitandloss
866.0,unnamed_5,1187.0,profitandloss
867.0,unnamed_5,1883.0,profitandloss
868.0,unnamed_5,2029.0,profitandloss
869.0,unnamed_5,2725.0,profitandloss
870.0,unnamed_5,5249.0,profitandloss
871.0,unnamed_5,6108.0,profitandloss
872.0,unnamed_5,6387.0,profitandloss
873.0,unnamed_5,6434.0,profitandloss
874.0,unnamed_5,9116.0,profitandloss
875.0,unnamed_5,10170.0,profitandloss
876.0,unnamed_5,8793.0,profitandloss
877.0,unnamed_5,10082.0,profitandloss
878.0,unnamed_5,10735.0,profitandloss
879.0,unnamed_5,13226.0,profitandloss
880.0,unnamed_5,15207.0,profitandloss
881.0,unnamed_5,10158.0,profitandloss
882.0,unnamed_5,11487.0,profitandloss
883.0,unnamed_5,14683.0,profitandloss
884.0,unnamed_5,20285.0,profitandloss
885.0,unnamed_5,24892.0,profitandloss
886.0,unnamed_5,27204.0,profitandloss
887.0,unnamed_5,4361.0,profitandloss
888.0,unnamed_5,5310.0,profitandloss
889.0,unnamed_5,6892.0,profitandloss
890.0,unnamed_5,9024.0,profitandloss
891.0,unnamed_5,10421.0,profitandloss
892.0,unnamed_5,12118.0,profitandloss
893.0,unnamed_5,11056.0,profitandloss
894.0,unnamed_5,7355.0,profitandloss
895.0,unnamed_5,5411.0,profitandloss
896.0,unnamed_5,5752.0,profitandloss
897.0,unnamed_5,13122.0,profitandloss
898.0,unnamed_5,18626.0,profitandloss
899.0,unnamed_5,19766.0,profitandloss
900.0,unnamed_5,1480.0,profitandloss
901.0,unnamed_5,2397.0,profitandloss
902.0,unnamed_5,2844.0,profitandloss
903.0,unnamed_5,3548.0,profitandloss
904.0,unnamed_5,4171.0,profitandloss
905.0,unnamed_5,5128.0,profitandloss
906.0,unnamed_5,5348.0,profitandloss
907.0,unnamed_5,4654.0,profitandloss
908.0,unnamed_5,4370.0,profitandloss
909.0,unnamed_5,4714.0,profitandloss
910.0,unnamed_5,6251.0,profitandloss
911.0,unnamed_5,9322.0,profitandloss
912.0,unnamed_5,10474.0,profitandloss
913.0,unnamed_5,121.0,profitandloss
914.0,unnamed_5,97.0,profitandloss
915.0,unnamed_5,21.0,profitandloss
916.0,unnamed_5,91.0,profitandloss
917.0,unnamed_5,-9.0,profitandloss
918.0,unnamed_5,219.0,profitandloss
919.0,unnamed_5,9.0,profitandloss
920.0,unnamed_5,-350.0,profitandloss
921.0,unnamed_5,74.0,profitandloss
922.0,unnamed_5,446.0,profitandloss
923.0,unnamed_5,348.0,profitandloss
924.0,unnamed_5,711.0,profitandloss
925.0,unnamed_5,751.0,profitandloss
926.0,unnamed_5,1948.0,profitandloss
927.0,unnamed_5,2039.0,profitandloss
928.0,unnamed_5,1555.0,profitandloss
929.0,unnamed_5,1850.0,profitandloss
930.0,unnamed_5,2097.0,profitandloss
931.0,unnamed_5,2618.0,profitandloss
932.0,unnamed_5,2926.0,profitandloss
933.0,unnamed_5,3202.0,profitandloss
934.0,unnamed_5,3562.0,profitandloss
935.0,unnamed_5,3706.0,profitandloss
936.0,unnamed_5,4471.0,profitandloss
937.0,unnamed_5,5813.0,profitandloss
938.0,unnamed_5,4726.0,profitandloss
939.0,unnamed_5,4152.0,profitandloss
940.0,unnamed_5,4342.0,profitandloss
941.0,unnamed_5,5134.0,profitandloss
942.0,unnamed_5,4783.0,profitandloss
943.0,unnamed_5,4884.0,profitandloss
944.0,unnamed_5,4248.0,profitandloss
945.0,unnamed_5,4981.0,profitandloss
946.0,unnamed_5,5446.0,profitandloss
947.0,unnamed_5,5277.0,profitandloss
948.0,unnamed_5,4013.0,profitandloss
949.0,unnamed_5,6184.0,profitandloss
950.0,unnamed_5,4807.0,profitandloss
951.0,unnamed_5,5015.0,profitandloss
952.0,unnamed_5,18149.0,profitandloss
953.0,unnamed_5,19727.0,profitandloss
954.0,unnamed_5,17352.0,profitandloss
955.0,unnamed_5,18568.0,profitandloss
956.0,unnamed_5,21598.0,profitandloss
957.0,unnamed_5,22485.0,profitandloss
958.0,unnamed_5,22710.0,profitandloss
959.0,unnamed_5,31586.0,profitandloss
960.0,unnamed_5,34044.0,profitandloss
961.0,unnamed_5,40362.0,profitandloss
962.0,unnamed_5,47596.0,profitandloss
963.0,unnamed_5,51456.0,profitandloss
964.0,unnamed_5,52392.0,profitandloss
965.0,unnamed_5,43501.0,profitandloss
966.0,unnamed_5,49130.0,profitandloss
967.0,unnamed_5,42312.0,profitandloss
968.0,unnamed_5,39135.0,profitandloss
969.0,unnamed_5,52804.0,profitandloss
970.0,unnamed_5,56889.0,profitandloss
971.0,unnamed_5,74819.0,profitandloss
972.0,unnamed_5,52105.0,profitandloss
973.0,unnamed_5,49473.0,profitandloss
974.0,unnamed_5,79874.0,profitandloss
975.0,unnamed_5,75527.0,profitandloss
976.0,unnamed_5,102835.0,profitandloss
977.0,unnamed_5,85870.0,profitandloss
978.0,unnamed_5,5987.0,profitandloss
979.0,unnamed_5,7607.0,profitandloss
980.0,unnamed_5,8429.0,profitandloss
981.0,unnamed_5,9162.0,profitandloss
982.0,unnamed_5,5275.0,profitandloss
983.0,unnamed_5,11752.0,profitandloss
984.0,unnamed_5,17783.0,profitandloss
985.0,unnamed_5,14012.0,profitandloss
986.0,unnamed_5,19871.0,profitandloss
987.0,unnamed_5,23338.0,profitandloss
988.0,unnamed_5,26501.0,profitandloss
989.0,unnamed_5,33573.0,profitandloss
990.0,unnamed_5,35764.0,profitandloss
991.0,unnamed_5,558.0,profitandloss
992.0,unnamed_5,672.0,profitandloss
993.0,unnamed_5,771.0,profitandloss
994.0,unnamed_5,1173.0,profitandloss
995.0,unnamed_5,1262.0,profitandloss
996.0,unnamed_5,1341.0,profitandloss
997.0,unnamed_5,1371.0,profitandloss
998.0,unnamed_5,1576.0,profitandloss
999.0,unnamed_5,1686.0,profitandloss
1000.0,unnamed_5,1856.0,profitandloss
1001.0,unnamed_5,1986.0,profitandloss
1002.0,unnamed_5,2708.0,profitandloss
1003.0,unnamed_5,2952.0,profitandloss
1004.0,unnamed_5,,profitandloss
1005.0,unnamed_5,,profitandloss
1006.0,unnamed_5,,profitandloss
1007.0,unnamed_5,,profitandloss
1008.0,unnamed_5,,profitandloss
1009.0,unnamed_5,,profitandloss
1010.0,unnamed_5,,profitandloss
1011.0,unnamed_5,,profitandloss
1012.0,unnamed_5,,profitandloss
1013.0,unnamed_5,,profitandloss
1014.0,unnamed_5,,profitandloss
1015.0,unnamed_5,,profitandloss
1016.0,unnamed_5,,profitandloss
1017.0,unnamed_5,10837.0,profitandloss
1018.0,unnamed_5,12967.0,profitandloss
1019.0,unnamed_5,14927.0,profitandloss
1020.0,unnamed_5,18184.0,profitandloss
1021.0,unnamed_5,22450.0,profitandloss
1022.0,unnamed_5,25961.0,profitandloss
1023.0,unnamed_5,26920.0,profitandloss
1024.0,unnamed_5,32886.0,profitandloss
1025.0,unnamed_5,34906.0,profitandloss
1026.0,unnamed_5,35826.0,profitandloss
1027.0,unnamed_5,39576.0,profitandloss
1028.0,unnamed_5,39826.0,profitandloss
1029.0,unnamed_5,39235.0,profitandloss
1030.0,unnamed_5,13270.0,profitandloss
1031.0,unnamed_5,16650.0,profitandloss
1032.0,unnamed_5,19395.0,profitandloss
1033.0,unnamed_5,22445.0,profitandloss
1034.0,unnamed_5,22450.0,profitandloss
1035.0,unnamed_5,19279.0,profitandloss
1036.0,unnamed_5,23705.0,profitandloss
1037.0,unnamed_5,25961.0,profitandloss
1038.0,unnamed_5,32265.0,profitandloss
1039.0,unnamed_5,34438.0,profitandloss
1040.0,unnamed_5,37628.0,profitandloss
1041.0,unnamed_5,47883.0,profitandloss
1042.0,unnamed_5,50860.0,profitandloss
1043.0,unnamed_5,33155.0,profitandloss
1044.0,unnamed_5,34935.0,profitandloss
1045.0,unnamed_5,37449.0,profitandloss
1046.0,unnamed_5,41781.0,profitandloss
1047.0,unnamed_5,46307.0,profitandloss
1048.0,unnamed_5,64315.0,profitandloss
1049.0,unnamed_5,84250.0,profitandloss
1050.0,unnamed_5,89266.0,profitandloss
1051.0,unnamed_5,80790.0,profitandloss
1052.0,unnamed_5,108581.0,profitandloss
1053.0,unnamed_5,142318.0,profitandloss
1054.0,unnamed_5,162498.0,profitandloss
1055.0,unnamed_5,164128.0,profitandloss
1056.0,unnamed_5,427.0,profitandloss
1057.0,unnamed_5,511.0,profitandloss
1058.0,unnamed_5,794.0,profitandloss
1059.0,unnamed_5,920.0,profitandloss
1060.0,unnamed_5,1068.0,profitandloss
1061.0,unnamed_5,1332.0,profitandloss
1062.0,unnamed_5,1474.0,profitandloss
1063.0,unnamed_5,1351.0,profitandloss
1064.0,unnamed_5,872.0,profitandloss
1065.0,unnamed_5,730.0,profitandloss
1066.0,unnamed_5,122.0,profitandloss
1067.0,unnamed_5,246.0,profitandloss
1068.0,unnamed_5,1007.0,profitandloss
1069.0,unnamed_5,-5124.0,profitandloss
1070.0,unnamed_5,-14614.0,profitandloss
1071.0,unnamed_5,-21879.0,profitandloss
1072.0,unnamed_5,-32399.0,profitandloss
1073.0,unnamed_5,-64334.0,profitandloss
1074.0,unnamed_5,-86697.0,profitandloss
1075.0,unnamed_5,-68649.0,profitandloss
1076.0,unnamed_5,-64181.0,profitandloss
1077.0,unnamed_5,-70715.0,profitandloss
1078.0,unnamed_5,-63570.0,profitandloss
1079.0,unnamed_5,-43439.0,profitandloss
1080.0,unnamed_5,-60297.0,profitandloss
1081.0,unnamed_5,-59190.0,profitandloss
1082.0,unnamed_5,1561.0,profitandloss
1083.0,unnamed_5,1390.0,profitandloss
1084.0,unnamed_5,1344.0,profitandloss
1085.0,unnamed_5,1407.0,profitandloss
1086.0,unnamed_5,2513.0,profitandloss
1087.0,unnamed_5,2473.0,profitandloss
1088.0,unnamed_5,2797.0,profitandloss
1089.0,unnamed_5,3771.0,profitandloss
1090.0,unnamed_5,4091.0,profitandloss
1091.0,unnamed_5,3710.0,profitandloss
1092.0,unnamed_5,2960.0,profitandloss
1093.0,unnamed_5,4518.0,profitandloss
1094.0,unnamed_5,4226.0,profitandloss
1095.0,unnamed_5,2179.0,profitandloss
1096.0,unnamed_5,1999.0,profitandloss
1097.0,unnamed_5,1691.0,profitandloss
1098.0,unnamed_5,1824.0,profitandloss
1099.0,unnamed_5,1972.0,profitandloss
1100.0,unnamed_5,3805.0,profitandloss
1101.0,unnamed_5,3801.0,profitandloss
1102.0,unnamed_5,3565.0,profitandloss
1103.0,unnamed_5,3402.0,profitandloss
1104.0,unnamed_5,3666.0,profitandloss
1105.0,unnamed_5,8799.0,profitandloss
1106.0,unnamed_5,10523.0,profitandloss
1107.0,unnamed_5,11416.0,profitandloss
1108.0,unnamed_5,1171.0,profitandloss
1109.0,unnamed_5,119.0,profitandloss
1110.0,unnamed_5,998.0,profitandloss
1111.0,unnamed_5,1021.0,profitandloss
1112.0,unnamed_5,1056.0,profitandloss
1113.0,unnamed_5,1327.0,profitandloss
1114.0,unnamed_5,1490.0,profitandloss
1115.0,unnamed_5,1003.0,profitandloss
1116.0,unnamed_5,1452.0,profitandloss
1117.0,unnamed_5,1860.0,profitandloss
1118.0,unnamed_5,2487.0,profitandloss
1119.0,unnamed_5,3104.0,profitandloss
1120.0,unnamed_5,4784.0,profitandloss
1121.0,unnamed_5,7003.0,profitandloss
1122.0,unnamed_5,7894.0,profitandloss
1123.0,unnamed_5,8174.0,profitandloss
1124.0,unnamed_5,10102.0,profitandloss
1125.0,unnamed_5,5631.0,profitandloss
1126.0,unnamed_5,6377.0,profitandloss
1127.0,unnamed_5,6983.0,profitandloss
1128.0,unnamed_5,8470.0,profitandloss
1129.0,unnamed_5,10258.0,profitandloss
1130.0,unnamed_5,11650.0,profitandloss
1131.0,unnamed_5,13018.0,profitandloss
1132.0,unnamed_5,14059.0,profitandloss
1133.0,unnamed_5,770.0,profitandloss
1134.0,unnamed_5,752.0,profitandloss
1135.0,unnamed_5,792.0,profitandloss
1136.0,unnamed_5,366.0,profitandloss
1137.0,unnamed_5,791.0,profitandloss
1138.0,unnamed_5,839.0,profitandloss
1139.0,unnamed_5,786.0,profitandloss
1140.0,unnamed_5,1292.0,profitandloss
1141.0,unnamed_5,1544.0,profitandloss
1142.0,unnamed_5,1719.0,profitandloss
1143.0,unnamed_5,1856.0,profitandloss
1144.0,unnamed_5,2284.0,profitandloss
1145.0,unnamed_5,2496.0,profitandloss
1146.0,unnamed_5,24596.0,profitandloss
1147.0,unnamed_5,34853.0,profitandloss
1148.0,unnamed_5,39239.0,profitandloss
1149.0,unnamed_5,38395.0,profitandloss
1150.0,unnamed_5,29589.0,profitandloss
1151.0,unnamed_5,31458.0,profitandloss
1152.0,unnamed_5,24664.0,profitandloss
1153.0,unnamed_5,17987.0,profitandloss
1154.0,unnamed_5,32287.0,profitandloss
1155.0,unnamed_5,24720.0,profitandloss
1156.0,unnamed_5,31816.0,profitandloss
1157.0,unnamed_5,59538.0,profitandloss
1158.0,unnamed_5,60497.0,profitandloss
1159.0,unnamed_5,5595.0,profitandloss
1160.0,unnamed_5,6916.0,profitandloss
1161.0,unnamed_5,6301.0,profitandloss
1162.0,unnamed_5,2105.0,profitandloss
1163.0,unnamed_5,5473.0,profitandloss
1164.0,unnamed_5,2295.0,profitandloss
1165.0,unnamed_5,3070.0,profitandloss
1166.0,unnamed_5,6805.0,profitandloss
1167.0,unnamed_5,6921.0,profitandloss
1168.0,unnamed_5,7031.0,profitandloss
1169.0,unnamed_5,7728.0,profitandloss
1170.0,unnamed_5,10735.0,profitandloss
1171.0,unnamed_5,11057.0,profitandloss
1172.0,unnamed_5,3965.0,profitandloss
1173.0,unnamed_5,16184.0,profitandloss
1174.0,unnamed_5,3409.0,profitandloss
1175.0,unnamed_5,-625.0,profitandloss
1176.0,unnamed_5,13144.0,profitandloss
1177.0,unnamed_5,21433.0,profitandloss
1178.0,unnamed_5,29318.0,profitandloss
1179.0,unnamed_5,17463.0,profitandloss
1180.0,unnamed_5,30504.0,profitandloss
1181.0,unnamed_5,63490.0,profitandloss
1182.0,unnamed_5,32300.0,profitandloss
1183.0,unnamed_5,22248.0,profitandloss
1184.0,unnamed_5,25314.0,profitandloss
1185.0,unnamed_5,18040.0,profitandloss
1186.0,unnamed_5,25153.0,profitandloss
1187.0,unnamed_5,24482.0,profitandloss
1188.0,unnamed_5,30677.0,profitandloss
1189.0,unnamed_5,32311.0,profitandloss
1190.0,unnamed_5,32516.0,profitandloss
1191.0,unnamed_5,39506.0,profitandloss
1192.0,unnamed_5,42109.0,profitandloss
1193.0,unnamed_5,46546.0,profitandloss
1194.0,unnamed_5,53057.0,profitandloss
1195.0,unnamed_5,59259.0,profitandloss
1196.0,unnamed_5,64296.0,profitandloss
1197.0,unnamed_5,67591.0,profitandloss
1198.0,unnamed_5,1422.0,profitandloss
1199.0,unnamed_5,4172.0,profitandloss
1200.0,unnamed_5,4193.0,profitandloss
1201.0,unnamed_5,4260.0,profitandloss
1202.0,unnamed_5,4184.0,profitandloss
1203.0,unnamed_5,4710.0,profitandloss
1204.0,unnamed_5,6271.0,profitandloss
1205.0,unnamed_5,5503.0,profitandloss
1206.0,unnamed_5,6796.0,profitandloss
1207.0,unnamed_5,8020.0,profitandloss
1208.0,unnamed_5,7763.0,profitandloss
1209.0,unnamed_5,4506.0,profitandloss
1210.0,unnamed_5,6223.0,profitandloss
1211.0,unnamed_5,1014.0,profitandloss
1212.0,unnamed_5,1047.0,profitandloss
1213.0,unnamed_5,1153.0,profitandloss
1214.0,unnamed_5,939.0,profitandloss
1215.0,unnamed_5,1164.0,profitandloss
1216.0,unnamed_5,1644.0,profitandloss
1217.0,unnamed_5,1994.0,profitandloss
1218.0,unnamed_5,2463.0,profitandloss
1219.0,unnamed_5,1725.0,profitandloss
1220.0,unnamed_5,3344.0,profitandloss
1221.0,unnamed_5,4882.0,profitandloss
1222.0,unnamed_5,5292.0,profitandloss
1223.0,unnamed_5,5239.0,profitandloss
1224.0,unnamed_5,697.0,profitandloss
1225.0,unnamed_5,955.0,profitandloss
1226.0,unnamed_5,1020.0,profitandloss
1227.0,unnamed_5,2733.0,profitandloss
1228.0,unnamed_5,1377.0,profitandloss
1229.0,unnamed_5,1349.0,profitandloss
1230.0,unnamed_5,1983.0,profitandloss
1231.0,unnamed_5,2170.0,profitandloss
1232.0,unnamed_5,2480.0,profitandloss
1233.0,unnamed_5,2431.0,profitandloss
1234.0,unnamed_5,2842.0,profitandloss
1235.0,unnamed_5,3368.0,profitandloss
1236.0,unnamed_5,3640.0,profitandloss
1237.0,unnamed_5,5.0,profitandloss
1238.0,unnamed_5,-10.0,profitandloss
1239.0,unnamed_5,88.0,profitandloss
1240.0,unnamed_5,90.0,profitandloss
1241.0,unnamed_5,134.0,profitandloss
1242.0,unnamed_5,208.0,profitandloss
1243.0,unnamed_5,241.0,profitandloss
1244.0,unnamed_5,529.0,profitandloss
1245.0,unnamed_5,114.0,profitandloss
1246.0,unnamed_5,595.0,profitandloss
1247.0,unnamed_5,1114.0,profitandloss
1248.0,unnamed_5,1971.0,profitandloss
1249.0,unnamed_5,2354.0,profitandloss
1250.0,unnamed_5,438.0,profitandloss
1251.0,unnamed_5,492.0,profitandloss
1252.0,unnamed_5,605.0,profitandloss
1253.0,unnamed_5,819.0,profitandloss
1254.0,unnamed_5,871.0,profitandloss
1255.0,unnamed_5,1571.0,profitandloss
1256.0,unnamed_5,2163.0,profitandloss
1257.0,unnamed_5,2264.0,profitandloss
1258.0,unnamed_5,2232.0,profitandloss
1259.0,unnamed_5,2755.0,profitandloss
1260.0,unnamed_5,4027.0,profitandloss
1261.0,unnamed_5,5500.0,profitandloss
1262.0,unnamed_5,6190.0,profitandloss
1263.0,unnamed_5,4839.0,profitandloss
1264.0,unnamed_5,4035.0,profitandloss
1265.0,unnamed_5,4425.0,profitandloss
1266.0,unnamed_5,4901.0,profitandloss
1267.0,unnamed_5,5212.0,profitandloss
1268.0,unnamed_5,6145.0,profitandloss
1269.0,unnamed_5,7347.0,profitandloss
1270.0,unnamed_5,9246.0,profitandloss
1271.0,unnamed_5,11568.0,profitandloss
1272.0,unnamed_5,11514.0,profitandloss
1273.0,unnamed_5,10620.0,profitandloss
1274.0,unnamed_5,12969.0,profitandloss
1275.0,unnamed_5,12056.0,profitandloss
1276.0,unnamed_5,325.0,profitandloss
1277.0,unnamed_5,-902.0,profitandloss
1278.0,unnamed_5,-973.0,profitandloss
1279.0,unnamed_5,-1928.0,profitandloss
1280.0,unnamed_5,-4830.0,profitandloss
1281.0,unnamed_5,-11700.0,profitandloss
1282.0,unnamed_5,-8601.0,profitandloss
1283.0,unnamed_5,-9523.0,profitandloss
1284.0,unnamed_5,-11071.0,profitandloss
1285.0,unnamed_5,-4213.0,profitandloss
1286.0,unnamed_5,-3024.0,profitandloss
1287.0,unnamed_5,4590.0,profitandloss
1288.0,unnamed_5,2090.0,profitandloss
1289.0,unnamed_5,1091.0,profitandloss
1290.0,unnamed_5,-3368.0,profitandloss
1291.0,unnamed_5,-366.0,profitandloss
1292.0,unnamed_5,333.0,profitandloss
1293.0,unnamed_5,991.0,profitandloss
1294.0,unnamed_5,1209.0,profitandloss
1295.0,unnamed_5,1394.0,profitandloss
1296.0,unnamed_5,1569.0,profitandloss
1297.0,unnamed_5,1051.0,profitandloss
1298.0,unnamed_5,1595.0,profitandloss
1299.0,unnamed_5,1417.0,profitandloss
1300.0,unnamed_5,2000.0,profitandloss
1301.0,unnamed_5,2111.0,profitandloss
1302.0,unnamed_5,228.0,profitandloss
1303.0,unnamed_5,291.0,profitandloss
1304.0,unnamed_5,387.0,profitandloss
1305.0,unnamed_5,642.0,profitandloss
1306.0,unnamed_5,810.0,profitandloss
1307.0,unnamed_5,838.0,profitandloss
1308.0,unnamed_5,1036.0,profitandloss
1309.0,unnamed_5,1462.0,profitandloss
1310.0,unnamed_5,1215.0,profitandloss
1311.0,unnamed_5,1694.0,profitandloss
1312.0,unnamed_5,2863.0,profitandloss
1313.0,unnamed_5,3717.0,profitandloss
1314.0,unnamed_5,4549.0,profitandloss
1315.0,unnamed_5,465.0,profitandloss
1316.0,unnamed_5,19595.0,profitandloss
1317.0,unnamed_5,22114.0,profitandloss
1318.0,unnamed_5,-18479.0,profitandloss
1319.0,unnamed_5,21376.0,profitandloss
1320.0,unnamed_5,24877.0,profitandloss
1321.0,unnamed_5,23171.0,profitandloss
1322.0,unnamed_5,20743.0,profitandloss
1323.0,unnamed_5,27318.0,profitandloss
1324.0,unnamed_5,44824.0,profitandloss
1325.0,unnamed_5,34431.0,profitandloss
1326.0,unnamed_5,35312.0,profitandloss
1327.0,unnamed_5,37072.0,profitandloss
1328.0,unnamed_5,7657.0,profitandloss
1329.0,unnamed_5,9635.0,profitandloss
1330.0,unnamed_5,10299.0,profitandloss
1331.0,unnamed_5,10796.0,profitandloss
1332.0,unnamed_5,11321.0,profitandloss
1333.0,unnamed_5,10387.0,profitandloss
1334.0,unnamed_5,11613.0,profitandloss
1335.0,unnamed_5,12342.0,profitandloss
1336.0,unnamed_5,14771.0,profitandloss
1337.0,unnamed_5,16684.0,profitandloss
1338.0,unnamed_5,16839.0,profitandloss
1339.0,unnamed_5,16752.0,profitandloss
1340.0,unnamed_5,17773.0,profitandloss
1341.0,unnamed_5,-92.0,profitandloss
1342.0,unnamed_5,-2243.0,profitandloss
1343.0,unnamed_5,-2305.0,profitandloss
1344.0,unnamed_5,-467.0,profitandloss
1345.0,unnamed_5,-1851.0,profitandloss
1346.0,unnamed_5,-1211.0,profitandloss
1347.0,unnamed_5,43.0,profitandloss
1348.0,unnamed_5,651.0,profitandloss
1349.0,unnamed_5,1130.0,profitandloss
1350.0,unnamed_5,1203.0,profitandloss
1351.0,unnamed_5,1756.0,profitandloss
1352.0,unnamed_5,2332.0,profitandloss
1353.0,unnamed_5,1902.0,profitandloss
1354.0,unnamed_5,2831.0,profitandloss
1355.0,unnamed_5,2991.0,profitandloss
1356.0,unnamed_5,2798.0,profitandloss
1357.0,unnamed_5,3391.0,profitandloss
1358.0,unnamed_5,3342.0,profitandloss
1359.0,unnamed_5,3860.0,profitandloss
1360.0,unnamed_5,5384.0,profitandloss
1361.0,unnamed_5,6278.0,profitandloss
1362.0,unnamed_5,8348.0,profitandloss
1363.0,unnamed_5,10684.0,profitandloss
1364.0,unnamed_5,12022.0,profitandloss
1365.0,unnamed_5,12976.0,profitandloss
1366.0,unnamed_5,16362.0,profitandloss
1367.0,unnamed_5,19991.0,profitandloss
1368.0,unnamed_5,28648.0,profitandloss
1369.0,unnamed_5,31687.0,profitandloss
1370.0,unnamed_5,14638.0,profitandloss
1371.0,unnamed_5,25373.0,profitandloss
1372.0,unnamed_5,47926.0,profitandloss
1373.0,unnamed_5,52573.0,profitandloss
1374.0,unnamed_5,60568.0,profitandloss
,unnamed_6,,profitandloss
61.0,unnamed_6,12.0,profitandloss
62.0,unnamed_6,12.0,profitandloss
63.0,unnamed_6,14.0,profitandloss
64.0,unnamed_6,14.0,profitandloss
65.0,unnamed_6,14.0,profitandloss
66.0,unnamed_6,16.0,profitandloss
67.0,unnamed_6,16.0,profitandloss
68.0,unnamed_6,18.0,profitandloss
69.0,unnamed_6,21.0,profitandloss
70.0,unnamed_6,22.0,profitandloss
71.0,unnamed_6,23.0,profitandloss
72.0,unnamed_6,25.0,profitandloss
73.0,unnamed_6,26.0,profitandloss
86.0,unnamed_6,,profitandloss
87.0,unnamed_6,78.0,profitandloss
88.0,unnamed_6,88.0,profitandloss
89.0,unnamed_6,69.0,profitandloss
90.0,unnamed_6,72.0,profitandloss
91.0,unnamed_6,38.0,profitandloss
92.0,unnamed_6,37.0,profitandloss
93.0,unnamed_6,40.0,profitandloss
94.0,unnamed_6,37.0,profitandloss
95.0,unnamed_6,34.0,profitandloss
96.0,unnamed_6,30.0,profitandloss
97.0,unnamed_6,,profitandloss
98.0,unnamed_6,13.0,profitandloss
99.0,unnamed_6,17.0,profitandloss
100.0,unnamed_6,19.0,profitandloss
101.0,unnamed_6,5.0,profitandloss
102.0,unnamed_6,5.0,profitandloss
103.0,unnamed_6,6.0,profitandloss
104.0,unnamed_6,5.0,profitandloss
105.0,unnamed_6,5.0,profitandloss
106.0,unnamed_6,6.0,profitandloss
107.0,unnamed_6,5.0,profitandloss
108.0,unnamed_6,7.0,profitandloss
109.0,unnamed_6,12.0,profitandloss
110.0,unnamed_6,14.0,profitandloss
111.0,unnamed_6,80.0,profitandloss
112.0,unnamed_6,57.0,profitandloss
113.0,unnamed_6,74.0,profitandloss
114.0,unnamed_6,57.0,profitandloss
115.0,unnamed_6,72.0,profitandloss
116.0,unnamed_6,68.0,profitandloss
117.0,unnamed_6,64.0,profitandloss
118.0,unnamed_6,79.0,profitandloss
119.0,unnamed_6,75.0,profitandloss
120.0,unnamed_6,67.0,profitandloss
121.0,unnamed_6,60.0,profitandloss
122.0,unnamed_6,63.0,profitandloss
123.0,unnamed_6,64.0,profitandloss
124.0,unnamed_6,64.0,profitandloss
125.0,unnamed_6,63.0,profitandloss
126.0,unnamed_6,60.0,profitandloss
127.0,unnamed_6,50.0,profitandloss
128.0,unnamed_6,69.0,profitandloss
129.0,unnamed_6,56.0,profitandloss
130.0,unnamed_6,52.0,profitandloss
131.0,unnamed_6,58.0,profitandloss
132.0,unnamed_6,60.0,profitandloss
133.0,unnamed_6,67.0,profitandloss
134.0,unnamed_6,60.0,profitandloss
135.0,unnamed_6,63.0,profitandloss
136.0,unnamed_6,64.0,profitandloss
137.0,unnamed_6,64.0,profitandloss
138.0,unnamed_6,63.0,profitandloss
139.0,unnamed_6,60.0,profitandloss
140.0,unnamed_6,50.0,profitandloss
141.0,unnamed_6,69.0,profitandloss
142.0,unnamed_6,56.0,profitandloss
143.0,unnamed_6,52.0,profitandloss
144.0,unnamed_6,58.0,profitandloss
145.0,unnamed_6,60.0,profitandloss
146.0,unnamed_6,14.0,profitandloss
147.0,unnamed_6,30.0,profitandloss
148.0,unnamed_6,25.0,profitandloss
149.0,unnamed_6,35.0,profitandloss
150.0,unnamed_6,26.0,profitandloss
151.0,unnamed_6,27.0,profitandloss
152.0,unnamed_6,21.0,profitandloss
153.0,unnamed_6,22.0,profitandloss
154.0,unnamed_6,33.0,profitandloss
155.0,unnamed_6,36.0,profitandloss
156.0,unnamed_6,26.0,profitandloss
157.0,unnamed_6,36.0,profitandloss
158.0,unnamed_6,38.0,profitandloss
159.0,unnamed_6,25.0,profitandloss
160.0,unnamed_6,18.0,profitandloss
161.0,unnamed_6,19.0,profitandloss
162.0,unnamed_6,16.0,profitandloss
163.0,unnamed_6,16.0,profitandloss
164.0,unnamed_6,16.0,profitandloss
165.0,unnamed_6,15.0,profitandloss
166.0,unnamed_6,17.0,profitandloss
167.0,unnamed_6,20.0,profitandloss
168.0,unnamed_6,21.0,profitandloss
169.0,unnamed_6,13.0,profitandloss
170.0,unnamed_6,19.0,profitandloss
171.0,unnamed_6,18.0,profitandloss
172.0,unnamed_6,16.0,profitandloss
173.0,unnamed_6,16.0,profitandloss
174.0,unnamed_6,14.0,profitandloss
175.0,unnamed_6,11.0,profitandloss
176.0,unnamed_6,10.0,profitandloss
177.0,unnamed_6,10.0,profitandloss
178.0,unnamed_6,11.0,profitandloss
179.0,unnamed_6,14.0,profitandloss
180.0,unnamed_6,11.0,profitandloss
181.0,unnamed_6,15.0,profitandloss
182.0,unnamed_6,12.0,profitandloss
183.0,unnamed_6,13.0,profitandloss
184.0,unnamed_6,13.0,profitandloss
185.0,unnamed_6,17.0,profitandloss
186.0,unnamed_6,16.0,profitandloss
187.0,unnamed_6,16.0,profitandloss
188.0,unnamed_6,19.0,profitandloss
189.0,unnamed_6,20.0,profitandloss
190.0,unnamed_6,19.0,profitandloss
191.0,unnamed_6,20.0,profitandloss
192.0,unnamed_6,21.0,profitandloss
193.0,unnamed_6,22.0,profitandloss
194.0,unnamed_6,17.0,profitandloss
195.0,unnamed_6,18.0,profitandloss
196.0,unnamed_6,21.0,profitandloss
197.0,unnamed_6,19.0,profitandloss
198.0,unnamed_6,27.0,profitandloss
199.0,unnamed_6,26.0,profitandloss
200.0,unnamed_6,32.0,profitandloss
201.0,unnamed_6,42.0,profitandloss
202.0,unnamed_6,25.0,profitandloss
203.0,unnamed_6,20.0,profitandloss
204.0,unnamed_6,25.0,profitandloss
205.0,unnamed_6,24.0,profitandloss
206.0,unnamed_6,18.0,profitandloss
207.0,unnamed_6,21.0,profitandloss
208.0,unnamed_6,19.0,profitandloss
209.0,unnamed_6,21.0,profitandloss
210.0,unnamed_6,20.0,profitandloss
211.0,unnamed_6,19.0,profitandloss
212.0,unnamed_6,17.0,profitandloss
213.0,unnamed_6,17.0,profitandloss
214.0,unnamed_6,18.0,profitandloss
215.0,unnamed_6,16.0,profitandloss
216.0,unnamed_6,18.0,profitandloss
217.0,unnamed_6,20.0,profitandloss
218.0,unnamed_6,19.0,profitandloss
219.0,unnamed_6,1353.0,profitandloss
220.0,unnamed_6,2307.0,profitandloss
221.0,unnamed_6,3097.0,profitandloss
222.0,unnamed_6,3466.0,profitandloss
223.0,unnamed_6,-5715.0,profitandloss
224.0,unnamed_6,-10277.0,profitandloss
225.0,unnamed_6,-5447.0,profitandloss
226.0,unnamed_6,-9859.0,profitandloss
227.0,unnamed_6,-2510.0,profitandloss
228.0,unnamed_6,3170.0,profitandloss
229.0,unnamed_6,13857.0,profitandloss
230.0,unnamed_6,11952.0,profitandloss
231.0,unnamed_6,9061.0,profitandloss
232.0,unnamed_6,49.0,profitandloss
233.0,unnamed_6,75.0,profitandloss
234.0,unnamed_6,49.0,profitandloss
235.0,unnamed_6,33.0,profitandloss
236.0,unnamed_6,36.0,profitandloss
237.0,unnamed_6,33.0,profitandloss
238.0,unnamed_6,35.0,profitandloss
239.0,unnamed_6,34.0,profitandloss
240.0,unnamed_6,32.0,profitandloss
241.0,unnamed_6,31.0,profitandloss
242.0,unnamed_6,36.0,profitandloss
243.0,unnamed_6,37.0,profitandloss
244.0,unnamed_6,36.0,profitandloss
245.0,unnamed_6,95.0,profitandloss
246.0,unnamed_6,94.0,profitandloss
247.0,unnamed_6,92.0,profitandloss
248.0,unnamed_6,91.0,profitandloss
249.0,unnamed_6,75.0,profitandloss
250.0,unnamed_6,85.0,profitandloss
251.0,unnamed_6,80.0,profitandloss
252.0,unnamed_6,69.0,profitandloss
253.0,unnamed_6,77.0,profitandloss
254.0,unnamed_6,76.0,profitandloss
255.0,unnamed_6,73.0,profitandloss
256.0,unnamed_6,92.0,profitandloss
257.0,unnamed_6,90.0,profitandloss
258.0,unnamed_6,1367.0,profitandloss
259.0,unnamed_6,1986.0,profitandloss
260.0,unnamed_6,2867.0,profitandloss
261.0,unnamed_6,3935.0,profitandloss
262.0,unnamed_6,6310.0,profitandloss
263.0,unnamed_6,7608.0,profitandloss
264.0,unnamed_6,6314.0,profitandloss
265.0,unnamed_6,9906.0,profitandloss
266.0,unnamed_6,16018.0,profitandloss
267.0,unnamed_6,19987.0,profitandloss
268.0,unnamed_6,21417.0,profitandloss
269.0,unnamed_6,1006.0,profitandloss
270.0,unnamed_6,809.0,profitandloss
271.0,unnamed_6,902.0,profitandloss
272.0,unnamed_6,-11700.0,profitandloss
273.0,unnamed_6,-4372.0,profitandloss
274.0,unnamed_6,-9197.0,profitandloss
275.0,unnamed_6,-5414.0,profitandloss
276.0,unnamed_6,-11728.0,profitandloss
277.0,unnamed_6,-6957.0,profitandloss
278.0,unnamed_6,-2948.0,profitandloss
279.0,unnamed_6,6329.0,profitandloss
280.0,unnamed_6,4102.0,profitandloss
281.0,unnamed_6,3526.0,profitandloss
282.0,unnamed_6,30.0,profitandloss
283.0,unnamed_6,31.0,profitandloss
284.0,unnamed_6,35.0,profitandloss
285.0,unnamed_6,35.0,profitandloss
286.0,unnamed_6,37.0,profitandloss
287.0,unnamed_6,36.0,profitandloss
288.0,unnamed_6,32.0,profitandloss
289.0,unnamed_6,42.0,profitandloss
290.0,unnamed_6,45.0,profitandloss
291.0,unnamed_6,49.0,profitandloss
292.0,unnamed_6,51.0,profitandloss
293.0,unnamed_6,52.0,profitandloss
294.0,unnamed_6,52.0,profitandloss
295.0,unnamed_6,11.0,profitandloss
296.0,unnamed_6,14.0,profitandloss
297.0,unnamed_6,17.0,profitandloss
298.0,unnamed_6,19.0,profitandloss
299.0,unnamed_6,21.0,profitandloss
300.0,unnamed_6,20.0,profitandloss
301.0,unnamed_6,24.0,profitandloss
302.0,unnamed_6,21.0,profitandloss
303.0,unnamed_6,23.0,profitandloss
304.0,unnamed_6,22.0,profitandloss
305.0,unnamed_6,23.0,profitandloss
306.0,unnamed_6,25.0,profitandloss
307.0,unnamed_6,26.0,profitandloss
308.0,unnamed_6,19.0,profitandloss
309.0,unnamed_6,12.0,profitandloss
310.0,unnamed_6,7.0,profitandloss
311.0,unnamed_6,-5.0,profitandloss
312.0,unnamed_6,4.0,profitandloss
313.0,unnamed_6,6.0,profitandloss
314.0,unnamed_6,7.0,profitandloss
315.0,unnamed_6,-1.0,profitandloss
316.0,unnamed_6,-18.0,profitandloss
317.0,unnamed_6,4.0,profitandloss
318.0,unnamed_6,4.0,profitandloss
319.0,unnamed_6,3.0,profitandloss
320.0,unnamed_6,4.0,profitandloss
321.0,unnamed_6,16.0,profitandloss
322.0,unnamed_6,15.0,profitandloss
323.0,unnamed_6,16.0,profitandloss
324.0,unnamed_6,19.0,profitandloss
325.0,unnamed_6,19.0,profitandloss
326.0,unnamed_6,18.0,profitandloss
327.0,unnamed_6,18.0,profitandloss
328.0,unnamed_6,15.0,profitandloss
329.0,unnamed_6,12.0,profitandloss
330.0,unnamed_6,12.0,profitandloss
331.0,unnamed_6,13.0,profitandloss
332.0,unnamed_6,13.0,profitandloss
333.0,unnamed_6,13.0,profitandloss
334.0,unnamed_6,3.0,profitandloss
335.0,unnamed_6,4.0,profitandloss
336.0,unnamed_6,4.0,profitandloss
337.0,unnamed_6,7.0,profitandloss
338.0,unnamed_6,7.0,profitandloss
339.0,unnamed_6,6.0,profitandloss
340.0,unnamed_6,5.0,profitandloss
341.0,unnamed_6,3.0,profitandloss
342.0,unnamed_6,9.0,profitandloss
343.0,unnamed_6,6.0,profitandloss
344.0,unnamed_6,2.0,profitandloss
345.0,unnamed_6,10.0,profitandloss
346.0,unnamed_6,6.0,profitandloss
347.0,unnamed_6,7.0,profitandloss
348.0,unnamed_6,9.0,profitandloss
349.0,unnamed_6,11.0,profitandloss
350.0,unnamed_6,15.0,profitandloss
351.0,unnamed_6,14.0,profitandloss
352.0,unnamed_6,15.0,profitandloss
353.0,unnamed_6,16.0,profitandloss
354.0,unnamed_6,16.0,profitandloss
355.0,unnamed_6,19.0,profitandloss
356.0,unnamed_6,16.0,profitandloss
357.0,unnamed_6,17.0,profitandloss
358.0,unnamed_6,19.0,profitandloss
359.0,unnamed_6,18.0,profitandloss
360.0,unnamed_6,655.0,profitandloss
361.0,unnamed_6,-672.0,profitandloss
362.0,unnamed_6,-621.0,profitandloss
363.0,unnamed_6,-8008.0,profitandloss
364.0,unnamed_6,-5775.0,profitandloss
365.0,unnamed_6,-13350.0,profitandloss
366.0,unnamed_6,-11590.0,profitandloss
367.0,unnamed_6,-12867.0,profitandloss
368.0,unnamed_6,-18367.0,profitandloss
369.0,unnamed_6,-13657.0,profitandloss
370.0,unnamed_6,-9877.0,profitandloss
371.0,unnamed_6,-7745.0,profitandloss
372.0,unnamed_6,-8985.0,profitandloss
373.0,unnamed_6,472.0,profitandloss
374.0,unnamed_6,578.0,profitandloss
375.0,unnamed_6,696.0,profitandloss
376.0,unnamed_6,899.0,profitandloss
377.0,unnamed_6,1143.0,profitandloss
378.0,unnamed_6,1451.0,profitandloss
379.0,unnamed_6,1888.0,profitandloss
380.0,unnamed_6,1699.0,profitandloss
381.0,unnamed_6,2094.0,profitandloss
382.0,unnamed_6,2924.0,profitandloss
383.0,unnamed_6,3515.0,profitandloss
384.0,unnamed_6,4548.0,profitandloss
385.0,unnamed_6,5175.0,profitandloss
386.0,unnamed_6,2214.0,profitandloss
387.0,unnamed_6,2147.0,profitandloss
388.0,unnamed_6,2163.0,profitandloss
389.0,unnamed_6,2480.0,profitandloss
390.0,unnamed_6,2496.0,profitandloss
391.0,unnamed_6,2826.0,profitandloss
392.0,unnamed_6,3097.0,profitandloss
393.0,unnamed_6,3206.0,profitandloss
394.0,unnamed_6,4252.0,profitandloss
395.0,unnamed_6,4553.0,profitandloss
396.0,unnamed_6,5027.0,profitandloss
397.0,unnamed_6,6291.0,profitandloss
398.0,unnamed_6,6906.0,profitandloss
399.0,unnamed_6,18087.0,profitandloss
400.0,unnamed_6,17766.0,profitandloss
401.0,unnamed_6,17343.0,profitandloss
402.0,unnamed_6,18714.0,profitandloss
403.0,unnamed_6,12448.0,profitandloss
404.0,unnamed_6,9288.0,profitandloss
405.0,unnamed_6,25007.0,profitandloss
406.0,unnamed_6,21581.0,profitandloss
407.0,unnamed_6,18628.0,profitandloss
408.0,unnamed_6,24721.0,profitandloss
409.0,unnamed_6,44232.0,profitandloss
410.0,unnamed_6,47971.0,profitandloss
411.0,unnamed_6,46610.0,profitandloss
412.0,unnamed_6,16.0,profitandloss
413.0,unnamed_6,16.0,profitandloss
414.0,unnamed_6,17.0,profitandloss
415.0,unnamed_6,20.0,profitandloss
416.0,unnamed_6,20.0,profitandloss
417.0,unnamed_6,21.0,profitandloss
418.0,unnamed_6,20.0,profitandloss
419.0,unnamed_6,21.0,profitandloss
420.0,unnamed_6,21.0,profitandloss
421.0,unnamed_6,21.0,profitandloss
422.0,unnamed_6,19.0,profitandloss
423.0,unnamed_6,19.0,profitandloss
424.0,unnamed_6,19.0,profitandloss
425.0,unnamed_6,38.0,profitandloss
426.0,unnamed_6,40.0,profitandloss
427.0,unnamed_6,38.0,profitandloss
428.0,unnamed_6,38.0,profitandloss
429.0,unnamed_6,36.0,profitandloss
430.0,unnamed_6,33.0,profitandloss
431.0,unnamed_6,38.0,profitandloss
432.0,unnamed_6,34.0,profitandloss
433.0,unnamed_6,41.0,profitandloss
434.0,unnamed_6,43.0,profitandloss
435.0,unnamed_6,31.0,profitandloss
436.0,unnamed_6,28.0,profitandloss
437.0,unnamed_6,30.0,profitandloss
438.0,unnamed_6,34.0,profitandloss
439.0,unnamed_6,30.0,profitandloss
440.0,unnamed_6,39.0,profitandloss
441.0,unnamed_6,40.0,profitandloss
442.0,unnamed_6,42.0,profitandloss
443.0,unnamed_6,35.0,profitandloss
444.0,unnamed_6,26.0,profitandloss
445.0,unnamed_6,19.0,profitandloss
446.0,unnamed_6,27.0,profitandloss
447.0,unnamed_6,30.0,profitandloss
448.0,unnamed_6,30.0,profitandloss
449.0,unnamed_6,33.0,profitandloss
450.0,unnamed_6,27.0,profitandloss
451.0,unnamed_6,6.0,profitandloss
452.0,unnamed_6,7.0,profitandloss
453.0,unnamed_6,7.0,profitandloss
454.0,unnamed_6,8.0,profitandloss
455.0,unnamed_6,8.0,profitandloss
456.0,unnamed_6,9.0,profitandloss
457.0,unnamed_6,8.0,profitandloss
458.0,unnamed_6,9.0,profitandloss
459.0,unnamed_6,7.0,profitandloss
460.0,unnamed_6,8.0,profitandloss
461.0,unnamed_6,8.0,profitandloss
462.0,unnamed_6,8.0,profitandloss
463.0,unnamed_6,8.0,profitandloss
464.0,unnamed_6,23.0,profitandloss
465.0,unnamed_6,24.0,profitandloss
466.0,unnamed_6,23.0,profitandloss
467.0,unnamed_6,23.0,profitandloss
468.0,unnamed_6,17.0,profitandloss
469.0,unnamed_6,16.0,profitandloss
470.0,unnamed_6,21.0,profitandloss
471.0,unnamed_6,14.0,profitandloss
472.0,unnamed_6,20.0,profitandloss
473.0,unnamed_6,17.0,profitandloss
474.0,unnamed_6,26.0,profitandloss
475.0,unnamed_6,28.0,profitandloss
476.0,unnamed_6,27.0,profitandloss
477.0,unnamed_6,9.0,profitandloss
478.0,unnamed_6,11.0,profitandloss
479.0,unnamed_6,13.0,profitandloss
480.0,unnamed_6,27.0,profitandloss
481.0,unnamed_6,31.0,profitandloss
482.0,unnamed_6,31.0,profitandloss
483.0,unnamed_6,30.0,profitandloss
484.0,unnamed_6,24.0,profitandloss
485.0,unnamed_6,20.0,profitandloss
486.0,unnamed_6,21.0,profitandloss
487.0,unnamed_6,24.0,profitandloss
488.0,unnamed_6,26.0,profitandloss
489.0,unnamed_6,26.0,profitandloss
490.0,unnamed_6,15.0,profitandloss
491.0,unnamed_6,13.0,profitandloss
492.0,unnamed_6,9.0,profitandloss
493.0,unnamed_6,9.0,profitandloss
494.0,unnamed_6,12.0,profitandloss
495.0,unnamed_6,14.0,profitandloss
496.0,unnamed_6,13.0,profitandloss
497.0,unnamed_6,12.0,profitandloss
498.0,unnamed_6,13.0,profitandloss
499.0,unnamed_6,16.0,profitandloss
500.0,unnamed_6,5.0,profitandloss
501.0,unnamed_6,11.0,profitandloss
502.0,unnamed_6,12.0,profitandloss
503.0,unnamed_6,16.0,profitandloss
504.0,unnamed_6,15.0,profitandloss
505.0,unnamed_6,17.0,profitandloss
506.0,unnamed_6,20.0,profitandloss
507.0,unnamed_6,21.0,profitandloss
508.0,unnamed_6,21.0,profitandloss
509.0,unnamed_6,21.0,profitandloss
510.0,unnamed_6,22.0,profitandloss
511.0,unnamed_6,22.0,profitandloss
512.0,unnamed_6,20.0,profitandloss
513.0,unnamed_6,18.0,profitandloss
514.0,unnamed_6,21.0,profitandloss
515.0,unnamed_6,21.0,profitandloss
516.0,unnamed_6,21.0,profitandloss
517.0,unnamed_6,17.0,profitandloss
518.0,unnamed_6,16.0,profitandloss
519.0,unnamed_6,17.0,profitandloss
520.0,unnamed_6,20.0,profitandloss
521.0,unnamed_6,21.0,profitandloss
522.0,unnamed_6,22.0,profitandloss
523.0,unnamed_6,15.0,profitandloss
524.0,unnamed_6,24.0,profitandloss
525.0,unnamed_6,21.0,profitandloss
526.0,unnamed_6,18.0,profitandloss
527.0,unnamed_6,21.0,profitandloss
528.0,unnamed_6,20.0,profitandloss
529.0,unnamed_6,5.0,profitandloss
530.0,unnamed_6,10.0,profitandloss
531.0,unnamed_6,15.0,profitandloss
532.0,unnamed_6,15.0,profitandloss
533.0,unnamed_6,18.0,profitandloss
534.0,unnamed_6,19.0,profitandloss
535.0,unnamed_6,23.0,profitandloss
536.0,unnamed_6,23.0,profitandloss
537.0,unnamed_6,23.0,profitandloss
538.0,unnamed_6,22.0,profitandloss
539.0,unnamed_6,25.0,profitandloss
540.0,unnamed_6,32.0,profitandloss
541.0,unnamed_6,32.0,profitandloss
542.0,unnamed_6,9.0,profitandloss
543.0,unnamed_6,10.0,profitandloss
544.0,unnamed_6,9.0,profitandloss
545.0,unnamed_6,10.0,profitandloss
546.0,unnamed_6,13.0,profitandloss
547.0,unnamed_6,13.0,profitandloss
548.0,unnamed_6,12.0,profitandloss
549.0,unnamed_6,11.0,profitandloss
550.0,unnamed_6,15.0,profitandloss
551.0,unnamed_6,13.0,profitandloss
552.0,unnamed_6,10.0,profitandloss
553.0,unnamed_6,10.0,profitandloss
554.0,unnamed_6,10.0,profitandloss
555.0,unnamed_6,22.0,profitandloss
556.0,unnamed_6,25.0,profitandloss
557.0,unnamed_6,23.0,profitandloss
558.0,unnamed_6,21.0,profitandloss
559.0,unnamed_6,22.0,profitandloss
560.0,unnamed_6,22.0,profitandloss
561.0,unnamed_6,23.0,profitandloss
562.0,unnamed_6,24.0,profitandloss
563.0,unnamed_6,27.0,profitandloss
564.0,unnamed_6,24.0,profitandloss
565.0,unnamed_6,22.0,profitandloss
566.0,unnamed_6,22.0,profitandloss
567.0,unnamed_6,22.0,profitandloss
568.0,unnamed_6,3534.0,profitandloss
569.0,unnamed_6,5602.0,profitandloss
570.0,unnamed_6,7214.0,profitandloss
571.0,unnamed_6,9037.0,profitandloss
572.0,unnamed_6,11374.0,profitandloss
573.0,unnamed_6,13374.0,profitandloss
574.0,unnamed_6,16592.0,profitandloss
575.0,unnamed_6,14593.0,profitandloss
576.0,unnamed_6,16848.0,profitandloss
577.0,unnamed_6,20795.0,profitandloss
578.0,unnamed_6,29932.0,profitandloss
579.0,unnamed_6,-44685.0,profitandloss
580.0,unnamed_6,-57587.0,profitandloss
581.0,unnamed_6,525.0,profitandloss
582.0,unnamed_6,605.0,profitandloss
583.0,unnamed_6,874.0,profitandloss
584.0,unnamed_6,953.0,profitandloss
585.0,unnamed_6,972.0,profitandloss
586.0,unnamed_6,1074.0,profitandloss
587.0,unnamed_6,1215.0,profitandloss
588.0,unnamed_6,1141.0,profitandloss
589.0,unnamed_6,1235.0,profitandloss
590.0,unnamed_6,778.0,profitandloss
591.0,unnamed_6,80.0,profitandloss
592.0,unnamed_6,531.0,profitandloss
593.0,unnamed_6,725.0,profitandloss
594.0,unnamed_6,3553.0,profitandloss
595.0,unnamed_6,3520.0,profitandloss
596.0,unnamed_6,4424.0,profitandloss
597.0,unnamed_6,4585.0,profitandloss
598.0,unnamed_6,5334.0,profitandloss
599.0,unnamed_6,5025.0,profitandloss
600.0,unnamed_6,4070.0,profitandloss
601.0,unnamed_6,4058.0,profitandloss
602.0,unnamed_6,3256.0,profitandloss
603.0,unnamed_6,4099.0,profitandloss
604.0,unnamed_6,5235.0,profitandloss
605.0,unnamed_6,5561.0,profitandloss
606.0,unnamed_6,7699.0,profitandloss
607.0,unnamed_6,8024.0,profitandloss
608.0,unnamed_6,8844.0,profitandloss
609.0,unnamed_6,7778.0,profitandloss
610.0,unnamed_6,12317.0,profitandloss
611.0,unnamed_6,13695.0,profitandloss
612.0,unnamed_6,15511.0,profitandloss
613.0,unnamed_6,14306.0,profitandloss
614.0,unnamed_6,17559.0,profitandloss
615.0,unnamed_6,28347.0,profitandloss
616.0,unnamed_6,22666.0,profitandloss
617.0,unnamed_6,23872.0,profitandloss
618.0,unnamed_6,27931.0,profitandloss
619.0,unnamed_6,4220.0,profitandloss
620.0,unnamed_6,4759.0,profitandloss
621.0,unnamed_6,5412.0,profitandloss
622.0,unnamed_6,5910.0,profitandloss
623.0,unnamed_6,6328.0,profitandloss
624.0,unnamed_6,7499.0,profitandloss
625.0,unnamed_6,8880.0,profitandloss
626.0,unnamed_6,9861.0,profitandloss
627.0,unnamed_6,11626.0,profitandloss
628.0,unnamed_6,12857.0,profitandloss
629.0,unnamed_6,14147.0,profitandloss
630.0,unnamed_6,14659.0,profitandloss
631.0,unnamed_6,14759.0,profitandloss
632.0,unnamed_6,-15085.0,profitandloss
633.0,unnamed_6,-13084.0,profitandloss
634.0,unnamed_6,-16120.0,profitandloss
635.0,unnamed_6,-26955.0,profitandloss
636.0,unnamed_6,-37737.0,profitandloss
637.0,unnamed_6,-44906.0,profitandloss
638.0,unnamed_6,-50971.0,profitandloss
639.0,unnamed_6,-45190.0,profitandloss
640.0,unnamed_6,-44805.0,profitandloss
641.0,unnamed_6,-26558.0,profitandloss
642.0,unnamed_6,-17341.0,profitandloss
643.0,unnamed_6,-14152.0,profitandloss
644.0,unnamed_6,-31575.0,profitandloss
645.0,unnamed_6,-178.0,profitandloss
646.0,unnamed_6,-225.0,profitandloss
647.0,unnamed_6,-221.0,profitandloss
648.0,unnamed_6,764.0,profitandloss
649.0,unnamed_6,919.0,profitandloss
650.0,unnamed_6,-262.0,profitandloss
651.0,unnamed_6,1669.0,profitandloss
652.0,unnamed_6,1772.0,profitandloss
653.0,unnamed_6,2072.0,profitandloss
654.0,unnamed_6,1016.0,profitandloss
655.0,unnamed_6,1264.0,profitandloss
656.0,unnamed_6,2577.0,profitandloss
657.0,unnamed_6,3363.0,profitandloss
658.0,unnamed_6,745.0,profitandloss
659.0,unnamed_6,1504.0,profitandloss
660.0,unnamed_6,1655.0,profitandloss
661.0,unnamed_6,1842.0,profitandloss
662.0,unnamed_6,1806.0,profitandloss
663.0,unnamed_6,1771.0,profitandloss
664.0,unnamed_6,541.0,profitandloss
665.0,unnamed_6,-319.0,profitandloss
666.0,unnamed_6,-390.0,profitandloss
667.0,unnamed_6,-2163.0,profitandloss
668.0,unnamed_6,-1757.0,profitandloss
669.0,unnamed_6,-1829.0,profitandloss
670.0,unnamed_6,321.0,profitandloss
697.0,unnamed_6,286.0,profitandloss
698.0,unnamed_6,335.0,profitandloss
699.0,unnamed_6,288.0,profitandloss
700.0,unnamed_6,329.0,profitandloss
701.0,unnamed_6,379.0,profitandloss
702.0,unnamed_6,942.0,profitandloss
703.0,unnamed_6,-437.0,profitandloss
704.0,unnamed_6,-553.0,profitandloss
705.0,unnamed_6,-2469.0,profitandloss
706.0,unnamed_6,-839.0,profitandloss
707.0,unnamed_6,2067.0,profitandloss
708.0,unnamed_6,2978.0,profitandloss
709.0,unnamed_6,1323.0,profitandloss
710.0,unnamed_6,29.0,profitandloss
711.0,unnamed_6,27.0,profitandloss
712.0,unnamed_6,28.0,profitandloss
713.0,unnamed_6,27.0,profitandloss
714.0,unnamed_6,27.0,profitandloss
715.0,unnamed_6,27.0,profitandloss
716.0,unnamed_6,24.0,profitandloss
717.0,unnamed_6,25.0,profitandloss
718.0,unnamed_6,28.0,profitandloss
719.0,unnamed_6,26.0,profitandloss
720.0,unnamed_6,24.0,profitandloss
721.0,unnamed_6,24.0,profitandloss
722.0,unnamed_6,24.0,profitandloss
723.0,unnamed_6,3.0,profitandloss
724.0,unnamed_6,4.0,profitandloss
725.0,unnamed_6,2.0,profitandloss
726.0,unnamed_6,6.0,profitandloss
727.0,unnamed_6,10.0,profitandloss
728.0,unnamed_6,10.0,profitandloss
729.0,unnamed_6,7.0,profitandloss
730.0,unnamed_6,3.0,profitandloss
731.0,unnamed_6,11.0,profitandloss
732.0,unnamed_6,8.0,profitandloss
733.0,unnamed_6,4.0,profitandloss
734.0,unnamed_6,10.0,profitandloss
735.0,unnamed_6,4.0,profitandloss
736.0,unnamed_6,14.0,profitandloss
737.0,unnamed_6,14.0,profitandloss
738.0,unnamed_6,21.0,profitandloss
739.0,unnamed_6,19.0,profitandloss
740.0,unnamed_6,20.0,profitandloss
741.0,unnamed_6,31.0,profitandloss
742.0,unnamed_6,24.0,profitandloss
743.0,unnamed_6,47.0,profitandloss
744.0,unnamed_6,36.0,profitandloss
745.0,unnamed_6,34.0,profitandloss
746.0,unnamed_6,34.0,profitandloss
747.0,unnamed_6,100.0,profitandloss
748.0,unnamed_6,100.0,profitandloss
749.0,unnamed_6,100.0,profitandloss
750.0,unnamed_6,99.0,profitandloss
751.0,unnamed_6,100.0,profitandloss
752.0,unnamed_6,100.0,profitandloss
753.0,unnamed_6,100.0,profitandloss
754.0,unnamed_6,100.0,profitandloss
755.0,unnamed_6,99.0,profitandloss
756.0,unnamed_6,99.0,profitandloss
757.0,unnamed_6,99.0,profitandloss
758.0,unnamed_6,100.0,profitandloss
759.0,unnamed_6,99.0,profitandloss
760.0,unnamed_6,35.0,profitandloss
761.0,unnamed_6,37.0,profitandloss
762.0,unnamed_6,37.0,profitandloss
763.0,unnamed_6,37.0,profitandloss
764.0,unnamed_6,36.0,profitandloss
765.0,unnamed_6,38.0,profitandloss
766.0,unnamed_6,38.0,profitandloss
767.0,unnamed_6,39.0,profitandloss
768.0,unnamed_6,35.0,profitandloss
769.0,unnamed_6,34.0,profitandloss
770.0,unnamed_6,36.0,profitandloss
771.0,unnamed_6,37.0,profitandloss
772.0,unnamed_6,35.0,profitandloss
773.0,unnamed_6,31.0,profitandloss
774.0,unnamed_6,30.0,profitandloss
775.0,unnamed_6,28.0,profitandloss
776.0,unnamed_6,18.0,profitandloss
777.0,unnamed_6,22.0,profitandloss
778.0,unnamed_6,19.0,profitandloss
779.0,unnamed_6,18.0,profitandloss
780.0,unnamed_6,18.0,profitandloss
781.0,unnamed_6,32.0,profitandloss
782.0,unnamed_6,30.0,profitandloss
783.0,unnamed_6,19.0,profitandloss
784.0,unnamed_6,20.0,profitandloss
785.0,unnamed_6,21.0,profitandloss
786.0,unnamed_6,88.0,profitandloss
787.0,unnamed_6,84.0,profitandloss
788.0,unnamed_6,78.0,profitandloss
789.0,unnamed_6,32.0,profitandloss
790.0,unnamed_6,38.0,profitandloss
791.0,unnamed_6,39.0,profitandloss
792.0,unnamed_6,41.0,profitandloss
793.0,unnamed_6,40.0,profitandloss
794.0,unnamed_6,34.0,profitandloss
795.0,unnamed_6,31.0,profitandloss
796.0,unnamed_6,36.0,profitandloss
797.0,unnamed_6,42.0,profitandloss
798.0,unnamed_6,44.0,profitandloss
799.0,unnamed_6,32.0,profitandloss
800.0,unnamed_6,47.0,profitandloss
801.0,unnamed_6,47.0,profitandloss
802.0,unnamed_6,17.0,profitandloss
803.0,unnamed_6,18.0,profitandloss
804.0,unnamed_6,18.0,profitandloss
805.0,unnamed_6,15.0,profitandloss
806.0,unnamed_6,22.0,profitandloss
807.0,unnamed_6,21.0,profitandloss
808.0,unnamed_6,22.0,profitandloss
809.0,unnamed_6,16.0,profitandloss
810.0,unnamed_6,25.0,profitandloss
811.0,unnamed_6,27.0,profitandloss
812.0,unnamed_6,11.0,profitandloss
813.0,unnamed_6,16.0,profitandloss
814.0,unnamed_6,13.0,profitandloss
815.0,unnamed_6,-1789.0,profitandloss
816.0,unnamed_6,-1379.0,profitandloss
817.0,unnamed_6,-3366.0,profitandloss
818.0,unnamed_6,-2263.0,profitandloss
819.0,unnamed_6,-3965.0,profitandloss
820.0,unnamed_6,-4141.0,profitandloss
821.0,unnamed_6,-5114.0,profitandloss
822.0,unnamed_6,-5005.0,profitandloss
823.0,unnamed_6,-9958.0,profitandloss
824.0,unnamed_6,-8512.0,profitandloss
825.0,unnamed_6,-5746.0,profitandloss
826.0,unnamed_6,-13382.0,profitandloss
827.0,unnamed_6,-14146.0,profitandloss
828.0,unnamed_6,1.0,profitandloss
829.0,unnamed_6,-1.0,profitandloss
830.0,unnamed_6,0.0,profitandloss
831.0,unnamed_6,0.0,profitandloss
832.0,unnamed_6,4.0,profitandloss
833.0,unnamed_6,4.0,profitandloss
834.0,unnamed_6,3.0,profitandloss
835.0,unnamed_6,23.0,profitandloss
836.0,unnamed_6,25.0,profitandloss
837.0,unnamed_6,24.0,profitandloss
838.0,unnamed_6,26.0,profitandloss
839.0,unnamed_6,20.0,profitandloss
840.0,unnamed_6,17.0,profitandloss
841.0,unnamed_6,27.0,profitandloss
842.0,unnamed_6,15.0,profitandloss
843.0,unnamed_6,25.0,profitandloss
844.0,unnamed_6,24.0,profitandloss
845.0,unnamed_6,22.0,profitandloss
846.0,unnamed_6,26.0,profitandloss
847.0,unnamed_6,28.0,profitandloss
848.0,unnamed_6,15.0,profitandloss
849.0,unnamed_6,17.0,profitandloss
850.0,unnamed_6,17.0,profitandloss
851.0,unnamed_6,15.0,profitandloss
852.0,unnamed_6,15.0,profitandloss
853.0,unnamed_6,17.0,profitandloss
854.0,unnamed_6,17.0,profitandloss
855.0,unnamed_6,17.0,profitandloss
856.0,unnamed_6,17.0,profitandloss
857.0,unnamed_6,16.0,profitandloss
858.0,unnamed_6,15.0,profitandloss
859.0,unnamed_6,14.0,profitandloss
860.0,unnamed_6,13.0,profitandloss
861.0,unnamed_6,23.0,profitandloss
862.0,unnamed_6,23.0,profitandloss
863.0,unnamed_6,20.0,profitandloss
864.0,unnamed_6,18.0,profitandloss
865.0,unnamed_6,19.0,profitandloss
866.0,unnamed_6,16.0,profitandloss
867.0,unnamed_6,20.0,profitandloss
868.0,unnamed_6,19.0,profitandloss
869.0,unnamed_6,22.0,profitandloss
870.0,unnamed_6,20.0,profitandloss
871.0,unnamed_6,18.0,profitandloss
872.0,unnamed_6,18.0,profitandloss
873.0,unnamed_6,17.0,profitandloss
874.0,unnamed_6,13.0,profitandloss
875.0,unnamed_6,14.0,profitandloss
876.0,unnamed_6,12.0,profitandloss
877.0,unnamed_6,13.0,profitandloss
878.0,unnamed_6,13.0,profitandloss
879.0,unnamed_6,14.0,profitandloss
880.0,unnamed_6,15.0,profitandloss
881.0,unnamed_6,13.0,profitandloss
882.0,unnamed_6,15.0,profitandloss
883.0,unnamed_6,16.0,profitandloss
884.0,unnamed_6,17.0,profitandloss
885.0,unnamed_6,18.0,profitandloss
886.0,unnamed_6,19.0,profitandloss
887.0,unnamed_6,10.0,profitandloss
888.0,unnamed_6,12.0,profitandloss
889.0,unnamed_6,14.0,profitandloss
890.0,unnamed_6,16.0,profitandloss
891.0,unnamed_6,15.0,profitandloss
892.0,unnamed_6,15.0,profitandloss
893.0,unnamed_6,13.0,profitandloss
894.0,unnamed_6,10.0,profitandloss
895.0,unnamed_6,8.0,profitandloss
896.0,unnamed_6,7.0,profitandloss
897.0,unnamed_6,11.0,profitandloss
898.0,unnamed_6,13.0,profitandloss
899.0,unnamed_6,14.0,profitandloss
900.0,unnamed_6,6.0,profitandloss
901.0,unnamed_6,8.0,profitandloss
902.0,unnamed_6,8.0,profitandloss
903.0,unnamed_6,10.0,profitandloss
904.0,unnamed_6,10.0,profitandloss
905.0,unnamed_6,9.0,profitandloss
906.0,unnamed_6,8.0,profitandloss
907.0,unnamed_6,8.0,profitandloss
908.0,unnamed_6,8.0,profitandloss
909.0,unnamed_6,7.0,profitandloss
910.0,unnamed_6,8.0,profitandloss
911.0,unnamed_6,9.0,profitandloss
912.0,unnamed_6,10.0,profitandloss
913.0,unnamed_6,26.0,profitandloss
914.0,unnamed_6,17.0,profitandloss
915.0,unnamed_6,3.0,profitandloss
916.0,unnamed_6,12.0,profitandloss
917.0,unnamed_6,-1.0,profitandloss
918.0,unnamed_6,22.0,profitandloss
919.0,unnamed_6,1.0,profitandloss
920.0,unnamed_6,-27.0,profitandloss
921.0,unnamed_6,7.0,profitandloss
922.0,unnamed_6,28.0,profitandloss
923.0,unnamed_6,15.0,profitandloss
924.0,unnamed_6,28.0,profitandloss
925.0,unnamed_6,28.0,profitandloss
926.0,unnamed_6,21.0,profitandloss
927.0,unnamed_6,21.0,profitandloss
928.0,unnamed_6,19.0,profitandloss
929.0,unnamed_6,20.0,profitandloss
930.0,unnamed_6,21.0,profitandloss
931.0,unnamed_6,23.0,profitandloss
932.0,unnamed_6,24.0,profitandloss
933.0,unnamed_6,24.0,profitandloss
934.0,unnamed_6,24.0,profitandloss
935.0,unnamed_6,22.0,profitandloss
936.0,unnamed_6,23.0,profitandloss
937.0,unnamed_6,24.0,profitandloss
938.0,unnamed_6,24.0,profitandloss
939.0,unnamed_6,65.0,profitandloss
940.0,unnamed_6,59.0,profitandloss
941.0,unnamed_6,62.0,profitandloss
942.0,unnamed_6,57.0,profitandloss
943.0,unnamed_6,57.0,profitandloss
944.0,unnamed_6,55.0,profitandloss
945.0,unnamed_6,55.0,profitandloss
946.0,unnamed_6,54.0,profitandloss
947.0,unnamed_6,55.0,profitandloss
948.0,unnamed_6,44.0,profitandloss
949.0,unnamed_6,58.0,profitandloss
950.0,unnamed_6,50.0,profitandloss
951.0,unnamed_6,52.0,profitandloss
952.0,unnamed_6,25.0,profitandloss
953.0,unnamed_6,25.0,profitandloss
954.0,unnamed_6,22.0,profitandloss
955.0,unnamed_6,25.0,profitandloss
956.0,unnamed_6,26.0,profitandloss
957.0,unnamed_6,26.0,profitandloss
958.0,unnamed_6,23.0,profitandloss
959.0,unnamed_6,29.0,profitandloss
960.0,unnamed_6,31.0,profitandloss
961.0,unnamed_6,30.0,profitandloss
962.0,unnamed_6,27.0,profitandloss
963.0,unnamed_6,29.0,profitandloss
964.0,unnamed_6,28.0,profitandloss
965.0,unnamed_6,27.0,profitandloss
966.0,unnamed_6,28.0,profitandloss
967.0,unnamed_6,26.0,profitandloss
968.0,unnamed_6,32.0,profitandloss
969.0,unnamed_6,19.0,profitandloss
970.0,unnamed_6,18.0,profitandloss
971.0,unnamed_6,18.0,profitandloss
972.0,unnamed_6,13.0,profitandloss
973.0,unnamed_6,16.0,profitandloss
974.0,unnamed_6,16.0,profitandloss
975.0,unnamed_6,12.0,profitandloss
976.0,unnamed_6,17.0,profitandloss
977.0,unnamed_6,13.0,profitandloss
978.0,unnamed_6,35.0,profitandloss
979.0,unnamed_6,36.0,profitandloss
980.0,unnamed_6,34.0,profitandloss
981.0,unnamed_6,33.0,profitandloss
982.0,unnamed_6,19.0,profitandloss
983.0,unnamed_6,24.0,profitandloss
984.0,unnamed_6,33.0,profitandloss
985.0,unnamed_6,23.0,profitandloss
986.0,unnamed_6,28.0,profitandloss
987.0,unnamed_6,31.0,profitandloss
988.0,unnamed_6,34.0,profitandloss
989.0,unnamed_6,37.0,profitandloss
990.0,unnamed_6,36.0,profitandloss
991.0,unnamed_6,15.0,profitandloss
992.0,unnamed_6,16.0,profitandloss
993.0,unnamed_6,16.0,profitandloss
994.0,unnamed_6,22.0,profitandloss
995.0,unnamed_6,22.0,profitandloss
996.0,unnamed_6,22.0,profitandloss
997.0,unnamed_6,19.0,profitandloss
998.0,unnamed_6,22.0,profitandloss
999.0,unnamed_6,23.0,profitandloss
1000.0,unnamed_6,19.0,profitandloss
1001.0,unnamed_6,17.0,profitandloss
1002.0,unnamed_6,22.0,profitandloss
1003.0,unnamed_6,23.0,profitandloss
1004.0,unnamed_6,,profitandloss
1005.0,unnamed_6,,profitandloss
1006.0,unnamed_6,,profitandloss
1007.0,unnamed_6,,profitandloss
1008.0,unnamed_6,,profitandloss
1009.0,unnamed_6,,profitandloss
1010.0,unnamed_6,,profitandloss
1011.0,unnamed_6,,profitandloss
1012.0,unnamed_6,,profitandloss
1013.0,unnamed_6,,profitandloss
1014.0,unnamed_6,,profitandloss
1015.0,unnamed_6,,profitandloss
1016.0,unnamed_6,,profitandloss
1017.0,unnamed_6,83.0,profitandloss
1018.0,unnamed_6,83.0,profitandloss
1019.0,unnamed_6,85.0,profitandloss
1020.0,unnamed_6,88.0,profitandloss
1021.0,unnamed_6,87.0,profitandloss
1022.0,unnamed_6,87.0,profitandloss
1023.0,unnamed_6,77.0,profitandloss
1024.0,unnamed_6,87.0,profitandloss
1025.0,unnamed_6,88.0,profitandloss
1026.0,unnamed_6,86.0,profitandloss
1027.0,unnamed_6,87.0,profitandloss
1028.0,unnamed_6,87.0,profitandloss
1029.0,unnamed_6,86.0,profitandloss
1030.0,unnamed_6,97.0,profitandloss
1031.0,unnamed_6,97.0,profitandloss
1032.0,unnamed_6,94.0,profitandloss
1033.0,unnamed_6,93.0,profitandloss
1034.0,unnamed_6,92.0,profitandloss
1035.0,unnamed_6,85.0,profitandloss
1036.0,unnamed_6,93.0,profitandloss
1037.0,unnamed_6,87.0,profitandloss
1038.0,unnamed_6,91.0,profitandloss
1039.0,unnamed_6,88.0,profitandloss
1040.0,unnamed_6,95.0,profitandloss
1041.0,unnamed_6,101.0,profitandloss
1042.0,unnamed_6,99.0,profitandloss
1043.0,unnamed_6,8.0,profitandloss
1044.0,unnamed_6,8.0,profitandloss
1045.0,unnamed_6,10.0,profitandloss
1046.0,unnamed_6,15.0,profitandloss
1047.0,unnamed_6,15.0,profitandloss
1048.0,unnamed_6,16.0,profitandloss
1049.0,unnamed_6,15.0,profitandloss
1050.0,unnamed_6,15.0,profitandloss
1051.0,unnamed_6,17.0,profitandloss
1052.0,unnamed_6,16.0,profitandloss
1053.0,unnamed_6,16.0,profitandloss
1054.0,unnamed_6,18.0,profitandloss
1055.0,unnamed_6,17.0,profitandloss
1056.0,unnamed_6,3.0,profitandloss
1057.0,unnamed_6,3.0,profitandloss
1058.0,unnamed_6,3.0,profitandloss
1059.0,unnamed_6,5.0,profitandloss
1060.0,unnamed_6,4.0,profitandloss
1061.0,unnamed_6,4.0,profitandloss
1062.0,unnamed_6,3.0,profitandloss
1063.0,unnamed_6,3.0,profitandloss
1064.0,unnamed_6,1.0,profitandloss
1065.0,unnamed_6,1.0,profitandloss
1066.0,unnamed_6,0.0,profitandloss
1067.0,unnamed_6,0.0,profitandloss
1068.0,unnamed_6,1.0,profitandloss
1069.0,unnamed_6,-3.0,profitandloss
1070.0,unnamed_6,-8.0,profitandloss
1071.0,unnamed_6,-11.0,profitandloss
1072.0,unnamed_6,-15.0,profitandloss
1073.0,unnamed_6,-28.0,profitandloss
1074.0,unnamed_6,-38.0,profitandloss
1075.0,unnamed_6,-27.0,profitandloss
1076.0,unnamed_6,-24.0,profitandloss
1077.0,unnamed_6,-25.0,profitandloss
1078.0,unnamed_6,-22.0,profitandloss
1079.0,unnamed_6,-12.0,profitandloss
1080.0,unnamed_6,-14.0,profitandloss
1081.0,unnamed_6,-13.0,profitandloss
1082.0,unnamed_6,29.0,profitandloss
1083.0,unnamed_6,24.0,profitandloss
1084.0,unnamed_6,21.0,profitandloss
1085.0,unnamed_6,26.0,profitandloss
1086.0,unnamed_6,29.0,profitandloss
1087.0,unnamed_6,25.0,profitandloss
1088.0,unnamed_6,22.0,profitandloss
1089.0,unnamed_6,29.0,profitandloss
1090.0,unnamed_6,30.0,profitandloss
1091.0,unnamed_6,25.0,profitandloss
1092.0,unnamed_6,17.0,profitandloss
1093.0,unnamed_6,22.0,profitandloss
1094.0,unnamed_6,21.0,profitandloss
1095.0,unnamed_6,31.0,profitandloss
1096.0,unnamed_6,24.0,profitandloss
1097.0,unnamed_6,18.0,profitandloss
1098.0,unnamed_6,18.0,profitandloss
1099.0,unnamed_6,18.0,profitandloss
1100.0,unnamed_6,28.0,profitandloss
1101.0,unnamed_6,24.0,profitandloss
1102.0,unnamed_6,22.0,profitandloss
1103.0,unnamed_6,20.0,profitandloss
1104.0,unnamed_6,19.0,profitandloss
1105.0,unnamed_6,29.0,profitandloss
1106.0,unnamed_6,29.0,profitandloss
1107.0,unnamed_6,29.0,profitandloss
1108.0,unnamed_6,10.0,profitandloss
1109.0,unnamed_6,1.0,profitandloss
1110.0,unnamed_6,9.0,profitandloss
1111.0,unnamed_6,9.0,profitandloss
1112.0,unnamed_6,10.0,profitandloss
1113.0,unnamed_6,10.0,profitandloss
1114.0,unnamed_6,11.0,profitandloss
1115.0,unnamed_6,10.0,profitandloss
1116.0,unnamed_6,11.0,profitandloss
1117.0,unnamed_6,12.0,profitandloss
1118.0,unnamed_6,13.0,profitandloss
1119.0,unnamed_6,14.0,profitandloss
1120.0,unnamed_6,43.0,profitandloss
1121.0,unnamed_6,44.0,profitandloss
1122.0,unnamed_6,29.0,profitandloss
1123.0,unnamed_6,29.0,profitandloss
1124.0,unnamed_6,32.0,profitandloss
1125.0,unnamed_6,21.0,profitandloss
1126.0,unnamed_6,22.0,profitandloss
1127.0,unnamed_6,21.0,profitandloss
1128.0,unnamed_6,25.0,profitandloss
1129.0,unnamed_6,27.0,profitandloss
1130.0,unnamed_6,27.0,profitandloss
1131.0,unnamed_6,28.0,profitandloss
1132.0,unnamed_6,27.0,profitandloss
1133.0,unnamed_6,10.0,profitandloss
1134.0,unnamed_6,10.0,profitandloss
1135.0,unnamed_6,10.0,profitandloss
1136.0,unnamed_6,6.0,profitandloss
1137.0,unnamed_6,12.0,profitandloss
1138.0,unnamed_6,12.0,profitandloss
1139.0,unnamed_6,11.0,profitandloss
1140.0,unnamed_6,13.0,profitandloss
1141.0,unnamed_6,13.0,profitandloss
1142.0,unnamed_6,14.0,profitandloss
1143.0,unnamed_6,13.0,profitandloss
1144.0,unnamed_6,15.0,profitandloss
1145.0,unnamed_6,15.0,profitandloss
1146.0,unnamed_6,13.0,profitandloss
1147.0,unnamed_6,15.0,profitandloss
1148.0,unnamed_6,15.0,profitandloss
1149.0,unnamed_6,14.0,profitandloss
1150.0,unnamed_6,11.0,profitandloss
1151.0,unnamed_6,11.0,profitandloss
1152.0,unnamed_6,8.0,profitandloss
1153.0,unnamed_6,7.0,profitandloss
1154.0,unnamed_6,13.0,profitandloss
1155.0,unnamed_6,9.0,profitandloss
1156.0,unnamed_6,9.0,profitandloss
1157.0,unnamed_6,14.0,profitandloss
1158.0,unnamed_6,14.0,profitandloss
1159.0,unnamed_6,17.0,profitandloss
1160.0,unnamed_6,19.0,profitandloss
1161.0,unnamed_6,19.0,profitandloss
1162.0,unnamed_6,7.0,profitandloss
1163.0,unnamed_6,20.0,profitandloss
1164.0,unnamed_6,9.0,profitandloss
1165.0,unnamed_6,10.0,profitandloss
1166.0,unnamed_6,23.0,profitandloss
1167.0,unnamed_6,21.0,profitandloss
1168.0,unnamed_6,16.0,profitandloss
1169.0,unnamed_6,14.0,profitandloss
1170.0,unnamed_6,17.0,profitandloss
1171.0,unnamed_6,17.0,profitandloss
1172.0,unnamed_6,3.0,profitandloss
1173.0,unnamed_6,11.0,profitandloss
1174.0,unnamed_6,2.0,profitandloss
1175.0,unnamed_6,-1.0,profitandloss
1176.0,unnamed_6,12.0,profitandloss
1177.0,unnamed_6,17.0,profitandloss
1178.0,unnamed_6,19.0,profitandloss
1179.0,unnamed_6,12.0,profitandloss
1180.0,unnamed_6,20.0,profitandloss
1181.0,unnamed_6,26.0,profitandloss
1182.0,unnamed_6,13.0,profitandloss
1183.0,unnamed_6,10.0,profitandloss
1184.0,unnamed_6,11.0,profitandloss
1185.0,unnamed_6,29.0,profitandloss
1186.0,unnamed_6,31.0,profitandloss
1187.0,unnamed_6,26.0,profitandloss
1188.0,unnamed_6,28.0,profitandloss
1189.0,unnamed_6,27.0,profitandloss
1190.0,unnamed_6,26.0,profitandloss
1191.0,unnamed_6,27.0,profitandloss
1192.0,unnamed_6,27.0,profitandloss
1193.0,unnamed_6,28.0,profitandloss
1194.0,unnamed_6,28.0,profitandloss
1195.0,unnamed_6,26.0,profitandloss
1196.0,unnamed_6,27.0,profitandloss
1197.0,unnamed_6,27.0,profitandloss
1198.0,unnamed_6,21.0,profitandloss
1199.0,unnamed_6,22.0,profitandloss
1200.0,unnamed_6,19.0,profitandloss
1201.0,unnamed_6,16.0,profitandloss
1202.0,unnamed_6,14.0,profitandloss
1203.0,unnamed_6,15.0,profitandloss
1204.0,unnamed_6,18.0,profitandloss
1205.0,unnamed_6,15.0,profitandloss
1206.0,unnamed_6,18.0,profitandloss
1207.0,unnamed_6,18.0,profitandloss
1208.0,unnamed_6,15.0,profitandloss
1209.0,unnamed_6,9.0,profitandloss
1210.0,unnamed_6,12.0,profitandloss
1211.0,unnamed_6,10.0,profitandloss
1212.0,unnamed_6,10.0,profitandloss
1213.0,unnamed_6,10.0,profitandloss
1214.0,unnamed_6,8.0,profitandloss
1215.0,unnamed_6,9.0,profitandloss
1216.0,unnamed_6,10.0,profitandloss
1217.0,unnamed_6,10.0,profitandloss
1218.0,unnamed_6,12.0,profitandloss
1219.0,unnamed_6,8.0,profitandloss
1220.0,unnamed_6,12.0,profitandloss
1221.0,unnamed_6,12.0,profitandloss
1222.0,unnamed_6,10.0,profitandloss
1223.0,unnamed_6,10.0,profitandloss
1224.0,unnamed_6,22.0,profitandloss
1225.0,unnamed_6,23.0,profitandloss
1226.0,unnamed_6,22.0,profitandloss
1227.0,unnamed_6,41.0,profitandloss
1228.0,unnamed_6,24.0,profitandloss
1229.0,unnamed_6,23.0,profitandloss
1230.0,unnamed_6,26.0,profitandloss
1231.0,unnamed_6,27.0,profitandloss
1232.0,unnamed_6,31.0,profitandloss
1233.0,unnamed_6,29.0,profitandloss
1234.0,unnamed_6,30.0,profitandloss
1235.0,unnamed_6,31.0,profitandloss
1236.0,unnamed_6,32.0,profitandloss
1237.0,unnamed_6,0.0,profitandloss
1238.0,unnamed_6,0.0,profitandloss
1239.0,unnamed_6,4.0,profitandloss
1240.0,unnamed_6,5.0,profitandloss
1241.0,unnamed_6,7.0,profitandloss
1242.0,unnamed_6,10.0,profitandloss
1243.0,unnamed_6,9.0,profitandloss
1244.0,unnamed_6,15.0,profitandloss
1245.0,unnamed_6,4.0,profitandloss
1246.0,unnamed_6,13.0,profitandloss
1247.0,unnamed_6,14.0,profitandloss
1248.0,unnamed_6,16.0,profitandloss
1249.0,unnamed_6,16.0,profitandloss
1250.0,unnamed_6,6.0,profitandloss
1251.0,unnamed_6,6.0,profitandloss
1252.0,unnamed_6,6.0,profitandloss
1253.0,unnamed_6,7.0,profitandloss
1254.0,unnamed_6,7.0,profitandloss
1255.0,unnamed_6,10.0,profitandloss
1256.0,unnamed_6,11.0,profitandloss
1257.0,unnamed_6,12.0,profitandloss
1258.0,unnamed_6,11.0,profitandloss
1259.0,unnamed_6,11.0,profitandloss
1260.0,unnamed_6,13.0,profitandloss
1261.0,unnamed_6,14.0,profitandloss
1262.0,unnamed_6,14.0,profitandloss
1263.0,unnamed_6,24.0,profitandloss
1264.0,unnamed_6,19.0,profitandloss
1265.0,unnamed_6,19.0,profitandloss
1266.0,unnamed_6,19.0,profitandloss
1267.0,unnamed_6,21.0,profitandloss
1268.0,unnamed_6,20.0,profitandloss
1269.0,unnamed_6,18.0,profitandloss
1270.0,unnamed_6,22.0,profitandloss
1271.0,unnamed_6,26.0,profitandloss
1272.0,unnamed_6,22.0,profitandloss
1273.0,unnamed_6,17.0,profitandloss
1274.0,unnamed_6,18.0,profitandloss
1275.0,unnamed_6,17.0,profitandloss
1276.0,unnamed_6,1.0,profitandloss
1277.0,unnamed_6,-3.0,profitandloss
1278.0,unnamed_6,-3.0,profitandloss
1279.0,unnamed_6,-6.0,profitandloss
1280.0,unnamed_6,-15.0,profitandloss
1281.0,unnamed_6,-36.0,profitandloss
1282.0,unnamed_6,-25.0,profitandloss
1283.0,unnamed_6,-25.0,profitandloss
1284.0,unnamed_6,-16.0,profitandloss
1285.0,unnamed_6,-6.0,profitandloss
1286.0,unnamed_6,-4.0,profitandloss
1287.0,unnamed_6,5.0,profitandloss
1288.0,unnamed_6,2.0,profitandloss
1289.0,unnamed_6,11.0,profitandloss
1290.0,unnamed_6,-32.0,profitandloss
1291.0,unnamed_6,-4.0,profitandloss
1292.0,unnamed_6,4.0,profitandloss
1293.0,unnamed_6,11.0,profitandloss
1294.0,unnamed_6,14.0,profitandloss
1295.0,unnamed_6,15.0,profitandloss
1296.0,unnamed_6,17.0,profitandloss
1297.0,unnamed_6,13.0,profitandloss
1298.0,unnamed_6,16.0,profitandloss
1299.0,unnamed_6,13.0,profitandloss
1300.0,unnamed_6,18.0,profitandloss
1301.0,unnamed_6,18.0,profitandloss
1302.0,unnamed_6,13.0,profitandloss
1303.0,unnamed_6,14.0,profitandloss
1304.0,unnamed_6,15.0,profitandloss
1305.0,unnamed_6,19.0,profitandloss
1306.0,unnamed_6,21.0,profitandloss
1307.0,unnamed_6,21.0,profitandloss
1308.0,unnamed_6,20.0,profitandloss
1309.0,unnamed_6,21.0,profitandloss
1310.0,unnamed_6,19.0,profitandloss
1311.0,unnamed_6,19.0,profitandloss
1312.0,unnamed_6,22.0,profitandloss
1313.0,unnamed_6,23.0,profitandloss
1314.0,unnamed_6,24.0,profitandloss
1315.0,unnamed_6,17.0,profitandloss
1316.0,unnamed_6,30.0,profitandloss
1317.0,unnamed_6,30.0,profitandloss
1318.0,unnamed_6,-29.0,profitandloss
1319.0,unnamed_6,30.0,profitandloss
1320.0,unnamed_6,27.0,profitandloss
1321.0,unnamed_6,25.0,profitandloss
1322.0,unnamed_6,25.0,profitandloss
1323.0,unnamed_6,31.0,profitandloss
1324.0,unnamed_6,34.0,profitandloss
1325.0,unnamed_6,23.0,profitandloss
1326.0,unnamed_6,25.0,profitandloss
1327.0,unnamed_6,26.0,profitandloss
1328.0,unnamed_6,20.0,profitandloss
1329.0,unnamed_6,22.0,profitandloss
1330.0,unnamed_6,22.0,profitandloss
1331.0,unnamed_6,21.0,profitandloss
1332.0,unnamed_6,20.0,profitandloss
1333.0,unnamed_6,19.0,profitandloss
1334.0,unnamed_6,20.0,profitandloss
1335.0,unnamed_6,20.0,profitandloss
1336.0,unnamed_6,24.0,profitandloss
1337.0,unnamed_6,21.0,profitandloss
1338.0,unnamed_6,19.0,profitandloss
1339.0,unnamed_6,19.0,profitandloss
1340.0,unnamed_6,20.0,profitandloss
1341.0,unnamed_6,-20.0,profitandloss
1342.0,unnamed_6,-171.0,profitandloss
1343.0,unnamed_6,-88.0,profitandloss
1344.0,unnamed_6,-23.0,profitandloss
1345.0,unnamed_6,-44.0,profitandloss
1346.0,unnamed_6,-17.0,profitandloss
1347.0,unnamed_6,0.0,profitandloss
1348.0,unnamed_6,4.0,profitandloss
1349.0,unnamed_6,18.0,profitandloss
1350.0,unnamed_6,17.0,profitandloss
1351.0,unnamed_6,20.0,profitandloss
1352.0,unnamed_6,25.0,profitandloss
1353.0,unnamed_6,20.0,profitandloss
1354.0,unnamed_6,24.0,profitandloss
1355.0,unnamed_6,23.0,profitandloss
1356.0,unnamed_6,20.0,profitandloss
1357.0,unnamed_6,24.0,profitandloss
1358.0,unnamed_6,22.0,profitandloss
1359.0,unnamed_6,22.0,profitandloss
1360.0,unnamed_6,28.0,profitandloss
1361.0,unnamed_6,29.0,profitandloss
1362.0,unnamed_6,855.0,profitandloss
1363.0,unnamed_6,433.0,profitandloss
1364.0,unnamed_6,1904.0,profitandloss
1365.0,unnamed_6,3164.0,profitandloss
1366.0,unnamed_6,2219.0,profitandloss
1367.0,unnamed_6,3030.0,profitandloss
1368.0,unnamed_6,-151.0,profitandloss
1369.0,unnamed_6,4069.0,profitandloss
1370.0,unnamed_6,2.0,profitandloss
1371.0,unnamed_6,558.0,profitandloss
1372.0,unnamed_6,6521.0,profitandloss
1373.0,unnamed_6,16331.0,profitandloss
1374.0,unnamed_6,15908.0,profitandloss
,unnamed_7,,profitandloss
61.0,unnamed_7,33.0,profitandloss
62.0,unnamed_7,49.0,profitandloss
63.0,unnamed_7,48.0,profitandloss
64.0,unnamed_7,50.0,profitandloss
65.0,unnamed_7,57.0,profitandloss
66.0,unnamed_7,117.0,profitandloss
67.0,unnamed_7,113.0,profitandloss
68.0,unnamed_7,114.0,profitandloss
69.0,unnamed_7,81.0,profitandloss
70.0,unnamed_7,83.0,profitandloss
71.0,unnamed_7,154.0,profitandloss
72.0,unnamed_7,248.0,profitandloss
73.0,unnamed_7,265.0,profitandloss
86.0,unnamed_7,0.0,profitandloss
87.0,unnamed_7,3.0,profitandloss
88.0,unnamed_7,70.0,profitandloss
89.0,unnamed_7,22.0,profitandloss
90.0,unnamed_7,111.0,profitandloss
91.0,unnamed_7,336.0,profitandloss
92.0,unnamed_7,261.0,profitandloss
93.0,unnamed_7,1115.0,profitandloss
94.0,unnamed_7,1286.0,profitandloss
95.0,unnamed_7,1583.0,profitandloss
96.0,unnamed_7,611.0,profitandloss
97.0,unnamed_7,-844.0,profitandloss
98.0,unnamed_7,1775.0,profitandloss
99.0,unnamed_7,1157.0,profitandloss
100.0,unnamed_7,792.0,profitandloss
101.0,unnamed_7,1044.0,profitandloss
102.0,unnamed_7,749.0,profitandloss
103.0,unnamed_7,363.0,profitandloss
104.0,unnamed_7,504.0,profitandloss
105.0,unnamed_7,872.0,profitandloss
106.0,unnamed_7,494.0,profitandloss
107.0,unnamed_7,1012.0,profitandloss
108.0,unnamed_7,834.0,profitandloss
109.0,unnamed_7,1146.0,profitandloss
110.0,unnamed_7,1489.0,profitandloss
111.0,unnamed_7,80.0,profitandloss
112.0,unnamed_7,42.0,profitandloss
113.0,unnamed_7,73.0,profitandloss
114.0,unnamed_7,-111.0,profitandloss
115.0,unnamed_7,391.0,profitandloss
116.0,unnamed_7,507.0,profitandloss
117.0,unnamed_7,667.0,profitandloss
118.0,unnamed_7,1262.0,profitandloss
119.0,unnamed_7,891.0,profitandloss
120.0,unnamed_7,344.0,profitandloss
121.0,unnamed_7,685.0,profitandloss
122.0,unnamed_7,686.0,profitandloss
123.0,unnamed_7,730.0,profitandloss
124.0,unnamed_7,1037.0,profitandloss
125.0,unnamed_7,844.0,profitandloss
126.0,unnamed_7,1289.0,profitandloss
127.0,unnamed_7,1928.0,profitandloss
128.0,unnamed_7,1967.0,profitandloss
129.0,unnamed_7,1832.0,profitandloss
130.0,unnamed_7,327.0,profitandloss
131.0,unnamed_7,671.0,profitandloss
132.0,unnamed_7,1039.0,profitandloss
133.0,unnamed_7,344.0,profitandloss
134.0,unnamed_7,685.0,profitandloss
135.0,unnamed_7,686.0,profitandloss
136.0,unnamed_7,730.0,profitandloss
137.0,unnamed_7,1037.0,profitandloss
138.0,unnamed_7,844.0,profitandloss
139.0,unnamed_7,1289.0,profitandloss
140.0,unnamed_7,1928.0,profitandloss
141.0,unnamed_7,1967.0,profitandloss
142.0,unnamed_7,1832.0,profitandloss
143.0,unnamed_7,327.0,profitandloss
144.0,unnamed_7,671.0,profitandloss
145.0,unnamed_7,1039.0,profitandloss
146.0,unnamed_7,215.0,profitandloss
147.0,unnamed_7,137.0,profitandloss
148.0,unnamed_7,1188.0,profitandloss
149.0,unnamed_7,-201.0,profitandloss
150.0,unnamed_7,-3666.0,profitandloss
151.0,unnamed_7,754.0,profitandloss
152.0,unnamed_7,2448.0,profitandloss
153.0,unnamed_7,323.0,profitandloss
154.0,unnamed_7,1909.0,profitandloss
155.0,unnamed_7,3908.0,profitandloss
156.0,unnamed_7,4216.0,profitandloss
157.0,unnamed_7,9883.0,profitandloss
158.0,unnamed_7,2124.0,profitandloss
159.0,unnamed_7,69.0,profitandloss
160.0,unnamed_7,390.0,profitandloss
161.0,unnamed_7,419.0,profitandloss
162.0,unnamed_7,353.0,profitandloss
163.0,unnamed_7,441.0,profitandloss
164.0,unnamed_7,335.0,profitandloss
165.0,unnamed_7,232.0,profitandloss
166.0,unnamed_7,601.0,profitandloss
167.0,unnamed_7,288.0,profitandloss
168.0,unnamed_7,252.0,profitandloss
169.0,unnamed_7,447.0,profitandloss
170.0,unnamed_7,1401.0,profitandloss
171.0,unnamed_7,1230.0,profitandloss
172.0,unnamed_7,33.0,profitandloss
173.0,unnamed_7,18.0,profitandloss
174.0,unnamed_7,47.0,profitandloss
175.0,unnamed_7,92.0,profitandloss
176.0,unnamed_7,60.0,profitandloss
177.0,unnamed_7,24.0,profitandloss
178.0,unnamed_7,26.0,profitandloss
179.0,unnamed_7,222.0,profitandloss
180.0,unnamed_7,103.0,profitandloss
181.0,unnamed_7,368.0,profitandloss
182.0,unnamed_7,75.0,profitandloss
183.0,unnamed_7,105.0,profitandloss
184.0,unnamed_7,158.0,profitandloss
185.0,unnamed_7,114.0,profitandloss
186.0,unnamed_7,124.0,profitandloss
187.0,unnamed_7,142.0,profitandloss
188.0,unnamed_7,213.0,profitandloss
189.0,unnamed_7,338.0,profitandloss
190.0,unnamed_7,336.0,profitandloss
191.0,unnamed_7,274.0,profitandloss
192.0,unnamed_7,355.0,profitandloss
193.0,unnamed_7,332.0,profitandloss
194.0,unnamed_7,296.0,profitandloss
195.0,unnamed_7,431.0,profitandloss
196.0,unnamed_7,821.0,profitandloss
197.0,unnamed_7,616.0,profitandloss
198.0,unnamed_7,80.0,profitandloss
199.0,unnamed_7,59.0,profitandloss
200.0,unnamed_7,44.0,profitandloss
201.0,unnamed_7,30.0,profitandloss
202.0,unnamed_7,46.0,profitandloss
203.0,unnamed_7,54.0,profitandloss
204.0,unnamed_7,62.0,profitandloss
205.0,unnamed_7,52.0,profitandloss
206.0,unnamed_7,790.0,profitandloss
207.0,unnamed_7,674.0,profitandloss
208.0,unnamed_7,228.0,profitandloss
209.0,unnamed_7,1194.0,profitandloss
210.0,unnamed_7,1468.0,profitandloss
211.0,unnamed_7,1404.0,profitandloss
212.0,unnamed_7,2028.0,profitandloss
213.0,unnamed_7,1832.0,profitandloss
214.0,unnamed_7,1570.0,profitandloss
215.0,unnamed_7,2671.0,profitandloss
216.0,unnamed_7,1703.0,profitandloss
217.0,unnamed_7,1700.0,profitandloss
218.0,unnamed_7,1535.0,profitandloss
219.0,unnamed_7,5.0,profitandloss
220.0,unnamed_7,8.0,profitandloss
221.0,unnamed_7,9.0,profitandloss
222.0,unnamed_7,8.0,profitandloss
223.0,unnamed_7,-13.0,profitandloss
224.0,unnamed_7,-22.0,profitandloss
225.0,unnamed_7,-10.0,profitandloss
226.0,unnamed_7,-16.0,profitandloss
227.0,unnamed_7,-4.0,profitandloss
228.0,unnamed_7,5.0,profitandloss
229.0,unnamed_7,16.0,profitandloss
230.0,unnamed_7,11.0,profitandloss
231.0,unnamed_7,8.0,profitandloss
232.0,unnamed_7,2.0,profitandloss
233.0,unnamed_7,3.0,profitandloss
234.0,unnamed_7,8.0,profitandloss
235.0,unnamed_7,0.0,profitandloss
236.0,unnamed_7,0.0,profitandloss
237.0,unnamed_7,1.0,profitandloss
238.0,unnamed_7,2.0,profitandloss
239.0,unnamed_7,0.0,profitandloss
240.0,unnamed_7,-7.0,profitandloss
241.0,unnamed_7,8.0,profitandloss
242.0,unnamed_7,1.0,profitandloss
243.0,unnamed_7,-4.0,profitandloss
244.0,unnamed_7,12.0,profitandloss
245.0,unnamed_7,3.0,profitandloss
246.0,unnamed_7,5.0,profitandloss
247.0,unnamed_7,35.0,profitandloss
248.0,unnamed_7,7.0,profitandloss
249.0,unnamed_7,8.0,profitandloss
250.0,unnamed_7,2390.0,profitandloss
251.0,unnamed_7,2827.0,profitandloss
252.0,unnamed_7,3058.0,profitandloss
253.0,unnamed_7,3451.0,profitandloss
254.0,unnamed_7,3896.0,profitandloss
255.0,unnamed_7,4673.0,profitandloss
256.0,unnamed_7,5967.0,profitandloss
257.0,unnamed_7,6055.0,profitandloss
258.0,unnamed_7,25.0,profitandloss
259.0,unnamed_7,27.0,profitandloss
260.0,unnamed_7,29.0,profitandloss
261.0,unnamed_7,31.0,profitandloss
262.0,unnamed_7,34.0,profitandloss
263.0,unnamed_7,29.0,profitandloss
264.0,unnamed_7,24.0,profitandloss
265.0,unnamed_7,31.0,profitandloss
266.0,unnamed_7,39.0,profitandloss
267.0,unnamed_7,36.0,profitandloss
268.0,unnamed_7,34.0,profitandloss
269.0,unnamed_7,3.0,profitandloss
270.0,unnamed_7,2.0,profitandloss
271.0,unnamed_7,2.0,profitandloss
272.0,unnamed_7,-26.0,profitandloss
273.0,unnamed_7,-10.0,profitandloss
274.0,unnamed_7,-20.0,profitandloss
275.0,unnamed_7,-10.0,profitandloss
276.0,unnamed_7,-15.0,profitandloss
277.0,unnamed_7,-9.0,profitandloss
278.0,unnamed_7,-4.0,profitandloss
279.0,unnamed_7,7.0,profitandloss
280.0,unnamed_7,3.0,profitandloss
281.0,unnamed_7,3.0,profitandloss
282.0,unnamed_7,1159.0,profitandloss
283.0,unnamed_7,2881.0,profitandloss
284.0,unnamed_7,1243.0,profitandloss
285.0,unnamed_7,4858.0,profitandloss
286.0,unnamed_7,1713.0,profitandloss
287.0,unnamed_7,1756.0,profitandloss
288.0,unnamed_7,4474.0,profitandloss
289.0,unnamed_7,-37775.0,profitandloss
290.0,unnamed_7,-4215.0,profitandloss
291.0,unnamed_7,4656.0,profitandloss
292.0,unnamed_7,1019.0,profitandloss
293.0,unnamed_7,-3428.0,profitandloss
294.0,unnamed_7,2190.0,profitandloss
295.0,unnamed_7,622.0,profitandloss
296.0,unnamed_7,438.0,profitandloss
297.0,unnamed_7,507.0,profitandloss
298.0,unnamed_7,573.0,profitandloss
299.0,unnamed_7,420.0,profitandloss
300.0,unnamed_7,196.0,profitandloss
301.0,unnamed_7,73.0,profitandloss
302.0,unnamed_7,99.0,profitandloss
303.0,unnamed_7,125.0,profitandloss
304.0,unnamed_7,232.0,profitandloss
305.0,unnamed_7,281.0,profitandloss
306.0,unnamed_7,670.0,profitandloss
307.0,unnamed_7,754.0,profitandloss
308.0,unnamed_7,1132.0,profitandloss
309.0,unnamed_7,1617.0,profitandloss
310.0,unnamed_7,1221.0,profitandloss
311.0,unnamed_7,1492.0,profitandloss
312.0,unnamed_7,753.0,profitandloss
313.0,unnamed_7,679.0,profitandloss
314.0,unnamed_7,662.0,profitandloss
315.0,unnamed_7,590.0,profitandloss
316.0,unnamed_7,393.0,profitandloss
317.0,unnamed_7,405.0,profitandloss
318.0,unnamed_7,544.0,profitandloss
319.0,unnamed_7,608.0,profitandloss
320.0,unnamed_7,527.0,profitandloss
321.0,unnamed_7,369.0,profitandloss
322.0,unnamed_7,353.0,profitandloss
323.0,unnamed_7,537.0,profitandloss
324.0,unnamed_7,623.0,profitandloss
325.0,unnamed_7,912.0,profitandloss
326.0,unnamed_7,418.0,profitandloss
327.0,unnamed_7,600.0,profitandloss
328.0,unnamed_7,-105.0,profitandloss
329.0,unnamed_7,-241.0,profitandloss
330.0,unnamed_7,391.0,profitandloss
331.0,unnamed_7,471.0,profitandloss
332.0,unnamed_7,1566.0,profitandloss
333.0,unnamed_7,876.0,profitandloss
334.0,unnamed_7,1492.0,profitandloss
335.0,unnamed_7,1344.0,profitandloss
336.0,unnamed_7,2117.0,profitandloss
337.0,unnamed_7,1913.0,profitandloss
338.0,unnamed_7,2721.0,profitandloss
339.0,unnamed_7,2927.0,profitandloss
340.0,unnamed_7,2975.0,profitandloss
341.0,unnamed_7,1393.0,profitandloss
342.0,unnamed_7,7489.0,profitandloss
343.0,unnamed_7,4939.0,profitandloss
344.0,unnamed_7,2036.0,profitandloss
345.0,unnamed_7,3032.0,profitandloss
346.0,unnamed_7,3037.0,profitandloss
347.0,unnamed_7,52.0,profitandloss
348.0,unnamed_7,34.0,profitandloss
349.0,unnamed_7,228.0,profitandloss
350.0,unnamed_7,115.0,profitandloss
351.0,unnamed_7,151.0,profitandloss
352.0,unnamed_7,166.0,profitandloss
353.0,unnamed_7,206.0,profitandloss
354.0,unnamed_7,263.0,profitandloss
355.0,unnamed_7,313.0,profitandloss
356.0,unnamed_7,222.0,profitandloss
357.0,unnamed_7,597.0,profitandloss
358.0,unnamed_7,211.0,profitandloss
359.0,unnamed_7,182.0,profitandloss
360.0,unnamed_7,2.0,profitandloss
361.0,unnamed_7,-2.0,profitandloss
362.0,unnamed_7,-1.0,profitandloss
363.0,unnamed_7,-18.0,profitandloss
364.0,unnamed_7,-14.0,profitandloss
365.0,unnamed_7,-32.0,profitandloss
366.0,unnamed_7,-24.0,profitandloss
367.0,unnamed_7,-26.0,profitandloss
368.0,unnamed_7,-26.0,profitandloss
369.0,unnamed_7,-19.0,profitandloss
370.0,unnamed_7,-12.0,profitandloss
371.0,unnamed_7,-7.0,profitandloss
372.0,unnamed_7,-8.0,profitandloss
373.0,unnamed_7,18.0,profitandloss
374.0,unnamed_7,18.0,profitandloss
375.0,unnamed_7,19.0,profitandloss
376.0,unnamed_7,21.0,profitandloss
377.0,unnamed_7,24.0,profitandloss
378.0,unnamed_7,26.0,profitandloss
379.0,unnamed_7,27.0,profitandloss
380.0,unnamed_7,20.0,profitandloss
381.0,unnamed_7,22.0,profitandloss
382.0,unnamed_7,29.0,profitandloss
383.0,unnamed_7,27.0,profitandloss
384.0,unnamed_7,24.0,profitandloss
385.0,unnamed_7,23.0,profitandloss
386.0,unnamed_7,27.0,profitandloss
387.0,unnamed_7,21.0,profitandloss
388.0,unnamed_7,19.0,profitandloss
389.0,unnamed_7,18.0,profitandloss
390.0,unnamed_7,17.0,profitandloss
391.0,unnamed_7,19.0,profitandloss
392.0,unnamed_7,19.0,profitandloss
393.0,unnamed_7,19.0,profitandloss
394.0,unnamed_7,22.0,profitandloss
395.0,unnamed_7,21.0,profitandloss
396.0,unnamed_7,22.0,profitandloss
397.0,unnamed_7,24.0,profitandloss
398.0,unnamed_7,26.0,profitandloss
399.0,unnamed_7,26.0,profitandloss
400.0,unnamed_7,25.0,profitandloss
401.0,unnamed_7,23.0,profitandloss
402.0,unnamed_7,24.0,profitandloss
403.0,unnamed_7,16.0,profitandloss
404.0,unnamed_7,11.0,profitandloss
405.0,unnamed_7,25.0,profitandloss
406.0,unnamed_7,22.0,profitandloss
407.0,unnamed_7,21.0,profitandloss
408.0,unnamed_7,23.0,profitandloss
409.0,unnamed_7,32.0,profitandloss
410.0,unnamed_7,34.0,profitandloss
411.0,unnamed_7,33.0,profitandloss
412.0,unnamed_7,100.0,profitandloss
413.0,unnamed_7,126.0,profitandloss
414.0,unnamed_7,154.0,profitandloss
415.0,unnamed_7,217.0,profitandloss
416.0,unnamed_7,296.0,profitandloss
417.0,unnamed_7,291.0,profitandloss
418.0,unnamed_7,222.0,profitandloss
419.0,unnamed_7,205.0,profitandloss
420.0,unnamed_7,325.0,profitandloss
421.0,unnamed_7,308.0,profitandloss
422.0,unnamed_7,445.0,profitandloss
423.0,unnamed_7,482.0,profitandloss
424.0,unnamed_7,537.0,profitandloss
425.0,unnamed_7,45.0,profitandloss
426.0,unnamed_7,68.0,profitandloss
427.0,unnamed_7,38.0,profitandloss
428.0,unnamed_7,93.0,profitandloss
429.0,unnamed_7,72.0,profitandloss
430.0,unnamed_7,107.0,profitandloss
431.0,unnamed_7,154.0,profitandloss
432.0,unnamed_7,186.0,profitandloss
433.0,unnamed_7,57.0,profitandloss
434.0,unnamed_7,112.0,profitandloss
435.0,unnamed_7,344.0,profitandloss
436.0,unnamed_7,335.0,profitandloss
437.0,unnamed_7,359.0,profitandloss
438.0,unnamed_7,1279.0,profitandloss
439.0,unnamed_7,1133.0,profitandloss
440.0,unnamed_7,503.0,profitandloss
441.0,unnamed_7,506.0,profitandloss
442.0,unnamed_7,1135.0,profitandloss
443.0,unnamed_7,9722.0,profitandloss
444.0,unnamed_7,784.0,profitandloss
445.0,unnamed_7,1135.0,profitandloss
446.0,unnamed_7,383.0,profitandloss
447.0,unnamed_7,195.0,profitandloss
448.0,unnamed_7,317.0,profitandloss
449.0,unnamed_7,531.0,profitandloss
450.0,unnamed_7,662.0,profitandloss
451.0,unnamed_7,15.0,profitandloss
452.0,unnamed_7,16.0,profitandloss
453.0,unnamed_7,20.0,profitandloss
454.0,unnamed_7,17.0,profitandloss
455.0,unnamed_7,28.0,profitandloss
456.0,unnamed_7,88.0,profitandloss
457.0,unnamed_7,48.0,profitandloss
458.0,unnamed_7,60.0,profitandloss
459.0,unnamed_7,194.0,profitandloss
460.0,unnamed_7,114.0,profitandloss
461.0,unnamed_7,128.0,profitandloss
462.0,unnamed_7,145.0,profitandloss
463.0,unnamed_7,137.0,profitandloss
464.0,unnamed_7,146.0,profitandloss
465.0,unnamed_7,170.0,profitandloss
466.0,unnamed_7,260.0,profitandloss
467.0,unnamed_7,295.0,profitandloss
468.0,unnamed_7,172.0,profitandloss
469.0,unnamed_7,155.0,profitandloss
470.0,unnamed_7,381.0,profitandloss
471.0,unnamed_7,670.0,profitandloss
472.0,unnamed_7,335.0,profitandloss
473.0,unnamed_7,555.0,profitandloss
474.0,unnamed_7,971.0,profitandloss
475.0,unnamed_7,909.0,profitandloss
476.0,unnamed_7,862.0,profitandloss
477.0,unnamed_7,136.0,profitandloss
478.0,unnamed_7,93.0,profitandloss
479.0,unnamed_7,105.0,profitandloss
480.0,unnamed_7,326.0,profitandloss
481.0,unnamed_7,416.0,profitandloss
482.0,unnamed_7,536.0,profitandloss
483.0,unnamed_7,701.0,profitandloss
484.0,unnamed_7,572.0,profitandloss
485.0,unnamed_7,482.0,profitandloss
486.0,unnamed_7,496.0,profitandloss
487.0,unnamed_7,908.0,profitandloss
488.0,unnamed_7,1521.0,profitandloss
489.0,unnamed_7,1729.0,profitandloss
490.0,unnamed_7,887.0,profitandloss
491.0,unnamed_7,1247.0,profitandloss
492.0,unnamed_7,945.0,profitandloss
493.0,unnamed_7,731.0,profitandloss
494.0,unnamed_7,1212.0,profitandloss
495.0,unnamed_7,948.0,profitandloss
496.0,unnamed_7,1719.0,profitandloss
497.0,unnamed_7,3796.0,profitandloss
498.0,unnamed_7,2833.0,profitandloss
499.0,unnamed_7,2925.0,profitandloss
500.0,unnamed_7,2822.0,profitandloss
501.0,unnamed_7,2672.0,profitandloss
502.0,unnamed_7,2893.0,profitandloss
503.0,unnamed_7,194.0,profitandloss
504.0,unnamed_7,62.0,profitandloss
505.0,unnamed_7,73.0,profitandloss
506.0,unnamed_7,-262.0,profitandloss
507.0,unnamed_7,76.0,profitandloss
508.0,unnamed_7,283.0,profitandloss
509.0,unnamed_7,362.0,profitandloss
510.0,unnamed_7,32.0,profitandloss
511.0,unnamed_7,23.0,profitandloss
512.0,unnamed_7,78.0,profitandloss
513.0,unnamed_7,114.0,profitandloss
514.0,unnamed_7,-2209.0,profitandloss
515.0,unnamed_7,-2097.0,profitandloss
516.0,unnamed_7,824.0,profitandloss
517.0,unnamed_7,576.0,profitandloss
518.0,unnamed_7,530.0,profitandloss
519.0,unnamed_7,1320.0,profitandloss
520.0,unnamed_7,1076.0,profitandloss
521.0,unnamed_7,410.0,profitandloss
522.0,unnamed_7,-1846.0,profitandloss
523.0,unnamed_7,7076.0,profitandloss
524.0,unnamed_7,1130.0,profitandloss
525.0,unnamed_7,1648.0,profitandloss
526.0,unnamed_7,3733.0,profitandloss
527.0,unnamed_7,783.0,profitandloss
528.0,unnamed_7,971.0,profitandloss
529.0,unnamed_7,3335.0,profitandloss
530.0,unnamed_7,2618.0,profitandloss
531.0,unnamed_7,1642.0,profitandloss
532.0,unnamed_7,1598.0,profitandloss
533.0,unnamed_7,1044.0,profitandloss
534.0,unnamed_7,761.0,profitandloss
535.0,unnamed_7,376.0,profitandloss
536.0,unnamed_7,415.0,profitandloss
537.0,unnamed_7,360.0,profitandloss
538.0,unnamed_7,986.0,profitandloss
539.0,unnamed_7,1672.0,profitandloss
540.0,unnamed_7,1899.0,profitandloss
541.0,unnamed_7,2304.0,profitandloss
542.0,unnamed_7,222.0,profitandloss
543.0,unnamed_7,35.0,profitandloss
544.0,unnamed_7,48.0,profitandloss
545.0,unnamed_7,949.0,profitandloss
546.0,unnamed_7,42.0,profitandloss
547.0,unnamed_7,97.0,profitandloss
548.0,unnamed_7,124.0,profitandloss
549.0,unnamed_7,107.0,profitandloss
550.0,unnamed_7,187.0,profitandloss
551.0,unnamed_7,159.0,profitandloss
552.0,unnamed_7,178.0,profitandloss
553.0,unnamed_7,249.0,profitandloss
554.0,unnamed_7,310.0,profitandloss
555.0,unnamed_7,332.0,profitandloss
556.0,unnamed_7,677.0,profitandloss
557.0,unnamed_7,1126.0,profitandloss
558.0,unnamed_7,871.0,profitandloss
559.0,unnamed_7,1069.0,profitandloss
560.0,unnamed_7,1230.0,profitandloss
561.0,unnamed_7,943.0,profitandloss
562.0,unnamed_7,589.0,profitandloss
563.0,unnamed_7,927.0,profitandloss
564.0,unnamed_7,1067.0,profitandloss
565.0,unnamed_7,1358.0,profitandloss
566.0,unnamed_7,1495.0,profitandloss
567.0,unnamed_7,2452.0,profitandloss
568.0,unnamed_7,10.0,profitandloss
569.0,unnamed_7,13.0,profitandloss
570.0,unnamed_7,14.0,profitandloss
571.0,unnamed_7,14.0,profitandloss
572.0,unnamed_7,16.0,profitandloss
573.0,unnamed_7,16.0,profitandloss
574.0,unnamed_7,16.0,profitandloss
575.0,unnamed_7,12.0,profitandloss
576.0,unnamed_7,13.0,profitandloss
577.0,unnamed_7,15.0,profitandloss
578.0,unnamed_7,18.0,profitandloss
579.0,unnamed_7,-16.0,profitandloss
580.0,unnamed_7,-18.0,profitandloss
581.0,unnamed_7,4.0,profitandloss
582.0,unnamed_7,4.0,profitandloss
583.0,unnamed_7,3.0,profitandloss
584.0,unnamed_7,5.0,profitandloss
585.0,unnamed_7,3.0,profitandloss
586.0,unnamed_7,3.0,profitandloss
587.0,unnamed_7,3.0,profitandloss
588.0,unnamed_7,4.0,profitandloss
589.0,unnamed_7,2.0,profitandloss
590.0,unnamed_7,1.0,profitandloss
591.0,unnamed_7,0.0,profitandloss
592.0,unnamed_7,1.0,profitandloss
593.0,unnamed_7,1.0,profitandloss
594.0,unnamed_7,14.0,profitandloss
595.0,unnamed_7,13.0,profitandloss
596.0,unnamed_7,16.0,profitandloss
597.0,unnamed_7,16.0,profitandloss
598.0,unnamed_7,16.0,profitandloss
599.0,unnamed_7,15.0,profitandloss
600.0,unnamed_7,14.0,profitandloss
601.0,unnamed_7,13.0,profitandloss
602.0,unnamed_7,11.0,profitandloss
603.0,unnamed_7,12.0,profitandloss
604.0,unnamed_7,14.0,profitandloss
605.0,unnamed_7,14.0,profitandloss
606.0,unnamed_7,10.0,profitandloss
607.0,unnamed_7,9.0,profitandloss
608.0,unnamed_7,8.0,profitandloss
609.0,unnamed_7,8.0,profitandloss
610.0,unnamed_7,12.0,profitandloss
611.0,unnamed_7,12.0,profitandloss
612.0,unnamed_7,12.0,profitandloss
613.0,unnamed_7,12.0,profitandloss
614.0,unnamed_7,13.0,profitandloss
615.0,unnamed_7,15.0,profitandloss
616.0,unnamed_7,10.0,profitandloss
617.0,unnamed_7,11.0,profitandloss
618.0,unnamed_7,12.0,profitandloss
619.0,unnamed_7,16.0,profitandloss
620.0,unnamed_7,16.0,profitandloss
621.0,unnamed_7,17.0,profitandloss
622.0,unnamed_7,18.0,profitandloss
623.0,unnamed_7,19.0,profitandloss
624.0,unnamed_7,21.0,profitandloss
625.0,unnamed_7,23.0,profitandloss
626.0,unnamed_7,25.0,profitandloss
627.0,unnamed_7,25.0,profitandloss
628.0,unnamed_7,25.0,profitandloss
629.0,unnamed_7,23.0,profitandloss
630.0,unnamed_7,24.0,profitandloss
631.0,unnamed_7,24.0,profitandloss
632.0,unnamed_7,-34.0,profitandloss
633.0,unnamed_7,-26.0,profitandloss
634.0,unnamed_7,-29.0,profitandloss
635.0,unnamed_7,-45.0,profitandloss
636.0,unnamed_7,-62.0,profitandloss
637.0,unnamed_7,-72.0,profitandloss
638.0,unnamed_7,-71.0,profitandloss
639.0,unnamed_7,-53.0,profitandloss
640.0,unnamed_7,-50.0,profitandloss
641.0,unnamed_7,-28.0,profitandloss
642.0,unnamed_7,-14.0,profitandloss
643.0,unnamed_7,-9.0,profitandloss
644.0,unnamed_7,-17.0,profitandloss
645.0,unnamed_7,-4.0,profitandloss
646.0,unnamed_7,-5.0,profitandloss
647.0,unnamed_7,-5.0,profitandloss
648.0,unnamed_7,13.0,profitandloss
649.0,unnamed_7,12.0,profitandloss
650.0,unnamed_7,-4.0,profitandloss
651.0,unnamed_7,15.0,profitandloss
652.0,unnamed_7,15.0,profitandloss
653.0,unnamed_7,17.0,profitandloss
654.0,unnamed_7,6.0,profitandloss
655.0,unnamed_7,7.0,profitandloss
656.0,unnamed_7,13.0,profitandloss
657.0,unnamed_7,14.0,profitandloss
658.0,unnamed_7,4.0,profitandloss
659.0,unnamed_7,7.0,profitandloss
660.0,unnamed_7,5.0,profitandloss
661.0,unnamed_7,9.0,profitandloss
662.0,unnamed_7,5.0,profitandloss
663.0,unnamed_7,5.0,profitandloss
664.0,unnamed_7,1.0,profitandloss
665.0,unnamed_7,-2.0,profitandloss
666.0,unnamed_7,0.0,profitandloss
667.0,unnamed_7,-3.0,profitandloss
668.0,unnamed_7,-3.0,profitandloss
669.0,unnamed_7,-2.0,profitandloss
670.0,unnamed_7,0.0,profitandloss
697.0,unnamed_7,4.0,profitandloss
698.0,unnamed_7,4.0,profitandloss
699.0,unnamed_7,3.0,profitandloss
700.0,unnamed_7,3.0,profitandloss
701.0,unnamed_7,3.0,profitandloss
702.0,unnamed_7,5.0,profitandloss
703.0,unnamed_7,-2.0,profitandloss
704.0,unnamed_7,-2.0,profitandloss
705.0,unnamed_7,-9.0,profitandloss
706.0,unnamed_7,-3.0,profitandloss
707.0,unnamed_7,6.0,profitandloss
708.0,unnamed_7,7.0,profitandloss
709.0,unnamed_7,3.0,profitandloss
710.0,unnamed_7,2365.0,profitandloss
711.0,unnamed_7,2664.0,profitandloss
712.0,unnamed_7,3430.0,profitandloss
713.0,unnamed_7,3120.0,profitandloss
714.0,unnamed_7,3050.0,profitandloss
715.0,unnamed_7,3311.0,profitandloss
716.0,unnamed_7,2882.0,profitandloss
717.0,unnamed_7,2803.0,profitandloss
718.0,unnamed_7,2201.0,profitandloss
719.0,unnamed_7,2295.0,profitandloss
720.0,unnamed_7,2701.0,profitandloss
721.0,unnamed_7,4711.0,profitandloss
722.0,unnamed_7,5138.0,profitandloss
723.0,unnamed_7,3499.0,profitandloss
724.0,unnamed_7,5064.0,profitandloss
725.0,unnamed_7,5860.0,profitandloss
726.0,unnamed_7,5219.0,profitandloss
727.0,unnamed_7,4356.0,profitandloss
728.0,unnamed_7,4331.0,profitandloss
729.0,unnamed_7,4097.0,profitandloss
730.0,unnamed_7,-7165.0,profitandloss
731.0,unnamed_7,4696.0,profitandloss
732.0,unnamed_7,4332.0,profitandloss
733.0,unnamed_7,5124.0,profitandloss
734.0,unnamed_7,5389.0,profitandloss
735.0,unnamed_7,7285.0,profitandloss
736.0,unnamed_7,82.0,profitandloss
737.0,unnamed_7,139.0,profitandloss
738.0,unnamed_7,67.0,profitandloss
739.0,unnamed_7,99.0,profitandloss
740.0,unnamed_7,126.0,profitandloss
741.0,unnamed_7,77.0,profitandloss
742.0,unnamed_7,124.0,profitandloss
743.0,unnamed_7,72.0,profitandloss
744.0,unnamed_7,148.0,profitandloss
745.0,unnamed_7,106.0,profitandloss
746.0,unnamed_7,185.0,profitandloss
747.0,unnamed_7,2.0,profitandloss
748.0,unnamed_7,1.0,profitandloss
749.0,unnamed_7,1.0,profitandloss
750.0,unnamed_7,1.0,profitandloss
751.0,unnamed_7,0.0,profitandloss
752.0,unnamed_7,1.0,profitandloss
753.0,unnamed_7,0.0,profitandloss
754.0,unnamed_7,0.0,profitandloss
755.0,unnamed_7,0.0,profitandloss
756.0,unnamed_7,2.0,profitandloss
757.0,unnamed_7,41.0,profitandloss
758.0,unnamed_7,10.0,profitandloss
759.0,unnamed_7,8.0,profitandloss
760.0,unnamed_7,852.0,profitandloss
761.0,unnamed_7,966.0,profitandloss
762.0,unnamed_7,1229.0,profitandloss
763.0,unnamed_7,1483.0,profitandloss
764.0,unnamed_7,1759.0,profitandloss
765.0,unnamed_7,2240.0,profitandloss
766.0,unnamed_7,2080.0,profitandloss
767.0,unnamed_7,2417.0,profitandloss
768.0,unnamed_7,2577.0,profitandloss
769.0,unnamed_7,1910.0,profitandloss
770.0,unnamed_7,2098.0,profitandloss
771.0,unnamed_7,2804.0,profitandloss
772.0,unnamed_7,2655.0,profitandloss
773.0,unnamed_7,333.0,profitandloss
774.0,unnamed_7,349.0,profitandloss
775.0,unnamed_7,-1399.0,profitandloss
776.0,unnamed_7,-79.0,profitandloss
777.0,unnamed_7,-362.0,profitandloss
778.0,unnamed_7,-584.0,profitandloss
779.0,unnamed_7,-1470.0,profitandloss
780.0,unnamed_7,74.0,profitandloss
781.0,unnamed_7,313.0,profitandloss
782.0,unnamed_7,-1840.0,profitandloss
783.0,unnamed_7,-539.0,profitandloss
784.0,unnamed_7,156.0,profitandloss
785.0,unnamed_7,139.0,profitandloss
786.0,unnamed_7,10.0,profitandloss
787.0,unnamed_7,429.0,profitandloss
788.0,unnamed_7,435.0,profitandloss
789.0,unnamed_7,9.0,profitandloss
790.0,unnamed_7,-179.0,profitandloss
791.0,unnamed_7,196.0,profitandloss
792.0,unnamed_7,340.0,profitandloss
793.0,unnamed_7,221.0,profitandloss
794.0,unnamed_7,47.0,profitandloss
795.0,unnamed_7,398.0,profitandloss
796.0,unnamed_7,376.0,profitandloss
797.0,unnamed_7,248.0,profitandloss
798.0,unnamed_7,575.0,profitandloss
799.0,unnamed_7,674.0,profitandloss
800.0,unnamed_7,472.0,profitandloss
801.0,unnamed_7,648.0,profitandloss
802.0,unnamed_7,-307.0,profitandloss
803.0,unnamed_7,-1630.0,profitandloss
804.0,unnamed_7,103.0,profitandloss
805.0,unnamed_7,-1966.0,profitandloss
806.0,unnamed_7,18.0,profitandloss
807.0,unnamed_7,-177.0,profitandloss
808.0,unnamed_7,196.0,profitandloss
809.0,unnamed_7,-289.0,profitandloss
810.0,unnamed_7,473.0,profitandloss
811.0,unnamed_7,1600.0,profitandloss
812.0,unnamed_7,1561.0,profitandloss
813.0,unnamed_7,1500.0,profitandloss
814.0,unnamed_7,267.0,profitandloss
815.0,unnamed_7,-17.0,profitandloss
816.0,unnamed_7,-12.0,profitandloss
817.0,unnamed_7,-25.0,profitandloss
818.0,unnamed_7,-11.0,profitandloss
819.0,unnamed_7,-18.0,profitandloss
820.0,unnamed_7,-16.0,profitandloss
821.0,unnamed_7,-17.0,profitandloss
822.0,unnamed_7,-15.0,profitandloss
823.0,unnamed_7,-30.0,profitandloss
824.0,unnamed_7,-25.0,profitandloss
825.0,unnamed_7,-14.0,profitandloss
826.0,unnamed_7,-24.0,profitandloss
827.0,unnamed_7,-22.0,profitandloss
828.0,unnamed_7,2615.0,profitandloss
829.0,unnamed_7,20870.0,profitandloss
830.0,unnamed_7,12820.0,profitandloss
831.0,unnamed_7,9248.0,profitandloss
832.0,unnamed_7,7800.0,profitandloss
833.0,unnamed_7,14829.0,profitandloss
834.0,unnamed_7,16250.0,profitandloss
835.0,unnamed_7,145.0,profitandloss
836.0,unnamed_7,124.0,profitandloss
837.0,unnamed_7,423.0,profitandloss
838.0,unnamed_7,510.0,profitandloss
839.0,unnamed_7,584.0,profitandloss
840.0,unnamed_7,285.0,profitandloss
841.0,unnamed_7,72.0,profitandloss
842.0,unnamed_7,119.0,profitandloss
843.0,unnamed_7,-140.0,profitandloss
844.0,unnamed_7,293.0,profitandloss
845.0,unnamed_7,-1037.0,profitandloss
846.0,unnamed_7,48.0,profitandloss
847.0,unnamed_7,260.0,profitandloss
848.0,unnamed_7,2523.0,profitandloss
849.0,unnamed_7,1337.0,profitandloss
850.0,unnamed_7,1422.0,profitandloss
851.0,unnamed_7,1219.0,profitandloss
852.0,unnamed_7,1466.0,profitandloss
853.0,unnamed_7,1465.0,profitandloss
854.0,unnamed_7,2701.0,profitandloss
855.0,unnamed_7,3015.0,profitandloss
856.0,unnamed_7,8111.0,profitandloss
857.0,unnamed_7,2364.0,profitandloss
858.0,unnamed_7,2891.0,profitandloss
859.0,unnamed_7,3847.0,profitandloss
860.0,unnamed_7,3995.0,profitandloss
861.0,unnamed_7,22.0,profitandloss
862.0,unnamed_7,217.0,profitandloss
863.0,unnamed_7,99.0,profitandloss
864.0,unnamed_7,187.0,profitandloss
865.0,unnamed_7,187.0,profitandloss
866.0,unnamed_7,426.0,profitandloss
867.0,unnamed_7,302.0,profitandloss
868.0,unnamed_7,329.0,profitandloss
869.0,unnamed_7,274.0,profitandloss
870.0,unnamed_7,766.0,profitandloss
871.0,unnamed_7,557.0,profitandloss
872.0,unnamed_7,702.0,profitandloss
873.0,unnamed_7,946.0,profitandloss
874.0,unnamed_7,841.0,profitandloss
875.0,unnamed_7,773.0,profitandloss
876.0,unnamed_7,800.0,profitandloss
877.0,unnamed_7,1399.0,profitandloss
878.0,unnamed_7,2077.0,profitandloss
879.0,unnamed_7,4366.0,profitandloss
880.0,unnamed_7,2676.0,profitandloss
881.0,unnamed_7,885.0,profitandloss
882.0,unnamed_7,1152.0,profitandloss
883.0,unnamed_7,3204.0,profitandloss
884.0,unnamed_7,3961.0,profitandloss
885.0,unnamed_7,3298.0,profitandloss
886.0,unnamed_7,3365.0,profitandloss
887.0,unnamed_7,797.0,profitandloss
888.0,unnamed_7,724.0,profitandloss
889.0,unnamed_7,817.0,profitandloss
890.0,unnamed_7,1464.0,profitandloss
891.0,unnamed_7,2399.0,profitandloss
892.0,unnamed_7,2155.0,profitandloss
893.0,unnamed_7,2664.0,profitandloss
894.0,unnamed_7,3410.0,profitandloss
895.0,unnamed_7,3046.0,profitandloss
896.0,unnamed_7,1861.0,profitandloss
897.0,unnamed_7,2415.0,profitandloss
898.0,unnamed_7,4248.0,profitandloss
899.0,unnamed_7,5002.0,profitandloss
900.0,unnamed_7,318.0,profitandloss
901.0,unnamed_7,311.0,profitandloss
902.0,unnamed_7,212.0,profitandloss
903.0,unnamed_7,177.0,profitandloss
904.0,unnamed_7,346.0,profitandloss
905.0,unnamed_7,125.0,profitandloss
906.0,unnamed_7,333.0,profitandloss
907.0,unnamed_7,642.0,profitandloss
908.0,unnamed_7,568.0,profitandloss
909.0,unnamed_7,575.0,profitandloss
910.0,unnamed_7,70.0,profitandloss
911.0,unnamed_7,140.0,profitandloss
912.0,unnamed_7,955.0,profitandloss
913.0,unnamed_7,24.0,profitandloss
914.0,unnamed_7,48.0,profitandloss
915.0,unnamed_7,89.0,profitandloss
916.0,unnamed_7,111.0,profitandloss
917.0,unnamed_7,50.0,profitandloss
918.0,unnamed_7,401.0,profitandloss
919.0,unnamed_7,737.0,profitandloss
920.0,unnamed_7,286.0,profitandloss
921.0,unnamed_7,1584.0,profitandloss
922.0,unnamed_7,13810.0,profitandloss
923.0,unnamed_7,-116.0,profitandloss
924.0,unnamed_7,303.0,profitandloss
925.0,unnamed_7,560.0,profitandloss
926.0,unnamed_7,97.0,profitandloss
927.0,unnamed_7,87.0,profitandloss
928.0,unnamed_7,-391.0,profitandloss
929.0,unnamed_7,140.0,profitandloss
930.0,unnamed_7,177.0,profitandloss
931.0,unnamed_7,259.0,profitandloss
932.0,unnamed_7,247.0,profitandloss
933.0,unnamed_7,146.0,profitandloss
934.0,unnamed_7,-112.0,profitandloss
935.0,unnamed_7,107.0,profitandloss
936.0,unnamed_7,116.0,profitandloss
937.0,unnamed_7,159.0,profitandloss
938.0,unnamed_7,297.0,profitandloss
939.0,unnamed_7,1595.0,profitandloss
940.0,unnamed_7,889.0,profitandloss
941.0,unnamed_7,1597.0,profitandloss
942.0,unnamed_7,1174.0,profitandloss
943.0,unnamed_7,2245.0,profitandloss
944.0,unnamed_7,1185.0,profitandloss
945.0,unnamed_7,1733.0,profitandloss
946.0,unnamed_7,311.0,profitandloss
947.0,unnamed_7,1087.0,profitandloss
948.0,unnamed_7,981.0,profitandloss
949.0,unnamed_7,743.0,profitandloss
950.0,unnamed_7,2029.0,profitandloss
951.0,unnamed_7,2094.0,profitandloss
952.0,unnamed_7,4777.0,profitandloss
953.0,unnamed_7,2792.0,profitandloss
954.0,unnamed_7,2338.0,profitandloss
955.0,unnamed_7,1188.0,profitandloss
956.0,unnamed_7,1592.0,profitandloss
957.0,unnamed_7,5576.0,profitandloss
958.0,unnamed_7,2818.0,profitandloss
959.0,unnamed_7,8209.0,profitandloss
960.0,unnamed_7,5021.0,profitandloss
961.0,unnamed_7,4809.0,profitandloss
962.0,unnamed_7,2561.0,profitandloss
963.0,unnamed_7,5190.0,profitandloss
964.0,unnamed_7,6831.0,profitandloss
965.0,unnamed_7,5488.0,profitandloss
966.0,unnamed_7,7170.0,profitandloss
967.0,unnamed_7,5955.0,profitandloss
968.0,unnamed_7,1067.0,profitandloss
969.0,unnamed_7,12724.0,profitandloss
970.0,unnamed_7,10429.0,profitandloss
971.0,unnamed_7,9567.0,profitandloss
972.0,unnamed_7,982.0,profitandloss
973.0,unnamed_7,11271.0,profitandloss
974.0,unnamed_7,6797.0,profitandloss
975.0,unnamed_7,-30.0,profitandloss
976.0,unnamed_7,12982.0,profitandloss
977.0,unnamed_7,14458.0,profitandloss
978.0,unnamed_7,12.0,profitandloss
979.0,unnamed_7,23.0,profitandloss
980.0,unnamed_7,25.0,profitandloss
981.0,unnamed_7,25.0,profitandloss
982.0,unnamed_7,30.0,profitandloss
983.0,unnamed_7,42.0,profitandloss
984.0,unnamed_7,94.0,profitandloss
985.0,unnamed_7,105.0,profitandloss
986.0,unnamed_7,46.0,profitandloss
987.0,unnamed_7,79.0,profitandloss
988.0,unnamed_7,47.0,profitandloss
989.0,unnamed_7,69.0,profitandloss
990.0,unnamed_7,109.0,profitandloss
991.0,unnamed_7,107.0,profitandloss
992.0,unnamed_7,38.0,profitandloss
993.0,unnamed_7,40.0,profitandloss
994.0,unnamed_7,81.0,profitandloss
995.0,unnamed_7,115.0,profitandloss
996.0,unnamed_7,153.0,profitandloss
997.0,unnamed_7,130.0,profitandloss
998.0,unnamed_7,97.0,profitandloss
999.0,unnamed_7,74.0,profitandloss
1000.0,unnamed_7,39.0,profitandloss
1001.0,unnamed_7,55.0,profitandloss
1002.0,unnamed_7,63.0,profitandloss
1003.0,unnamed_7,144.0,profitandloss
1004.0,unnamed_7,4310.0,profitandloss
1005.0,unnamed_7,4710.0,profitandloss
1006.0,unnamed_7,6175.0,profitandloss
1007.0,unnamed_7,6100.0,profitandloss
1008.0,unnamed_7,9168.0,profitandloss
1009.0,unnamed_7,8883.0,profitandloss
1010.0,unnamed_7,7367.0,profitandloss
1011.0,unnamed_7,9388.0,profitandloss
1012.0,unnamed_7,12777.0,profitandloss
1013.0,unnamed_7,12329.0,profitandloss
1014.0,unnamed_7,12529.0,profitandloss
1015.0,unnamed_7,14158.0,profitandloss
1016.0,unnamed_7,15249.0,profitandloss
1017.0,unnamed_7,966.0,profitandloss
1018.0,unnamed_7,725.0,profitandloss
1019.0,unnamed_7,731.0,profitandloss
1020.0,unnamed_7,656.0,profitandloss
1021.0,unnamed_7,933.0,profitandloss
1022.0,unnamed_7,4065.0,profitandloss
1023.0,unnamed_7,1505.0,profitandloss
1024.0,unnamed_7,2820.0,profitandloss
1025.0,unnamed_7,769.0,profitandloss
1026.0,unnamed_7,4692.0,profitandloss
1027.0,unnamed_7,1093.0,profitandloss
1028.0,unnamed_7,556.0,profitandloss
1029.0,unnamed_7,1886.0,profitandloss
1030.0,unnamed_7,4.0,profitandloss
1031.0,unnamed_7,6.0,profitandloss
1032.0,unnamed_7,6.0,profitandloss
1033.0,unnamed_7,4.0,profitandloss
1034.0,unnamed_7,24.0,profitandloss
1035.0,unnamed_7,18.0,profitandloss
1036.0,unnamed_7,33.0,profitandloss
1037.0,unnamed_7,72.0,profitandloss
1038.0,unnamed_7,15.0,profitandloss
1039.0,unnamed_7,62.0,profitandloss
1040.0,unnamed_7,28.0,profitandloss
1041.0,unnamed_7,48.0,profitandloss
1042.0,unnamed_7,87.0,profitandloss
1043.0,unnamed_7,7757.0,profitandloss
1044.0,unnamed_7,8865.0,profitandloss
1045.0,unnamed_7,8528.0,profitandloss
1046.0,unnamed_7,12212.0,profitandloss
1047.0,unnamed_7,9222.0,profitandloss
1048.0,unnamed_7,9869.0,profitandloss
1049.0,unnamed_7,8406.0,profitandloss
1050.0,unnamed_7,8570.0,profitandloss
1051.0,unnamed_7,22432.0,profitandloss
1052.0,unnamed_7,19600.0,profitandloss
1053.0,unnamed_7,12020.0,profitandloss
1054.0,unnamed_7,16179.0,profitandloss
1055.0,unnamed_7,17607.0,profitandloss
1056.0,unnamed_7,292.0,profitandloss
1057.0,unnamed_7,344.0,profitandloss
1058.0,unnamed_7,183.0,profitandloss
1059.0,unnamed_7,129.0,profitandloss
1060.0,unnamed_7,139.0,profitandloss
1061.0,unnamed_7,156.0,profitandloss
1062.0,unnamed_7,266.0,profitandloss
1063.0,unnamed_7,529.0,profitandloss
1064.0,unnamed_7,867.0,profitandloss
1065.0,unnamed_7,1032.0,profitandloss
1066.0,unnamed_7,1862.0,profitandloss
1067.0,unnamed_7,1917.0,profitandloss
1068.0,unnamed_7,1636.0,profitandloss
1069.0,unnamed_7,32584.0,profitandloss
1070.0,unnamed_7,37882.0,profitandloss
1071.0,unnamed_7,49315.0,profitandloss
1072.0,unnamed_7,52828.0,profitandloss
1073.0,unnamed_7,68193.0,profitandloss
1074.0,unnamed_7,77557.0,profitandloss
1075.0,unnamed_7,77365.0,profitandloss
1076.0,unnamed_7,98159.0,profitandloss
1077.0,unnamed_7,107222.0,profitandloss
1078.0,unnamed_7,117000.0,profitandloss
1079.0,unnamed_7,122534.0,profitandloss
1080.0,unnamed_7,155386.0,profitandloss
1081.0,unnamed_7,157189.0,profitandloss
1082.0,unnamed_7,187.0,profitandloss
1083.0,unnamed_7,104.0,profitandloss
1084.0,unnamed_7,102.0,profitandloss
1085.0,unnamed_7,673.0,profitandloss
1086.0,unnamed_7,362.0,profitandloss
1087.0,unnamed_7,389.0,profitandloss
1088.0,unnamed_7,69.0,profitandloss
1089.0,unnamed_7,263.0,profitandloss
1090.0,unnamed_7,426.0,profitandloss
1091.0,unnamed_7,544.0,profitandloss
1092.0,unnamed_7,459.0,profitandloss
1093.0,unnamed_7,597.0,profitandloss
1094.0,unnamed_7,618.0,profitandloss
1095.0,unnamed_7,7.0,profitandloss
1096.0,unnamed_7,4.0,profitandloss
1097.0,unnamed_7,2.0,profitandloss
1098.0,unnamed_7,3.0,profitandloss
1099.0,unnamed_7,1.0,profitandloss
1100.0,unnamed_7,127.0,profitandloss
1101.0,unnamed_7,20.0,profitandloss
1102.0,unnamed_7,14.0,profitandloss
1103.0,unnamed_7,14.0,profitandloss
1104.0,unnamed_7,18.0,profitandloss
1105.0,unnamed_7,16.0,profitandloss
1106.0,unnamed_7,25.0,profitandloss
1107.0,unnamed_7,1800.0,profitandloss
1108.0,unnamed_7,299.0,profitandloss
1109.0,unnamed_7,985.0,profitandloss
1110.0,unnamed_7,943.0,profitandloss
1111.0,unnamed_7,3156.0,profitandloss
1112.0,unnamed_7,818.0,profitandloss
1113.0,unnamed_7,280.0,profitandloss
1114.0,unnamed_7,398.0,profitandloss
1115.0,unnamed_7,315.0,profitandloss
1116.0,unnamed_7,321.0,profitandloss
1117.0,unnamed_7,487.0,profitandloss
1118.0,unnamed_7,496.0,profitandloss
1119.0,unnamed_7,925.0,profitandloss
1120.0,unnamed_7,-90.0,profitandloss
1121.0,unnamed_7,-1968.0,profitandloss
1122.0,unnamed_7,283.0,profitandloss
1123.0,unnamed_7,-42.0,profitandloss
1124.0,unnamed_7,610.0,profitandloss
1125.0,unnamed_7,-135.0,profitandloss
1126.0,unnamed_7,-258.0,profitandloss
1127.0,unnamed_7,382.0,profitandloss
1128.0,unnamed_7,-3449.0,profitandloss
1129.0,unnamed_7,-3505.0,profitandloss
1130.0,unnamed_7,459.0,profitandloss
1131.0,unnamed_7,865.0,profitandloss
1132.0,unnamed_7,1571.0,profitandloss
1133.0,unnamed_7,56.0,profitandloss
1134.0,unnamed_7,170.0,profitandloss
1135.0,unnamed_7,-77.0,profitandloss
1136.0,unnamed_7,38.0,profitandloss
1137.0,unnamed_7,88.0,profitandloss
1138.0,unnamed_7,73.0,profitandloss
1139.0,unnamed_7,124.0,profitandloss
1140.0,unnamed_7,-163.0,profitandloss
1141.0,unnamed_7,91.0,profitandloss
1142.0,unnamed_7,88.0,profitandloss
1143.0,unnamed_7,328.0,profitandloss
1144.0,unnamed_7,-81.0,profitandloss
1145.0,unnamed_7,-168.0,profitandloss
1146.0,unnamed_7,213.0,profitandloss
1147.0,unnamed_7,-157.0,profitandloss
1148.0,unnamed_7,714.0,profitandloss
1149.0,unnamed_7,-2670.0,profitandloss
1150.0,unnamed_7,1869.0,profitandloss
1151.0,unnamed_7,5933.0,profitandloss
1152.0,unnamed_7,-26686.0,profitandloss
1153.0,unnamed_7,102.0,profitandloss
1154.0,unnamed_7,-11118.0,profitandloss
1155.0,unnamed_7,2424.0,profitandloss
1156.0,unnamed_7,6664.0,profitandloss
1157.0,unnamed_7,5673.0,profitandloss
1158.0,unnamed_7,6617.0,profitandloss
1159.0,unnamed_7,375.0,profitandloss
1160.0,unnamed_7,229.0,profitandloss
1161.0,unnamed_7,1056.0,profitandloss
1162.0,unnamed_7,4060.0,profitandloss
1163.0,unnamed_7,1297.0,profitandloss
1164.0,unnamed_7,6586.0,profitandloss
1165.0,unnamed_7,7186.0,profitandloss
1166.0,unnamed_7,2280.0,profitandloss
1167.0,unnamed_7,1775.0,profitandloss
1168.0,unnamed_7,2486.0,profitandloss
1169.0,unnamed_7,5540.0,profitandloss
1170.0,unnamed_7,3416.0,profitandloss
1171.0,unnamed_7,3708.0,profitandloss
1172.0,unnamed_7,1445.0,profitandloss
1173.0,unnamed_7,716.0,profitandloss
1174.0,unnamed_7,5994.0,profitandloss
1175.0,unnamed_7,10346.0,profitandloss
1176.0,unnamed_7,-3789.0,profitandloss
1177.0,unnamed_7,10898.0,profitandloss
1178.0,unnamed_7,1524.0,profitandloss
1179.0,unnamed_7,-2884.0,profitandloss
1180.0,unnamed_7,180.0,profitandloss
1181.0,unnamed_7,1300.0,profitandloss
1182.0,unnamed_7,1569.0,profitandloss
1183.0,unnamed_7,-6005.0,profitandloss
1184.0,unnamed_7,371.0,profitandloss
1185.0,unnamed_7,1178.0,profitandloss
1186.0,unnamed_7,1637.0,profitandloss
1187.0,unnamed_7,3720.0,profitandloss
1188.0,unnamed_7,3084.0,profitandloss
1189.0,unnamed_7,4221.0,profitandloss
1190.0,unnamed_7,3642.0,profitandloss
1191.0,unnamed_7,4311.0,profitandloss
1192.0,unnamed_7,4592.0,profitandloss
1193.0,unnamed_7,1916.0,profitandloss
1194.0,unnamed_7,4018.0,profitandloss
1195.0,unnamed_7,3449.0,profitandloss
1196.0,unnamed_7,3464.0,profitandloss
1197.0,unnamed_7,4091.0,profitandloss
1198.0,unnamed_7,-141.0,profitandloss
1199.0,unnamed_7,244.0,profitandloss
1200.0,unnamed_7,106.0,profitandloss
1201.0,unnamed_7,453.0,profitandloss
1202.0,unnamed_7,775.0,profitandloss
1203.0,unnamed_7,1417.0,profitandloss
1204.0,unnamed_7,534.0,profitandloss
1205.0,unnamed_7,1192.0,profitandloss
1206.0,unnamed_7,788.0,profitandloss
1207.0,unnamed_7,1115.0,profitandloss
1208.0,unnamed_7,965.0,profitandloss
1209.0,unnamed_7,927.0,profitandloss
1210.0,unnamed_7,1072.0,profitandloss
1211.0,unnamed_7,99.0,profitandloss
1212.0,unnamed_7,117.0,profitandloss
1213.0,unnamed_7,67.0,profitandloss
1214.0,unnamed_7,69.0,profitandloss
1215.0,unnamed_7,-42.0,profitandloss
1216.0,unnamed_7,70.0,profitandloss
1217.0,unnamed_7,178.0,profitandloss
1218.0,unnamed_7,153.0,profitandloss
1219.0,unnamed_7,180.0,profitandloss
1220.0,unnamed_7,177.0,profitandloss
1221.0,unnamed_7,306.0,profitandloss
1222.0,unnamed_7,534.0,profitandloss
1223.0,unnamed_7,538.0,profitandloss
1224.0,unnamed_7,1.0,profitandloss
1225.0,unnamed_7,34.0,profitandloss
1226.0,unnamed_7,286.0,profitandloss
1227.0,unnamed_7,32.0,profitandloss
1228.0,unnamed_7,223.0,profitandloss
1229.0,unnamed_7,299.0,profitandloss
1230.0,unnamed_7,-300.0,profitandloss
1231.0,unnamed_7,121.0,profitandloss
1232.0,unnamed_7,57.0,profitandloss
1233.0,unnamed_7,-288.0,profitandloss
1234.0,unnamed_7,45.0,profitandloss
1235.0,unnamed_7,146.0,profitandloss
1236.0,unnamed_7,72.0,profitandloss
1237.0,unnamed_7,58.0,profitandloss
1238.0,unnamed_7,91.0,profitandloss
1239.0,unnamed_7,208.0,profitandloss
1240.0,unnamed_7,86.0,profitandloss
1241.0,unnamed_7,81.0,profitandloss
1242.0,unnamed_7,27.0,profitandloss
1243.0,unnamed_7,30.0,profitandloss
1244.0,unnamed_7,147.0,profitandloss
1245.0,unnamed_7,199.0,profitandloss
1246.0,unnamed_7,152.0,profitandloss
1247.0,unnamed_7,341.0,profitandloss
1248.0,unnamed_7,989.0,profitandloss
1249.0,unnamed_7,960.0,profitandloss
1250.0,unnamed_7,130.0,profitandloss
1251.0,unnamed_7,44.0,profitandloss
1252.0,unnamed_7,80.0,profitandloss
1253.0,unnamed_7,93.0,profitandloss
1254.0,unnamed_7,163.0,profitandloss
1255.0,unnamed_7,71.0,profitandloss
1256.0,unnamed_7,25.0,profitandloss
1257.0,unnamed_7,12.0,profitandloss
1258.0,unnamed_7,36.0,profitandloss
1259.0,unnamed_7,-5.0,profitandloss
1260.0,unnamed_7,136.0,profitandloss
1261.0,unnamed_7,106.0,profitandloss
1262.0,unnamed_7,95.0,profitandloss
1263.0,unnamed_7,304.0,profitandloss
1264.0,unnamed_7,322.0,profitandloss
1265.0,unnamed_7,350.0,profitandloss
1266.0,unnamed_7,464.0,profitandloss
1267.0,unnamed_7,648.0,profitandloss
1268.0,unnamed_7,242.0,profitandloss
1269.0,unnamed_7,350.0,profitandloss
1270.0,unnamed_7,651.0,profitandloss
1271.0,unnamed_7,619.0,profitandloss
1272.0,unnamed_7,669.0,profitandloss
1273.0,unnamed_7,507.0,profitandloss
1274.0,unnamed_7,567.0,profitandloss
1275.0,unnamed_7,739.0,profitandloss
1276.0,unnamed_7,2868.0,profitandloss
1277.0,unnamed_7,3141.0,profitandloss
1278.0,unnamed_7,3957.0,profitandloss
1279.0,unnamed_7,3934.0,profitandloss
1280.0,unnamed_7,5430.0,profitandloss
1281.0,unnamed_7,5462.0,profitandloss
1282.0,unnamed_7,5042.0,profitandloss
1283.0,unnamed_7,5789.0,profitandloss
1284.0,unnamed_7,14307.0,profitandloss
1285.0,unnamed_7,13524.0,profitandloss
1286.0,unnamed_7,15915.0,profitandloss
1287.0,unnamed_7,17813.0,profitandloss
1288.0,unnamed_7,20440.0,profitandloss
1289.0,unnamed_7,146.0,profitandloss
1290.0,unnamed_7,681.0,profitandloss
1291.0,unnamed_7,-360.0,profitandloss
1292.0,unnamed_7,648.0,profitandloss
1293.0,unnamed_7,-265.0,profitandloss
1294.0,unnamed_7,172.0,profitandloss
1295.0,unnamed_7,70.0,profitandloss
1296.0,unnamed_7,89.0,profitandloss
1297.0,unnamed_7,-25.0,profitandloss
1298.0,unnamed_7,-117.0,profitandloss
1299.0,unnamed_7,249.0,profitandloss
1300.0,unnamed_7,208.0,profitandloss
1301.0,unnamed_7,176.0,profitandloss
1302.0,unnamed_7,44.0,profitandloss
1303.0,unnamed_7,19.0,profitandloss
1304.0,unnamed_7,14.0,profitandloss
1305.0,unnamed_7,36.0,profitandloss
1306.0,unnamed_7,27.0,profitandloss
1307.0,unnamed_7,14.0,profitandloss
1308.0,unnamed_7,6.0,profitandloss
1309.0,unnamed_7,47.0,profitandloss
1310.0,unnamed_7,-30.0,profitandloss
1311.0,unnamed_7,51.0,profitandloss
1312.0,unnamed_7,-18.0,profitandloss
1313.0,unnamed_7,-5.0,profitandloss
1314.0,unnamed_7,86.0,profitandloss
1315.0,unnamed_7,33.0,profitandloss
1316.0,unnamed_7,1874.0,profitandloss
1317.0,unnamed_7,-19222.0,profitandloss
1318.0,unnamed_7,4290.0,profitandloss
1319.0,unnamed_7,4423.0,profitandloss
1320.0,unnamed_7,6087.0,profitandloss
1321.0,unnamed_7,4270.0,profitandloss
1322.0,unnamed_7,-14932.0,profitandloss
1323.0,unnamed_7,2743.0,profitandloss
1324.0,unnamed_7,1832.0,profitandloss
1325.0,unnamed_7,2625.0,profitandloss
1326.0,unnamed_7,5239.0,profitandloss
1327.0,unnamed_7,5266.0,profitandloss
1328.0,unnamed_7,1440.0,profitandloss
1329.0,unnamed_7,1922.0,profitandloss
1330.0,unnamed_7,2450.0,profitandloss
1331.0,unnamed_7,2752.0,profitandloss
1332.0,unnamed_7,2623.0,profitandloss
1333.0,unnamed_7,2550.0,profitandloss
1334.0,unnamed_7,2614.0,profitandloss
1335.0,unnamed_7,2728.0,profitandloss
1336.0,unnamed_7,2404.0,profitandloss
1337.0,unnamed_7,2067.0,profitandloss
1338.0,unnamed_7,2275.0,profitandloss
1339.0,unnamed_7,2631.0,profitandloss
1340.0,unnamed_7,3349.0,profitandloss
1341.0,unnamed_7,21.0,profitandloss
1342.0,unnamed_7,1285.0,profitandloss
1343.0,unnamed_7,16.0,profitandloss
1344.0,unnamed_7,-200.0,profitandloss
1345.0,unnamed_7,793.0,profitandloss
1346.0,unnamed_7,682.0,profitandloss
1347.0,unnamed_7,846.0,profitandloss
1348.0,unnamed_7,944.0,profitandloss
1349.0,unnamed_7,32.0,profitandloss
1350.0,unnamed_7,30.0,profitandloss
1351.0,unnamed_7,45.0,profitandloss
1352.0,unnamed_7,112.0,profitandloss
1353.0,unnamed_7,127.0,profitandloss
1354.0,unnamed_7,111.0,profitandloss
1355.0,unnamed_7,183.0,profitandloss
1356.0,unnamed_7,-264.0,profitandloss
1357.0,unnamed_7,-231.0,profitandloss
1358.0,unnamed_7,2581.0,profitandloss
1359.0,unnamed_7,-422.0,profitandloss
1360.0,unnamed_7,293.0,profitandloss
1361.0,unnamed_7,351.0,profitandloss
1362.0,unnamed_7,9.0,profitandloss
1363.0,unnamed_7,4.0,profitandloss
1364.0,unnamed_7,14.0,profitandloss
1365.0,unnamed_7,20.0,profitandloss
1366.0,unnamed_7,12.0,profitandloss
1367.0,unnamed_7,13.0,profitandloss
1368.0,unnamed_7,-1.0,profitandloss
1369.0,unnamed_7,11.0,profitandloss
1370.0,unnamed_7,0.0,profitandloss
1371.0,unnamed_7,2.0,profitandloss
1372.0,unnamed_7,12.0,profitandloss
1373.0,unnamed_7,24.0,profitandloss
1374.0,unnamed_7,21.0,profitandloss
,unnamed_8,,profitandloss
61.0,unnamed_8,0.0,profitandloss
62.0,unnamed_8,0.0,profitandloss
63.0,unnamed_8,0.0,profitandloss
64.0,unnamed_8,3.0,profitandloss
65.0,unnamed_8,2.0,profitandloss
66.0,unnamed_8,4.0,profitandloss
67.0,unnamed_8,2.0,profitandloss
68.0,unnamed_8,9.0,profitandloss
69.0,unnamed_8,18.0,profitandloss
70.0,unnamed_8,19.0,profitandloss
71.0,unnamed_8,16.0,profitandloss
72.0,unnamed_8,12.0,profitandloss
73.0,unnamed_8,11.0,profitandloss
86.0,unnamed_8,0.0,profitandloss
87.0,unnamed_8,73.0,profitandloss
88.0,unnamed_8,957.0,profitandloss
89.0,unnamed_8,904.0,profitandloss
90.0,unnamed_8,886.0,profitandloss
91.0,unnamed_8,1391.0,profitandloss
92.0,unnamed_8,2238.0,profitandloss
93.0,unnamed_8,2117.0,profitandloss
94.0,unnamed_8,2365.0,profitandloss
95.0,unnamed_8,2781.0,profitandloss
96.0,unnamed_8,2767.0,profitandloss
97.0,unnamed_8,3183.0,profitandloss
98.0,unnamed_8,3492.0,profitandloss
99.0,unnamed_8,5703.0,profitandloss
100.0,unnamed_8,7056.0,profitandloss
101.0,unnamed_8,1357.0,profitandloss
102.0,unnamed_8,1257.0,profitandloss
103.0,unnamed_8,1250.0,profitandloss
104.0,unnamed_8,1625.0,profitandloss
105.0,unnamed_8,1572.0,profitandloss
106.0,unnamed_8,1377.0,profitandloss
107.0,unnamed_8,2526.0,profitandloss
108.0,unnamed_8,3969.0,profitandloss
109.0,unnamed_8,4555.0,profitandloss
110.0,unnamed_8,4150.0,profitandloss
111.0,unnamed_8,334.0,profitandloss
112.0,unnamed_8,552.0,profitandloss
113.0,unnamed_8,1121.0,profitandloss
114.0,unnamed_8,995.0,profitandloss
115.0,unnamed_8,1953.0,profitandloss
116.0,unnamed_8,2617.0,profitandloss
117.0,unnamed_8,2911.0,profitandloss
118.0,unnamed_8,5006.0,profitandloss
119.0,unnamed_8,4959.0,profitandloss
120.0,unnamed_8,542.0,profitandloss
121.0,unnamed_8,977.0,profitandloss
122.0,unnamed_8,1175.0,profitandloss
123.0,unnamed_8,1124.0,profitandloss
124.0,unnamed_8,1116.0,profitandloss
125.0,unnamed_8,1579.0,profitandloss
126.0,unnamed_8,1385.0,profitandloss
127.0,unnamed_8,1951.0,profitandloss
128.0,unnamed_8,2255.0,profitandloss
129.0,unnamed_8,2544.0,profitandloss
130.0,unnamed_8,2363.0,profitandloss
131.0,unnamed_8,2733.0,profitandloss
132.0,unnamed_8,2591.0,profitandloss
133.0,unnamed_8,542.0,profitandloss
134.0,unnamed_8,977.0,profitandloss
135.0,unnamed_8,1175.0,profitandloss
136.0,unnamed_8,1124.0,profitandloss
137.0,unnamed_8,1116.0,profitandloss
138.0,unnamed_8,1579.0,profitandloss
139.0,unnamed_8,1385.0,profitandloss
140.0,unnamed_8,1951.0,profitandloss
141.0,unnamed_8,2255.0,profitandloss
142.0,unnamed_8,2544.0,profitandloss
143.0,unnamed_8,2363.0,profitandloss
144.0,unnamed_8,2733.0,profitandloss
145.0,unnamed_8,2591.0,profitandloss
146.0,unnamed_8,1703.0,profitandloss
147.0,unnamed_8,4162.0,profitandloss
148.0,unnamed_8,4864.0,profitandloss
149.0,unnamed_8,5560.0,profitandloss
150.0,unnamed_8,5902.0,profitandloss
151.0,unnamed_8,5570.0,profitandloss
152.0,unnamed_8,5657.0,profitandloss
153.0,unnamed_8,5315.0,profitandloss
154.0,unnamed_8,5106.0,profitandloss
155.0,unnamed_8,4095.0,profitandloss
156.0,unnamed_8,3334.0,profitandloss
157.0,unnamed_8,3388.0,profitandloss
158.0,unnamed_8,3235.0,profitandloss
159.0,unnamed_8,78.0,profitandloss
160.0,unnamed_8,67.0,profitandloss
161.0,unnamed_8,66.0,profitandloss
162.0,unnamed_8,92.0,profitandloss
163.0,unnamed_8,153.0,profitandloss
164.0,unnamed_8,206.0,profitandloss
165.0,unnamed_8,170.0,profitandloss
166.0,unnamed_8,170.0,profitandloss
167.0,unnamed_8,140.0,profitandloss
168.0,unnamed_8,146.0,profitandloss
169.0,unnamed_8,195.0,profitandloss
170.0,unnamed_8,276.0,profitandloss
171.0,unnamed_8,298.0,profitandloss
172.0,unnamed_8,103.0,profitandloss
173.0,unnamed_8,119.0,profitandloss
174.0,unnamed_8,118.0,profitandloss
175.0,unnamed_8,180.0,profitandloss
176.0,unnamed_8,257.0,profitandloss
177.0,unnamed_8,295.0,profitandloss
178.0,unnamed_8,327.0,profitandloss
179.0,unnamed_8,533.0,profitandloss
180.0,unnamed_8,449.0,profitandloss
181.0,unnamed_8,379.0,profitandloss
182.0,unnamed_8,381.0,profitandloss
183.0,unnamed_8,449.0,profitandloss
184.0,unnamed_8,466.0,profitandloss
185.0,unnamed_8,42.0,profitandloss
186.0,unnamed_8,48.0,profitandloss
187.0,unnamed_8,42.0,profitandloss
188.0,unnamed_8,49.0,profitandloss
189.0,unnamed_8,37.0,profitandloss
190.0,unnamed_8,41.0,profitandloss
191.0,unnamed_8,110.0,profitandloss
192.0,unnamed_8,102.0,profitandloss
193.0,unnamed_8,92.0,profitandloss
194.0,unnamed_8,95.0,profitandloss
195.0,unnamed_8,144.0,profitandloss
196.0,unnamed_8,205.0,profitandloss
197.0,unnamed_8,227.0,profitandloss
198.0,unnamed_8,125.0,profitandloss
199.0,unnamed_8,90.0,profitandloss
200.0,unnamed_8,41.0,profitandloss
201.0,unnamed_8,40.0,profitandloss
202.0,unnamed_8,53.0,profitandloss
203.0,unnamed_8,78.0,profitandloss
204.0,unnamed_8,111.0,profitandloss
205.0,unnamed_8,106.0,profitandloss
206.0,unnamed_8,1.0,profitandloss
207.0,unnamed_8,1.0,profitandloss
208.0,unnamed_8,6.0,profitandloss
209.0,unnamed_8,1.0,profitandloss
210.0,unnamed_8,1.0,profitandloss
211.0,unnamed_8,1.0,profitandloss
212.0,unnamed_8,4.0,profitandloss
213.0,unnamed_8,3.0,profitandloss
214.0,unnamed_8,7.0,profitandloss
215.0,unnamed_8,9.0,profitandloss
216.0,unnamed_8,40.0,profitandloss
217.0,unnamed_8,60.0,profitandloss
218.0,unnamed_8,164.0,profitandloss
219.0,unnamed_8,6551.0,profitandloss
220.0,unnamed_8,7405.0,profitandloss
221.0,unnamed_8,8365.0,profitandloss
222.0,unnamed_8,9371.0,profitandloss
223.0,unnamed_8,11691.0,profitandloss
224.0,unnamed_8,10967.0,profitandloss
225.0,unnamed_8,13130.0,profitandloss
226.0,unnamed_8,15537.0,profitandloss
227.0,unnamed_8,12264.0,profitandloss
228.0,unnamed_8,15221.0,profitandloss
229.0,unnamed_8,16143.0,profitandloss
230.0,unnamed_8,22442.0,profitandloss
231.0,unnamed_8,25243.0,profitandloss
232.0,unnamed_8,1204.0,profitandloss
233.0,unnamed_8,1562.0,profitandloss
234.0,unnamed_8,2230.0,profitandloss
235.0,unnamed_8,2877.0,profitandloss
236.0,unnamed_8,3716.0,profitandloss
237.0,unnamed_8,4531.0,profitandloss
238.0,unnamed_8,6657.0,profitandloss
239.0,unnamed_8,9500.0,profitandloss
240.0,unnamed_8,9274.0,profitandloss
241.0,unnamed_8,9629.0,profitandloss
242.0,unnamed_8,12380.0,profitandloss
243.0,unnamed_8,18607.0,profitandloss
244.0,unnamed_8,21568.0,profitandloss
245.0,unnamed_8,0.0,profitandloss
246.0,unnamed_8,0.0,profitandloss
247.0,unnamed_8,0.0,profitandloss
248.0,unnamed_8,0.0,profitandloss
249.0,unnamed_8,0.0,profitandloss
250.0,unnamed_8,0.0,profitandloss
251.0,unnamed_8,0.0,profitandloss
252.0,unnamed_8,13.0,profitandloss
253.0,unnamed_8,4.0,profitandloss
254.0,unnamed_8,3.0,profitandloss
255.0,unnamed_8,7.0,profitandloss
256.0,unnamed_8,2.0,profitandloss
257.0,unnamed_8,2.0,profitandloss
258.0,unnamed_8,26.0,profitandloss
259.0,unnamed_8,35.0,profitandloss
260.0,unnamed_8,22.0,profitandloss
261.0,unnamed_8,10.0,profitandloss
262.0,unnamed_8,13.0,profitandloss
263.0,unnamed_8,9.0,profitandloss
264.0,unnamed_8,3.0,profitandloss
265.0,unnamed_8,-17.0,profitandloss
266.0,unnamed_8,-5.0,profitandloss
267.0,unnamed_8,6.0,profitandloss
268.0,unnamed_8,29.0,profitandloss
269.0,unnamed_8,4511.0,profitandloss
270.0,unnamed_8,5555.0,profitandloss
271.0,unnamed_8,5449.0,profitandloss
272.0,unnamed_8,5992.0,profitandloss
273.0,unnamed_8,7937.0,profitandloss
274.0,unnamed_8,7992.0,profitandloss
275.0,unnamed_8,7887.0,profitandloss
276.0,unnamed_8,12191.0,profitandloss
277.0,unnamed_8,14687.0,profitandloss
278.0,unnamed_8,14395.0,profitandloss
279.0,unnamed_8,16275.0,profitandloss
280.0,unnamed_8,23399.0,profitandloss
281.0,unnamed_8,23807.0,profitandloss
282.0,unnamed_8,4519.0,profitandloss
283.0,unnamed_8,5879.0,profitandloss
284.0,unnamed_8,4446.0,profitandloss
285.0,unnamed_8,8546.0,profitandloss
286.0,unnamed_8,9547.0,profitandloss
287.0,unnamed_8,9326.0,profitandloss
288.0,unnamed_8,10622.0,profitandloss
289.0,unnamed_8,13992.0,profitandloss
290.0,unnamed_8,15091.0,profitandloss
291.0,unnamed_8,16616.0,profitandloss
292.0,unnamed_8,19300.0,profitandloss
293.0,unnamed_8,22648.0,profitandloss
294.0,unnamed_8,22424.0,profitandloss
295.0,unnamed_8,7.0,profitandloss
296.0,unnamed_8,7.0,profitandloss
297.0,unnamed_8,7.0,profitandloss
298.0,unnamed_8,10.0,profitandloss
299.0,unnamed_8,18.0,profitandloss
300.0,unnamed_8,6.0,profitandloss
301.0,unnamed_8,16.0,profitandloss
302.0,unnamed_8,8.0,profitandloss
303.0,unnamed_8,10.0,profitandloss
304.0,unnamed_8,9.0,profitandloss
305.0,unnamed_8,19.0,profitandloss
306.0,unnamed_8,12.0,profitandloss
307.0,unnamed_8,7.0,profitandloss
308.0,unnamed_8,128.0,profitandloss
309.0,unnamed_8,133.0,profitandloss
310.0,unnamed_8,92.0,profitandloss
311.0,unnamed_8,360.0,profitandloss
312.0,unnamed_8,413.0,profitandloss
313.0,unnamed_8,330.0,profitandloss
314.0,unnamed_8,378.0,profitandloss
315.0,unnamed_8,613.0,profitandloss
316.0,unnamed_8,467.0,profitandloss
317.0,unnamed_8,448.0,profitandloss
318.0,unnamed_8,612.0,profitandloss
319.0,unnamed_8,828.0,profitandloss
320.0,unnamed_8,746.0,profitandloss
321.0,unnamed_8,6.0,profitandloss
322.0,unnamed_8,0.0,profitandloss
323.0,unnamed_8,14.0,profitandloss
324.0,unnamed_8,13.0,profitandloss
325.0,unnamed_8,27.0,profitandloss
326.0,unnamed_8,3.0,profitandloss
327.0,unnamed_8,13.0,profitandloss
328.0,unnamed_8,10.0,profitandloss
329.0,unnamed_8,14.0,profitandloss
330.0,unnamed_8,29.0,profitandloss
331.0,unnamed_8,12.0,profitandloss
332.0,unnamed_8,51.0,profitandloss
333.0,unnamed_8,13.0,profitandloss
334.0,unnamed_8,2518.0,profitandloss
335.0,unnamed_8,1982.0,profitandloss
336.0,unnamed_8,1180.0,profitandloss
337.0,unnamed_8,680.0,profitandloss
338.0,unnamed_8,696.0,profitandloss
339.0,unnamed_8,1186.0,profitandloss
340.0,unnamed_8,1764.0,profitandloss
341.0,unnamed_8,2637.0,profitandloss
342.0,unnamed_8,1723.0,profitandloss
343.0,unnamed_8,2606.0,profitandloss
344.0,unnamed_8,3745.0,profitandloss
345.0,unnamed_8,4149.0,profitandloss
346.0,unnamed_8,3640.0,profitandloss
347.0,unnamed_8,41.0,profitandloss
348.0,unnamed_8,8.0,profitandloss
349.0,unnamed_8,4.0,profitandloss
350.0,unnamed_8,5.0,profitandloss
351.0,unnamed_8,5.0,profitandloss
352.0,unnamed_8,8.0,profitandloss
353.0,unnamed_8,9.0,profitandloss
354.0,unnamed_8,77.0,profitandloss
355.0,unnamed_8,111.0,profitandloss
356.0,unnamed_8,144.0,profitandloss
357.0,unnamed_8,169.0,profitandloss
358.0,unnamed_8,164.0,profitandloss
359.0,unnamed_8,121.0,profitandloss
360.0,unnamed_8,3308.0,profitandloss
361.0,unnamed_8,4144.0,profitandloss
362.0,unnamed_8,4733.0,profitandloss
363.0,unnamed_8,5266.0,profitandloss
364.0,unnamed_8,7852.0,profitandloss
365.0,unnamed_8,7398.0,profitandloss
366.0,unnamed_8,9907.0,profitandloss
367.0,unnamed_8,11799.0,profitandloss
368.0,unnamed_8,23086.0,profitandloss
369.0,unnamed_8,23643.0,profitandloss
370.0,unnamed_8,25325.0,profitandloss
371.0,unnamed_8,28646.0,profitandloss
372.0,unnamed_8,30394.0,profitandloss
373.0,unnamed_8,1.0,profitandloss
374.0,unnamed_8,1.0,profitandloss
375.0,unnamed_8,0.0,profitandloss
376.0,unnamed_8,2.0,profitandloss
377.0,unnamed_8,3.0,profitandloss
378.0,unnamed_8,0.0,profitandloss
379.0,unnamed_8,1.0,profitandloss
380.0,unnamed_8,0.0,profitandloss
381.0,unnamed_8,56.0,profitandloss
382.0,unnamed_8,84.0,profitandloss
383.0,unnamed_8,220.0,profitandloss
384.0,unnamed_8,255.0,profitandloss
385.0,unnamed_8,248.0,profitandloss
386.0,unnamed_8,245.0,profitandloss
387.0,unnamed_8,251.0,profitandloss
388.0,unnamed_8,164.0,profitandloss
389.0,unnamed_8,208.0,profitandloss
390.0,unnamed_8,208.0,profitandloss
391.0,unnamed_8,280.0,profitandloss
392.0,unnamed_8,477.0,profitandloss
393.0,unnamed_8,344.0,profitandloss
394.0,unnamed_8,266.0,profitandloss
395.0,unnamed_8,99.0,profitandloss
396.0,unnamed_8,293.0,profitandloss
397.0,unnamed_8,552.0,profitandloss
398.0,unnamed_8,822.0,profitandloss
399.0,unnamed_8,8752.0,profitandloss
400.0,unnamed_8,7169.0,profitandloss
401.0,unnamed_8,6570.0,profitandloss
402.0,unnamed_8,5939.0,profitandloss
403.0,unnamed_8,5316.0,profitandloss
404.0,unnamed_8,4975.0,profitandloss
405.0,unnamed_8,5834.0,profitandloss
406.0,unnamed_8,6444.0,profitandloss
407.0,unnamed_8,3742.0,profitandloss
408.0,unnamed_8,3866.0,profitandloss
409.0,unnamed_8,6560.0,profitandloss
410.0,unnamed_8,8396.0,profitandloss
411.0,unnamed_8,8145.0,profitandloss
412.0,unnamed_8,59.0,profitandloss
413.0,unnamed_8,54.0,profitandloss
414.0,unnamed_8,40.0,profitandloss
415.0,unnamed_8,48.0,profitandloss
416.0,unnamed_8,54.0,profitandloss
417.0,unnamed_8,53.0,profitandloss
418.0,unnamed_8,60.0,profitandloss
419.0,unnamed_8,50.0,profitandloss
420.0,unnamed_8,31.0,profitandloss
421.0,unnamed_8,39.0,profitandloss
422.0,unnamed_8,78.0,profitandloss
423.0,unnamed_8,124.0,profitandloss
424.0,unnamed_8,152.0,profitandloss
425.0,unnamed_8,3.0,profitandloss
426.0,unnamed_8,3.0,profitandloss
427.0,unnamed_8,3.0,profitandloss
428.0,unnamed_8,5.0,profitandloss
429.0,unnamed_8,3.0,profitandloss
430.0,unnamed_8,2.0,profitandloss
431.0,unnamed_8,5.0,profitandloss
432.0,unnamed_8,7.0,profitandloss
433.0,unnamed_8,2.0,profitandloss
434.0,unnamed_8,2.0,profitandloss
435.0,unnamed_8,2.0,profitandloss
436.0,unnamed_8,4.0,profitandloss
437.0,unnamed_8,3.0,profitandloss
438.0,unnamed_8,2314.0,profitandloss
439.0,unnamed_8,2463.0,profitandloss
440.0,unnamed_8,2304.0,profitandloss
441.0,unnamed_8,2680.0,profitandloss
442.0,unnamed_8,2980.0,profitandloss
443.0,unnamed_8,2951.0,profitandloss
444.0,unnamed_8,2062.0,profitandloss
445.0,unnamed_8,1427.0,profitandloss
446.0,unnamed_8,853.0,profitandloss
447.0,unnamed_8,625.0,profitandloss
448.0,unnamed_8,392.0,profitandloss
449.0,unnamed_8,356.0,profitandloss
450.0,unnamed_8,386.0,profitandloss
451.0,unnamed_8,43.0,profitandloss
452.0,unnamed_8,56.0,profitandloss
453.0,unnamed_8,72.0,profitandloss
454.0,unnamed_8,91.0,profitandloss
455.0,unnamed_8,122.0,profitandloss
456.0,unnamed_8,60.0,profitandloss
457.0,unnamed_8,47.0,profitandloss
458.0,unnamed_8,69.0,profitandloss
459.0,unnamed_8,42.0,profitandloss
460.0,unnamed_8,54.0,profitandloss
461.0,unnamed_8,67.0,profitandloss
462.0,unnamed_8,58.0,profitandloss
463.0,unnamed_8,64.0,profitandloss
464.0,unnamed_8,100.0,profitandloss
465.0,unnamed_8,127.0,profitandloss
466.0,unnamed_8,108.0,profitandloss
467.0,unnamed_8,83.0,profitandloss
468.0,unnamed_8,79.0,profitandloss
469.0,unnamed_8,79.0,profitandloss
470.0,unnamed_8,89.0,profitandloss
471.0,unnamed_8,98.0,profitandloss
472.0,unnamed_8,97.0,profitandloss
473.0,unnamed_8,96.0,profitandloss
474.0,unnamed_8,143.0,profitandloss
475.0,unnamed_8,171.0,profitandloss
476.0,unnamed_8,276.0,profitandloss
477.0,unnamed_8,4.0,profitandloss
478.0,unnamed_8,8.0,profitandloss
479.0,unnamed_8,10.0,profitandloss
480.0,unnamed_8,2.0,profitandloss
481.0,unnamed_8,4.0,profitandloss
482.0,unnamed_8,5.0,profitandloss
483.0,unnamed_8,7.0,profitandloss
484.0,unnamed_8,19.0,profitandloss
485.0,unnamed_8,16.0,profitandloss
486.0,unnamed_8,19.0,profitandloss
487.0,unnamed_8,28.0,profitandloss
488.0,unnamed_8,51.0,profitandloss
489.0,unnamed_8,53.0,profitandloss
490.0,unnamed_8,437.0,profitandloss
491.0,unnamed_8,669.0,profitandloss
492.0,unnamed_8,652.0,profitandloss
493.0,unnamed_8,822.0,profitandloss
494.0,unnamed_8,509.0,profitandloss
495.0,unnamed_8,295.0,profitandloss
496.0,unnamed_8,159.0,profitandloss
497.0,unnamed_8,309.0,profitandloss
498.0,unnamed_8,179.0,profitandloss
499.0,unnamed_8,202.0,profitandloss
500.0,unnamed_8,365.0,profitandloss
501.0,unnamed_8,719.0,profitandloss
502.0,unnamed_8,733.0,profitandloss
503.0,unnamed_8,87.0,profitandloss
504.0,unnamed_8,120.0,profitandloss
505.0,unnamed_8,112.0,profitandloss
506.0,unnamed_8,128.0,profitandloss
507.0,unnamed_8,154.0,profitandloss
508.0,unnamed_8,173.0,profitandloss
509.0,unnamed_8,238.0,profitandloss
510.0,unnamed_8,228.0,profitandloss
511.0,unnamed_8,138.0,profitandloss
512.0,unnamed_8,122.0,profitandloss
513.0,unnamed_8,188.0,profitandloss
514.0,unnamed_8,310.0,profitandloss
515.0,unnamed_8,339.0,profitandloss
516.0,unnamed_8,324.0,profitandloss
517.0,unnamed_8,447.0,profitandloss
518.0,unnamed_8,667.0,profitandloss
519.0,unnamed_8,718.0,profitandloss
520.0,unnamed_8,702.0,profitandloss
521.0,unnamed_8,3663.0,profitandloss
522.0,unnamed_8,6060.0,profitandloss
523.0,unnamed_8,6890.0,profitandloss
524.0,unnamed_8,5723.0,profitandloss
525.0,unnamed_8,4776.0,profitandloss
526.0,unnamed_8,6044.0,profitandloss
527.0,unnamed_8,9277.0,profitandloss
528.0,unnamed_8,10696.0,profitandloss
529.0,unnamed_8,5.0,profitandloss
530.0,unnamed_8,8.0,profitandloss
531.0,unnamed_8,15.0,profitandloss
532.0,unnamed_8,6.0,profitandloss
533.0,unnamed_8,16.0,profitandloss
534.0,unnamed_8,35.0,profitandloss
535.0,unnamed_8,177.0,profitandloss
536.0,unnamed_8,359.0,profitandloss
537.0,unnamed_8,267.0,profitandloss
538.0,unnamed_8,65.0,profitandloss
539.0,unnamed_8,64.0,profitandloss
540.0,unnamed_8,43.0,profitandloss
541.0,unnamed_8,32.0,profitandloss
542.0,unnamed_8,123.0,profitandloss
543.0,unnamed_8,102.0,profitandloss
544.0,unnamed_8,96.0,profitandloss
545.0,unnamed_8,91.0,profitandloss
546.0,unnamed_8,13.0,profitandloss
547.0,unnamed_8,25.0,profitandloss
548.0,unnamed_8,16.0,profitandloss
549.0,unnamed_8,51.0,profitandloss
550.0,unnamed_8,90.0,profitandloss
551.0,unnamed_8,67.0,profitandloss
552.0,unnamed_8,55.0,profitandloss
553.0,unnamed_8,84.0,profitandloss
554.0,unnamed_8,46.0,profitandloss
555.0,unnamed_8,106.0,profitandloss
556.0,unnamed_8,114.0,profitandloss
557.0,unnamed_8,91.0,profitandloss
558.0,unnamed_8,74.0,profitandloss
559.0,unnamed_8,89.0,profitandloss
560.0,unnamed_8,69.0,profitandloss
561.0,unnamed_8,174.0,profitandloss
562.0,unnamed_8,505.0,profitandloss
563.0,unnamed_8,511.0,profitandloss
564.0,unnamed_8,319.0,profitandloss
565.0,unnamed_8,353.0,profitandloss
566.0,unnamed_8,553.0,profitandloss
567.0,unnamed_8,659.0,profitandloss
568.0,unnamed_8,7133.0,profitandloss
569.0,unnamed_8,8298.0,profitandloss
570.0,unnamed_8,9546.0,profitandloss
571.0,unnamed_8,11212.0,profitandloss
572.0,unnamed_8,12905.0,profitandloss
573.0,unnamed_8,16057.0,profitandloss
574.0,unnamed_8,18947.0,profitandloss
575.0,unnamed_8,24879.0,profitandloss
576.0,unnamed_8,27333.0,profitandloss
577.0,unnamed_8,31759.0,profitandloss
578.0,unnamed_8,33912.0,profitandloss
579.0,unnamed_8,124346.0,profitandloss
580.0,unnamed_8,146017.0,profitandloss
581.0,unnamed_8,28.0,profitandloss
582.0,unnamed_8,241.0,profitandloss
583.0,unnamed_8,79.0,profitandloss
584.0,unnamed_8,108.0,profitandloss
585.0,unnamed_8,139.0,profitandloss
586.0,unnamed_8,282.0,profitandloss
587.0,unnamed_8,136.0,profitandloss
588.0,unnamed_8,369.0,profitandloss
589.0,unnamed_8,445.0,profitandloss
590.0,unnamed_8,766.0,profitandloss
591.0,unnamed_8,1437.0,profitandloss
592.0,unnamed_8,525.0,profitandloss
593.0,unnamed_8,514.0,profitandloss
594.0,unnamed_8,430.0,profitandloss
595.0,unnamed_8,325.0,profitandloss
596.0,unnamed_8,421.0,profitandloss
597.0,unnamed_8,830.0,profitandloss
598.0,unnamed_8,564.0,profitandloss
599.0,unnamed_8,741.0,profitandloss
600.0,unnamed_8,1434.0,profitandloss
601.0,unnamed_8,553.0,profitandloss
602.0,unnamed_8,545.0,profitandloss
603.0,unnamed_8,567.0,profitandloss
604.0,unnamed_8,689.0,profitandloss
605.0,unnamed_8,929.0,profitandloss
606.0,unnamed_8,1111.0,profitandloss
607.0,unnamed_8,677.0,profitandloss
608.0,unnamed_8,-832.0,profitandloss
609.0,unnamed_8,1500.0,profitandloss
610.0,unnamed_8,1198.0,profitandloss
611.0,unnamed_8,2879.0,profitandloss
612.0,unnamed_8,1127.0,profitandloss
613.0,unnamed_8,906.0,profitandloss
614.0,unnamed_8,-987.0,profitandloss
615.0,unnamed_8,1253.0,profitandloss
616.0,unnamed_8,1307.0,profitandloss
617.0,unnamed_8,1519.0,profitandloss
618.0,unnamed_8,1300.0,profitandloss
619.0,unnamed_8,1123.0,profitandloss
620.0,unnamed_8,792.0,profitandloss
621.0,unnamed_8,1247.0,profitandloss
622.0,unnamed_8,486.0,profitandloss
623.0,unnamed_8,606.0,profitandloss
624.0,unnamed_8,353.0,profitandloss
625.0,unnamed_8,322.0,profitandloss
626.0,unnamed_8,424.0,profitandloss
627.0,unnamed_8,170.0,profitandloss
628.0,unnamed_8,219.0,profitandloss
629.0,unnamed_8,448.0,profitandloss
630.0,unnamed_8,817.0,profitandloss
631.0,unnamed_8,1461.0,profitandloss
632.0,unnamed_8,29320.0,profitandloss
633.0,unnamed_8,30085.0,profitandloss
634.0,unnamed_8,35252.0,profitandloss
635.0,unnamed_8,42102.0,profitandloss
636.0,unnamed_8,52458.0,profitandloss
637.0,unnamed_8,56807.0,profitandloss
638.0,unnamed_8,59325.0,profitandloss
639.0,unnamed_8,64950.0,profitandloss
640.0,unnamed_8,72174.0,profitandloss
641.0,unnamed_8,62129.0,profitandloss
642.0,unnamed_8,65112.0,profitandloss
643.0,unnamed_8,76522.0,profitandloss
644.0,unnamed_8,101817.0,profitandloss
645.0,unnamed_8,586.0,profitandloss
646.0,unnamed_8,817.0,profitandloss
647.0,unnamed_8,992.0,profitandloss
648.0,unnamed_8,0.0,profitandloss
649.0,unnamed_8,-2.0,profitandloss
650.0,unnamed_8,1569.0,profitandloss
651.0,unnamed_8,-2.0,profitandloss
652.0,unnamed_8,15.0,profitandloss
653.0,unnamed_8,12.0,profitandloss
654.0,unnamed_8,809.0,profitandloss
655.0,unnamed_8,991.0,profitandloss
656.0,unnamed_8,112.0,profitandloss
657.0,unnamed_8,-12.0,profitandloss
658.0,unnamed_8,900.0,profitandloss
659.0,unnamed_8,129.0,profitandloss
660.0,unnamed_8,43.0,profitandloss
661.0,unnamed_8,0.0,profitandloss
662.0,unnamed_8,130.0,profitandloss
663.0,unnamed_8,132.0,profitandloss
664.0,unnamed_8,813.0,profitandloss
665.0,unnamed_8,1578.0,profitandloss
666.0,unnamed_8,1669.0,profitandloss
667.0,unnamed_8,3191.0,profitandloss
668.0,unnamed_8,2925.0,profitandloss
669.0,unnamed_8,2970.0,profitandloss
670.0,unnamed_8,933.0,profitandloss
697.0,unnamed_8,1363.0,profitandloss
698.0,unnamed_8,1891.0,profitandloss
699.0,unnamed_8,2548.0,profitandloss
700.0,unnamed_8,3297.0,profitandloss
701.0,unnamed_8,4171.0,profitandloss
702.0,unnamed_8,4750.0,profitandloss
703.0,unnamed_8,5647.0,profitandloss
704.0,unnamed_8,6951.0,profitandloss
705.0,unnamed_8,6559.0,profitandloss
706.0,unnamed_8,7334.0,profitandloss
707.0,unnamed_8,8166.0,profitandloss
708.0,unnamed_8,9388.0,profitandloss
709.0,unnamed_8,9521.0,profitandloss
710.0,unnamed_8,5.0,profitandloss
711.0,unnamed_8,9.0,profitandloss
712.0,unnamed_8,12.0,profitandloss
713.0,unnamed_8,0.0,profitandloss
714.0,unnamed_8,0.0,profitandloss
715.0,unnamed_8,0.0,profitandloss
716.0,unnamed_8,0.0,profitandloss
717.0,unnamed_8,170.0,profitandloss
718.0,unnamed_8,195.0,profitandloss
719.0,unnamed_8,200.0,profitandloss
720.0,unnamed_8,284.0,profitandloss
721.0,unnamed_8,470.0,profitandloss
722.0,unnamed_8,424.0,profitandloss
723.0,unnamed_8,7164.0,profitandloss
724.0,unnamed_8,5948.0,profitandloss
725.0,unnamed_8,4201.0,profitandloss
726.0,unnamed_8,3487.0,profitandloss
727.0,unnamed_8,3743.0,profitandloss
728.0,unnamed_8,3875.0,profitandloss
729.0,unnamed_8,4925.0,profitandloss
730.0,unnamed_8,5792.0,profitandloss
731.0,unnamed_8,2933.0,profitandloss
732.0,unnamed_8,5454.0,profitandloss
733.0,unnamed_8,7588.0,profitandloss
734.0,unnamed_8,7881.0,profitandloss
735.0,unnamed_8,9231.0,profitandloss
736.0,unnamed_8,0.0,profitandloss
737.0,unnamed_8,0.0,profitandloss
738.0,unnamed_8,3.0,profitandloss
739.0,unnamed_8,3.0,profitandloss
740.0,unnamed_8,2.0,profitandloss
741.0,unnamed_8,10.0,profitandloss
742.0,unnamed_8,8.0,profitandloss
743.0,unnamed_8,11.0,profitandloss
744.0,unnamed_8,16.0,profitandloss
745.0,unnamed_8,19.0,profitandloss
746.0,unnamed_8,16.0,profitandloss
747.0,unnamed_8,4075.0,profitandloss
748.0,unnamed_8,4607.0,profitandloss
749.0,unnamed_8,4992.0,profitandloss
750.0,unnamed_8,5519.0,profitandloss
751.0,unnamed_8,6888.0,profitandloss
752.0,unnamed_8,6638.0,profitandloss
753.0,unnamed_8,8183.0,profitandloss
754.0,unnamed_8,10163.0,profitandloss
755.0,unnamed_8,11237.0,profitandloss
756.0,unnamed_8,14075.0,profitandloss
757.0,unnamed_8,17447.0,profitandloss
758.0,unnamed_8,20101.0,profitandloss
759.0,unnamed_8,20223.0,profitandloss
760.0,unnamed_8,108.0,profitandloss
761.0,unnamed_8,29.0,profitandloss
762.0,unnamed_8,91.0,profitandloss
763.0,unnamed_8,78.0,profitandloss
764.0,unnamed_8,49.0,profitandloss
765.0,unnamed_8,115.0,profitandloss
766.0,unnamed_8,71.0,profitandloss
767.0,unnamed_8,81.0,profitandloss
768.0,unnamed_8,58.0,profitandloss
769.0,unnamed_8,60.0,profitandloss
770.0,unnamed_8,78.0,profitandloss
771.0,unnamed_8,80.0,profitandloss
772.0,unnamed_8,54.0,profitandloss
773.0,unnamed_8,1067.0,profitandloss
774.0,unnamed_8,1807.0,profitandloss
775.0,unnamed_8,2875.0,profitandloss
776.0,unnamed_8,3254.0,profitandloss
777.0,unnamed_8,3441.0,profitandloss
778.0,unnamed_8,3866.0,profitandloss
779.0,unnamed_8,4264.0,profitandloss
780.0,unnamed_8,3768.0,profitandloss
781.0,unnamed_8,2753.0,profitandloss
782.0,unnamed_8,1888.0,profitandloss
783.0,unnamed_8,1446.0,profitandloss
784.0,unnamed_8,1294.0,profitandloss
785.0,unnamed_8,1293.0,profitandloss
786.0,unnamed_8,0.0,profitandloss
787.0,unnamed_8,10.0,profitandloss
788.0,unnamed_8,0.0,profitandloss
789.0,unnamed_8,963.0,profitandloss
790.0,unnamed_8,1206.0,profitandloss
791.0,unnamed_8,1137.0,profitandloss
792.0,unnamed_8,1498.0,profitandloss
793.0,unnamed_8,1685.0,profitandloss
794.0,unnamed_8,1456.0,profitandloss
795.0,unnamed_8,1192.0,profitandloss
796.0,unnamed_8,1051.0,profitandloss
797.0,unnamed_8,896.0,profitandloss
798.0,unnamed_8,777.0,profitandloss
799.0,unnamed_8,844.0,profitandloss
800.0,unnamed_8,2053.0,profitandloss
801.0,unnamed_8,2083.0,profitandloss
802.0,unnamed_8,1967.0,profitandloss
803.0,unnamed_8,3048.0,profitandloss
804.0,unnamed_8,3493.0,profitandloss
805.0,unnamed_8,3601.0,profitandloss
806.0,unnamed_8,3768.0,profitandloss
807.0,unnamed_8,3701.0,profitandloss
808.0,unnamed_8,3917.0,profitandloss
809.0,unnamed_8,4265.0,profitandloss
810.0,unnamed_8,3957.0,profitandloss
811.0,unnamed_8,4968.0,profitandloss
812.0,unnamed_8,6902.0,profitandloss
813.0,unnamed_8,8105.0,profitandloss
814.0,unnamed_8,8380.0,profitandloss
815.0,unnamed_8,5112.0,profitandloss
816.0,unnamed_8,5282.0,profitandloss
817.0,unnamed_8,8152.0,profitandloss
818.0,unnamed_8,7631.0,profitandloss
819.0,unnamed_8,11660.0,profitandloss
820.0,unnamed_8,13682.0,profitandloss
821.0,unnamed_8,16148.0,profitandloss
822.0,unnamed_8,16892.0,profitandloss
823.0,unnamed_8,23588.0,profitandloss
824.0,unnamed_8,24941.0,profitandloss
825.0,unnamed_8,25991.0,profitandloss
826.0,unnamed_8,38037.0,profitandloss
827.0,unnamed_8,43559.0,profitandloss
828.0,unnamed_8,0.0,profitandloss
829.0,unnamed_8,0.0,profitandloss
830.0,unnamed_8,0.0,profitandloss
831.0,unnamed_8,0.0,profitandloss
832.0,unnamed_8,77.0,profitandloss
833.0,unnamed_8,128.0,profitandloss
834.0,unnamed_8,0.0,profitandloss
835.0,unnamed_8,283.0,profitandloss
836.0,unnamed_8,254.0,profitandloss
837.0,unnamed_8,492.0,profitandloss
838.0,unnamed_8,988.0,profitandloss
839.0,unnamed_8,736.0,profitandloss
840.0,unnamed_8,390.0,profitandloss
841.0,unnamed_8,568.0,profitandloss
842.0,unnamed_8,740.0,profitandloss
843.0,unnamed_8,1136.0,profitandloss
844.0,unnamed_8,688.0,profitandloss
845.0,unnamed_8,482.0,profitandloss
846.0,unnamed_8,482.0,profitandloss
847.0,unnamed_8,514.0,profitandloss
848.0,unnamed_8,4642.0,profitandloss
849.0,unnamed_8,6494.0,profitandloss
850.0,unnamed_8,7266.0,profitandloss
851.0,unnamed_8,6899.0,profitandloss
852.0,unnamed_8,6829.0,profitandloss
853.0,unnamed_8,7714.0,profitandloss
854.0,unnamed_8,9339.0,profitandloss
855.0,unnamed_8,11021.0,profitandloss
856.0,unnamed_8,11750.0,profitandloss
857.0,unnamed_8,9235.0,profitandloss
858.0,unnamed_8,9445.0,profitandloss
859.0,unnamed_8,9512.0,profitandloss
860.0,unnamed_8,9420.0,profitandloss
861.0,unnamed_8,21.0,profitandloss
862.0,unnamed_8,31.0,profitandloss
863.0,unnamed_8,10.0,profitandloss
864.0,unnamed_8,6.0,profitandloss
865.0,unnamed_8,3.0,profitandloss
866.0,unnamed_8,16.0,profitandloss
867.0,unnamed_8,11.0,profitandloss
868.0,unnamed_8,83.0,profitandloss
869.0,unnamed_8,79.0,profitandloss
870.0,unnamed_8,123.0,profitandloss
871.0,unnamed_8,150.0,profitandloss
872.0,unnamed_8,222.0,profitandloss
873.0,unnamed_8,280.0,profitandloss
874.0,unnamed_8,2297.0,profitandloss
875.0,unnamed_8,2954.0,profitandloss
876.0,unnamed_8,3157.0,profitandloss
877.0,unnamed_8,3368.0,profitandloss
878.0,unnamed_8,3647.0,profitandloss
879.0,unnamed_8,3987.0,profitandloss
880.0,unnamed_8,5021.0,profitandloss
881.0,unnamed_8,6021.0,profitandloss
882.0,unnamed_8,6102.0,profitandloss
883.0,unnamed_8,5018.0,profitandloss
884.0,unnamed_8,5830.0,profitandloss
885.0,unnamed_8,7488.0,profitandloss
886.0,unnamed_8,8259.0,profitandloss
887.0,unnamed_8,198.0,profitandloss
888.0,unnamed_8,184.0,profitandloss
889.0,unnamed_8,218.0,profitandloss
890.0,unnamed_8,82.0,profitandloss
891.0,unnamed_8,89.0,profitandloss
892.0,unnamed_8,346.0,profitandloss
893.0,unnamed_8,76.0,profitandloss
894.0,unnamed_8,134.0,profitandloss
895.0,unnamed_8,102.0,profitandloss
896.0,unnamed_8,127.0,profitandloss
897.0,unnamed_8,252.0,profitandloss
898.0,unnamed_8,194.0,profitandloss
899.0,unnamed_8,212.0,profitandloss
900.0,unnamed_8,250.0,profitandloss
901.0,unnamed_8,294.0,profitandloss
902.0,unnamed_8,318.0,profitandloss
903.0,unnamed_8,345.0,profitandloss
904.0,unnamed_8,375.0,profitandloss
905.0,unnamed_8,411.0,profitandloss
906.0,unnamed_8,423.0,profitandloss
907.0,unnamed_8,593.0,profitandloss
908.0,unnamed_8,512.0,profitandloss
909.0,unnamed_8,543.0,profitandloss
910.0,unnamed_8,781.0,profitandloss
911.0,unnamed_8,1811.0,profitandloss
912.0,unnamed_8,2061.0,profitandloss
913.0,unnamed_8,3.0,profitandloss
914.0,unnamed_8,3.0,profitandloss
915.0,unnamed_8,4.0,profitandloss
916.0,unnamed_8,3.0,profitandloss
917.0,unnamed_8,4.0,profitandloss
918.0,unnamed_8,5.0,profitandloss
919.0,unnamed_8,7.0,profitandloss
920.0,unnamed_8,14.0,profitandloss
921.0,unnamed_8,11.0,profitandloss
922.0,unnamed_8,11.0,profitandloss
923.0,unnamed_8,18.0,profitandloss
924.0,unnamed_8,35.0,profitandloss
925.0,unnamed_8,22.0,profitandloss
926.0,unnamed_8,37.0,profitandloss
927.0,unnamed_8,14.0,profitandloss
928.0,unnamed_8,3.0,profitandloss
929.0,unnamed_8,91.0,profitandloss
930.0,unnamed_8,92.0,profitandloss
931.0,unnamed_8,112.0,profitandloss
932.0,unnamed_8,129.0,profitandloss
933.0,unnamed_8,164.0,profitandloss
934.0,unnamed_8,202.0,profitandloss
935.0,unnamed_8,155.0,profitandloss
936.0,unnamed_8,119.0,profitandloss
937.0,unnamed_8,145.0,profitandloss
938.0,unnamed_8,113.0,profitandloss
939.0,unnamed_8,611.0,profitandloss
940.0,unnamed_8,1203.0,profitandloss
941.0,unnamed_8,1296.0,profitandloss
942.0,unnamed_8,1160.0,profitandloss
943.0,unnamed_8,1133.0,profitandloss
944.0,unnamed_8,924.0,profitandloss
945.0,unnamed_8,896.0,profitandloss
946.0,unnamed_8,877.0,profitandloss
947.0,unnamed_8,577.0,profitandloss
948.0,unnamed_8,586.0,profitandloss
949.0,unnamed_8,475.0,profitandloss
950.0,unnamed_8,608.0,profitandloss
951.0,unnamed_8,718.0,profitandloss
952.0,unnamed_8,2491.0,profitandloss
953.0,unnamed_8,3263.0,profitandloss
954.0,unnamed_8,3669.0,profitandloss
955.0,unnamed_8,3366.0,profitandloss
956.0,unnamed_8,3753.0,profitandloss
957.0,unnamed_8,4447.0,profitandloss
958.0,unnamed_8,5605.0,profitandloss
959.0,unnamed_8,8189.0,profitandloss
960.0,unnamed_8,9224.0,profitandloss
961.0,unnamed_8,9376.0,profitandloss
962.0,unnamed_8,11447.0,profitandloss
963.0,unnamed_8,12301.0,profitandloss
964.0,unnamed_8,12475.0,profitandloss
965.0,unnamed_8,484.0,profitandloss
966.0,unnamed_8,624.0,profitandloss
967.0,unnamed_8,2864.0,profitandloss
968.0,unnamed_8,3766.0,profitandloss
969.0,unnamed_8,3591.0,profitandloss
970.0,unnamed_8,4999.0,profitandloss
971.0,unnamed_8,5837.0,profitandloss
972.0,unnamed_8,7489.0,profitandloss
973.0,unnamed_8,5079.0,profitandloss
974.0,unnamed_8,5696.0,profitandloss
975.0,unnamed_8,7889.0,profitandloss
976.0,unnamed_8,10194.0,profitandloss
977.0,unnamed_8,12592.0,profitandloss
978.0,unnamed_8,10995.0,profitandloss
979.0,unnamed_8,13053.0,profitandloss
980.0,unnamed_8,15456.0,profitandloss
981.0,unnamed_8,16657.0,profitandloss
982.0,unnamed_8,16768.0,profitandloss
983.0,unnamed_8,30289.0,profitandloss
984.0,unnamed_8,34627.0,profitandloss
985.0,unnamed_8,40845.0,profitandloss
986.0,unnamed_8,44684.0,profitandloss
987.0,unnamed_8,44709.0,profitandloss
988.0,unnamed_8,47017.0,profitandloss
989.0,unnamed_8,57962.0,profitandloss
990.0,unnamed_8,61505.0,profitandloss
991.0,unnamed_8,16.0,profitandloss
992.0,unnamed_8,16.0,profitandloss
993.0,unnamed_8,16.0,profitandloss
994.0,unnamed_8,13.0,profitandloss
995.0,unnamed_8,14.0,profitandloss
996.0,unnamed_8,16.0,profitandloss
997.0,unnamed_8,26.0,profitandloss
998.0,unnamed_8,34.0,profitandloss
999.0,unnamed_8,37.0,profitandloss
1000.0,unnamed_8,42.0,profitandloss
1001.0,unnamed_8,48.0,profitandloss
1002.0,unnamed_8,51.0,profitandloss
1003.0,unnamed_8,49.0,profitandloss
1004.0,unnamed_8,27802.0,profitandloss
1005.0,unnamed_8,28220.0,profitandloss
1006.0,unnamed_8,31343.0,profitandloss
1007.0,unnamed_8,34331.0,profitandloss
1008.0,unnamed_8,32722.0,profitandloss
1009.0,unnamed_8,33530.0,profitandloss
1010.0,unnamed_8,34656.0,profitandloss
1011.0,unnamed_8,36997.0,profitandloss
1012.0,unnamed_8,50805.0,profitandloss
1013.0,unnamed_8,46823.0,profitandloss
1014.0,unnamed_8,51817.0,profitandloss
1015.0,unnamed_8,68534.0,profitandloss
1016.0,unnamed_8,73977.0,profitandloss
1017.0,unnamed_8,2599.0,profitandloss
1018.0,unnamed_8,3254.0,profitandloss
1019.0,unnamed_8,4081.0,profitandloss
1020.0,unnamed_8,5086.0,profitandloss
1021.0,unnamed_8,6204.0,profitandloss
1022.0,unnamed_8,7324.0,profitandloss
1023.0,unnamed_8,8737.0,profitandloss
1024.0,unnamed_8,9509.0,profitandloss
1025.0,unnamed_8,8135.0,profitandloss
1026.0,unnamed_8,8036.0,profitandloss
1027.0,unnamed_8,9634.0,profitandloss
1028.0,unnamed_8,8773.0,profitandloss
1029.0,unnamed_8,8854.0,profitandloss
1030.0,unnamed_8,8083.0,profitandloss
1031.0,unnamed_8,10035.0,profitandloss
1032.0,unnamed_8,11840.0,profitandloss
1033.0,unnamed_8,14282.0,profitandloss
1034.0,unnamed_8,13462.0,profitandloss
1035.0,unnamed_8,13333.0,profitandloss
1036.0,unnamed_8,15639.0,profitandloss
1037.0,unnamed_8,18991.0,profitandloss
1038.0,unnamed_8,21489.0,profitandloss
1039.0,unnamed_8,22051.0,profitandloss
1040.0,unnamed_8,23733.0,profitandloss
1041.0,unnamed_8,29948.0,profitandloss
1042.0,unnamed_8,32075.0,profitandloss
1043.0,unnamed_8,3463.0,profitandloss
1044.0,unnamed_8,3836.0,profitandloss
1045.0,unnamed_8,3316.0,profitandloss
1046.0,unnamed_8,3691.0,profitandloss
1047.0,unnamed_8,3849.0,profitandloss
1048.0,unnamed_8,8052.0,profitandloss
1049.0,unnamed_8,16495.0,profitandloss
1050.0,unnamed_8,22027.0,profitandloss
1051.0,unnamed_8,21189.0,profitandloss
1052.0,unnamed_8,14584.0,profitandloss
1053.0,unnamed_8,19571.0,profitandloss
1054.0,unnamed_8,23118.0,profitandloss
1055.0,unnamed_8,23875.0,profitandloss
1056.0,unnamed_8,4.0,profitandloss
1057.0,unnamed_8,5.0,profitandloss
1058.0,unnamed_8,4.0,profitandloss
1059.0,unnamed_8,5.0,profitandloss
1060.0,unnamed_8,5.0,profitandloss
1061.0,unnamed_8,6.0,profitandloss
1062.0,unnamed_8,8.0,profitandloss
1063.0,unnamed_8,0.0,profitandloss
1064.0,unnamed_8,0.0,profitandloss
1065.0,unnamed_8,0.0,profitandloss
1066.0,unnamed_8,10.0,profitandloss
1067.0,unnamed_8,9.0,profitandloss
1068.0,unnamed_8,0.0,profitandloss
1069.0,unnamed_8,106818.0,profitandloss
1070.0,unnamed_8,121479.0,profitandloss
1071.0,unnamed_8,133179.0,profitandloss
1072.0,unnamed_8,143047.0,profitandloss
1073.0,unnamed_8,149115.0,profitandloss
1074.0,unnamed_8,146603.0,profitandloss
1075.0,unnamed_8,155867.0,profitandloss
1076.0,unnamed_8,161124.0,profitandloss
1077.0,unnamed_8,156010.0,profitandloss
1078.0,unnamed_8,156194.0,profitandloss
1079.0,unnamed_8,189981.0,profitandloss
1080.0,unnamed_8,259736.0,profitandloss
1081.0,unnamed_8,284056.0,profitandloss
1082.0,unnamed_8,193.0,profitandloss
1083.0,unnamed_8,129.0,profitandloss
1084.0,unnamed_8,121.0,profitandloss
1085.0,unnamed_8,76.0,profitandloss
1086.0,unnamed_8,129.0,profitandloss
1087.0,unnamed_8,135.0,profitandloss
1088.0,unnamed_8,248.0,profitandloss
1089.0,unnamed_8,291.0,profitandloss
1090.0,unnamed_8,251.0,profitandloss
1091.0,unnamed_8,263.0,profitandloss
1092.0,unnamed_8,263.0,profitandloss
1093.0,unnamed_8,258.0,profitandloss
1094.0,unnamed_8,229.0,profitandloss
1095.0,unnamed_8,3092.0,profitandloss
1096.0,unnamed_8,4233.0,profitandloss
1097.0,unnamed_8,4706.0,profitandloss
1098.0,unnamed_8,5088.0,profitandloss
1099.0,unnamed_8,5219.0,profitandloss
1100.0,unnamed_8,6409.0,profitandloss
1101.0,unnamed_8,7564.0,profitandloss
1102.0,unnamed_8,8313.0,profitandloss
1103.0,unnamed_8,9089.0,profitandloss
1104.0,unnamed_8,9773.0,profitandloss
1105.0,unnamed_8,12987.0,profitandloss
1106.0,unnamed_8,15588.0,profitandloss
1107.0,unnamed_8,17220.0,profitandloss
1108.0,unnamed_8,26.0,profitandloss
1109.0,unnamed_8,31.0,profitandloss
1110.0,unnamed_8,30.0,profitandloss
1111.0,unnamed_8,11.0,profitandloss
1112.0,unnamed_8,8.0,profitandloss
1113.0,unnamed_8,8.0,profitandloss
1114.0,unnamed_8,12.0,profitandloss
1115.0,unnamed_8,30.0,profitandloss
1116.0,unnamed_8,24.0,profitandloss
1117.0,unnamed_8,36.0,profitandloss
1118.0,unnamed_8,23.0,profitandloss
1119.0,unnamed_8,60.0,profitandloss
1120.0,unnamed_8,43.0,profitandloss
1121.0,unnamed_8,44.0,profitandloss
1122.0,unnamed_8,579.0,profitandloss
1123.0,unnamed_8,523.0,profitandloss
1124.0,unnamed_8,400.0,profitandloss
1125.0,unnamed_8,518.0,profitandloss
1126.0,unnamed_8,555.0,profitandloss
1127.0,unnamed_8,303.0,profitandloss
1128.0,unnamed_8,141.0,profitandloss
1129.0,unnamed_8,127.0,profitandloss
1130.0,unnamed_8,172.0,profitandloss
1131.0,unnamed_8,238.0,profitandloss
1132.0,unnamed_8,239.0,profitandloss
1133.0,unnamed_8,84.0,profitandloss
1134.0,unnamed_8,87.0,profitandloss
1135.0,unnamed_8,82.0,profitandloss
1136.0,unnamed_8,117.0,profitandloss
1137.0,unnamed_8,43.0,profitandloss
1138.0,unnamed_8,52.0,profitandloss
1139.0,unnamed_8,78.0,profitandloss
1140.0,unnamed_8,69.0,profitandloss
1141.0,unnamed_8,73.0,profitandloss
1142.0,unnamed_8,87.0,profitandloss
1143.0,unnamed_8,130.0,profitandloss
1144.0,unnamed_8,87.0,profitandloss
1145.0,unnamed_8,268.0,profitandloss
1146.0,unnamed_8,3560.0,profitandloss
1147.0,unnamed_8,4749.0,profitandloss
1148.0,unnamed_8,4861.0,profitandloss
1149.0,unnamed_8,4889.0,profitandloss
1150.0,unnamed_8,4238.0,profitandloss
1151.0,unnamed_8,4682.0,profitandloss
1152.0,unnamed_8,5759.0,profitandloss
1153.0,unnamed_8,7243.0,profitandloss
1154.0,unnamed_8,8097.0,profitandloss
1155.0,unnamed_8,9312.0,profitandloss
1156.0,unnamed_8,10225.0,profitandloss
1157.0,unnamed_8,9986.0,profitandloss
1158.0,unnamed_8,8841.0,profitandloss
1159.0,unnamed_8,2642.0,profitandloss
1160.0,unnamed_8,3440.0,profitandloss
1161.0,unnamed_8,3699.0,profitandloss
1162.0,unnamed_8,3236.0,profitandloss
1163.0,unnamed_8,3365.0,profitandloss
1164.0,unnamed_8,3761.0,profitandloss
1165.0,unnamed_8,4170.0,profitandloss
1166.0,unnamed_8,4494.0,profitandloss
1167.0,unnamed_8,4010.0,profitandloss
1168.0,unnamed_8,3859.0,profitandloss
1169.0,unnamed_8,4372.0,profitandloss
1170.0,unnamed_8,4633.0,profitandloss
1171.0,unnamed_8,4549.0,profitandloss
1172.0,unnamed_8,3968.0,profitandloss
1173.0,unnamed_8,4337.0,profitandloss
1174.0,unnamed_8,4848.0,profitandloss
1175.0,unnamed_8,4221.0,profitandloss
1176.0,unnamed_8,5072.0,profitandloss
1177.0,unnamed_8,5455.0,profitandloss
1178.0,unnamed_8,7660.0,profitandloss
1179.0,unnamed_8,7533.0,profitandloss
1180.0,unnamed_8,7607.0,profitandloss
1181.0,unnamed_8,5462.0,profitandloss
1182.0,unnamed_8,6299.0,profitandloss
1183.0,unnamed_8,7508.0,profitandloss
1184.0,unnamed_8,7394.0,profitandloss
1185.0,unnamed_8,48.0,profitandloss
1186.0,unnamed_8,39.0,profitandloss
1187.0,unnamed_8,104.0,profitandloss
1188.0,unnamed_8,33.0,profitandloss
1189.0,unnamed_8,32.0,profitandloss
1190.0,unnamed_8,52.0,profitandloss
1191.0,unnamed_8,198.0,profitandloss
1192.0,unnamed_8,924.0,profitandloss
1193.0,unnamed_8,637.0,profitandloss
1194.0,unnamed_8,784.0,profitandloss
1195.0,unnamed_8,779.0,profitandloss
1196.0,unnamed_8,778.0,profitandloss
1197.0,unnamed_8,795.0,profitandloss
1198.0,unnamed_8,103.0,profitandloss
1199.0,unnamed_8,80.0,profitandloss
1200.0,unnamed_8,69.0,profitandloss
1201.0,unnamed_8,97.0,profitandloss
1202.0,unnamed_8,129.0,profitandloss
1203.0,unnamed_8,162.0,profitandloss
1204.0,unnamed_8,133.0,profitandloss
1205.0,unnamed_8,192.0,profitandloss
1206.0,unnamed_8,174.0,profitandloss
1207.0,unnamed_8,163.0,profitandloss
1208.0,unnamed_8,326.0,profitandloss
1209.0,unnamed_8,392.0,profitandloss
1210.0,unnamed_8,295.0,profitandloss
1211.0,unnamed_8,51.0,profitandloss
1212.0,unnamed_8,87.0,profitandloss
1213.0,unnamed_8,81.0,profitandloss
1214.0,unnamed_8,42.0,profitandloss
1215.0,unnamed_8,38.0,profitandloss
1216.0,unnamed_8,53.0,profitandloss
1217.0,unnamed_8,53.0,profitandloss
1218.0,unnamed_8,166.0,profitandloss
1219.0,unnamed_8,203.0,profitandloss
1220.0,unnamed_8,218.0,profitandloss
1221.0,unnamed_8,300.0,profitandloss
1222.0,unnamed_8,619.0,profitandloss
1223.0,unnamed_8,840.0,profitandloss
1224.0,unnamed_8,34.0,profitandloss
1225.0,unnamed_8,59.0,profitandloss
1226.0,unnamed_8,175.0,profitandloss
1227.0,unnamed_8,184.0,profitandloss
1228.0,unnamed_8,206.0,profitandloss
1229.0,unnamed_8,308.0,profitandloss
1230.0,unnamed_8,504.0,profitandloss
1231.0,unnamed_8,451.0,profitandloss
1232.0,unnamed_8,353.0,profitandloss
1233.0,unnamed_8,255.0,profitandloss
1234.0,unnamed_8,333.0,profitandloss
1235.0,unnamed_8,354.0,profitandloss
1236.0,unnamed_8,276.0,profitandloss
1237.0,unnamed_8,29.0,profitandloss
1238.0,unnamed_8,26.0,profitandloss
1239.0,unnamed_8,22.0,profitandloss
1240.0,unnamed_8,48.0,profitandloss
1241.0,unnamed_8,46.0,profitandloss
1242.0,unnamed_8,44.0,profitandloss
1243.0,unnamed_8,51.0,profitandloss
1244.0,unnamed_8,263.0,profitandloss
1245.0,unnamed_8,261.0,profitandloss
1246.0,unnamed_8,325.0,profitandloss
1247.0,unnamed_8,409.0,profitandloss
1248.0,unnamed_8,368.0,profitandloss
1249.0,unnamed_8,196.0,profitandloss
1250.0,unnamed_8,103.0,profitandloss
1251.0,unnamed_8,80.0,profitandloss
1252.0,unnamed_8,62.0,profitandloss
1253.0,unnamed_8,70.0,profitandloss
1254.0,unnamed_8,60.0,profitandloss
1255.0,unnamed_8,338.0,profitandloss
1256.0,unnamed_8,663.0,profitandloss
1257.0,unnamed_8,855.0,profitandloss
1258.0,unnamed_8,881.0,profitandloss
1259.0,unnamed_8,940.0,profitandloss
1260.0,unnamed_8,1368.0,profitandloss
1261.0,unnamed_8,1928.0,profitandloss
1262.0,unnamed_8,2064.0,profitandloss
1263.0,unnamed_8,252.0,profitandloss
1264.0,unnamed_8,361.0,profitandloss
1265.0,unnamed_8,587.0,profitandloss
1266.0,unnamed_8,566.0,profitandloss
1267.0,unnamed_8,640.0,profitandloss
1268.0,unnamed_8,1238.0,profitandloss
1269.0,unnamed_8,1778.0,profitandloss
1270.0,unnamed_8,1992.0,profitandloss
1271.0,unnamed_8,1486.0,profitandloss
1272.0,unnamed_8,945.0,profitandloss
1273.0,unnamed_8,823.0,profitandloss
1274.0,unnamed_8,968.0,profitandloss
1275.0,unnamed_8,1216.0,profitandloss
1276.0,unnamed_8,17575.0,profitandloss
1277.0,unnamed_8,21467.0,profitandloss
1278.0,unnamed_8,23640.0,profitandloss
1279.0,unnamed_8,23894.0,profitandloss
1280.0,unnamed_8,23771.0,profitandloss
1281.0,unnamed_8,23471.0,profitandloss
1282.0,unnamed_8,23896.0,profitandloss
1283.0,unnamed_8,25837.0,profitandloss
1284.0,unnamed_8,44112.0,profitandloss
1285.0,unnamed_8,40178.0,profitandloss
1286.0,unnamed_8,48033.0,profitandloss
1287.0,unnamed_8,63364.0,profitandloss
1288.0,unnamed_8,69454.0,profitandloss
1289.0,unnamed_8,985.0,profitandloss
1290.0,unnamed_8,1323.0,profitandloss
1291.0,unnamed_8,687.0,profitandloss
1292.0,unnamed_8,457.0,profitandloss
1293.0,unnamed_8,375.0,profitandloss
1294.0,unnamed_8,278.0,profitandloss
1295.0,unnamed_8,237.0,profitandloss
1296.0,unnamed_8,212.0,profitandloss
1297.0,unnamed_8,188.0,profitandloss
1298.0,unnamed_8,88.0,profitandloss
1299.0,unnamed_8,104.0,profitandloss
1300.0,unnamed_8,76.0,profitandloss
1301.0,unnamed_8,96.0,profitandloss
1302.0,unnamed_8,116.0,profitandloss
1303.0,unnamed_8,171.0,profitandloss
1304.0,unnamed_8,187.0,profitandloss
1305.0,unnamed_8,170.0,profitandloss
1306.0,unnamed_8,435.0,profitandloss
1307.0,unnamed_8,215.0,profitandloss
1308.0,unnamed_8,223.0,profitandloss
1309.0,unnamed_8,324.0,profitandloss
1310.0,unnamed_8,294.0,profitandloss
1311.0,unnamed_8,207.0,profitandloss
1312.0,unnamed_8,204.0,profitandloss
1313.0,unnamed_8,292.0,profitandloss
1314.0,unnamed_8,415.0,profitandloss
1315.0,unnamed_8,475.0,profitandloss
1316.0,unnamed_8,5094.0,profitandloss
1317.0,unnamed_8,5659.0,profitandloss
1318.0,unnamed_8,5778.0,profitandloss
1319.0,unnamed_8,5855.0,profitandloss
1320.0,unnamed_8,5112.0,profitandloss
1321.0,unnamed_8,5689.0,profitandloss
1322.0,unnamed_8,4977.0,profitandloss
1323.0,unnamed_8,5210.0,profitandloss
1324.0,unnamed_8,4797.0,profitandloss
1325.0,unnamed_8,6225.0,profitandloss
1326.0,unnamed_8,9465.0,profitandloss
1327.0,unnamed_8,9721.0,profitandloss
1328.0,unnamed_8,289.0,profitandloss
1329.0,unnamed_8,383.0,profitandloss
1330.0,unnamed_8,350.0,profitandloss
1331.0,unnamed_8,558.0,profitandloss
1332.0,unnamed_8,594.0,profitandloss
1333.0,unnamed_8,583.0,profitandloss
1334.0,unnamed_8,738.0,profitandloss
1335.0,unnamed_8,733.0,profitandloss
1336.0,unnamed_8,509.0,profitandloss
1337.0,unnamed_8,532.0,profitandloss
1338.0,unnamed_8,1008.0,profitandloss
1339.0,unnamed_8,1255.0,profitandloss
1340.0,unnamed_8,1431.0,profitandloss
1341.0,unnamed_8,6.0,profitandloss
1342.0,unnamed_8,9.0,profitandloss
1343.0,unnamed_8,13.0,profitandloss
1344.0,unnamed_8,10.0,profitandloss
1345.0,unnamed_8,12.0,profitandloss
1346.0,unnamed_8,49.0,profitandloss
1347.0,unnamed_8,72.0,profitandloss
1348.0,unnamed_8,118.0,profitandloss
1349.0,unnamed_8,169.0,profitandloss
1350.0,unnamed_8,90.0,profitandloss
1351.0,unnamed_8,68.0,profitandloss
1352.0,unnamed_8,53.0,profitandloss
1353.0,unnamed_8,45.0,profitandloss
1354.0,unnamed_8,91.0,profitandloss
1355.0,unnamed_8,194.0,profitandloss
1356.0,unnamed_8,342.0,profitandloss
1357.0,unnamed_8,159.0,profitandloss
1358.0,unnamed_8,127.0,profitandloss
1359.0,unnamed_8,130.0,profitandloss
1360.0,unnamed_8,81.0,profitandloss
1361.0,unnamed_8,112.0,profitandloss
1362.0,unnamed_8,296.0,profitandloss
1363.0,unnamed_8,391.0,profitandloss
1364.0,unnamed_8,395.0,profitandloss
1365.0,unnamed_8,515.0,profitandloss
1366.0,unnamed_8,789.0,profitandloss
1367.0,unnamed_8,947.0,profitandloss
1368.0,unnamed_8,1325.0,profitandloss
1369.0,unnamed_8,1531.0,profitandloss
1370.0,unnamed_8,1036.0,profitandloss
1371.0,unnamed_8,725.0,profitandloss
1372.0,unnamed_8,1431.0,profitandloss
1373.0,unnamed_8,2326.0,profitandloss
1374.0,unnamed_8,3034.0,profitandloss
,unnamed_9,,profitandloss
61.0,unnamed_9,19.0,profitandloss
62.0,unnamed_9,22.0,profitandloss
63.0,unnamed_9,15.0,profitandloss
64.0,unnamed_9,14.0,profitandloss
65.0,unnamed_9,16.0,profitandloss
66.0,unnamed_9,16.0,profitandloss
67.0,unnamed_9,17.0,profitandloss
68.0,unnamed_9,60.0,profitandloss
69.0,unnamed_9,58.0,profitandloss
70.0,unnamed_9,66.0,profitandloss
71.0,unnamed_9,70.0,profitandloss
72.0,unnamed_9,71.0,profitandloss
73.0,unnamed_9,72.0,profitandloss
86.0,unnamed_9,0.0,profitandloss
87.0,unnamed_9,37.0,profitandloss
88.0,unnamed_9,560.0,profitandloss
89.0,unnamed_9,569.0,profitandloss
90.0,unnamed_9,579.0,profitandloss
91.0,unnamed_9,882.0,profitandloss
92.0,unnamed_9,1174.0,profitandloss
93.0,unnamed_9,1329.0,profitandloss
94.0,unnamed_9,1427.0,profitandloss
95.0,unnamed_9,1608.0,profitandloss
96.0,unnamed_9,1776.0,profitandloss
97.0,unnamed_9,1912.0,profitandloss
98.0,unnamed_9,2298.0,profitandloss
99.0,unnamed_9,3223.0,profitandloss
100.0,unnamed_9,3522.0,profitandloss
101.0,unnamed_9,314.0,profitandloss
102.0,unnamed_9,315.0,profitandloss
103.0,unnamed_9,664.0,profitandloss
104.0,unnamed_9,390.0,profitandloss
105.0,unnamed_9,472.0,profitandloss
106.0,unnamed_9,537.0,profitandloss
107.0,unnamed_9,1248.0,profitandloss
108.0,unnamed_9,2436.0,profitandloss
109.0,unnamed_9,3042.0,profitandloss
110.0,unnamed_9,3541.0,profitandloss
111.0,unnamed_9,333.0,profitandloss
112.0,unnamed_9,543.0,profitandloss
113.0,unnamed_9,1062.0,profitandloss
114.0,unnamed_9,394.0,profitandloss
115.0,unnamed_9,486.0,profitandloss
116.0,unnamed_9,849.0,profitandloss
117.0,unnamed_9,1300.0,profitandloss
118.0,unnamed_9,1903.0,profitandloss
119.0,unnamed_9,2323.0,profitandloss
120.0,unnamed_9,422.0,profitandloss
121.0,unnamed_9,649.0,profitandloss
122.0,unnamed_9,912.0,profitandloss
123.0,unnamed_9,1063.0,profitandloss
124.0,unnamed_9,1160.0,profitandloss
125.0,unnamed_9,1188.0,profitandloss
126.0,unnamed_9,1373.0,profitandloss
127.0,unnamed_9,1680.0,profitandloss
128.0,unnamed_9,2107.0,profitandloss
129.0,unnamed_9,3099.0,profitandloss
130.0,unnamed_9,3425.0,profitandloss
131.0,unnamed_9,3888.0,profitandloss
132.0,unnamed_9,4053.0,profitandloss
133.0,unnamed_9,422.0,profitandloss
134.0,unnamed_9,649.0,profitandloss
135.0,unnamed_9,912.0,profitandloss
136.0,unnamed_9,1063.0,profitandloss
137.0,unnamed_9,1160.0,profitandloss
138.0,unnamed_9,1188.0,profitandloss
139.0,unnamed_9,1373.0,profitandloss
140.0,unnamed_9,1680.0,profitandloss
141.0,unnamed_9,2107.0,profitandloss
142.0,unnamed_9,3099.0,profitandloss
143.0,unnamed_9,3425.0,profitandloss
144.0,unnamed_9,3888.0,profitandloss
145.0,unnamed_9,4053.0,profitandloss
146.0,unnamed_9,1290.0,profitandloss
147.0,unnamed_9,1937.0,profitandloss
148.0,unnamed_9,1818.0,profitandloss
149.0,unnamed_9,2666.0,profitandloss
150.0,unnamed_9,2672.0,profitandloss
151.0,unnamed_9,2699.0,profitandloss
152.0,unnamed_9,2751.0,profitandloss
153.0,unnamed_9,3006.0,profitandloss
154.0,unnamed_9,3202.0,profitandloss
155.0,unnamed_9,3118.0,profitandloss
156.0,unnamed_9,3304.0,profitandloss
157.0,unnamed_9,3931.0,profitandloss
158.0,unnamed_9,4046.0,profitandloss
159.0,unnamed_9,569.0,profitandloss
160.0,unnamed_9,494.0,profitandloss
161.0,unnamed_9,513.0,profitandloss
162.0,unnamed_9,630.0,profitandloss
163.0,unnamed_9,1461.0,profitandloss
164.0,unnamed_9,1219.0,profitandloss
165.0,unnamed_9,1154.0,profitandloss
166.0,unnamed_9,1153.0,profitandloss
167.0,unnamed_9,1162.0,profitandloss
168.0,unnamed_9,1152.0,profitandloss
169.0,unnamed_9,1645.0,profitandloss
170.0,unnamed_9,1623.0,profitandloss
171.0,unnamed_9,1899.0,profitandloss
172.0,unnamed_9,142.0,profitandloss
173.0,unnamed_9,168.0,profitandloss
174.0,unnamed_9,212.0,profitandloss
175.0,unnamed_9,264.0,profitandloss
176.0,unnamed_9,314.0,profitandloss
177.0,unnamed_9,359.0,profitandloss
178.0,unnamed_9,396.0,profitandloss
179.0,unnamed_9,620.0,profitandloss
180.0,unnamed_9,573.0,profitandloss
181.0,unnamed_9,601.0,profitandloss
182.0,unnamed_9,615.0,profitandloss
183.0,unnamed_9,687.0,profitandloss
184.0,unnamed_9,719.0,profitandloss
185.0,unnamed_9,155.0,profitandloss
186.0,unnamed_9,246.0,profitandloss
187.0,unnamed_9,266.0,profitandloss
188.0,unnamed_9,276.0,profitandloss
189.0,unnamed_9,335.0,profitandloss
190.0,unnamed_9,360.0,profitandloss
191.0,unnamed_9,622.0,profitandloss
192.0,unnamed_9,780.0,profitandloss
193.0,unnamed_9,791.0,profitandloss
194.0,unnamed_9,816.0,profitandloss
195.0,unnamed_9,858.0,profitandloss
196.0,unnamed_9,853.0,profitandloss
197.0,unnamed_9,916.0,profitandloss
198.0,unnamed_9,61.0,profitandloss
199.0,unnamed_9,67.0,profitandloss
200.0,unnamed_9,51.0,profitandloss
201.0,unnamed_9,63.0,profitandloss
202.0,unnamed_9,83.0,profitandloss
203.0,unnamed_9,113.0,profitandloss
204.0,unnamed_9,158.0,profitandloss
205.0,unnamed_9,199.0,profitandloss
206.0,unnamed_9,168.0,profitandloss
207.0,unnamed_9,181.0,profitandloss
208.0,unnamed_9,267.0,profitandloss
209.0,unnamed_9,307.0,profitandloss
210.0,unnamed_9,307.0,profitandloss
211.0,unnamed_9,315.0,profitandloss
212.0,unnamed_9,266.0,profitandloss
213.0,unnamed_9,246.0,profitandloss
214.0,unnamed_9,259.0,profitandloss
215.0,unnamed_9,270.0,profitandloss
216.0,unnamed_9,286.0,profitandloss
217.0,unnamed_9,365.0,profitandloss
218.0,unnamed_9,379.0,profitandloss
219.0,unnamed_9,352.0,profitandloss
220.0,unnamed_9,364.0,profitandloss
221.0,unnamed_9,406.0,profitandloss
222.0,unnamed_9,444.0,profitandloss
223.0,unnamed_9,509.0,profitandloss
224.0,unnamed_9,568.0,profitandloss
225.0,unnamed_9,710.0,profitandloss
226.0,unnamed_9,773.0,profitandloss
227.0,unnamed_9,948.0,profitandloss
228.0,unnamed_9,1008.0,profitandloss
229.0,unnamed_9,13094.0,profitandloss
230.0,unnamed_9,1334.0,profitandloss
231.0,unnamed_9,0.0,profitandloss
232.0,unnamed_9,22.0,profitandloss
233.0,unnamed_9,31.0,profitandloss
234.0,unnamed_9,38.0,profitandloss
235.0,unnamed_9,58.0,profitandloss
236.0,unnamed_9,73.0,profitandloss
237.0,unnamed_9,160.0,profitandloss
238.0,unnamed_9,226.0,profitandloss
239.0,unnamed_9,457.0,profitandloss
240.0,unnamed_9,498.0,profitandloss
241.0,unnamed_9,563.0,profitandloss
242.0,unnamed_9,678.0,profitandloss
243.0,unnamed_9,900.0,profitandloss
244.0,unnamed_9,1031.0,profitandloss
245.0,unnamed_9,2.0,profitandloss
246.0,unnamed_9,5.0,profitandloss
247.0,unnamed_9,6.0,profitandloss
248.0,unnamed_9,5.0,profitandloss
249.0,unnamed_9,5.0,profitandloss
250.0,unnamed_9,5.0,profitandloss
251.0,unnamed_9,4.0,profitandloss
252.0,unnamed_9,33.0,profitandloss
253.0,unnamed_9,34.0,profitandloss
254.0,unnamed_9,34.0,profitandloss
255.0,unnamed_9,34.0,profitandloss
256.0,unnamed_9,34.0,profitandloss
257.0,unnamed_9,34.0,profitandloss
258.0,unnamed_9,36.0,profitandloss
259.0,unnamed_9,56.0,profitandloss
260.0,unnamed_9,71.0,profitandloss
261.0,unnamed_9,102.0,profitandloss
262.0,unnamed_9,144.0,profitandloss
263.0,unnamed_9,295.0,profitandloss
264.0,unnamed_9,325.0,profitandloss
265.0,unnamed_9,385.0,profitandloss
266.0,unnamed_9,485.0,profitandloss
267.0,unnamed_9,683.0,profitandloss
268.0,unnamed_9,779.0,profitandloss
269.0,unnamed_9,322.0,profitandloss
270.0,unnamed_9,368.0,profitandloss
271.0,unnamed_9,368.0,profitandloss
272.0,unnamed_9,525.0,profitandloss
273.0,unnamed_9,540.0,profitandloss
274.0,unnamed_9,901.0,profitandloss
275.0,unnamed_9,948.0,profitandloss
276.0,unnamed_9,1697.0,profitandloss
277.0,unnamed_9,1357.0,profitandloss
278.0,unnamed_9,1438.0,profitandloss
279.0,unnamed_9,2040.0,profitandloss
280.0,unnamed_9,1702.0,profitandloss
281.0,unnamed_9,0.0,profitandloss
282.0,unnamed_9,14815.0,profitandloss
283.0,unnamed_9,15650.0,profitandloss
284.0,unnamed_9,19858.0,profitandloss
285.0,unnamed_9,17450.0,profitandloss
286.0,unnamed_9,19773.0,profitandloss
287.0,unnamed_9,19243.0,profitandloss
288.0,unnamed_9,21348.0,profitandloss
289.0,unnamed_9,27690.0,profitandloss
290.0,unnamed_9,29404.0,profitandloss
291.0,unnamed_9,33091.0,profitandloss
292.0,unnamed_9,36432.0,profitandloss
293.0,unnamed_9,39538.0,profitandloss
294.0,unnamed_9,41690.0,profitandloss
295.0,unnamed_9,136.0,profitandloss
296.0,unnamed_9,150.0,profitandloss
297.0,unnamed_9,166.0,profitandloss
298.0,unnamed_9,192.0,profitandloss
299.0,unnamed_9,212.0,profitandloss
300.0,unnamed_9,272.0,profitandloss
301.0,unnamed_9,338.0,profitandloss
302.0,unnamed_9,372.0,profitandloss
303.0,unnamed_9,387.0,profitandloss
304.0,unnamed_9,401.0,profitandloss
305.0,unnamed_9,429.0,profitandloss
306.0,unnamed_9,443.0,profitandloss
307.0,unnamed_9,445.0,profitandloss
308.0,unnamed_9,957.0,profitandloss
309.0,unnamed_9,985.0,profitandloss
310.0,unnamed_9,1082.0,profitandloss
311.0,unnamed_9,937.0,profitandloss
312.0,unnamed_9,850.0,profitandloss
313.0,unnamed_9,787.0,profitandloss
314.0,unnamed_9,476.0,profitandloss
315.0,unnamed_9,503.0,profitandloss
316.0,unnamed_9,473.0,profitandloss
317.0,unnamed_9,314.0,profitandloss
318.0,unnamed_9,260.0,profitandloss
319.0,unnamed_9,249.0,profitandloss
320.0,unnamed_9,248.0,profitandloss
321.0,unnamed_9,367.0,profitandloss
322.0,unnamed_9,384.0,profitandloss
323.0,unnamed_9,548.0,profitandloss
324.0,unnamed_9,386.0,profitandloss
325.0,unnamed_9,456.0,profitandloss
326.0,unnamed_9,467.0,profitandloss
327.0,unnamed_9,402.0,profitandloss
328.0,unnamed_9,383.0,profitandloss
329.0,unnamed_9,341.0,profitandloss
330.0,unnamed_9,324.0,profitandloss
331.0,unnamed_9,386.0,profitandloss
332.0,unnamed_9,430.0,profitandloss
333.0,unnamed_9,412.0,profitandloss
334.0,unnamed_9,2463.0,profitandloss
335.0,unnamed_9,2611.0,profitandloss
336.0,unnamed_9,3027.0,profitandloss
337.0,unnamed_9,2072.0,profitandloss
338.0,unnamed_9,2108.0,profitandloss
339.0,unnamed_9,2885.0,profitandloss
340.0,unnamed_9,3418.0,profitandloss
341.0,unnamed_9,4080.0,profitandloss
342.0,unnamed_9,4334.0,profitandloss
343.0,unnamed_9,5434.0,profitandloss
344.0,unnamed_9,6369.0,profitandloss
345.0,unnamed_9,6771.0,profitandloss
346.0,unnamed_9,6996.0,profitandloss
347.0,unnamed_9,73.0,profitandloss
348.0,unnamed_9,83.0,profitandloss
349.0,unnamed_9,144.0,profitandloss
350.0,unnamed_9,113.0,profitandloss
351.0,unnamed_9,119.0,profitandloss
352.0,unnamed_9,142.0,profitandloss
353.0,unnamed_9,162.0,profitandloss
354.0,unnamed_9,185.0,profitandloss
355.0,unnamed_9,198.0,profitandloss
356.0,unnamed_9,201.0,profitandloss
357.0,unnamed_9,226.0,profitandloss
358.0,unnamed_9,300.0,profitandloss
359.0,unnamed_9,308.0,profitandloss
360.0,unnamed_9,191.0,profitandloss
361.0,unnamed_9,230.0,profitandloss
362.0,unnamed_9,429.0,profitandloss
363.0,unnamed_9,172.0,profitandloss
364.0,unnamed_9,331.0,profitandloss
365.0,unnamed_9,456.0,profitandloss
366.0,unnamed_9,429.0,profitandloss
367.0,unnamed_9,446.0,profitandloss
368.0,unnamed_9,838.0,profitandloss
369.0,unnamed_9,841.0,profitandloss
370.0,unnamed_9,1021.0,profitandloss
371.0,unnamed_9,902.0,profitandloss
372.0,unnamed_9,0.0,profitandloss
373.0,unnamed_9,22.0,profitandloss
374.0,unnamed_9,25.0,profitandloss
375.0,unnamed_9,30.0,profitandloss
376.0,unnamed_9,22.0,profitandloss
377.0,unnamed_9,39.0,profitandloss
378.0,unnamed_9,51.0,profitandloss
379.0,unnamed_9,57.0,profitandloss
380.0,unnamed_9,111.0,profitandloss
381.0,unnamed_9,102.0,profitandloss
382.0,unnamed_9,101.0,profitandloss
383.0,unnamed_9,121.0,profitandloss
384.0,unnamed_9,198.0,profitandloss
385.0,unnamed_9,243.0,profitandloss
386.0,unnamed_9,330.0,profitandloss
387.0,unnamed_9,373.0,profitandloss
388.0,unnamed_9,505.0,profitandloss
389.0,unnamed_9,754.0,profitandloss
390.0,unnamed_9,1323.0,profitandloss
391.0,unnamed_9,1323.0,profitandloss
392.0,unnamed_9,1326.0,profitandloss
393.0,unnamed_9,1175.0,profitandloss
394.0,unnamed_9,1068.0,profitandloss
395.0,unnamed_9,1052.0,profitandloss
396.0,unnamed_9,1172.0,profitandloss
397.0,unnamed_9,1051.0,profitandloss
398.0,unnamed_9,1087.0,profitandloss
399.0,unnamed_9,1813.0,profitandloss
400.0,unnamed_9,1996.0,profitandloss
401.0,unnamed_9,2320.0,profitandloss
402.0,unnamed_9,2826.0,profitandloss
403.0,unnamed_9,2907.0,profitandloss
404.0,unnamed_9,3063.0,profitandloss
405.0,unnamed_9,3450.0,profitandloss
406.0,unnamed_9,3451.0,profitandloss
407.0,unnamed_9,3718.0,profitandloss
408.0,unnamed_9,4429.0,profitandloss
409.0,unnamed_9,6833.0,profitandloss
410.0,unnamed_9,6735.0,profitandloss
411.0,unnamed_9,8357.0,profitandloss
412.0,unnamed_9,85.0,profitandloss
413.0,unnamed_9,97.0,profitandloss
414.0,unnamed_9,115.0,profitandloss
415.0,unnamed_9,133.0,profitandloss
416.0,unnamed_9,143.0,profitandloss
417.0,unnamed_9,162.0,profitandloss
418.0,unnamed_9,177.0,profitandloss
419.0,unnamed_9,220.0,profitandloss
420.0,unnamed_9,240.0,profitandloss
421.0,unnamed_9,253.0,profitandloss
422.0,unnamed_9,311.0,profitandloss
423.0,unnamed_9,399.0,profitandloss
424.0,unnamed_9,424.0,profitandloss
425.0,unnamed_9,77.0,profitandloss
426.0,unnamed_9,92.0,profitandloss
427.0,unnamed_9,136.0,profitandloss
428.0,unnamed_9,118.0,profitandloss
429.0,unnamed_9,123.0,profitandloss
430.0,unnamed_9,142.0,profitandloss
431.0,unnamed_9,169.0,profitandloss
432.0,unnamed_9,186.0,profitandloss
433.0,unnamed_9,256.0,profitandloss
434.0,unnamed_9,312.0,profitandloss
435.0,unnamed_9,343.0,profitandloss
436.0,unnamed_9,378.0,profitandloss
437.0,unnamed_9,386.0,profitandloss
438.0,unnamed_9,796.0,profitandloss
439.0,unnamed_9,663.0,profitandloss
440.0,unnamed_9,545.0,profitandloss
441.0,unnamed_9,766.0,profitandloss
442.0,unnamed_9,572.0,profitandloss
443.0,unnamed_9,534.0,profitandloss
444.0,unnamed_9,225.0,profitandloss
445.0,unnamed_9,200.0,profitandloss
446.0,unnamed_9,159.0,profitandloss
447.0,unnamed_9,149.0,profitandloss
448.0,unnamed_9,149.0,profitandloss
449.0,unnamed_9,148.0,profitandloss
450.0,unnamed_9,150.0,profitandloss
451.0,unnamed_9,46.0,profitandloss
452.0,unnamed_9,57.0,profitandloss
453.0,unnamed_9,82.0,profitandloss
454.0,unnamed_9,98.0,profitandloss
455.0,unnamed_9,128.0,profitandloss
456.0,unnamed_9,159.0,profitandloss
457.0,unnamed_9,212.0,profitandloss
458.0,unnamed_9,374.0,profitandloss
459.0,unnamed_9,414.0,profitandloss
460.0,unnamed_9,498.0,profitandloss
461.0,unnamed_9,639.0,profitandloss
462.0,unnamed_9,731.0,profitandloss
463.0,unnamed_9,834.0,profitandloss
464.0,unnamed_9,550.0,profitandloss
465.0,unnamed_9,648.0,profitandloss
466.0,unnamed_9,760.0,profitandloss
467.0,unnamed_9,939.0,profitandloss
468.0,unnamed_9,1027.0,profitandloss
469.0,unnamed_9,1077.0,profitandloss
470.0,unnamed_9,1135.0,profitandloss
471.0,unnamed_9,1163.0,profitandloss
472.0,unnamed_9,1229.0,profitandloss
473.0,unnamed_9,1165.0,profitandloss
474.0,unnamed_9,1250.0,profitandloss
475.0,unnamed_9,1470.0,profitandloss
476.0,unnamed_9,1617.0,profitandloss
477.0,unnamed_9,82.0,profitandloss
478.0,unnamed_9,130.0,profitandloss
479.0,unnamed_9,220.0,profitandloss
480.0,unnamed_9,137.0,profitandloss
481.0,unnamed_9,154.0,profitandloss
482.0,unnamed_9,223.0,profitandloss
483.0,unnamed_9,300.0,profitandloss
484.0,unnamed_9,382.0,profitandloss
485.0,unnamed_9,451.0,profitandloss
486.0,unnamed_9,452.0,profitandloss
487.0,unnamed_9,526.0,profitandloss
488.0,unnamed_9,598.0,profitandloss
489.0,unnamed_9,661.0,profitandloss
490.0,unnamed_9,1319.0,profitandloss
491.0,unnamed_9,1644.0,profitandloss
492.0,unnamed_9,1433.0,profitandloss
493.0,unnamed_9,1496.0,profitandloss
494.0,unnamed_9,1541.0,profitandloss
495.0,unnamed_9,1527.0,profitandloss
496.0,unnamed_9,1667.0,profitandloss
497.0,unnamed_9,2080.0,profitandloss
498.0,unnamed_9,2174.0,profitandloss
499.0,unnamed_9,2420.0,profitandloss
500.0,unnamed_9,2702.0,profitandloss
501.0,unnamed_9,3672.0,profitandloss
502.0,unnamed_9,4187.0,profitandloss
503.0,unnamed_9,77.0,profitandloss
504.0,unnamed_9,82.0,profitandloss
505.0,unnamed_9,91.0,profitandloss
506.0,unnamed_9,101.0,profitandloss
507.0,unnamed_9,142.0,profitandloss
508.0,unnamed_9,156.0,profitandloss
509.0,unnamed_9,170.0,profitandloss
510.0,unnamed_9,197.0,profitandloss
511.0,unnamed_9,204.0,profitandloss
512.0,unnamed_9,210.0,profitandloss
513.0,unnamed_9,236.0,profitandloss
514.0,unnamed_9,241.0,profitandloss
515.0,unnamed_9,211.0,profitandloss
516.0,unnamed_9,1252.0,profitandloss
517.0,unnamed_9,1457.0,profitandloss
518.0,unnamed_9,1563.0,profitandloss
519.0,unnamed_9,1834.0,profitandloss
520.0,unnamed_9,1808.0,profitandloss
521.0,unnamed_9,2724.0,profitandloss
522.0,unnamed_9,3571.0,profitandloss
523.0,unnamed_9,4004.0,profitandloss
524.0,unnamed_9,4033.0,profitandloss
525.0,unnamed_9,4161.0,profitandloss
526.0,unnamed_9,4552.0,profitandloss
527.0,unnamed_9,5001.0,profitandloss
528.0,unnamed_9,5437.0,profitandloss
529.0,unnamed_9,601.0,profitandloss
530.0,unnamed_9,603.0,profitandloss
531.0,unnamed_9,806.0,profitandloss
532.0,unnamed_9,863.0,profitandloss
533.0,unnamed_9,681.0,profitandloss
534.0,unnamed_9,947.0,profitandloss
535.0,unnamed_9,1024.0,profitandloss
536.0,unnamed_9,998.0,profitandloss
537.0,unnamed_9,1157.0,profitandloss
538.0,unnamed_9,1110.0,profitandloss
539.0,unnamed_9,1784.0,profitandloss
540.0,unnamed_9,1406.0,profitandloss
541.0,unnamed_9,1182.0,profitandloss
542.0,unnamed_9,110.0,profitandloss
543.0,unnamed_9,116.0,profitandloss
544.0,unnamed_9,139.0,profitandloss
545.0,unnamed_9,134.0,profitandloss
546.0,unnamed_9,121.0,profitandloss
547.0,unnamed_9,140.0,profitandloss
548.0,unnamed_9,149.0,profitandloss
549.0,unnamed_9,218.0,profitandloss
550.0,unnamed_9,249.0,profitandloss
551.0,unnamed_9,261.0,profitandloss
552.0,unnamed_9,296.0,profitandloss
553.0,unnamed_9,338.0,profitandloss
554.0,unnamed_9,384.0,profitandloss
555.0,unnamed_9,637.0,profitandloss
556.0,unnamed_9,681.0,profitandloss
557.0,unnamed_9,404.0,profitandloss
558.0,unnamed_9,410.0,profitandloss
559.0,unnamed_9,828.0,profitandloss
560.0,unnamed_9,1383.0,profitandloss
561.0,unnamed_9,2073.0,profitandloss
562.0,unnamed_9,3420.0,profitandloss
563.0,unnamed_9,4611.0,profitandloss
564.0,unnamed_9,4326.0,profitandloss
565.0,unnamed_9,4145.0,profitandloss
566.0,unnamed_9,4173.0,profitandloss
567.0,unnamed_9,4137.0,profitandloss
568.0,unnamed_9,663.0,profitandloss
569.0,unnamed_9,689.0,profitandloss
570.0,unnamed_9,680.0,profitandloss
571.0,unnamed_9,738.0,profitandloss
572.0,unnamed_9,886.0,profitandloss
573.0,unnamed_9,967.0,profitandloss
574.0,unnamed_9,1221.0,profitandloss
575.0,unnamed_9,1277.0,profitandloss
576.0,unnamed_9,1385.0,profitandloss
577.0,unnamed_9,1681.0,profitandloss
578.0,unnamed_9,2345.0,profitandloss
579.0,unnamed_9,3092.0,profitandloss
580.0,unnamed_9,0.0,profitandloss
581.0,unnamed_9,35.0,profitandloss
582.0,unnamed_9,41.0,profitandloss
583.0,unnamed_9,43.0,profitandloss
584.0,unnamed_9,45.0,profitandloss
585.0,unnamed_9,41.0,profitandloss
586.0,unnamed_9,44.0,profitandloss
587.0,unnamed_9,45.0,profitandloss
588.0,unnamed_9,47.0,profitandloss
589.0,unnamed_9,51.0,profitandloss
590.0,unnamed_9,56.0,profitandloss
591.0,unnamed_9,76.0,profitandloss
592.0,unnamed_9,79.0,profitandloss
593.0,unnamed_9,0.0,profitandloss
594.0,unnamed_9,1107.0,profitandloss
595.0,unnamed_9,540.0,profitandloss
596.0,unnamed_9,443.0,profitandloss
597.0,unnamed_9,502.0,profitandloss
598.0,unnamed_9,575.0,profitandloss
599.0,unnamed_9,624.0,profitandloss
600.0,unnamed_9,846.0,profitandloss
601.0,unnamed_9,715.0,profitandloss
602.0,unnamed_9,690.0,profitandloss
603.0,unnamed_9,697.0,profitandloss
604.0,unnamed_9,757.0,profitandloss
605.0,unnamed_9,802.0,profitandloss
606.0,unnamed_9,2822.0,profitandloss
607.0,unnamed_9,3347.0,profitandloss
608.0,unnamed_9,3493.0,profitandloss
609.0,unnamed_9,4347.0,profitandloss
610.0,unnamed_9,4457.0,profitandloss
611.0,unnamed_9,4506.0,profitandloss
612.0,unnamed_9,4777.0,profitandloss
613.0,unnamed_9,5091.0,profitandloss
614.0,unnamed_9,6628.0,profitandloss
615.0,unnamed_9,6729.0,profitandloss
616.0,unnamed_9,7086.0,profitandloss
617.0,unnamed_9,7521.0,profitandloss
618.0,unnamed_9,7716.0,profitandloss
619.0,unnamed_9,251.0,profitandloss
620.0,unnamed_9,296.0,profitandloss
621.0,unnamed_9,322.0,profitandloss
622.0,unnamed_9,353.0,profitandloss
623.0,unnamed_9,432.0,profitandloss
624.0,unnamed_9,520.0,profitandloss
625.0,unnamed_9,565.0,profitandloss
626.0,unnamed_9,1002.0,profitandloss
627.0,unnamed_9,1074.0,profitandloss
628.0,unnamed_9,1091.0,profitandloss
629.0,unnamed_9,1137.0,profitandloss
630.0,unnamed_9,1216.0,profitandloss
631.0,unnamed_9,1328.0,profitandloss
632.0,unnamed_9,625.0,profitandloss
633.0,unnamed_9,719.0,profitandloss
634.0,unnamed_9,798.0,profitandloss
635.0,unnamed_9,843.0,profitandloss
636.0,unnamed_9,912.0,profitandloss
637.0,unnamed_9,922.0,profitandloss
638.0,unnamed_9,946.0,profitandloss
639.0,unnamed_9,1171.0,profitandloss
640.0,unnamed_9,1340.0,profitandloss
641.0,unnamed_9,1330.0,profitandloss
642.0,unnamed_9,1515.0,profitandloss
643.0,unnamed_9,1935.0,profitandloss
644.0,unnamed_9,0.0,profitandloss
645.0,unnamed_9,49.0,profitandloss
646.0,unnamed_9,50.0,profitandloss
647.0,unnamed_9,54.0,profitandloss
648.0,unnamed_9,57.0,profitandloss
649.0,unnamed_9,7.0,profitandloss
650.0,unnamed_9,51.0,profitandloss
651.0,unnamed_9,0.0,profitandloss
652.0,unnamed_9,90.0,profitandloss
653.0,unnamed_9,130.0,profitandloss
654.0,unnamed_9,141.0,profitandloss
655.0,unnamed_9,142.0,profitandloss
656.0,unnamed_9,134.0,profitandloss
657.0,unnamed_9,0.0,profitandloss
658.0,unnamed_9,41.0,profitandloss
659.0,unnamed_9,47.0,profitandloss
660.0,unnamed_9,40.0,profitandloss
661.0,unnamed_9,0.0,profitandloss
662.0,unnamed_9,58.0,profitandloss
663.0,unnamed_9,44.0,profitandloss
664.0,unnamed_9,57.0,profitandloss
665.0,unnamed_9,61.0,profitandloss
666.0,unnamed_9,60.0,profitandloss
667.0,unnamed_9,67.0,profitandloss
668.0,unnamed_9,84.0,profitandloss
669.0,unnamed_9,113.0,profitandloss
670.0,unnamed_9,0.0,profitandloss
697.0,unnamed_9,73.0,profitandloss
698.0,unnamed_9,98.0,profitandloss
699.0,unnamed_9,127.0,profitandloss
700.0,unnamed_9,157.0,profitandloss
701.0,unnamed_9,191.0,profitandloss
702.0,unnamed_9,212.0,profitandloss
703.0,unnamed_9,229.0,profitandloss
704.0,unnamed_9,278.0,profitandloss
705.0,unnamed_9,305.0,profitandloss
706.0,unnamed_9,321.0,profitandloss
707.0,unnamed_9,373.0,profitandloss
708.0,unnamed_9,425.0,profitandloss
709.0,unnamed_9,0.0,profitandloss
710.0,unnamed_9,1099.0,profitandloss
711.0,unnamed_9,1317.0,profitandloss
712.0,unnamed_9,1017.0,profitandloss
713.0,unnamed_9,1459.0,profitandloss
714.0,unnamed_9,1703.0,profitandloss
715.0,unnamed_9,1863.0,profitandloss
716.0,unnamed_9,2011.0,profitandloss
717.0,unnamed_9,2893.0,profitandloss
718.0,unnamed_9,3267.0,profitandloss
719.0,unnamed_9,3476.0,profitandloss
720.0,unnamed_9,4225.0,profitandloss
721.0,unnamed_9,4678.0,profitandloss
722.0,unnamed_9,4675.0,profitandloss
723.0,unnamed_9,5692.0,profitandloss
724.0,unnamed_9,6360.0,profitandloss
725.0,unnamed_9,5219.0,profitandloss
726.0,unnamed_9,5698.0,profitandloss
727.0,unnamed_9,6806.0,profitandloss
728.0,unnamed_9,7664.0,profitandloss
729.0,unnamed_9,8506.0,profitandloss
730.0,unnamed_9,10273.0,profitandloss
731.0,unnamed_9,10941.0,profitandloss
732.0,unnamed_9,12348.0,profitandloss
733.0,unnamed_9,13181.0,profitandloss
734.0,unnamed_9,15866.0,profitandloss
735.0,unnamed_9,16546.0,profitandloss
736.0,unnamed_9,20.0,profitandloss
737.0,unnamed_9,21.0,profitandloss
738.0,unnamed_9,22.0,profitandloss
739.0,unnamed_9,24.0,profitandloss
740.0,unnamed_9,29.0,profitandloss
741.0,unnamed_9,40.0,profitandloss
742.0,unnamed_9,46.0,profitandloss
743.0,unnamed_9,49.0,profitandloss
744.0,unnamed_9,54.0,profitandloss
745.0,unnamed_9,57.0,profitandloss
746.0,unnamed_9,56.0,profitandloss
747.0,unnamed_9,0.0,profitandloss
748.0,unnamed_9,0.0,profitandloss
749.0,unnamed_9,0.0,profitandloss
750.0,unnamed_9,0.0,profitandloss
751.0,unnamed_9,0.0,profitandloss
752.0,unnamed_9,0.0,profitandloss
753.0,unnamed_9,0.0,profitandloss
754.0,unnamed_9,0.0,profitandloss
755.0,unnamed_9,4.0,profitandloss
756.0,unnamed_9,14.0,profitandloss
757.0,unnamed_9,14.0,profitandloss
758.0,unnamed_9,9.0,profitandloss
759.0,unnamed_9,6.0,profitandloss
760.0,unnamed_9,859.0,profitandloss
761.0,unnamed_9,965.0,profitandloss
762.0,unnamed_9,1028.0,profitandloss
763.0,unnamed_9,1077.0,profitandloss
764.0,unnamed_9,1153.0,profitandloss
765.0,unnamed_9,1236.0,profitandloss
766.0,unnamed_9,1397.0,profitandloss
767.0,unnamed_9,1645.0,profitandloss
768.0,unnamed_9,1646.0,profitandloss
769.0,unnamed_9,1732.0,profitandloss
770.0,unnamed_9,1809.0,profitandloss
771.0,unnamed_9,1816.0,profitandloss
772.0,unnamed_9,1940.0,profitandloss
773.0,unnamed_9,1539.0,profitandloss
774.0,unnamed_9,1829.0,profitandloss
775.0,unnamed_9,2733.0,profitandloss
776.0,unnamed_9,4068.0,profitandloss
777.0,unnamed_9,3949.0,profitandloss
778.0,unnamed_9,3883.0,profitandloss
779.0,unnamed_9,5480.0,profitandloss
780.0,unnamed_9,3429.0,profitandloss
781.0,unnamed_9,2414.0,profitandloss
782.0,unnamed_9,2097.0,profitandloss
783.0,unnamed_9,2691.0,profitandloss
784.0,unnamed_9,2822.0,profitandloss
785.0,unnamed_9,3009.0,profitandloss
786.0,unnamed_9,0.0,profitandloss
787.0,unnamed_9,22.0,profitandloss
788.0,unnamed_9,22.0,profitandloss
789.0,unnamed_9,662.0,profitandloss
790.0,unnamed_9,810.0,profitandloss
791.0,unnamed_9,790.0,profitandloss
792.0,unnamed_9,854.0,profitandloss
793.0,unnamed_9,969.0,profitandloss
794.0,unnamed_9,966.0,profitandloss
795.0,unnamed_9,1164.0,profitandloss
796.0,unnamed_9,1738.0,profitandloss
797.0,unnamed_9,1167.0,profitandloss
798.0,unnamed_9,1131.0,profitandloss
799.0,unnamed_9,1169.0,profitandloss
800.0,unnamed_9,1633.0,profitandloss
801.0,unnamed_9,1594.0,profitandloss
802.0,unnamed_9,2237.0,profitandloss
803.0,unnamed_9,3183.0,profitandloss
804.0,unnamed_9,3434.0,profitandloss
805.0,unnamed_9,3323.0,profitandloss
806.0,unnamed_9,3430.0,profitandloss
807.0,unnamed_9,3387.0,profitandloss
808.0,unnamed_9,4041.0,profitandloss
809.0,unnamed_9,4246.0,profitandloss
810.0,unnamed_9,4679.0,profitandloss
811.0,unnamed_9,6001.0,profitandloss
812.0,unnamed_9,7474.0,profitandloss
813.0,unnamed_9,8172.0,profitandloss
814.0,unnamed_9,9006.0,profitandloss
815.0,unnamed_9,179.0,profitandloss
816.0,unnamed_9,208.0,profitandloss
817.0,unnamed_9,237.0,profitandloss
818.0,unnamed_9,345.0,profitandloss
819.0,unnamed_9,362.0,profitandloss
820.0,unnamed_9,383.0,profitandloss
821.0,unnamed_9,458.0,profitandloss
822.0,unnamed_9,465.0,profitandloss
823.0,unnamed_9,461.0,profitandloss
824.0,unnamed_9,480.0,profitandloss
825.0,unnamed_9,599.0,profitandloss
826.0,unnamed_9,792.0,profitandloss
827.0,unnamed_9,0.0,profitandloss
828.0,unnamed_9,336.0,profitandloss
829.0,unnamed_9,379.0,profitandloss
830.0,unnamed_9,417.0,profitandloss
831.0,unnamed_9,436.0,profitandloss
832.0,unnamed_9,466.0,profitandloss
833.0,unnamed_9,466.0,profitandloss
834.0,unnamed_9,0.0,profitandloss
835.0,unnamed_9,17.0,profitandloss
836.0,unnamed_9,37.0,profitandloss
837.0,unnamed_9,128.0,profitandloss
838.0,unnamed_9,450.0,profitandloss
839.0,unnamed_9,460.0,profitandloss
840.0,unnamed_9,395.0,profitandloss
841.0,unnamed_9,194.0,profitandloss
842.0,unnamed_9,292.0,profitandloss
843.0,unnamed_9,73.0,profitandloss
844.0,unnamed_9,75.0,profitandloss
845.0,unnamed_9,93.0,profitandloss
846.0,unnamed_9,204.0,profitandloss
847.0,unnamed_9,311.0,profitandloss
848.0,unnamed_9,1637.0,profitandloss
849.0,unnamed_9,1446.0,profitandloss
850.0,unnamed_9,2623.0,profitandloss
851.0,unnamed_9,1787.0,profitandloss
852.0,unnamed_9,2370.0,profitandloss
853.0,unnamed_9,2223.0,profitandloss
854.0,unnamed_9,1923.0,profitandloss
855.0,unnamed_9,2462.0,profitandloss
856.0,unnamed_9,2904.0,profitandloss
857.0,unnamed_9,2948.0,profitandloss
858.0,unnamed_9,3502.0,profitandloss
859.0,unnamed_9,3682.0,profitandloss
860.0,unnamed_9,3964.0,profitandloss
861.0,unnamed_9,123.0,profitandloss
862.0,unnamed_9,130.0,profitandloss
863.0,unnamed_9,158.0,profitandloss
864.0,unnamed_9,174.0,profitandloss
865.0,unnamed_9,178.0,profitandloss
866.0,unnamed_9,156.0,profitandloss
867.0,unnamed_9,147.0,profitandloss
868.0,unnamed_9,273.0,profitandloss
869.0,unnamed_9,332.0,profitandloss
870.0,unnamed_9,597.0,profitandloss
871.0,unnamed_9,723.0,profitandloss
872.0,unnamed_9,819.0,profitandloss
873.0,unnamed_9,968.0,profitandloss
874.0,unnamed_9,2080.0,profitandloss
875.0,unnamed_9,2170.0,profitandloss
876.0,unnamed_9,2124.0,profitandloss
877.0,unnamed_9,2442.0,profitandloss
878.0,unnamed_9,2813.0,profitandloss
879.0,unnamed_9,3280.0,profitandloss
880.0,unnamed_9,3991.0,profitandloss
881.0,unnamed_9,3367.0,profitandloss
882.0,unnamed_9,3378.0,profitandloss
883.0,unnamed_9,3508.0,profitandloss
884.0,unnamed_9,4357.0,profitandloss
885.0,unnamed_9,4724.0,profitandloss
886.0,unnamed_9,5007.0,profitandloss
887.0,unnamed_9,1890.0,profitandloss
888.0,unnamed_9,2116.0,profitandloss
889.0,unnamed_9,2515.0,profitandloss
890.0,unnamed_9,2822.0,profitandloss
891.0,unnamed_9,2604.0,profitandloss
892.0,unnamed_9,2760.0,profitandloss
893.0,unnamed_9,3021.0,profitandloss
894.0,unnamed_9,3528.0,profitandloss
895.0,unnamed_9,3034.0,profitandloss
896.0,unnamed_9,2789.0,profitandloss
897.0,unnamed_9,4846.0,profitandloss
898.0,unnamed_9,5256.0,profitandloss
899.0,unnamed_9,5317.0,profitandloss
900.0,unnamed_9,714.0,profitandloss
901.0,unnamed_9,817.0,profitandloss
902.0,unnamed_9,921.0,profitandloss
903.0,unnamed_9,1087.0,profitandloss
904.0,unnamed_9,1059.0,profitandloss
905.0,unnamed_9,1575.0,profitandloss
906.0,unnamed_9,2058.0,profitandloss
907.0,unnamed_9,2721.0,profitandloss
908.0,unnamed_9,2926.0,profitandloss
909.0,unnamed_9,2958.0,profitandloss
910.0,unnamed_9,3136.0,profitandloss
911.0,unnamed_9,3810.0,profitandloss
912.0,unnamed_9,4272.0,profitandloss
913.0,unnamed_9,12.0,profitandloss
914.0,unnamed_9,21.0,profitandloss
915.0,unnamed_9,47.0,profitandloss
916.0,unnamed_9,24.0,profitandloss
917.0,unnamed_9,33.0,profitandloss
918.0,unnamed_9,30.0,profitandloss
919.0,unnamed_9,22.0,profitandloss
920.0,unnamed_9,48.0,profitandloss
921.0,unnamed_9,45.0,profitandloss
922.0,unnamed_9,73.0,profitandloss
923.0,unnamed_9,73.0,profitandloss
924.0,unnamed_9,101.0,profitandloss
925.0,unnamed_9,104.0,profitandloss
926.0,unnamed_9,330.0,profitandloss
927.0,unnamed_9,338.0,profitandloss
928.0,unnamed_9,347.0,profitandloss
929.0,unnamed_9,354.0,profitandloss
930.0,unnamed_9,342.0,profitandloss
931.0,unnamed_9,336.0,profitandloss
932.0,unnamed_9,370.0,profitandloss
933.0,unnamed_9,370.0,profitandloss
934.0,unnamed_9,391.0,profitandloss
935.0,unnamed_9,403.0,profitandloss
936.0,unnamed_9,429.0,profitandloss
937.0,unnamed_9,538.0,profitandloss
938.0,unnamed_9,452.0,profitandloss
939.0,unnamed_9,1241.0,profitandloss
940.0,unnamed_9,1499.0,profitandloss
941.0,unnamed_9,1715.0,profitandloss
942.0,unnamed_9,1432.0,profitandloss
943.0,unnamed_9,1462.0,profitandloss
944.0,unnamed_9,1469.0,profitandloss
945.0,unnamed_9,1658.0,profitandloss
946.0,unnamed_9,1614.0,profitandloss
947.0,unnamed_9,1292.0,profitandloss
948.0,unnamed_9,1190.0,profitandloss
949.0,unnamed_9,1215.0,profitandloss
950.0,unnamed_9,1184.0,profitandloss
951.0,unnamed_9,1177.0,profitandloss
952.0,unnamed_9,3823.0,profitandloss
953.0,unnamed_9,4770.0,profitandloss
954.0,unnamed_9,5565.0,profitandloss
955.0,unnamed_9,5771.0,profitandloss
956.0,unnamed_9,6010.0,profitandloss
957.0,unnamed_9,7460.0,profitandloss
958.0,unnamed_9,8669.0,profitandloss
959.0,unnamed_9,10356.0,profitandloss
960.0,unnamed_9,12450.0,profitandloss
961.0,unnamed_9,13788.0,profitandloss
962.0,unnamed_9,14792.0,profitandloss
963.0,unnamed_9,16204.0,profitandloss
964.0,unnamed_9,17009.0,profitandloss
965.0,unnamed_9,11763.0,profitandloss
966.0,unnamed_9,16262.0,profitandloss
967.0,unnamed_9,18033.0,profitandloss
968.0,unnamed_9,16384.0,profitandloss
969.0,unnamed_9,20119.0,profitandloss
970.0,unnamed_9,23112.0,profitandloss
971.0,unnamed_9,23704.0,profitandloss
972.0,unnamed_9,26635.0,profitandloss
973.0,unnamed_9,25538.0,profitandloss
974.0,unnamed_9,26883.0,profitandloss
975.0,unnamed_9,24557.0,profitandloss
976.0,unnamed_9,28763.0,profitandloss
977.0,unnamed_9,31646.0,profitandloss
978.0,unnamed_9,6.0,profitandloss
979.0,unnamed_9,5.0,profitandloss
980.0,unnamed_9,8.0,profitandloss
981.0,unnamed_9,20.0,profitandloss
982.0,unnamed_9,41.0,profitandloss
983.0,unnamed_9,15.0,profitandloss
984.0,unnamed_9,15.0,profitandloss
985.0,unnamed_9,24.0,profitandloss
986.0,unnamed_9,25.0,profitandloss
987.0,unnamed_9,35.0,profitandloss
988.0,unnamed_9,52.0,profitandloss
989.0,unnamed_9,53.0,profitandloss
990.0,unnamed_9,54.0,profitandloss
991.0,unnamed_9,69.0,profitandloss
992.0,unnamed_9,81.0,profitandloss
993.0,unnamed_9,118.0,profitandloss
994.0,unnamed_9,100.0,profitandloss
995.0,unnamed_9,115.0,profitandloss
996.0,unnamed_9,120.0,profitandloss
997.0,unnamed_9,133.0,profitandloss
998.0,unnamed_9,170.0,profitandloss
999.0,unnamed_9,201.0,profitandloss
1000.0,unnamed_9,240.0,profitandloss
1001.0,unnamed_9,270.0,profitandloss
1002.0,unnamed_9,341.0,profitandloss
1003.0,unnamed_9,374.0,profitandloss
1004.0,unnamed_9,336.0,profitandloss
1005.0,unnamed_9,367.0,profitandloss
1006.0,unnamed_9,384.0,profitandloss
1007.0,unnamed_9,413.0,profitandloss
1008.0,unnamed_9,430.0,profitandloss
1009.0,unnamed_9,581.0,profitandloss
1010.0,unnamed_9,584.0,profitandloss
1011.0,unnamed_9,614.0,profitandloss
1012.0,unnamed_9,982.0,profitandloss
1013.0,unnamed_9,896.0,profitandloss
1014.0,unnamed_9,905.0,profitandloss
1015.0,unnamed_9,906.0,profitandloss
1016.0,unnamed_9,0.0,profitandloss
1017.0,unnamed_9,3428.0,profitandloss
1018.0,unnamed_9,4079.0,profitandloss
1019.0,unnamed_9,5173.0,profitandloss
1020.0,unnamed_9,6182.0,profitandloss
1021.0,unnamed_9,7722.0,profitandloss
1022.0,unnamed_9,9231.0,profitandloss
1023.0,unnamed_9,10541.0,profitandloss
1024.0,unnamed_9,11607.0,profitandloss
1025.0,unnamed_9,12039.0,profitandloss
1026.0,unnamed_9,12872.0,profitandloss
1027.0,unnamed_9,13333.0,profitandloss
1028.0,unnamed_9,13095.0,profitandloss
1029.0,unnamed_9,13045.0,profitandloss
1030.0,unnamed_9,4.0,profitandloss
1031.0,unnamed_9,5.0,profitandloss
1032.0,unnamed_9,8.0,profitandloss
1033.0,unnamed_9,20.0,profitandloss
1034.0,unnamed_9,40.0,profitandloss
1035.0,unnamed_9,7.0,profitandloss
1036.0,unnamed_9,8.0,profitandloss
1037.0,unnamed_9,12.0,profitandloss
1038.0,unnamed_9,11.0,profitandloss
1039.0,unnamed_9,18.0,profitandloss
1040.0,unnamed_9,24.0,profitandloss
1041.0,unnamed_9,24.0,profitandloss
1042.0,unnamed_9,24.0,profitandloss
1043.0,unnamed_9,11232.0,profitandloss
1044.0,unnamed_9,11201.0,profitandloss
1045.0,unnamed_9,11547.0,profitandloss
1046.0,unnamed_9,11565.0,profitandloss
1047.0,unnamed_9,11646.0,profitandloss
1048.0,unnamed_9,16706.0,profitandloss
1049.0,unnamed_9,20934.0,profitandloss
1050.0,unnamed_9,22203.0,profitandloss
1051.0,unnamed_9,26572.0,profitandloss
1052.0,unnamed_9,29782.0,profitandloss
1053.0,unnamed_9,40303.0,profitandloss
1054.0,unnamed_9,50832.0,profitandloss
1055.0,unnamed_9,53226.0,profitandloss
1056.0,unnamed_9,25.0,profitandloss
1057.0,unnamed_9,35.0,profitandloss
1058.0,unnamed_9,34.0,profitandloss
1059.0,unnamed_9,37.0,profitandloss
1060.0,unnamed_9,48.0,profitandloss
1061.0,unnamed_9,59.0,profitandloss
1062.0,unnamed_9,92.0,profitandloss
1063.0,unnamed_9,89.0,profitandloss
1064.0,unnamed_9,99.0,profitandloss
1065.0,unnamed_9,75.0,profitandloss
1066.0,unnamed_9,68.0,profitandloss
1067.0,unnamed_9,76.0,profitandloss
1068.0,unnamed_9,0.0,profitandloss
1069.0,unnamed_9,1577.0,profitandloss
1070.0,unnamed_9,1942.0,profitandloss
1071.0,unnamed_9,1581.0,profitandloss
1072.0,unnamed_9,2252.0,profitandloss
1073.0,unnamed_9,2915.0,profitandloss
1074.0,unnamed_9,3105.0,profitandloss
1075.0,unnamed_9,3496.0,profitandloss
1076.0,unnamed_9,3662.0,profitandloss
1077.0,unnamed_9,3711.0,profitandloss
1078.0,unnamed_9,3691.0,profitandloss
1079.0,unnamed_9,3696.0,profitandloss
1080.0,unnamed_9,3849.0,profitandloss
1081.0,unnamed_9,0.0,profitandloss
1082.0,unnamed_9,436.0,profitandloss
1083.0,unnamed_9,550.0,profitandloss
1084.0,unnamed_9,925.0,profitandloss
1085.0,unnamed_9,828.0,profitandloss
1086.0,unnamed_9,1215.0,profitandloss
1087.0,unnamed_9,899.0,profitandloss
1088.0,unnamed_9,1472.0,profitandloss
1089.0,unnamed_9,1808.0,profitandloss
1090.0,unnamed_9,1262.0,profitandloss
1091.0,unnamed_9,1146.0,profitandloss
1092.0,unnamed_9,1661.0,profitandloss
1093.0,unnamed_9,1897.0,profitandloss
1094.0,unnamed_9,2566.0,profitandloss
1095.0,unnamed_9,23.0,profitandloss
1096.0,unnamed_9,33.0,profitandloss
1097.0,unnamed_9,43.0,profitandloss
1098.0,unnamed_9,38.0,profitandloss
1099.0,unnamed_9,35.0,profitandloss
1100.0,unnamed_9,37.0,profitandloss
1101.0,unnamed_9,43.0,profitandloss
1102.0,unnamed_9,141.0,profitandloss
1103.0,unnamed_9,137.0,profitandloss
1104.0,unnamed_9,135.0,profitandloss
1105.0,unnamed_9,601.0,profitandloss
1106.0,unnamed_9,588.0,profitandloss
1107.0,unnamed_9,628.0,profitandloss
1108.0,unnamed_9,154.0,profitandloss
1109.0,unnamed_9,229.0,profitandloss
1110.0,unnamed_9,224.0,profitandloss
1111.0,unnamed_9,228.0,profitandloss
1112.0,unnamed_9,198.0,profitandloss
1113.0,unnamed_9,198.0,profitandloss
1114.0,unnamed_9,199.0,profitandloss
1115.0,unnamed_9,252.0,profitandloss
1116.0,unnamed_9,297.0,profitandloss
1117.0,unnamed_9,317.0,profitandloss
1118.0,unnamed_9,321.0,profitandloss
1119.0,unnamed_9,330.0,profitandloss
1120.0,unnamed_9,336.0,profitandloss
1121.0,unnamed_9,409.0,profitandloss
1122.0,unnamed_9,1195.0,profitandloss
1123.0,unnamed_9,1038.0,profitandloss
1124.0,unnamed_9,1265.0,profitandloss
1125.0,unnamed_9,1500.0,profitandloss
1126.0,unnamed_9,1753.0,profitandloss
1127.0,unnamed_9,2053.0,profitandloss
1128.0,unnamed_9,2080.0,profitandloss
1129.0,unnamed_9,2144.0,profitandloss
1130.0,unnamed_9,2529.0,profitandloss
1131.0,unnamed_9,2557.0,profitandloss
1132.0,unnamed_9,2554.0,profitandloss
1133.0,unnamed_9,105.0,profitandloss
1134.0,unnamed_9,129.0,profitandloss
1135.0,unnamed_9,133.0,profitandloss
1136.0,unnamed_9,117.0,profitandloss
1137.0,unnamed_9,126.0,profitandloss
1138.0,unnamed_9,116.0,profitandloss
1139.0,unnamed_9,123.0,profitandloss
1140.0,unnamed_9,242.0,profitandloss
1141.0,unnamed_9,255.0,profitandloss
1142.0,unnamed_9,278.0,profitandloss
1143.0,unnamed_9,304.0,profitandloss
1144.0,unnamed_9,377.0,profitandloss
1145.0,unnamed_9,499.0,profitandloss
1146.0,unnamed_9,7601.0,profitandloss
1147.0,unnamed_9,11078.0,profitandloss
1148.0,unnamed_9,13389.0,profitandloss
1149.0,unnamed_9,16711.0,profitandloss
1150.0,unnamed_9,17905.0,profitandloss
1151.0,unnamed_9,21554.0,profitandloss
1152.0,unnamed_9,23591.0,profitandloss
1153.0,unnamed_9,21425.0,profitandloss
1154.0,unnamed_9,23547.0,profitandloss
1155.0,unnamed_9,24836.0,profitandloss
1156.0,unnamed_9,24860.0,profitandloss
1157.0,unnamed_9,27270.0,profitandloss
1158.0,unnamed_9,26580.0,profitandloss
1159.0,unnamed_9,2052.0,profitandloss
1160.0,unnamed_9,2730.0,profitandloss
1161.0,unnamed_9,2174.0,profitandloss
1162.0,unnamed_9,1649.0,profitandloss
1163.0,unnamed_9,1956.0,profitandloss
1164.0,unnamed_9,2346.0,profitandloss
1165.0,unnamed_9,2393.0,profitandloss
1166.0,unnamed_9,2634.0,profitandloss
1167.0,unnamed_9,2745.0,profitandloss
1168.0,unnamed_9,3122.0,profitandloss
1169.0,unnamed_9,3439.0,profitandloss
1170.0,unnamed_9,3786.0,profitandloss
1171.0,unnamed_9,3927.0,profitandloss
1172.0,unnamed_9,5575.0,profitandloss
1173.0,unnamed_9,5841.0,profitandloss
1174.0,unnamed_9,5944.0,profitandloss
1175.0,unnamed_9,5306.0,profitandloss
1176.0,unnamed_9,5673.0,profitandloss
1177.0,unnamed_9,5742.0,profitandloss
1178.0,unnamed_9,7342.0,profitandloss
1179.0,unnamed_9,8441.0,profitandloss
1180.0,unnamed_9,9234.0,profitandloss
1181.0,unnamed_9,9101.0,profitandloss
1182.0,unnamed_9,9335.0,profitandloss
1183.0,unnamed_9,9882.0,profitandloss
1184.0,unnamed_9,10269.0,profitandloss
1185.0,unnamed_9,1080.0,profitandloss
1186.0,unnamed_9,1349.0,profitandloss
1187.0,unnamed_9,1799.0,profitandloss
1188.0,unnamed_9,1888.0,profitandloss
1189.0,unnamed_9,1987.0,profitandloss
1190.0,unnamed_9,2014.0,profitandloss
1191.0,unnamed_9,2056.0,profitandloss
1192.0,unnamed_9,3529.0,profitandloss
1193.0,unnamed_9,4065.0,profitandloss
1194.0,unnamed_9,4604.0,profitandloss
1195.0,unnamed_9,5022.0,profitandloss
1196.0,unnamed_9,4985.0,profitandloss
1197.0,unnamed_9,5109.0,profitandloss
1198.0,unnamed_9,200.0,profitandloss
1199.0,unnamed_9,522.0,profitandloss
1200.0,unnamed_9,611.0,profitandloss
1201.0,unnamed_9,759.0,profitandloss
1202.0,unnamed_9,978.0,profitandloss
1203.0,unnamed_9,1085.0,profitandloss
1204.0,unnamed_9,1129.0,profitandloss
1205.0,unnamed_9,1446.0,profitandloss
1206.0,unnamed_9,1458.0,profitandloss
1207.0,unnamed_9,1520.0,profitandloss
1208.0,unnamed_9,1957.0,profitandloss
1209.0,unnamed_9,1817.0,profitandloss
1210.0,unnamed_9,1852.0,profitandloss
1211.0,unnamed_9,56.0,profitandloss
1212.0,unnamed_9,68.0,profitandloss
1213.0,unnamed_9,90.0,profitandloss
1214.0,unnamed_9,98.0,profitandloss
1215.0,unnamed_9,111.0,profitandloss
1216.0,unnamed_9,131.0,profitandloss
1217.0,unnamed_9,163.0,profitandloss
1218.0,unnamed_9,348.0,profitandloss
1219.0,unnamed_9,375.0,profitandloss
1220.0,unnamed_9,399.0,profitandloss
1221.0,unnamed_9,441.0,profitandloss
1222.0,unnamed_9,584.0,profitandloss
1223.0,unnamed_9,647.0,profitandloss
1224.0,unnamed_9,83.0,profitandloss
1225.0,unnamed_9,87.0,profitandloss
1226.0,unnamed_9,191.0,profitandloss
1227.0,unnamed_9,238.0,profitandloss
1228.0,unnamed_9,307.0,profitandloss
1229.0,unnamed_9,409.0,profitandloss
1230.0,unnamed_9,618.0,profitandloss
1231.0,unnamed_9,654.0,profitandloss
1232.0,unnamed_9,658.0,profitandloss
1233.0,unnamed_9,662.0,profitandloss
1234.0,unnamed_9,707.0,profitandloss
1235.0,unnamed_9,808.0,profitandloss
1236.0,unnamed_9,797.0,profitandloss
1237.0,unnamed_9,45.0,profitandloss
1238.0,unnamed_9,54.0,profitandloss
1239.0,unnamed_9,75.0,profitandloss
1240.0,unnamed_9,39.0,profitandloss
1241.0,unnamed_9,41.0,profitandloss
1242.0,unnamed_9,46.0,profitandloss
1243.0,unnamed_9,52.0,profitandloss
1244.0,unnamed_9,247.0,profitandloss
1245.0,unnamed_9,257.0,profitandloss
1246.0,unnamed_9,311.0,profitandloss
1247.0,unnamed_9,494.0,profitandloss
1248.0,unnamed_9,671.0,profitandloss
1249.0,unnamed_9,756.0,profitandloss
1250.0,unnamed_9,176.0,profitandloss
1251.0,unnamed_9,149.0,profitandloss
1252.0,unnamed_9,179.0,profitandloss
1253.0,unnamed_9,262.0,profitandloss
1254.0,unnamed_9,317.0,profitandloss
1255.0,unnamed_9,374.0,profitandloss
1256.0,unnamed_9,442.0,profitandloss
1257.0,unnamed_9,556.0,profitandloss
1258.0,unnamed_9,565.0,profitandloss
1259.0,unnamed_9,743.0,profitandloss
1260.0,unnamed_9,859.0,profitandloss
1261.0,unnamed_9,975.0,profitandloss
1262.0,unnamed_9,1038.0,profitandloss
1263.0,unnamed_9,1023.0,profitandloss
1264.0,unnamed_9,1139.0,profitandloss
1265.0,unnamed_9,1203.0,profitandloss
1266.0,unnamed_9,1377.0,profitandloss
1267.0,unnamed_9,1348.0,profitandloss
1268.0,unnamed_9,1848.0,profitandloss
1269.0,unnamed_9,2451.0,profitandloss
1270.0,unnamed_9,2723.0,profitandloss
1271.0,unnamed_9,2700.0,profitandloss
1272.0,unnamed_9,2715.0,profitandloss
1273.0,unnamed_9,2888.0,profitandloss
1274.0,unnamed_9,3145.0,profitandloss
1275.0,unnamed_9,3478.0,profitandloss
1276.0,unnamed_9,156.0,profitandloss
1277.0,unnamed_9,198.0,profitandloss
1278.0,unnamed_9,225.0,profitandloss
1279.0,unnamed_9,249.0,profitandloss
1280.0,unnamed_9,241.0,profitandloss
1281.0,unnamed_9,368.0,profitandloss
1282.0,unnamed_9,374.0,profitandloss
1283.0,unnamed_9,417.0,profitandloss
1284.0,unnamed_9,908.0,profitandloss
1285.0,unnamed_9,745.0,profitandloss
1286.0,unnamed_9,745.0,profitandloss
1287.0,unnamed_9,895.0,profitandloss
1288.0,unnamed_9,0.0,profitandloss
1289.0,unnamed_9,178.0,profitandloss
1290.0,unnamed_9,203.0,profitandloss
1291.0,unnamed_9,223.0,profitandloss
1292.0,unnamed_9,157.0,profitandloss
1293.0,unnamed_9,189.0,profitandloss
1294.0,unnamed_9,192.0,profitandloss
1295.0,unnamed_9,215.0,profitandloss
1296.0,unnamed_9,285.0,profitandloss
1297.0,unnamed_9,299.0,profitandloss
1298.0,unnamed_9,304.0,profitandloss
1299.0,unnamed_9,283.0,profitandloss
1300.0,unnamed_9,275.0,profitandloss
1301.0,unnamed_9,286.0,profitandloss
1302.0,unnamed_9,136.0,profitandloss
1303.0,unnamed_9,184.0,profitandloss
1304.0,unnamed_9,210.0,profitandloss
1305.0,unnamed_9,317.0,profitandloss
1306.0,unnamed_9,322.0,profitandloss
1307.0,unnamed_9,347.0,profitandloss
1308.0,unnamed_9,385.0,profitandloss
1309.0,unnamed_9,489.0,profitandloss
1310.0,unnamed_9,529.0,profitandloss
1311.0,unnamed_9,531.0,profitandloss
1312.0,unnamed_9,617.0,profitandloss
1313.0,unnamed_9,681.0,profitandloss
1314.0,unnamed_9,853.0,profitandloss
1315.0,unnamed_9,197.0,profitandloss
1316.0,unnamed_9,6882.0,profitandloss
1317.0,unnamed_9,7159.0,profitandloss
1318.0,unnamed_9,8572.0,profitandloss
1319.0,unnamed_9,6292.0,profitandloss
1320.0,unnamed_9,6283.0,profitandloss
1321.0,unnamed_9,8192.0,profitandloss
1322.0,unnamed_9,9093.0,profitandloss
1323.0,unnamed_9,7638.0,profitandloss
1324.0,unnamed_9,8895.0,profitandloss
1325.0,unnamed_9,10555.0,profitandloss
1326.0,unnamed_9,10723.0,profitandloss
1327.0,unnamed_9,10958.0,profitandloss
1328.0,unnamed_9,940.0,profitandloss
1329.0,unnamed_9,1060.0,profitandloss
1330.0,unnamed_9,1175.0,profitandloss
1331.0,unnamed_9,1496.0,profitandloss
1332.0,unnamed_9,2310.0,profitandloss
1333.0,unnamed_9,2112.0,profitandloss
1334.0,unnamed_9,1947.0,profitandloss
1335.0,unnamed_9,2086.0,profitandloss
1336.0,unnamed_9,2763.0,profitandloss
1337.0,unnamed_9,3078.0,profitandloss
1338.0,unnamed_9,3340.0,profitandloss
1339.0,unnamed_9,3407.0,profitandloss
1340.0,unnamed_9,3077.0,profitandloss
1341.0,unnamed_9,29.0,profitandloss
1342.0,unnamed_9,43.0,profitandloss
1343.0,unnamed_9,84.0,profitandloss
1344.0,unnamed_9,138.0,profitandloss
1345.0,unnamed_9,150.0,profitandloss
1346.0,unnamed_9,437.0,profitandloss
1347.0,unnamed_9,526.0,profitandloss
1348.0,unnamed_9,716.0,profitandloss
1349.0,unnamed_9,185.0,profitandloss
1350.0,unnamed_9,201.0,profitandloss
1351.0,unnamed_9,287.0,profitandloss
1352.0,unnamed_9,292.0,profitandloss
1353.0,unnamed_9,373.0,profitandloss
1354.0,unnamed_9,539.0,profitandloss
1355.0,unnamed_9,599.0,profitandloss
1356.0,unnamed_9,696.0,profitandloss
1357.0,unnamed_9,670.0,profitandloss
1358.0,unnamed_9,713.0,profitandloss
1359.0,unnamed_9,723.0,profitandloss
1360.0,unnamed_9,764.0,profitandloss
1361.0,unnamed_9,849.0,profitandloss
1362.0,unnamed_9,86.0,profitandloss
1363.0,unnamed_9,226.0,profitandloss
1364.0,unnamed_9,302.0,profitandloss
1365.0,unnamed_9,505.0,profitandloss
1366.0,unnamed_9,457.0,profitandloss
1367.0,unnamed_9,437.0,profitandloss
1368.0,unnamed_9,760.0,profitandloss
1369.0,unnamed_9,3974.0,profitandloss
1370.0,unnamed_9,4699.0,profitandloss
1371.0,unnamed_9,5068.0,profitandloss
1372.0,unnamed_9,5101.0,profitandloss
1373.0,unnamed_9,6406.0,profitandloss
1374.0,unnamed_9,7955.0,profitandloss
,unnamed_10,,profitandloss
61.0,unnamed_10,215.0,profitandloss
62.0,unnamed_10,295.0,profitandloss
63.0,unnamed_10,344.0,profitandloss
64.0,unnamed_10,398.0,profitandloss
65.0,unnamed_10,436.0,profitandloss
66.0,unnamed_10,621.0,profitandloss
67.0,unnamed_10,699.0,profitandloss
68.0,unnamed_10,803.0,profitandloss
69.0,unnamed_10,926.0,profitandloss
70.0,unnamed_10,1080.0,profitandloss
71.0,unnamed_10,1274.0,profitandloss
72.0,unnamed_10,1618.0,profitandloss
73.0,unnamed_10,1728.0,profitandloss
86.0,unnamed_10,0.0,profitandloss
87.0,unnamed_10,-5.0,profitandloss
88.0,unnamed_10,480.0,profitandloss
89.0,unnamed_10,532.0,profitandloss
90.0,unnamed_10,1472.0,profitandloss
91.0,unnamed_10,840.0,profitandloss
92.0,unnamed_10,1107.0,profitandloss
93.0,unnamed_10,1620.0,profitandloss
94.0,unnamed_10,1700.0,profitandloss
95.0,unnamed_10,1712.0,profitandloss
96.0,unnamed_10,1780.0,profitandloss
97.0,unnamed_10,653.0,profitandloss
98.0,unnamed_10,2005.0,profitandloss
99.0,unnamed_10,1614.0,profitandloss
100.0,unnamed_10,2663.0,profitandloss
101.0,unnamed_10,1056.0,profitandloss
102.0,unnamed_10,1079.0,profitandloss
103.0,unnamed_10,487.0,profitandloss
104.0,unnamed_10,459.0,profitandloss
105.0,unnamed_10,1122.0,profitandloss
106.0,unnamed_10,1086.0,profitandloss
107.0,unnamed_10,952.0,profitandloss
108.0,unnamed_10,3247.0,profitandloss
109.0,unnamed_10,4926.0,profitandloss
110.0,unnamed_10,7691.0,profitandloss
111.0,unnamed_10,-184.0,profitandloss
112.0,unnamed_10,-210.0,profitandloss
113.0,unnamed_10,-585.0,profitandloss
114.0,unnamed_10,-50.0,profitandloss
115.0,unnamed_10,193.0,profitandloss
116.0,unnamed_10,553.0,profitandloss
117.0,unnamed_10,1426.0,profitandloss
118.0,unnamed_10,1671.0,profitandloss
119.0,unnamed_10,1709.0,profitandloss
120.0,unnamed_10,1762.0,profitandloss
121.0,unnamed_10,1978.0,profitandloss
122.0,unnamed_10,2501.0,profitandloss
123.0,unnamed_10,3119.0,profitandloss
124.0,unnamed_10,4179.0,profitandloss
125.0,unnamed_10,5234.0,profitandloss
126.0,unnamed_10,5126.0,profitandloss
127.0,unnamed_10,4244.0,profitandloss
128.0,unnamed_10,6292.0,profitandloss
129.0,unnamed_10,5717.0,profitandloss
130.0,unnamed_10,5487.0,profitandloss
131.0,unnamed_10,9639.0,profitandloss
132.0,unnamed_10,11560.0,profitandloss
133.0,unnamed_10,1762.0,profitandloss
134.0,unnamed_10,1978.0,profitandloss
135.0,unnamed_10,2501.0,profitandloss
136.0,unnamed_10,3119.0,profitandloss
137.0,unnamed_10,4179.0,profitandloss
138.0,unnamed_10,5234.0,profitandloss
139.0,unnamed_10,5126.0,profitandloss
140.0,unnamed_10,4244.0,profitandloss
141.0,unnamed_10,6292.0,profitandloss
142.0,unnamed_10,5717.0,profitandloss
143.0,unnamed_10,5487.0,profitandloss
144.0,unnamed_10,9639.0,profitandloss
145.0,unnamed_10,11560.0,profitandloss
146.0,unnamed_10,-1818.0,profitandloss
147.0,unnamed_10,-1370.0,profitandloss
148.0,unnamed_10,-816.0,profitandloss
149.0,unnamed_10,375.0,profitandloss
150.0,unnamed_10,-6260.0,profitandloss
151.0,unnamed_10,-2079.0,profitandloss
152.0,unnamed_10,-976.0,profitandloss
153.0,unnamed_10,-2265.0,profitandloss
154.0,unnamed_10,2289.0,profitandloss
155.0,unnamed_10,6577.0,profitandloss
156.0,unnamed_10,7675.0,profitandloss
157.0,unnamed_10,20792.0,profitandloss
158.0,unnamed_10,15808.0,profitandloss
159.0,unnamed_10,1896.0,profitandloss
160.0,unnamed_10,1498.0,profitandloss
161.0,unnamed_10,1774.0,profitandloss
162.0,unnamed_10,1173.0,profitandloss
163.0,unnamed_10,2008.0,profitandloss
164.0,unnamed_10,2768.0,profitandloss
165.0,unnamed_10,2919.0,profitandloss
166.0,unnamed_10,3875.0,profitandloss
167.0,unnamed_10,3992.0,profitandloss
168.0,unnamed_10,5164.0,profitandloss
169.0,unnamed_10,3729.0,profitandloss
170.0,unnamed_10,5901.0,profitandloss
171.0,unnamed_10,4856.0,profitandloss
172.0,unnamed_10,399.0,profitandloss
173.0,unnamed_10,407.0,profitandloss
174.0,unnamed_10,455.0,profitandloss
175.0,unnamed_10,332.0,profitandloss
176.0,unnamed_10,222.0,profitandloss
177.0,unnamed_10,171.0,profitandloss
178.0,unnamed_10,373.0,profitandloss
179.0,unnamed_10,660.0,profitandloss
180.0,unnamed_10,221.0,profitandloss
181.0,unnamed_10,1578.0,profitandloss
182.0,unnamed_10,1144.0,profitandloss
183.0,unnamed_10,1362.0,profitandloss
184.0,unnamed_10,1719.0,profitandloss
185.0,unnamed_10,1655.0,profitandloss
186.0,unnamed_10,1834.0,profitandloss
187.0,unnamed_10,2077.0,profitandloss
188.0,unnamed_10,2614.0,profitandloss
189.0,unnamed_10,2960.0,profitandloss
190.0,unnamed_10,3138.0,profitandloss
191.0,unnamed_10,3306.0,profitandloss
192.0,unnamed_10,3629.0,profitandloss
193.0,unnamed_10,4304.0,profitandloss
194.0,unnamed_10,4188.0,profitandloss
195.0,unnamed_10,5689.0,profitandloss
196.0,unnamed_10,7348.0,profitandloss
197.0,unnamed_10,6155.0,profitandloss
198.0,unnamed_10,259.0,profitandloss
199.0,unnamed_10,357.0,profitandloss
200.0,unnamed_10,547.0,profitandloss
201.0,unnamed_10,631.0,profitandloss
202.0,unnamed_10,684.0,profitandloss
203.0,unnamed_10,733.0,profitandloss
204.0,unnamed_10,896.0,profitandloss
205.0,unnamed_10,900.0,profitandloss
206.0,unnamed_10,4277.0,profitandloss
207.0,unnamed_10,4655.0,profitandloss
208.0,unnamed_10,4083.0,profitandloss
209.0,unnamed_10,5679.0,profitandloss
210.0,unnamed_10,5588.0,profitandloss
211.0,unnamed_10,5933.0,profitandloss
212.0,unnamed_10,6956.0,profitandloss
213.0,unnamed_10,6692.0,profitandloss
214.0,unnamed_10,6241.0,profitandloss
215.0,unnamed_10,7652.0,profitandloss
216.0,unnamed_10,7842.0,profitandloss
217.0,unnamed_10,10040.0,profitandloss
218.0,unnamed_10,10135.0,profitandloss
219.0,unnamed_10,7553.0,profitandloss
220.0,unnamed_10,9349.0,profitandloss
221.0,unnamed_10,11057.0,profitandloss
222.0,unnamed_10,12394.0,profitandloss
223.0,unnamed_10,5468.0,profitandloss
224.0,unnamed_10,122.0,profitandloss
225.0,unnamed_10,6974.0,profitandloss
226.0,unnamed_10,4904.0,profitandloss
227.0,unnamed_10,8806.0,profitandloss
228.0,unnamed_10,17383.0,profitandloss
229.0,unnamed_10,16906.0,profitandloss
230.0,unnamed_10,33060.0,profitandloss
231.0,unnamed_10,34304.0,profitandloss
232.0,unnamed_10,2708.0,profitandloss
233.0,unnamed_10,2902.0,profitandloss
234.0,unnamed_10,3251.0,profitandloss
235.0,unnamed_10,3804.0,profitandloss
236.0,unnamed_10,4925.0,profitandloss
237.0,unnamed_10,6099.0,profitandloss
238.0,unnamed_10,8155.0,profitandloss
239.0,unnamed_10,8302.0,profitandloss
240.0,unnamed_10,9862.0,profitandloss
241.0,unnamed_10,11271.0,profitandloss
242.0,unnamed_10,16811.0,profitandloss
243.0,unnamed_10,21375.0,profitandloss
244.0,unnamed_10,22892.0,profitandloss
245.0,unnamed_10,322.0,profitandloss
246.0,unnamed_10,400.0,profitandloss
247.0,unnamed_10,513.0,profitandloss
248.0,unnamed_10,430.0,profitandloss
249.0,unnamed_10,630.0,profitandloss
250.0,unnamed_10,2739.0,profitandloss
251.0,unnamed_10,3170.0,profitandloss
252.0,unnamed_10,3314.0,profitandloss
253.0,unnamed_10,3766.0,profitandloss
254.0,unnamed_10,4226.0,profitandloss
255.0,unnamed_10,5012.0,profitandloss
256.0,unnamed_10,7493.0,profitandloss
257.0,unnamed_10,7574.0,profitandloss
258.0,unnamed_10,1357.0,profitandloss
259.0,unnamed_10,1965.0,profitandloss
260.0,unnamed_10,2817.0,profitandloss
261.0,unnamed_10,3843.0,profitandloss
262.0,unnamed_10,6179.0,profitandloss
263.0,unnamed_10,7322.0,profitandloss
264.0,unnamed_10,5992.0,profitandloss
265.0,unnamed_10,9504.0,profitandloss
266.0,unnamed_10,15528.0,profitandloss
267.0,unnamed_10,19310.0,profitandloss
268.0,unnamed_10,20667.0,profitandloss
269.0,unnamed_10,5195.0,profitandloss
270.0,unnamed_10,5996.0,profitandloss
271.0,unnamed_10,5983.0,profitandloss
272.0,unnamed_10,-6233.0,profitandloss
273.0,unnamed_10,3024.0,profitandloss
274.0,unnamed_10,-2106.0,profitandloss
275.0,unnamed_10,1525.0,profitandloss
276.0,unnamed_10,-1234.0,profitandloss
277.0,unnamed_10,6373.0,profitandloss
278.0,unnamed_10,10008.0,profitandloss
279.0,unnamed_10,20565.0,profitandloss
280.0,unnamed_10,25799.0,profitandloss
281.0,unnamed_10,27332.0,profitandloss
282.0,unnamed_10,4785.0,profitandloss
283.0,unnamed_10,7864.0,profitandloss
284.0,unnamed_10,10540.0,profitandloss
285.0,unnamed_10,12846.0,profitandloss
286.0,unnamed_10,7723.0,profitandloss
287.0,unnamed_10,3267.0,profitandloss
288.0,unnamed_10,-1732.0,profitandloss
289.0,unnamed_10,-42846.0,profitandloss
290.0,unnamed_10,-3432.0,profitandloss
291.0,unnamed_10,12483.0,profitandloss
292.0,unnamed_10,16561.0,profitandloss
293.0,unnamed_10,12679.0,profitandloss
294.0,unnamed_10,18809.0,profitandloss
295.0,unnamed_10,1147.0,profitandloss
296.0,unnamed_10,1206.0,profitandloss
297.0,unnamed_10,1513.0,profitandloss
298.0,unnamed_10,1764.0,profitandloss
299.0,unnamed_10,1983.0,profitandloss
300.0,unnamed_10,1957.0,profitandloss
301.0,unnamed_10,2628.0,profitandloss
302.0,unnamed_10,2478.0,profitandloss
303.0,unnamed_10,2942.0,profitandloss
304.0,unnamed_10,3166.0,profitandloss
305.0,unnamed_10,3923.0,profitandloss
306.0,unnamed_10,5266.0,profitandloss
307.0,unnamed_10,6010.0,profitandloss
308.0,unnamed_10,9531.0,profitandloss
309.0,unnamed_10,5078.0,profitandloss
310.0,unnamed_10,2187.0,profitandloss
311.0,unnamed_10,-1161.0,profitandloss
312.0,unnamed_10,586.0,profitandloss
313.0,unnamed_10,1215.0,profitandloss
314.0,unnamed_10,1840.0,profitandloss
315.0,unnamed_10,-659.0,profitandloss
316.0,unnamed_10,-3596.0,profitandloss
317.0,unnamed_10,470.0,profitandloss
318.0,unnamed_10,716.0,profitandloss
319.0,unnamed_10,243.0,profitandloss
320.0,unnamed_10,583.0,profitandloss
321.0,unnamed_10,1346.0,profitandloss
322.0,unnamed_10,1257.0,profitandloss
323.0,unnamed_10,1956.0,profitandloss
324.0,unnamed_10,2102.0,profitandloss
325.0,unnamed_10,2391.0,profitandloss
326.0,unnamed_10,2041.0,profitandloss
327.0,unnamed_10,2339.0,profitandloss
328.0,unnamed_10,985.0,profitandloss
329.0,unnamed_10,567.0,profitandloss
330.0,unnamed_10,1500.0,profitandloss
331.0,unnamed_10,1882.0,profitandloss
332.0,unnamed_10,3181.0,profitandloss
333.0,unnamed_10,2668.0,profitandloss
334.0,unnamed_10,3220.0,profitandloss
335.0,unnamed_10,6166.0,profitandloss
336.0,unnamed_10,7690.0,profitandloss
337.0,unnamed_10,12132.0,profitandloss
338.0,unnamed_10,13700.0,profitandloss
339.0,unnamed_10,14174.0,profitandloss
340.0,unnamed_10,12905.0,profitandloss
341.0,unnamed_10,3652.0,profitandloss
342.0,unnamed_10,22432.0,profitandloss
343.0,unnamed_10,16037.0,profitandloss
344.0,unnamed_10,2821.0,profitandloss
345.0,unnamed_10,36194.0,profitandloss
346.0,unnamed_10,18955.0,profitandloss
347.0,unnamed_10,358.0,profitandloss
348.0,unnamed_10,569.0,profitandloss
349.0,unnamed_10,950.0,profitandloss
350.0,unnamed_10,1220.0,profitandloss
351.0,unnamed_10,1304.0,profitandloss
352.0,unnamed_10,1518.0,profitandloss
353.0,unnamed_10,1768.0,profitandloss
354.0,unnamed_10,1844.0,profitandloss
355.0,unnamed_10,2514.0,profitandloss
356.0,unnamed_10,2078.0,profitandloss
357.0,unnamed_10,3033.0,profitandloss
358.0,unnamed_10,2913.0,profitandloss
359.0,unnamed_10,2889.0,profitandloss
360.0,unnamed_10,3771.0,profitandloss
361.0,unnamed_10,3242.0,profitandloss
362.0,unnamed_10,3683.0,profitandloss
363.0,unnamed_10,-2914.0,profitandloss
364.0,unnamed_10,1746.0,profitandloss
365.0,unnamed_10,-6408.0,profitandloss
366.0,unnamed_10,-2111.0,profitandloss
367.0,unnamed_10,-1514.0,profitandloss
368.0,unnamed_10,3882.0,profitandloss
369.0,unnamed_10,9145.0,profitandloss
370.0,unnamed_10,14427.0,profitandloss
371.0,unnamed_10,20000.0,profitandloss
372.0,unnamed_10,21409.0,profitandloss
373.0,unnamed_10,452.0,profitandloss
374.0,unnamed_10,554.0,profitandloss
375.0,unnamed_10,666.0,profitandloss
376.0,unnamed_10,879.0,profitandloss
377.0,unnamed_10,1107.0,profitandloss
378.0,unnamed_10,1401.0,profitandloss
379.0,unnamed_10,1832.0,profitandloss
380.0,unnamed_10,1588.0,profitandloss
381.0,unnamed_10,2048.0,profitandloss
382.0,unnamed_10,2908.0,profitandloss
383.0,unnamed_10,3615.0,profitandloss
384.0,unnamed_10,4605.0,profitandloss
385.0,unnamed_10,5180.0,profitandloss
386.0,unnamed_10,2095.0,profitandloss
387.0,unnamed_10,1880.0,profitandloss
388.0,unnamed_10,1654.0,profitandloss
389.0,unnamed_10,1727.0,profitandloss
390.0,unnamed_10,1222.0,profitandloss
391.0,unnamed_10,1669.0,profitandloss
392.0,unnamed_10,2079.0,profitandloss
393.0,unnamed_10,2178.0,profitandloss
394.0,unnamed_10,3290.0,profitandloss
395.0,unnamed_10,3493.0,profitandloss
396.0,unnamed_10,4038.0,profitandloss
397.0,unnamed_10,5702.0,profitandloss
398.0,unnamed_10,6576.0,profitandloss
399.0,unnamed_10,24979.0,profitandloss
400.0,unnamed_10,22880.0,profitandloss
401.0,unnamed_10,21584.0,profitandloss
402.0,unnamed_10,21440.0,profitandloss
403.0,unnamed_10,14446.0,profitandloss
404.0,unnamed_10,10770.0,profitandloss
405.0,unnamed_10,27127.0,profitandloss
406.0,unnamed_10,24071.0,profitandloss
407.0,unnamed_10,18009.0,profitandloss
408.0,unnamed_10,23616.0,profitandloss
409.0,unnamed_10,43275.0,profitandloss
410.0,unnamed_10,48813.0,profitandloss
411.0,unnamed_10,45523.0,profitandloss
412.0,unnamed_10,948.0,profitandloss
413.0,unnamed_10,1136.0,profitandloss
414.0,unnamed_10,1319.0,profitandloss
415.0,unnamed_10,1554.0,profitandloss
416.0,unnamed_10,1611.0,profitandloss
417.0,unnamed_10,1693.0,profitandloss
418.0,unnamed_10,1725.0,profitandloss
419.0,unnamed_10,1728.0,profitandloss
420.0,unnamed_10,2056.0,profitandloss
421.0,unnamed_10,2269.0,profitandloss
422.0,unnamed_10,2219.0,profitandloss
423.0,unnamed_10,2359.0,profitandloss
424.0,unnamed_10,2302.0,profitandloss
425.0,unnamed_10,781.0,profitandloss
426.0,unnamed_10,991.0,profitandloss
427.0,unnamed_10,1072.0,profitandloss
428.0,unnamed_10,1393.0,profitandloss
429.0,unnamed_10,1395.0,profitandloss
430.0,unnamed_10,1231.0,profitandloss
431.0,unnamed_10,1855.0,profitandloss
432.0,unnamed_10,1819.0,profitandloss
433.0,unnamed_10,2666.0,profitandloss
434.0,unnamed_10,3684.0,profitandloss
435.0,unnamed_10,2369.0,profitandloss
436.0,unnamed_10,2163.0,profitandloss
437.0,unnamed_10,2528.0,profitandloss
438.0,unnamed_10,802.0,profitandloss
439.0,unnamed_10,500.0,profitandloss
440.0,unnamed_10,668.0,profitandloss
441.0,unnamed_10,1026.0,profitandloss
442.0,unnamed_10,1030.0,profitandloss
443.0,unnamed_10,8615.0,profitandloss
444.0,unnamed_10,646.0,profitandloss
445.0,unnamed_10,653.0,profitandloss
446.0,unnamed_10,840.0,profitandloss
447.0,unnamed_10,1165.0,profitandloss
448.0,unnamed_10,1502.0,profitandloss
449.0,unnamed_10,2151.0,profitandloss
450.0,unnamed_10,2010.0,profitandloss
451.0,unnamed_10,141.0,profitandloss
452.0,unnamed_10,245.0,profitandloss
453.0,unnamed_10,323.0,profitandloss
454.0,unnamed_10,492.0,profitandloss
455.0,unnamed_10,747.0,profitandloss
456.0,unnamed_10,1222.0,profitandloss
457.0,unnamed_10,1422.0,profitandloss
458.0,unnamed_10,1745.0,profitandloss
459.0,unnamed_10,1483.0,profitandloss
460.0,unnamed_10,2064.0,profitandloss
461.0,unnamed_10,3060.0,profitandloss
462.0,unnamed_10,3461.0,profitandloss
463.0,unnamed_10,3716.0,profitandloss
464.0,unnamed_10,2165.0,profitandloss
465.0,unnamed_10,2646.0,profitandloss
466.0,unnamed_10,2900.0,profitandloss
467.0,unnamed_10,2859.0,profitandloss
468.0,unnamed_10,1554.0,profitandloss
469.0,unnamed_10,1350.0,profitandloss
470.0,unnamed_10,2336.0,profitandloss
471.0,unnamed_10,1886.0,profitandloss
472.0,unnamed_10,2884.0,profitandloss
473.0,unnamed_10,3061.0,profitandloss
474.0,unnamed_10,6048.0,profitandloss
475.0,unnamed_10,7201.0,profitandloss
476.0,unnamed_10,7280.0,profitandloss
477.0,unnamed_10,600.0,profitandloss
478.0,unnamed_10,671.0,profitandloss
479.0,unnamed_10,993.0,profitandloss
480.0,unnamed_10,1877.0,profitandloss
481.0,unnamed_10,2433.0,profitandloss
482.0,unnamed_10,3116.0,profitandloss
483.0,unnamed_10,3297.0,profitandloss
484.0,unnamed_10,2355.0,profitandloss
485.0,unnamed_10,2203.0,profitandloss
486.0,unnamed_10,2203.0,profitandloss
487.0,unnamed_10,3800.0,profitandloss
488.0,unnamed_10,5202.0,profitandloss
489.0,unnamed_10,5486.0,profitandloss
490.0,unnamed_10,6558.0,profitandloss
491.0,unnamed_10,6922.0,profitandloss
492.0,unnamed_10,4492.0,profitandloss
493.0,unnamed_10,2949.0,profitandloss
494.0,unnamed_10,5183.0,profitandloss
495.0,unnamed_10,6928.0,profitandloss
496.0,unnamed_10,9831.0,profitandloss
497.0,unnamed_10,10429.0,profitandloss
498.0,unnamed_10,7725.0,profitandloss
499.0,unnamed_10,15464.0,profitandloss
500.0,unnamed_10,7256.0,profitandloss
501.0,unnamed_10,12595.0,profitandloss
502.0,unnamed_10,14758.0,profitandloss
503.0,unnamed_10,1025.0,profitandloss
504.0,unnamed_10,1030.0,profitandloss
505.0,unnamed_10,1249.0,profitandloss
506.0,unnamed_10,1167.0,profitandloss
507.0,unnamed_10,1687.0,profitandloss
508.0,unnamed_10,2039.0,profitandloss
509.0,unnamed_10,2085.0,profitandloss
510.0,unnamed_10,1760.0,profitandloss
511.0,unnamed_10,2080.0,profitandloss
512.0,unnamed_10,2155.0,profitandloss
513.0,unnamed_10,2133.0,profitandloss
514.0,unnamed_10,198.0,profitandloss
515.0,unnamed_10,348.0,profitandloss
516.0,unnamed_10,5171.0,profitandloss
517.0,unnamed_10,3586.0,profitandloss
518.0,unnamed_10,3443.0,profitandloss
519.0,unnamed_10,4679.0,profitandloss
520.0,unnamed_10,5952.0,profitandloss
521.0,unnamed_10,5635.0,profitandloss
522.0,unnamed_10,5163.0,profitandloss
523.0,unnamed_10,6554.0,profitandloss
524.0,unnamed_10,10009.0,profitandloss
525.0,unnamed_10,13143.0,profitandloss
526.0,unnamed_10,14727.0,profitandloss
527.0,unnamed_10,13700.0,profitandloss
528.0,unnamed_10,12344.0,profitandloss
529.0,unnamed_10,3497.0,profitandloss
530.0,unnamed_10,3578.0,profitandloss
531.0,unnamed_10,3173.0,profitandloss
532.0,unnamed_10,3207.0,profitandloss
533.0,unnamed_10,3583.0,profitandloss
534.0,unnamed_10,3240.0,profitandloss
535.0,unnamed_10,3742.0,profitandloss
536.0,unnamed_10,3938.0,profitandloss
537.0,unnamed_10,4277.0,profitandloss
538.0,unnamed_10,5231.0,profitandloss
539.0,unnamed_10,6493.0,profitandloss
540.0,unnamed_10,10199.0,profitandloss
541.0,unnamed_10,11045.0,profitandloss
542.0,unnamed_10,664.0,profitandloss
543.0,unnamed_10,594.0,profitandloss
544.0,unnamed_10,569.0,profitandloss
545.0,unnamed_10,1520.0,profitandloss
546.0,unnamed_10,723.0,profitandloss
547.0,unnamed_10,965.0,profitandloss
548.0,unnamed_10,1147.0,profitandloss
549.0,unnamed_10,904.0,profitandloss
550.0,unnamed_10,1438.0,profitandloss
551.0,unnamed_10,1607.0,profitandloss
552.0,unnamed_10,1447.0,profitandloss
553.0,unnamed_10,1707.0,profitandloss
554.0,unnamed_10,1889.0,profitandloss
555.0,unnamed_10,5270.0,profitandloss
556.0,unnamed_10,7917.0,profitandloss
557.0,unnamed_10,9117.0,profitandloss
558.0,unnamed_10,7041.0,profitandloss
559.0,unnamed_10,10542.0,profitandloss
560.0,unnamed_10,11024.0,profitandloss
561.0,unnamed_10,12622.0,profitandloss
562.0,unnamed_10,13980.0,profitandloss
563.0,unnamed_10,15853.0,profitandloss
564.0,unnamed_10,16951.0,profitandloss
565.0,unnamed_10,19488.0,profitandloss
566.0,unnamed_10,20967.0,profitandloss
567.0,unnamed_10,22795.0,profitandloss
568.0,unnamed_10,10004.0,profitandloss
569.0,unnamed_10,13211.0,profitandloss
570.0,unnamed_10,16079.0,profitandloss
571.0,unnamed_10,19511.0,profitandloss
572.0,unnamed_10,23393.0,profitandloss
573.0,unnamed_10,28464.0,profitandloss
574.0,unnamed_10,34318.0,profitandloss
575.0,unnamed_10,38195.0,profitandloss
576.0,unnamed_10,42796.0,profitandloss
577.0,unnamed_10,50873.0,profitandloss
578.0,unnamed_10,61498.0,profitandloss
579.0,unnamed_10,76569.0,profitandloss
580.0,unnamed_10,88430.0,profitandloss
581.0,unnamed_10,502.0,profitandloss
582.0,unnamed_10,794.0,profitandloss
583.0,unnamed_10,924.0,profitandloss
584.0,unnamed_10,1008.0,profitandloss
585.0,unnamed_10,1061.0,profitandloss
586.0,unnamed_10,1300.0,profitandloss
587.0,unnamed_10,1291.0,profitandloss
588.0,unnamed_10,1463.0,profitandloss
589.0,unnamed_10,1629.0,profitandloss
590.0,unnamed_10,1487.0,profitandloss
591.0,unnamed_10,1441.0,profitandloss
592.0,unnamed_10,977.0,profitandloss
593.0,unnamed_10,1239.0,profitandloss
594.0,unnamed_10,2864.0,profitandloss
595.0,unnamed_10,3292.0,profitandloss
596.0,unnamed_10,4387.0,profitandloss
597.0,unnamed_10,4885.0,profitandloss
598.0,unnamed_10,5292.0,profitandloss
599.0,unnamed_10,5104.0,profitandloss
600.0,unnamed_10,4611.0,profitandloss
601.0,unnamed_10,3849.0,profitandloss
602.0,unnamed_10,3058.0,profitandloss
603.0,unnamed_10,3864.0,profitandloss
604.0,unnamed_10,5090.0,profitandloss
605.0,unnamed_10,5620.0,profitandloss
606.0,unnamed_10,3909.0,profitandloss
607.0,unnamed_10,2653.0,profitandloss
608.0,unnamed_10,340.0,profitandloss
609.0,unnamed_10,-203.0,profitandloss
610.0,unnamed_10,3315.0,profitandloss
611.0,unnamed_10,8157.0,profitandloss
612.0,unnamed_10,8083.0,profitandloss
613.0,unnamed_10,5924.0,profitandloss
614.0,unnamed_10,6206.0,profitandloss
615.0,unnamed_10,19103.0,profitandloss
616.0,unnamed_10,13241.0,profitandloss
617.0,unnamed_10,14012.0,profitandloss
618.0,unnamed_10,17955.0,profitandloss
619.0,unnamed_10,5066.0,profitandloss
620.0,unnamed_10,5215.0,profitandloss
621.0,unnamed_10,6320.0,profitandloss
622.0,unnamed_10,6026.0,profitandloss
623.0,unnamed_10,6467.0,profitandloss
624.0,unnamed_10,7306.0,profitandloss
625.0,unnamed_10,8604.0,profitandloss
626.0,unnamed_10,9165.0,profitandloss
627.0,unnamed_10,10605.0,profitandloss
628.0,unnamed_10,11879.0,profitandloss
629.0,unnamed_10,13344.0,profitandloss
630.0,unnamed_10,13926.0,profitandloss
631.0,unnamed_10,14472.0,profitandloss
632.0,unnamed_10,13610.0,profitandloss
633.0,unnamed_10,16282.0,profitandloss
634.0,unnamed_10,18334.0,profitandloss
635.0,unnamed_10,14304.0,profitandloss
636.0,unnamed_10,13809.0,profitandloss
637.0,unnamed_10,10978.0,profitandloss
638.0,unnamed_10,7408.0,profitandloss
639.0,unnamed_10,18589.0,profitandloss
640.0,unnamed_10,26028.0,profitandloss
641.0,unnamed_10,34241.0,profitandloss
642.0,unnamed_10,46256.0,profitandloss
643.0,unnamed_10,60434.0,profitandloss
644.0,unnamed_10,70242.0,profitandloss
645.0,unnamed_10,351.0,profitandloss
646.0,unnamed_10,533.0,profitandloss
647.0,unnamed_10,705.0,profitandloss
648.0,unnamed_10,708.0,profitandloss
649.0,unnamed_10,910.0,profitandloss
650.0,unnamed_10,1196.0,profitandloss
651.0,unnamed_10,1598.0,profitandloss
652.0,unnamed_10,1697.0,profitandloss
653.0,unnamed_10,1954.0,profitandloss
654.0,unnamed_10,1684.0,profitandloss
655.0,unnamed_10,2113.0,profitandloss
656.0,unnamed_10,2555.0,profitandloss
657.0,unnamed_10,3351.0,profitandloss
658.0,unnamed_10,1591.0,profitandloss
659.0,unnamed_10,1572.0,profitandloss
660.0,unnamed_10,1642.0,profitandloss
661.0,unnamed_10,1842.0,profitandloss
662.0,unnamed_10,1863.0,profitandloss
663.0,unnamed_10,1839.0,profitandloss
664.0,unnamed_10,1274.0,profitandloss
665.0,unnamed_10,1198.0,profitandloss
666.0,unnamed_10,1219.0,profitandloss
667.0,unnamed_10,961.0,profitandloss
668.0,unnamed_10,1085.0,profitandloss
669.0,unnamed_10,1028.0,profitandloss
670.0,unnamed_10,1254.0,profitandloss
697.0,unnamed_10,1576.0,profitandloss
698.0,unnamed_10,2128.0,profitandloss
699.0,unnamed_10,2709.0,profitandloss
700.0,unnamed_10,3469.0,profitandloss
701.0,unnamed_10,4360.0,profitandloss
702.0,unnamed_10,5481.0,profitandloss
703.0,unnamed_10,4981.0,profitandloss
704.0,unnamed_10,6121.0,profitandloss
705.0,unnamed_10,3784.0,profitandloss
706.0,unnamed_10,6174.0,profitandloss
707.0,unnamed_10,9860.0,profitandloss
708.0,unnamed_10,11942.0,profitandloss
709.0,unnamed_10,10844.0,profitandloss
710.0,unnamed_10,12799.0,profitandloss
711.0,unnamed_10,14728.0,profitandloss
712.0,unnamed_10,17284.0,profitandloss
713.0,unnamed_10,18740.0,profitandloss
714.0,unnamed_10,19951.0,profitandloss
715.0,unnamed_10,20270.0,profitandloss
716.0,unnamed_10,21041.0,profitandloss
717.0,unnamed_10,22007.0,profitandloss
718.0,unnamed_10,26628.0,profitandloss
719.0,unnamed_10,30110.0,profitandloss
720.0,unnamed_10,33322.0,profitandloss
721.0,unnamed_10,35988.0,profitandloss
722.0,unnamed_10,38184.0,profitandloss
723.0,unnamed_10,4504.0,profitandloss
724.0,unnamed_10,9978.0,profitandloss
725.0,unnamed_10,7014.0,profitandloss
726.0,unnamed_10,18072.0,profitandloss
727.0,unnamed_10,27956.0,profitandloss
728.0,unnamed_10,34450.0,profitandloss
729.0,unnamed_10,25927.0,profitandloss
730.0,unnamed_10,-7177.0,profitandloss
731.0,unnamed_10,30751.0,profitandloss
732.0,unnamed_10,34289.0,profitandloss
733.0,unnamed_10,15038.0,profitandloss
734.0,unnamed_10,57288.0,profitandloss
735.0,unnamed_10,14438.0,profitandloss
736.0,unnamed_10,214.0,profitandloss
737.0,unnamed_10,309.0,profitandloss
738.0,unnamed_10,355.0,profitandloss
739.0,unnamed_10,346.0,profitandloss
740.0,unnamed_10,479.0,profitandloss
741.0,unnamed_10,730.0,profitandloss
742.0,unnamed_10,258.0,profitandloss
743.0,unnamed_10,885.0,profitandloss
744.0,unnamed_10,1354.0,profitandloss
745.0,unnamed_10,1496.0,profitandloss
746.0,unnamed_10,1617.0,profitandloss
747.0,unnamed_10,1454.0,profitandloss
748.0,unnamed_10,1572.0,profitandloss
749.0,unnamed_10,1914.0,profitandloss
750.0,unnamed_10,1950.0,profitandloss
751.0,unnamed_10,2133.0,profitandloss
752.0,unnamed_10,2592.0,profitandloss
753.0,unnamed_10,2902.0,profitandloss
754.0,unnamed_10,3192.0,profitandloss
755.0,unnamed_10,4416.0,profitandloss
756.0,unnamed_10,6090.0,profitandloss
757.0,unnamed_10,6167.0,profitandloss
758.0,unnamed_10,6412.0,profitandloss
759.0,unnamed_10,6537.0,profitandloss
760.0,unnamed_10,11106.0,profitandloss
761.0,unnamed_10,13052.0,profitandloss
762.0,unnamed_10,14362.0,profitandloss
763.0,unnamed_10,14859.0,profitandloss
764.0,unnamed_10,16026.0,profitandloss
765.0,unnamed_10,17409.0,profitandloss
766.0,unnamed_10,19150.0,profitandloss
767.0,unnamed_10,20035.0,profitandloss
768.0,unnamed_10,17938.0,profitandloss
769.0,unnamed_10,20740.0,profitandloss
770.0,unnamed_10,25915.0,profitandloss
771.0,unnamed_10,27140.0,profitandloss
772.0,unnamed_10,27302.0,profitandloss
773.0,unnamed_10,3833.0,profitandloss
774.0,unnamed_10,2512.0,profitandloss
775.0,unnamed_10,-1543.0,profitandloss
776.0,unnamed_10,-3964.0,profitandloss
777.0,unnamed_10,-3043.0,profitandloss
778.0,unnamed_10,-1864.0,profitandloss
779.0,unnamed_10,-2802.0,profitandloss
780.0,unnamed_10,-291.0,profitandloss
781.0,unnamed_10,6078.0,profitandloss
782.0,unnamed_10,9690.0,profitandloss
783.0,unnamed_10,5266.0,profitandloss
784.0,unnamed_10,6241.0,profitandloss
785.0,unnamed_10,6163.0,profitandloss
786.0,unnamed_10,49.0,profitandloss
787.0,unnamed_10,1956.0,profitandloss
788.0,unnamed_10,1944.0,profitandloss
789.0,unnamed_10,1186.0,profitandloss
790.0,unnamed_10,1060.0,profitandloss
791.0,unnamed_10,1892.0,profitandloss
792.0,unnamed_10,2017.0,profitandloss
793.0,unnamed_10,892.0,profitandloss
794.0,unnamed_10,338.0,profitandloss
795.0,unnamed_10,897.0,profitandloss
796.0,unnamed_10,544.0,profitandloss
797.0,unnamed_10,1099.0,profitandloss
798.0,unnamed_10,2238.0,profitandloss
799.0,unnamed_10,1943.0,profitandloss
800.0,unnamed_10,2167.0,profitandloss
801.0,unnamed_10,2352.0,profitandloss
802.0,unnamed_10,1999.0,profitandloss
803.0,unnamed_10,1308.0,profitandloss
804.0,unnamed_10,2539.0,profitandloss
805.0,unnamed_10,-2468.0,profitandloss
806.0,unnamed_10,5128.0,profitandloss
807.0,unnamed_10,7651.0,profitandloss
808.0,unnamed_10,11168.0,profitandloss
809.0,unnamed_10,3013.0,profitandloss
810.0,unnamed_10,12015.0,profitandloss
811.0,unnamed_10,29745.0,profitandloss
812.0,unnamed_10,5655.0,profitandloss
813.0,unnamed_10,13380.0,profitandloss
814.0,unnamed_10,5359.0,profitandloss
815.0,unnamed_10,3144.0,profitandloss
816.0,unnamed_10,3695.0,profitandloss
817.0,unnamed_10,4550.0,profitandloss
818.0,unnamed_10,5024.0,profitandloss
819.0,unnamed_10,7332.0,profitandloss
820.0,unnamed_10,9158.0,profitandloss
821.0,unnamed_10,10576.0,profitandloss
822.0,unnamed_10,11422.0,profitandloss
823.0,unnamed_10,13168.0,profitandloss
824.0,unnamed_10,15948.0,profitandloss
825.0,unnamed_10,19646.0,profitandloss
826.0,unnamed_10,23863.0,profitandloss
827.0,unnamed_10,29413.0,profitandloss
828.0,unnamed_10,8199.0,profitandloss
829.0,unnamed_10,13544.0,profitandloss
830.0,unnamed_10,12151.0,profitandloss
831.0,unnamed_10,12138.0,profitandloss
832.0,unnamed_10,41463.0,profitandloss
833.0,unnamed_10,47014.0,profitandloss
834.0,unnamed_10,42102.0,profitandloss
835.0,unnamed_10,355.0,profitandloss
836.0,unnamed_10,556.0,profitandloss
837.0,unnamed_10,1269.0,profitandloss
838.0,unnamed_10,1198.0,profitandloss
839.0,unnamed_10,1001.0,profitandloss
840.0,unnamed_10,1182.0,profitandloss
841.0,unnamed_10,2489.0,profitandloss
842.0,unnamed_10,1003.0,profitandloss
843.0,unnamed_10,33.0,profitandloss
844.0,unnamed_10,1716.0,profitandloss
845.0,unnamed_10,452.0,profitandloss
846.0,unnamed_10,2028.0,profitandloss
847.0,unnamed_10,3248.0,profitandloss
848.0,unnamed_10,7638.0,profitandloss
849.0,unnamed_10,7483.0,profitandloss
850.0,unnamed_10,7217.0,profitandloss
851.0,unnamed_10,8020.0,profitandloss
852.0,unnamed_10,8887.0,profitandloss
853.0,unnamed_10,11639.0,profitandloss
854.0,unnamed_10,14305.0,profitandloss
855.0,unnamed_10,14086.0,profitandloss
856.0,unnamed_10,16918.0,profitandloss
857.0,unnamed_10,14495.0,profitandloss
858.0,unnamed_10,17109.0,profitandloss
859.0,unnamed_10,20517.0,profitandloss
860.0,unnamed_10,21425.0,profitandloss
861.0,unnamed_10,749.0,profitandloss
862.0,unnamed_10,1204.0,profitandloss
863.0,unnamed_10,936.0,profitandloss
864.0,unnamed_10,1035.0,profitandloss
865.0,unnamed_10,1236.0,profitandloss
866.0,unnamed_10,1442.0,profitandloss
867.0,unnamed_10,2028.0,profitandloss
868.0,unnamed_10,2003.0,profitandloss
869.0,unnamed_10,2588.0,profitandloss
870.0,unnamed_10,5294.0,profitandloss
871.0,unnamed_10,5792.0,profitandloss
872.0,unnamed_10,6049.0,profitandloss
873.0,unnamed_10,6133.0,profitandloss
874.0,unnamed_10,5580.0,profitandloss
875.0,unnamed_10,5820.0,profitandloss
876.0,unnamed_10,4313.0,profitandloss
877.0,unnamed_10,5672.0,profitandloss
878.0,unnamed_10,6350.0,profitandloss
879.0,unnamed_10,10326.0,profitandloss
880.0,unnamed_10,8871.0,profitandloss
881.0,unnamed_10,1655.0,profitandloss
882.0,unnamed_10,3158.0,profitandloss
883.0,unnamed_10,9362.0,profitandloss
884.0,unnamed_10,14060.0,profitandloss
885.0,unnamed_10,15978.0,profitandloss
886.0,unnamed_10,17303.0,profitandloss
887.0,unnamed_10,3070.0,profitandloss
888.0,unnamed_10,3734.0,profitandloss
889.0,unnamed_10,4976.0,profitandloss
890.0,unnamed_10,7585.0,profitandloss
891.0,unnamed_10,10127.0,profitandloss
892.0,unnamed_10,11167.0,profitandloss
893.0,unnamed_10,10624.0,profitandloss
894.0,unnamed_10,7103.0,profitandloss
895.0,unnamed_10,5321.0,profitandloss
896.0,unnamed_10,4697.0,profitandloss
897.0,unnamed_10,10438.0,profitandloss
898.0,unnamed_10,17424.0,profitandloss
899.0,unnamed_10,19240.0,profitandloss
900.0,unnamed_10,834.0,profitandloss
901.0,unnamed_10,1596.0,profitandloss
902.0,unnamed_10,1817.0,profitandloss
903.0,unnamed_10,2293.0,profitandloss
904.0,unnamed_10,3083.0,profitandloss
905.0,unnamed_10,3267.0,profitandloss
906.0,unnamed_10,3200.0,profitandloss
907.0,unnamed_10,1983.0,profitandloss
908.0,unnamed_10,1500.0,profitandloss
909.0,unnamed_10,1788.0,profitandloss
910.0,unnamed_10,2405.0,profitandloss
911.0,unnamed_10,3840.0,profitandloss
912.0,unnamed_10,5095.0,profitandloss
913.0,unnamed_10,130.0,profitandloss
914.0,unnamed_10,120.0,profitandloss
915.0,unnamed_10,60.0,profitandloss
916.0,unnamed_10,175.0,profitandloss
917.0,unnamed_10,5.0,profitandloss
918.0,unnamed_10,585.0,profitandloss
919.0,unnamed_10,716.0,profitandloss
920.0,unnamed_10,-126.0,profitandloss
921.0,unnamed_10,1602.0,profitandloss
922.0,unnamed_10,14200.0,profitandloss
923.0,unnamed_10,141.0,profitandloss
924.0,unnamed_10,878.0,profitandloss
925.0,unnamed_10,1185.0,profitandloss
926.0,unnamed_10,1678.0,profitandloss
927.0,unnamed_10,1774.0,profitandloss
928.0,unnamed_10,814.0,profitandloss
929.0,unnamed_10,1545.0,profitandloss
930.0,unnamed_10,1839.0,profitandloss
931.0,unnamed_10,2429.0,profitandloss
932.0,unnamed_10,2673.0,profitandloss
933.0,unnamed_10,2813.0,profitandloss
934.0,unnamed_10,2857.0,profitandloss
935.0,unnamed_10,3256.0,profitandloss
936.0,unnamed_10,4038.0,profitandloss
937.0,unnamed_10,5289.0,profitandloss
938.0,unnamed_10,4458.0,profitandloss
939.0,unnamed_10,3895.0,profitandloss
940.0,unnamed_10,2529.0,profitandloss
941.0,unnamed_10,3718.0,profitandloss
942.0,unnamed_10,3365.0,profitandloss
943.0,unnamed_10,4535.0,profitandloss
944.0,unnamed_10,3040.0,profitandloss
945.0,unnamed_10,4159.0,profitandloss
946.0,unnamed_10,3266.0,profitandloss
947.0,unnamed_10,4495.0,profitandloss
948.0,unnamed_10,3217.0,profitandloss
949.0,unnamed_10,5237.0,profitandloss
950.0,unnamed_10,5043.0,profitandloss
951.0,unnamed_10,5213.0,profitandloss
952.0,unnamed_10,16611.0,profitandloss
953.0,unnamed_10,14486.0,profitandloss
954.0,unnamed_10,10456.0,profitandloss
955.0,unnamed_10,10618.0,profitandloss
956.0,unnamed_10,13426.0,profitandloss
957.0,unnamed_10,16154.0,profitandloss
958.0,unnamed_10,11255.0,profitandloss
959.0,unnamed_10,21250.0,profitandloss
960.0,unnamed_10,17390.0,profitandloss
961.0,unnamed_10,22007.0,profitandloss
962.0,unnamed_10,23917.0,profitandloss
963.0,unnamed_10,28142.0,profitandloss
964.0,unnamed_10,29739.0,profitandloss
965.0,unnamed_10,36742.0,profitandloss
966.0,unnamed_10,39413.0,profitandloss
967.0,unnamed_10,27370.0,profitandloss
968.0,unnamed_10,20052.0,profitandloss
969.0,unnamed_10,41718.0,profitandloss
970.0,unnamed_10,39208.0,profitandloss
971.0,unnamed_10,54846.0,profitandloss
972.0,unnamed_10,18962.0,profitandloss
973.0,unnamed_10,30126.0,profitandloss
974.0,unnamed_10,54091.0,profitandloss
975.0,unnamed_10,43051.0,profitandloss
976.0,unnamed_10,76860.0,profitandloss
977.0,unnamed_10,56090.0,profitandloss
978.0,unnamed_10,5994.0,profitandloss
979.0,unnamed_10,7624.0,profitandloss
980.0,unnamed_10,8446.0,profitandloss
981.0,unnamed_10,9167.0,profitandloss
982.0,unnamed_10,5264.0,profitandloss
983.0,unnamed_10,11779.0,profitandloss
984.0,unnamed_10,17862.0,profitandloss
985.0,unnamed_10,14093.0,profitandloss
986.0,unnamed_10,19891.0,profitandloss
987.0,unnamed_10,23382.0,profitandloss
988.0,unnamed_10,26496.0,profitandloss
989.0,unnamed_10,33588.0,profitandloss
990.0,unnamed_10,35820.0,profitandloss
991.0,unnamed_10,581.0,profitandloss
992.0,unnamed_10,612.0,profitandloss
993.0,unnamed_10,678.0,profitandloss
994.0,unnamed_10,1141.0,profitandloss
995.0,unnamed_10,1248.0,profitandloss
996.0,unnamed_10,1359.0,profitandloss
997.0,unnamed_10,1342.0,profitandloss
998.0,unnamed_10,1470.0,profitandloss
999.0,unnamed_10,1522.0,profitandloss
1000.0,unnamed_10,1614.0,profitandloss
1001.0,unnamed_10,1723.0,profitandloss
1002.0,unnamed_10,2379.0,profitandloss
1003.0,unnamed_10,2673.0,profitandloss
1004.0,unnamed_10,6786.0,profitandloss
1005.0,unnamed_10,4969.0,profitandloss
1006.0,unnamed_10,4397.0,profitandloss
1007.0,unnamed_10,-5293.0,profitandloss
1008.0,unnamed_10,1540.0,profitandloss
1009.0,unnamed_10,-19849.0,profitandloss
1010.0,unnamed_10,-15370.0,profitandloss
1011.0,unnamed_10,827.0,profitandloss
1012.0,unnamed_10,4325.0,profitandloss
1013.0,unnamed_10,4826.0,profitandloss
1014.0,unnamed_10,5151.0,profitandloss
1015.0,unnamed_10,14160.0,profitandloss
1016.0,unnamed_10,21054.0,profitandloss
1017.0,unnamed_10,5776.0,profitandloss
1018.0,unnamed_10,6359.0,profitandloss
1019.0,unnamed_10,6404.0,profitandloss
1020.0,unnamed_10,7572.0,profitandloss
1021.0,unnamed_10,9457.0,profitandloss
1022.0,unnamed_10,13471.0,profitandloss
1023.0,unnamed_10,9147.0,profitandloss
1024.0,unnamed_10,14590.0,profitandloss
1025.0,unnamed_10,15501.0,profitandloss
1026.0,unnamed_10,19610.0,profitandloss
1027.0,unnamed_10,17702.0,profitandloss
1028.0,unnamed_10,18514.0,profitandloss
1029.0,unnamed_10,19221.0,profitandloss
1030.0,unnamed_10,5186.0,profitandloss
1031.0,unnamed_10,6617.0,profitandloss
1032.0,unnamed_10,7552.0,profitandloss
1033.0,unnamed_10,8147.0,profitandloss
1034.0,unnamed_10,8972.0,profitandloss
1035.0,unnamed_10,5958.0,profitandloss
1036.0,unnamed_10,8090.0,profitandloss
1037.0,unnamed_10,7030.0,profitandloss
1038.0,unnamed_10,10780.0,profitandloss
1039.0,unnamed_10,12431.0,profitandloss
1040.0,unnamed_10,13898.0,profitandloss
1041.0,unnamed_10,17960.0,profitandloss
1042.0,unnamed_10,18848.0,profitandloss
1043.0,unnamed_10,26217.0,profitandloss
1044.0,unnamed_10,28763.0,profitandloss
1045.0,unnamed_10,31114.0,profitandloss
1046.0,unnamed_10,38737.0,profitandloss
1047.0,unnamed_10,40034.0,profitandloss
1048.0,unnamed_10,49426.0,profitandloss
1049.0,unnamed_10,55227.0,profitandloss
1050.0,unnamed_10,53606.0,profitandloss
1051.0,unnamed_10,55461.0,profitandloss
1052.0,unnamed_10,83815.0,profitandloss
1053.0,unnamed_10,94464.0,profitandloss
1054.0,unnamed_10,104727.0,profitandloss
1055.0,unnamed_10,104634.0,profitandloss
1056.0,unnamed_10,690.0,profitandloss
1057.0,unnamed_10,816.0,profitandloss
1058.0,unnamed_10,939.0,profitandloss
1059.0,unnamed_10,1007.0,profitandloss
1060.0,unnamed_10,1154.0,profitandloss
1061.0,unnamed_10,1422.0,profitandloss
1062.0,unnamed_10,1642.0,profitandloss
1063.0,unnamed_10,1790.0,profitandloss
1064.0,unnamed_10,1640.0,profitandloss
1065.0,unnamed_10,1687.0,profitandloss
1066.0,unnamed_10,1906.0,profitandloss
1067.0,unnamed_10,2078.0,profitandloss
1068.0,unnamed_10,2643.0,profitandloss
1069.0,unnamed_10,25882.0,profitandloss
1070.0,unnamed_10,21326.0,profitandloss
1071.0,unnamed_10,25855.0,profitandloss
1072.0,unnamed_10,18177.0,profitandloss
1073.0,unnamed_10,945.0,profitandloss
1074.0,unnamed_10,-12245.0,profitandloss
1075.0,unnamed_10,5220.0,profitandloss
1076.0,unnamed_10,30317.0,profitandloss
1077.0,unnamed_10,32796.0,profitandloss
1078.0,unnamed_10,49739.0,profitandloss
1079.0,unnamed_10,75399.0,profitandloss
1080.0,unnamed_10,91240.0,profitandloss
1081.0,unnamed_10,97999.0,profitandloss
1082.0,unnamed_10,1119.0,profitandloss
1083.0,unnamed_10,815.0,profitandloss
1084.0,unnamed_10,401.0,profitandloss
1085.0,unnamed_10,1176.0,profitandloss
1086.0,unnamed_10,1531.0,profitandloss
1087.0,unnamed_10,1827.0,profitandloss
1088.0,unnamed_10,1146.0,profitandloss
1089.0,unnamed_10,1934.0,profitandloss
1090.0,unnamed_10,3004.0,profitandloss
1091.0,unnamed_10,2892.0,profitandloss
1092.0,unnamed_10,1495.0,profitandloss
1093.0,unnamed_10,2959.0,profitandloss
1094.0,unnamed_10,2049.0,profitandloss
1095.0,unnamed_10,2163.0,profitandloss
1096.0,unnamed_10,1970.0,profitandloss
1097.0,unnamed_10,1650.0,profitandloss
1098.0,unnamed_10,1789.0,profitandloss
1099.0,unnamed_10,1938.0,profitandloss
1100.0,unnamed_10,3896.0,profitandloss
1101.0,unnamed_10,3778.0,profitandloss
1102.0,unnamed_10,3439.0,profitandloss
1103.0,unnamed_10,3278.0,profitandloss
1104.0,unnamed_10,3549.0,profitandloss
1105.0,unnamed_10,8214.0,profitandloss
1106.0,unnamed_10,9960.0,profitandloss
1107.0,unnamed_10,12588.0,profitandloss
1108.0,unnamed_10,1290.0,profitandloss
1109.0,unnamed_10,844.0,profitandloss
1110.0,unnamed_10,1688.0,profitandloss
1111.0,unnamed_10,3938.0,profitandloss
1112.0,unnamed_10,1669.0,profitandloss
1113.0,unnamed_10,1402.0,profitandloss
1114.0,unnamed_10,1678.0,profitandloss
1115.0,unnamed_10,1036.0,profitandloss
1116.0,unnamed_10,1452.0,profitandloss
1117.0,unnamed_10,1993.0,profitandloss
1118.0,unnamed_10,2640.0,profitandloss
1119.0,unnamed_10,3639.0,profitandloss
1120.0,unnamed_10,4315.0,profitandloss
1121.0,unnamed_10,4581.0,profitandloss
1122.0,unnamed_10,6403.0,profitandloss
1123.0,unnamed_10,6571.0,profitandloss
1124.0,unnamed_10,9048.0,profitandloss
1125.0,unnamed_10,3479.0,profitandloss
1126.0,unnamed_10,3810.0,profitandloss
1127.0,unnamed_10,5010.0,profitandloss
1128.0,unnamed_10,2799.0,profitandloss
1129.0,unnamed_10,4481.0,profitandloss
1130.0,unnamed_10,9408.0,profitandloss
1131.0,unnamed_10,11088.0,profitandloss
1132.0,unnamed_10,12837.0,profitandloss
1133.0,unnamed_10,637.0,profitandloss
1134.0,unnamed_10,707.0,profitandloss
1135.0,unnamed_10,500.0,profitandloss
1136.0,unnamed_10,170.0,profitandloss
1137.0,unnamed_10,662.0,profitandloss
1138.0,unnamed_10,753.0,profitandloss
1139.0,unnamed_10,735.0,profitandloss
1140.0,unnamed_10,809.0,profitandloss
1141.0,unnamed_10,1311.0,profitandloss
1142.0,unnamed_10,1456.0,profitandloss
1143.0,unnamed_10,1794.0,profitandloss
1144.0,unnamed_10,1696.0,profitandloss
1145.0,unnamed_10,1560.0,profitandloss
1146.0,unnamed_10,13647.0,profitandloss
1147.0,unnamed_10,18869.0,profitandloss
1148.0,unnamed_10,21703.0,profitandloss
1149.0,unnamed_10,14126.0,profitandloss
1150.0,unnamed_10,9315.0,profitandloss
1151.0,unnamed_10,11155.0,profitandloss
1152.0,unnamed_10,-31371.0,profitandloss
1153.0,unnamed_10,-10580.0,profitandloss
1154.0,unnamed_10,-10474.0,profitandloss
1155.0,unnamed_10,-7003.0,profitandloss
1156.0,unnamed_10,3394.0,profitandloss
1157.0,unnamed_10,27955.0,profitandloss
1158.0,unnamed_10,31693.0,profitandloss
1159.0,unnamed_10,1277.0,profitandloss
1160.0,unnamed_10,975.0,profitandloss
1161.0,unnamed_10,1484.0,profitandloss
1162.0,unnamed_10,1281.0,profitandloss
1163.0,unnamed_10,1450.0,profitandloss
1164.0,unnamed_10,2773.0,profitandloss
1165.0,unnamed_10,3693.0,profitandloss
1166.0,unnamed_10,1958.0,profitandloss
1167.0,unnamed_10,1941.0,profitandloss
1168.0,unnamed_10,2535.0,profitandloss
1169.0,unnamed_10,5457.0,profitandloss
1170.0,unnamed_10,5732.0,profitandloss
1171.0,unnamed_10,6289.0,profitandloss
1172.0,unnamed_10,-4133.0,profitandloss
1173.0,unnamed_10,6722.0,profitandloss
1174.0,unnamed_10,-1388.0,profitandloss
1175.0,unnamed_10,193.0,profitandloss
1176.0,unnamed_10,-1391.0,profitandloss
1177.0,unnamed_10,21135.0,profitandloss
1178.0,unnamed_10,15841.0,profitandloss
1179.0,unnamed_10,-1395.0,profitandloss
1180.0,unnamed_10,13844.0,profitandloss
1181.0,unnamed_10,50227.0,profitandloss
1182.0,unnamed_10,18235.0,profitandloss
1183.0,unnamed_10,-1147.0,profitandloss
1184.0,unnamed_10,8022.0,profitandloss
1185.0,unnamed_10,18090.0,profitandloss
1186.0,unnamed_10,25402.0,profitandloss
1187.0,unnamed_10,26298.0,profitandloss
1188.0,unnamed_10,31840.0,profitandloss
1189.0,unnamed_10,34513.0,profitandloss
1190.0,unnamed_10,34092.0,profitandloss
1191.0,unnamed_10,41563.0,profitandloss
1192.0,unnamed_10,42248.0,profitandloss
1193.0,unnamed_10,43760.0,profitandloss
1194.0,unnamed_10,51687.0,profitandloss
1195.0,unnamed_10,56907.0,profitandloss
1196.0,unnamed_10,61997.0,profitandloss
1197.0,unnamed_10,65778.0,profitandloss
1198.0,unnamed_10,978.0,profitandloss
1199.0,unnamed_10,3815.0,profitandloss
1200.0,unnamed_10,3618.0,profitandloss
1201.0,unnamed_10,3857.0,profitandloss
1202.0,unnamed_10,3853.0,profitandloss
1203.0,unnamed_10,4879.0,profitandloss
1204.0,unnamed_10,5543.0,profitandloss
1205.0,unnamed_10,5058.0,profitandloss
1206.0,unnamed_10,5953.0,profitandloss
1207.0,unnamed_10,7452.0,profitandloss
1208.0,unnamed_10,6446.0,profitandloss
1209.0,unnamed_10,3224.0,profitandloss
1210.0,unnamed_10,5148.0,profitandloss
1211.0,unnamed_10,1006.0,profitandloss
1212.0,unnamed_10,1010.0,profitandloss
1213.0,unnamed_10,1049.0,profitandloss
1214.0,unnamed_10,868.0,profitandloss
1215.0,unnamed_10,973.0,profitandloss
1216.0,unnamed_10,1530.0,profitandloss
1217.0,unnamed_10,1957.0,profitandloss
1218.0,unnamed_10,2102.0,profitandloss
1219.0,unnamed_10,1327.0,profitandloss
1220.0,unnamed_10,2904.0,profitandloss
1221.0,unnamed_10,4447.0,profitandloss
1222.0,unnamed_10,4623.0,profitandloss
1223.0,unnamed_10,4290.0,profitandloss
1224.0,unnamed_10,582.0,profitandloss
1225.0,unnamed_10,844.0,profitandloss
1226.0,unnamed_10,940.0,profitandloss
1227.0,unnamed_10,2343.0,profitandloss
1228.0,unnamed_10,1088.0,profitandloss
1229.0,unnamed_10,931.0,profitandloss
1230.0,unnamed_10,562.0,profitandloss
1231.0,unnamed_10,1187.0,profitandloss
1232.0,unnamed_10,1526.0,profitandloss
1233.0,unnamed_10,1226.0,profitandloss
1234.0,unnamed_10,1847.0,profitandloss
1235.0,unnamed_10,2352.0,profitandloss
1236.0,unnamed_10,2639.0,profitandloss
1237.0,unnamed_10,-10.0,profitandloss
1238.0,unnamed_10,1.0,profitandloss
1239.0,unnamed_10,200.0,profitandloss
1240.0,unnamed_10,90.0,profitandloss
1241.0,unnamed_10,128.0,profitandloss
1242.0,unnamed_10,147.0,profitandloss
1243.0,unnamed_10,165.0,profitandloss
1244.0,unnamed_10,165.0,profitandloss
1245.0,unnamed_10,-205.0,profitandloss
1246.0,unnamed_10,111.0,profitandloss
1247.0,unnamed_10,552.0,profitandloss
1248.0,unnamed_10,1921.0,profitandloss
1249.0,unnamed_10,2362.0,profitandloss
1250.0,unnamed_10,290.0,profitandloss
1251.0,unnamed_10,307.0,profitandloss
1252.0,unnamed_10,444.0,profitandloss
1253.0,unnamed_10,580.0,profitandloss
1254.0,unnamed_10,658.0,profitandloss
1255.0,unnamed_10,931.0,profitandloss
1256.0,unnamed_10,1083.0,profitandloss
1257.0,unnamed_10,865.0,profitandloss
1258.0,unnamed_10,822.0,profitandloss
1259.0,unnamed_10,1067.0,profitandloss
1260.0,unnamed_10,1936.0,profitandloss
1261.0,unnamed_10,2703.0,profitandloss
1262.0,unnamed_10,3182.0,profitandloss
1263.0,unnamed_10,3867.0,profitandloss
1264.0,unnamed_10,2858.0,profitandloss
1265.0,unnamed_10,2986.0,profitandloss
1266.0,unnamed_10,3421.0,profitandloss
1267.0,unnamed_10,3872.0,profitandloss
1268.0,unnamed_10,3301.0,profitandloss
1269.0,unnamed_10,3468.0,profitandloss
1270.0,unnamed_10,5183.0,profitandloss
1271.0,unnamed_10,8001.0,profitandloss
1272.0,unnamed_10,8524.0,profitandloss
1273.0,unnamed_10,7416.0,profitandloss
1274.0,unnamed_10,9422.0,profitandloss
1275.0,unnamed_10,8101.0,profitandloss
1276.0,unnamed_10,3037.0,profitandloss
1277.0,unnamed_10,2040.0,profitandloss
1278.0,unnamed_10,2759.0,profitandloss
1279.0,unnamed_10,1758.0,profitandloss
1280.0,unnamed_10,359.0,profitandloss
1281.0,unnamed_10,-6607.0,profitandloss
1282.0,unnamed_10,-3933.0,profitandloss
1283.0,unnamed_10,-4151.0,profitandloss
1284.0,unnamed_10,2327.0,profitandloss
1285.0,unnamed_10,8566.0,profitandloss
1286.0,unnamed_10,12147.0,profitandloss
1287.0,unnamed_10,21508.0,profitandloss
1288.0,unnamed_10,22530.0,profitandloss
1289.0,unnamed_10,73.0,profitandloss
1290.0,unnamed_10,-4213.0,profitandloss
1291.0,unnamed_10,-1635.0,profitandloss
1292.0,unnamed_10,366.0,profitandloss
1293.0,unnamed_10,163.0,profitandloss
1294.0,unnamed_10,912.0,profitandloss
1295.0,unnamed_10,1012.0,profitandloss
1296.0,unnamed_10,1160.0,profitandloss
1297.0,unnamed_10,540.0,profitandloss
1298.0,unnamed_10,1087.0,profitandloss
1299.0,unnamed_10,1279.0,profitandloss
1300.0,unnamed_10,1857.0,profitandloss
1301.0,unnamed_10,1905.0,profitandloss
1302.0,unnamed_10,21.0,profitandloss
1303.0,unnamed_10,-46.0,profitandloss
1304.0,unnamed_10,4.0,profitandloss
1305.0,unnamed_10,191.0,profitandloss
1306.0,unnamed_10,79.0,profitandloss
1307.0,unnamed_10,291.0,profitandloss
1308.0,unnamed_10,434.0,profitandloss
1309.0,unnamed_10,696.0,profitandloss
1310.0,unnamed_10,363.0,profitandloss
1311.0,unnamed_10,1007.0,profitandloss
1312.0,unnamed_10,2024.0,profitandloss
1313.0,unnamed_10,2739.0,profitandloss
1314.0,unnamed_10,3367.0,profitandloss
1315.0,unnamed_10,-174.0,profitandloss
1316.0,unnamed_10,9493.0,profitandloss
1317.0,unnamed_10,-9925.0,profitandloss
1318.0,unnamed_10,-28540.0,profitandloss
1319.0,unnamed_10,13652.0,profitandloss
1320.0,unnamed_10,19569.0,profitandloss
1321.0,unnamed_10,13560.0,profitandloss
1322.0,unnamed_10,-8259.0,profitandloss
1323.0,unnamed_10,17213.0,profitandloss
1324.0,unnamed_10,32964.0,profitandloss
1325.0,unnamed_10,20276.0,profitandloss
1326.0,unnamed_10,20363.0,profitandloss
1327.0,unnamed_10,21659.0,profitandloss
1328.0,unnamed_10,7869.0,profitandloss
1329.0,unnamed_10,10114.0,profitandloss
1330.0,unnamed_10,11224.0,profitandloss
1331.0,unnamed_10,11494.0,profitandloss
1332.0,unnamed_10,11039.0,profitandloss
1333.0,unnamed_10,10242.0,profitandloss
1334.0,unnamed_10,11542.0,profitandloss
1335.0,unnamed_10,12252.0,profitandloss
1336.0,unnamed_10,13903.0,profitandloss
1337.0,unnamed_10,15141.0,profitandloss
1338.0,unnamed_10,14766.0,profitandloss
1339.0,unnamed_10,14721.0,profitandloss
1340.0,unnamed_10,16615.0,profitandloss
1341.0,unnamed_10,-107.0,profitandloss
1342.0,unnamed_10,-1010.0,profitandloss
1343.0,unnamed_10,-2386.0,profitandloss
1344.0,unnamed_10,-815.0,profitandloss
1345.0,unnamed_10,-1220.0,profitandloss
1346.0,unnamed_10,-1015.0,profitandloss
1347.0,unnamed_10,291.0,profitandloss
1348.0,unnamed_10,761.0,profitandloss
1349.0,unnamed_10,809.0,profitandloss
1350.0,unnamed_10,942.0,profitandloss
1351.0,unnamed_10,1446.0,profitandloss
1352.0,unnamed_10,2099.0,profitandloss
1353.0,unnamed_10,1612.0,profitandloss
1354.0,unnamed_10,2312.0,profitandloss
1355.0,unnamed_10,2382.0,profitandloss
1356.0,unnamed_10,1495.0,profitandloss
1357.0,unnamed_10,2331.0,profitandloss
1358.0,unnamed_10,5084.0,profitandloss
1359.0,unnamed_10,2585.0,profitandloss
1360.0,unnamed_10,4832.0,profitandloss
1361.0,unnamed_10,5668.0,profitandloss
1362.0,unnamed_10,993.0,profitandloss
1363.0,unnamed_10,475.0,profitandloss
1364.0,unnamed_10,1847.0,profitandloss
1365.0,unnamed_10,2824.0,profitandloss
1366.0,unnamed_10,2144.0,profitandloss
1367.0,unnamed_10,3127.0,profitandloss
1368.0,unnamed_10,-149.0,profitandloss
1369.0,unnamed_10,-275.0,profitandloss
1370.0,unnamed_10,-5830.0,profitandloss
1371.0,unnamed_10,-6171.0,profitandloss
1372.0,unnamed_10,-317.0,profitandloss
1373.0,unnamed_10,8043.0,profitandloss
1374.0,unnamed_10,6182.0,profitandloss
,unnamed_11,,profitandloss
61.0,unnamed_11,33.0,profitandloss
62.0,unnamed_11,33.0,profitandloss
63.0,unnamed_11,34.0,profitandloss
64.0,unnamed_11,36.0,profitandloss
65.0,unnamed_11,37.0,profitandloss
66.0,unnamed_11,35.0,profitandloss
67.0,unnamed_11,36.0,profitandloss
68.0,unnamed_11,26.0,profitandloss
69.0,unnamed_11,25.0,profitandloss
70.0,unnamed_11,26.0,profitandloss
71.0,unnamed_11,25.0,profitandloss
72.0,unnamed_11,26.0,profitandloss
73.0,unnamed_11,,profitandloss
86.0,unnamed_11,0.0,profitandloss
87.0,unnamed_11,34.0,profitandloss
88.0,unnamed_11,23.0,profitandloss
89.0,unnamed_11,22.0,profitandloss
90.0,unnamed_11,22.0,profitandloss
91.0,unnamed_11,33.0,profitandloss
92.0,unnamed_11,36.0,profitandloss
93.0,unnamed_11,20.0,profitandloss
94.0,unnamed_11,27.0,profitandloss
95.0,unnamed_11,25.0,profitandloss
96.0,unnamed_11,33.0,profitandloss
97.0,unnamed_11,,profitandloss
98.0,unnamed_11,39.0,profitandloss
99.0,unnamed_11,-64.0,profitandloss
100.0,unnamed_11,14.0,profitandloss
101.0,unnamed_11,7.0,profitandloss
102.0,unnamed_11,25.0,profitandloss
103.0,unnamed_11,23.0,profitandloss
104.0,unnamed_11,32.0,profitandloss
105.0,unnamed_11,29.0,profitandloss
106.0,unnamed_11,31.0,profitandloss
107.0,unnamed_11,50.0,profitandloss
108.0,unnamed_11,32.0,profitandloss
109.0,unnamed_11,33.0,profitandloss
110.0,unnamed_11,,profitandloss
111.0,unnamed_11,-75.0,profitandloss
112.0,unnamed_11,-35.0,profitandloss
113.0,unnamed_11,-19.0,profitandloss
114.0,unnamed_11,23.0,profitandloss
115.0,unnamed_11,6.0,profitandloss
116.0,unnamed_11,12.0,profitandloss
117.0,unnamed_11,32.0,profitandloss
118.0,unnamed_11,25.0,profitandloss
119.0,unnamed_11,,profitandloss
120.0,unnamed_11,7.0,profitandloss
121.0,unnamed_11,12.0,profitandloss
122.0,unnamed_11,7.0,profitandloss
123.0,unnamed_11,9.0,profitandloss
124.0,unnamed_11,7.0,profitandloss
125.0,unnamed_11,30.0,profitandloss
126.0,unnamed_11,21.0,profitandloss
127.0,unnamed_11,11.0,profitandloss
128.0,unnamed_11,20.0,profitandloss
129.0,unnamed_11,13.0,profitandloss
130.0,unnamed_11,2.0,profitandloss
131.0,unnamed_11,16.0,profitandloss
132.0,unnamed_11,,profitandloss
133.0,unnamed_11,7.0,profitandloss
134.0,unnamed_11,12.0,profitandloss
135.0,unnamed_11,7.0,profitandloss
136.0,unnamed_11,9.0,profitandloss
137.0,unnamed_11,7.0,profitandloss
138.0,unnamed_11,30.0,profitandloss
139.0,unnamed_11,21.0,profitandloss
140.0,unnamed_11,11.0,profitandloss
141.0,unnamed_11,20.0,profitandloss
142.0,unnamed_11,13.0,profitandloss
143.0,unnamed_11,2.0,profitandloss
144.0,unnamed_11,16.0,profitandloss
145.0,unnamed_11,,profitandloss
146.0,unnamed_11,26.0,profitandloss
147.0,unnamed_11,-79.0,profitandloss
148.0,unnamed_11,0.0,profitandloss
149.0,unnamed_11,-47.0,profitandloss
150.0,unnamed_11,-1.0,profitandloss
151.0,unnamed_11,0.0,profitandloss
152.0,unnamed_11,1.0,profitandloss
153.0,unnamed_11,0.0,profitandloss
154.0,unnamed_11,45.0,profitandloss
155.0,unnamed_11,25.0,profitandloss
156.0,unnamed_11,-40.0,profitandloss
157.0,unnamed_11,0.0,profitandloss
158.0,unnamed_11,,profitandloss
159.0,unnamed_11,32.0,profitandloss
160.0,unnamed_11,15.0,profitandloss
161.0,unnamed_11,16.0,profitandloss
162.0,unnamed_11,31.0,profitandloss
163.0,unnamed_11,29.0,profitandloss
164.0,unnamed_11,30.0,profitandloss
165.0,unnamed_11,-2.0,profitandloss
166.0,unnamed_11,28.0,profitandloss
167.0,unnamed_11,22.0,profitandloss
168.0,unnamed_11,28.0,profitandloss
169.0,unnamed_11,19.0,profitandloss
170.0,unnamed_11,20.0,profitandloss
171.0,unnamed_11,,profitandloss
172.0,unnamed_11,26.0,profitandloss
173.0,unnamed_11,25.0,profitandloss
174.0,unnamed_11,29.0,profitandloss
175.0,unnamed_11,29.0,profitandloss
176.0,unnamed_11,41.0,profitandloss
177.0,unnamed_11,65.0,profitandloss
178.0,unnamed_11,47.0,profitandloss
179.0,unnamed_11,34.0,profitandloss
180.0,unnamed_11,38.0,profitandloss
181.0,unnamed_11,30.0,profitandloss
182.0,unnamed_11,22.0,profitandloss
183.0,unnamed_11,33.0,profitandloss
184.0,unnamed_11,,profitandloss
185.0,unnamed_11,30.0,profitandloss
186.0,unnamed_11,31.0,profitandloss
187.0,unnamed_11,31.0,profitandloss
188.0,unnamed_11,32.0,profitandloss
189.0,unnamed_11,32.0,profitandloss
190.0,unnamed_11,33.0,profitandloss
191.0,unnamed_11,33.0,profitandloss
192.0,unnamed_11,24.0,profitandloss
193.0,unnamed_11,26.0,profitandloss
194.0,unnamed_11,26.0,profitandloss
195.0,unnamed_11,26.0,profitandloss
196.0,unnamed_11,24.0,profitandloss
197.0,unnamed_11,,profitandloss
198.0,unnamed_11,36.0,profitandloss
199.0,unnamed_11,36.0,profitandloss
200.0,unnamed_11,20.0,profitandloss
201.0,unnamed_11,25.0,profitandloss
202.0,unnamed_11,26.0,profitandloss
203.0,unnamed_11,25.0,profitandloss
204.0,unnamed_11,26.0,profitandloss
205.0,unnamed_11,,profitandloss
206.0,unnamed_11,29.0,profitandloss
207.0,unnamed_11,31.0,profitandloss
208.0,unnamed_11,31.0,profitandloss
209.0,unnamed_11,28.0,profitandloss
210.0,unnamed_11,27.0,profitandloss
211.0,unnamed_11,29.0,profitandloss
212.0,unnamed_11,29.0,profitandloss
213.0,unnamed_11,22.0,profitandloss
214.0,unnamed_11,22.0,profitandloss
215.0,unnamed_11,19.0,profitandloss
216.0,unnamed_11,23.0,profitandloss
217.0,unnamed_11,23.0,profitandloss
218.0,unnamed_11,,profitandloss
219.0,unnamed_11,31.0,profitandloss
220.0,unnamed_11,33.0,profitandloss
221.0,unnamed_11,33.0,profitandloss
222.0,unnamed_11,34.0,profitandloss
223.0,unnamed_11,33.0,profitandloss
224.0,unnamed_11,-99.0,profitandloss
225.0,unnamed_11,33.0,profitandloss
226.0,unnamed_11,67.0,profitandloss
227.0,unnamed_11,25.0,profitandloss
228.0,unnamed_11,25.0,profitandloss
229.0,unnamed_11,43.0,profitandloss
230.0,unnamed_11,25.0,profitandloss
231.0,unnamed_11,,profitandloss
232.0,unnamed_11,18.0,profitandloss
233.0,unnamed_11,24.0,profitandloss
234.0,unnamed_11,26.0,profitandloss
235.0,unnamed_11,27.0,profitandloss
236.0,unnamed_11,30.0,profitandloss
237.0,unnamed_11,32.0,profitandloss
238.0,unnamed_11,34.0,profitandloss
239.0,unnamed_11,28.0,profitandloss
240.0,unnamed_11,25.0,profitandloss
241.0,unnamed_11,26.0,profitandloss
242.0,unnamed_11,27.0,profitandloss
243.0,unnamed_11,27.0,profitandloss
244.0,unnamed_11,,profitandloss
245.0,unnamed_11,21.0,profitandloss
246.0,unnamed_11,20.0,profitandloss
247.0,unnamed_11,19.0,profitandloss
248.0,unnamed_11,21.0,profitandloss
249.0,unnamed_11,21.0,profitandloss
250.0,unnamed_11,3.0,profitandloss
251.0,unnamed_11,4.0,profitandloss
252.0,unnamed_11,7.0,profitandloss
253.0,unnamed_11,3.0,profitandloss
254.0,unnamed_11,2.0,profitandloss
255.0,unnamed_11,1.0,profitandloss
256.0,unnamed_11,2.0,profitandloss
257.0,unnamed_11,,profitandloss
258.0,unnamed_11,34.0,profitandloss
259.0,unnamed_11,35.0,profitandloss
260.0,unnamed_11,35.0,profitandloss
261.0,unnamed_11,35.0,profitandloss
262.0,unnamed_11,35.0,profitandloss
263.0,unnamed_11,28.0,profitandloss
264.0,unnamed_11,26.0,profitandloss
265.0,unnamed_11,26.0,profitandloss
266.0,unnamed_11,26.0,profitandloss
267.0,unnamed_11,25.0,profitandloss
268.0,unnamed_11,,profitandloss
269.0,unnamed_11,9.0,profitandloss
270.0,unnamed_11,18.0,profitandloss
271.0,unnamed_11,36.0,profitandloss
272.0,unnamed_11,-19.0,profitandloss
273.0,unnamed_11,41.0,profitandloss
274.0,unnamed_11,-9.0,profitandloss
275.0,unnamed_11,29.0,profitandloss
276.0,unnamed_11,-99.0,profitandloss
277.0,unnamed_11,77.0,profitandloss
278.0,unnamed_11,23.0,profitandloss
279.0,unnamed_11,29.0,profitandloss
280.0,unnamed_11,29.0,profitandloss
281.0,unnamed_11,,profitandloss
282.0,unnamed_11,53.0,profitandloss
283.0,unnamed_11,62.0,profitandloss
284.0,unnamed_11,52.0,profitandloss
285.0,unnamed_11,46.0,profitandloss
286.0,unnamed_11,45.0,profitandloss
287.0,unnamed_11,33.0,profitandloss
288.0,unnamed_11,-99.0,profitandloss
289.0,unnamed_11,-28.0,profitandloss
290.0,unnamed_11,99.0,profitandloss
291.0,unnamed_11,33.0,profitandloss
292.0,unnamed_11,26.0,profitandloss
293.0,unnamed_11,32.0,profitandloss
294.0,unnamed_11,,profitandloss
295.0,unnamed_11,21.0,profitandloss
296.0,unnamed_11,21.0,profitandloss
297.0,unnamed_11,21.0,profitandloss
298.0,unnamed_11,24.0,profitandloss
299.0,unnamed_11,24.0,profitandloss
300.0,unnamed_11,28.0,profitandloss
301.0,unnamed_11,30.0,profitandloss
302.0,unnamed_11,28.0,profitandloss
303.0,unnamed_11,30.0,profitandloss
304.0,unnamed_11,26.0,profitandloss
305.0,unnamed_11,25.0,profitandloss
306.0,unnamed_11,25.0,profitandloss
307.0,unnamed_11,,profitandloss
308.0,unnamed_11,30.0,profitandloss
309.0,unnamed_11,31.0,profitandloss
310.0,unnamed_11,34.0,profitandloss
311.0,unnamed_11,-39.0,profitandloss
312.0,unnamed_11,22.0,profitandloss
313.0,unnamed_11,64.0,profitandloss
314.0,unnamed_11,46.0,profitandloss
315.0,unnamed_11,99.0,profitandloss
316.0,unnamed_11,-25.0,profitandloss
317.0,unnamed_11,5.0,profitandloss
318.0,unnamed_11,9.0,profitandloss
319.0,unnamed_11,-16.0,profitandloss
320.0,unnamed_11,,profitandloss
321.0,unnamed_11,29.0,profitandloss
322.0,unnamed_11,30.0,profitandloss
323.0,unnamed_11,32.0,profitandloss
324.0,unnamed_11,27.0,profitandloss
325.0,unnamed_11,27.0,profitandloss
326.0,unnamed_11,33.0,profitandloss
327.0,unnamed_11,32.0,profitandloss
328.0,unnamed_11,34.0,profitandloss
329.0,unnamed_11,15.0,profitandloss
330.0,unnamed_11,19.0,profitandloss
331.0,unnamed_11,24.0,profitandloss
332.0,unnamed_11,22.0,profitandloss
333.0,unnamed_11,,profitandloss
334.0,unnamed_11,40.0,profitandloss
335.0,unnamed_11,34.0,profitandloss
336.0,unnamed_11,34.0,profitandloss
337.0,unnamed_11,33.0,profitandloss
338.0,unnamed_11,31.0,profitandloss
339.0,unnamed_11,31.0,profitandloss
340.0,unnamed_11,34.0,profitandloss
341.0,unnamed_11,0.0,profitandloss
342.0,unnamed_11,23.0,profitandloss
343.0,unnamed_11,27.0,profitandloss
344.0,unnamed_11,24.0,profitandloss
345.0,unnamed_11,26.0,profitandloss
346.0,unnamed_11,,profitandloss
347.0,unnamed_11,27.0,profitandloss
348.0,unnamed_11,30.0,profitandloss
349.0,unnamed_11,28.0,profitandloss
350.0,unnamed_11,32.0,profitandloss
351.0,unnamed_11,32.0,profitandloss
352.0,unnamed_11,34.0,profitandloss
353.0,unnamed_11,35.0,profitandloss
354.0,unnamed_11,24.0,profitandloss
355.0,unnamed_11,26.0,profitandloss
356.0,unnamed_11,27.0,profitandloss
357.0,unnamed_11,24.0,profitandloss
358.0,unnamed_11,27.0,profitandloss
359.0,unnamed_11,,profitandloss
360.0,unnamed_11,22.0,profitandloss
361.0,unnamed_11,20.0,profitandloss
362.0,unnamed_11,22.0,profitandloss
363.0,unnamed_11,-13.0,profitandloss
364.0,unnamed_11,29.0,profitandloss
365.0,unnamed_11,-36.0,profitandloss
366.0,unnamed_11,-99.0,profitandloss
367.0,unnamed_11,34.0,profitandloss
368.0,unnamed_11,30.0,profitandloss
369.0,unnamed_11,37.0,profitandloss
370.0,unnamed_11,25.0,profitandloss
371.0,unnamed_11,26.0,profitandloss
372.0,unnamed_11,,profitandloss
373.0,unnamed_11,32.0,profitandloss
374.0,unnamed_11,34.0,profitandloss
375.0,unnamed_11,33.0,profitandloss
376.0,unnamed_11,35.0,profitandloss
377.0,unnamed_11,35.0,profitandloss
378.0,unnamed_11,34.0,profitandloss
379.0,unnamed_11,35.0,profitandloss
380.0,unnamed_11,34.0,profitandloss
381.0,unnamed_11,26.0,profitandloss
382.0,unnamed_11,26.0,profitandloss
383.0,unnamed_11,26.0,profitandloss
384.0,unnamed_11,26.0,profitandloss
385.0,unnamed_11,,profitandloss
386.0,unnamed_11,26.0,profitandloss
387.0,unnamed_11,25.0,profitandloss
388.0,unnamed_11,24.0,profitandloss
389.0,unnamed_11,19.0,profitandloss
390.0,unnamed_11,15.0,profitandloss
391.0,unnamed_11,15.0,profitandloss
392.0,unnamed_11,27.0,profitandloss
393.0,unnamed_11,29.0,profitandloss
394.0,unnamed_11,27.0,profitandloss
395.0,unnamed_11,27.0,profitandloss
396.0,unnamed_11,30.0,profitandloss
397.0,unnamed_11,27.0,profitandloss
398.0,unnamed_11,,profitandloss
399.0,unnamed_11,31.0,profitandloss
400.0,unnamed_11,34.0,profitandloss
401.0,unnamed_11,36.0,profitandloss
402.0,unnamed_11,33.0,profitandloss
403.0,unnamed_11,36.0,profitandloss
404.0,unnamed_11,35.0,profitandloss
405.0,unnamed_11,36.0,profitandloss
406.0,unnamed_11,31.0,profitandloss
407.0,unnamed_11,29.0,profitandloss
408.0,unnamed_11,26.0,profitandloss
409.0,unnamed_11,27.0,profitandloss
410.0,unnamed_11,23.0,profitandloss
411.0,unnamed_11,,profitandloss
412.0,unnamed_11,19.0,profitandloss
413.0,unnamed_11,19.0,profitandloss
414.0,unnamed_11,19.0,profitandloss
415.0,unnamed_11,19.0,profitandloss
416.0,unnamed_11,21.0,profitandloss
417.0,unnamed_11,20.0,profitandloss
418.0,unnamed_11,16.0,profitandloss
419.0,unnamed_11,16.0,profitandloss
420.0,unnamed_11,18.0,profitandloss
421.0,unnamed_11,23.0,profitandloss
422.0,unnamed_11,23.0,profitandloss
423.0,unnamed_11,23.0,profitandloss
424.0,unnamed_11,,profitandloss
425.0,unnamed_11,23.0,profitandloss
426.0,unnamed_11,22.0,profitandloss
427.0,unnamed_11,21.0,profitandloss
428.0,unnamed_11,19.0,profitandloss
429.0,unnamed_11,24.0,profitandloss
430.0,unnamed_11,29.0,profitandloss
431.0,unnamed_11,27.0,profitandloss
432.0,unnamed_11,24.0,profitandloss
433.0,unnamed_11,26.0,profitandloss
434.0,unnamed_11,20.0,profitandloss
435.0,unnamed_11,23.0,profitandloss
436.0,unnamed_11,26.0,profitandloss
437.0,unnamed_11,,profitandloss
438.0,unnamed_11,17.0,profitandloss
439.0,unnamed_11,-16.0,profitandloss
440.0,unnamed_11,24.0,profitandloss
441.0,unnamed_11,55.0,profitandloss
442.0,unnamed_11,22.0,profitandloss
443.0,unnamed_11,50.0,profitandloss
444.0,unnamed_11,43.0,profitandloss
445.0,unnamed_11,99.0,profitandloss
446.0,unnamed_11,43.0,profitandloss
447.0,unnamed_11,28.0,profitandloss
448.0,unnamed_11,27.0,profitandloss
449.0,unnamed_11,24.0,profitandloss
450.0,unnamed_11,,profitandloss
451.0,unnamed_11,34.0,profitandloss
452.0,unnamed_11,34.0,profitandloss
453.0,unnamed_11,34.0,profitandloss
454.0,unnamed_11,35.0,profitandloss
455.0,unnamed_11,36.0,profitandloss
456.0,unnamed_11,34.0,profitandloss
457.0,unnamed_11,37.0,profitandloss
458.0,unnamed_11,25.0,profitandloss
459.0,unnamed_11,26.0,profitandloss
460.0,unnamed_11,28.0,profitandloss
461.0,unnamed_11,22.0,profitandloss
462.0,unnamed_11,27.0,profitandloss
463.0,unnamed_11,,profitandloss
464.0,unnamed_11,29.0,profitandloss
465.0,unnamed_11,26.0,profitandloss
466.0,unnamed_11,19.0,profitandloss
467.0,unnamed_11,26.0,profitandloss
468.0,unnamed_11,19.0,profitandloss
469.0,unnamed_11,32.0,profitandloss
470.0,unnamed_11,17.0,profitandloss
471.0,unnamed_11,-7.0,profitandloss
472.0,unnamed_11,32.0,profitandloss
473.0,unnamed_11,29.0,profitandloss
474.0,unnamed_11,25.0,profitandloss
475.0,unnamed_11,23.0,profitandloss
476.0,unnamed_11,,profitandloss
477.0,unnamed_11,21.0,profitandloss
478.0,unnamed_11,22.0,profitandloss
479.0,unnamed_11,29.0,profitandloss
480.0,unnamed_11,29.0,profitandloss
481.0,unnamed_11,30.0,profitandloss
482.0,unnamed_11,30.0,profitandloss
483.0,unnamed_11,33.0,profitandloss
484.0,unnamed_11,22.0,profitandloss
485.0,unnamed_11,25.0,profitandloss
486.0,unnamed_11,24.0,profitandloss
487.0,unnamed_11,23.0,profitandloss
488.0,unnamed_11,23.0,profitandloss
489.0,unnamed_11,,profitandloss
490.0,unnamed_11,34.0,profitandloss
491.0,unnamed_11,32.0,profitandloss
492.0,unnamed_11,32.0,profitandloss
493.0,unnamed_11,37.0,profitandloss
494.0,unnamed_11,35.0,profitandloss
495.0,unnamed_11,31.0,profitandloss
496.0,unnamed_11,33.0,profitandloss
497.0,unnamed_11,9.0,profitandloss
498.0,unnamed_11,20.0,profitandloss
499.0,unnamed_11,20.0,profitandloss
500.0,unnamed_11,23.0,profitandloss
501.0,unnamed_11,21.0,profitandloss
502.0,unnamed_11,,profitandloss
503.0,unnamed_11,17.0,profitandloss
504.0,unnamed_11,20.0,profitandloss
505.0,unnamed_11,22.0,profitandloss
506.0,unnamed_11,29.0,profitandloss
507.0,unnamed_11,22.0,profitandloss
508.0,unnamed_11,20.0,profitandloss
509.0,unnamed_11,-12.0,profitandloss
510.0,unnamed_11,15.0,profitandloss
511.0,unnamed_11,17.0,profitandloss
512.0,unnamed_11,17.0,profitandloss
513.0,unnamed_11,20.0,profitandloss
514.0,unnamed_11,99.0,profitandloss
515.0,unnamed_11,,profitandloss
516.0,unnamed_11,28.0,profitandloss
517.0,unnamed_11,20.0,profitandloss
518.0,unnamed_11,30.0,profitandloss
519.0,unnamed_11,26.0,profitandloss
520.0,unnamed_11,29.0,profitandloss
521.0,unnamed_11,35.0,profitandloss
522.0,unnamed_11,47.0,profitandloss
523.0,unnamed_11,-1.0,profitandloss
524.0,unnamed_11,30.0,profitandloss
525.0,unnamed_11,15.0,profitandloss
526.0,unnamed_11,25.0,profitandloss
527.0,unnamed_11,28.0,profitandloss
528.0,unnamed_11,,profitandloss
529.0,unnamed_11,14.0,profitandloss
530.0,unnamed_11,25.0,profitandloss
531.0,unnamed_11,25.0,profitandloss
532.0,unnamed_11,38.0,profitandloss
533.0,unnamed_11,27.0,profitandloss
534.0,unnamed_11,39.0,profitandloss
535.0,unnamed_11,37.0,profitandloss
536.0,unnamed_11,28.0,profitandloss
537.0,unnamed_11,24.0,profitandloss
538.0,unnamed_11,3.0,profitandloss
539.0,unnamed_11,10.0,profitandloss
540.0,unnamed_11,26.0,profitandloss
541.0,unnamed_11,,profitandloss
542.0,unnamed_11,12.0,profitandloss
543.0,unnamed_11,25.0,profitandloss
544.0,unnamed_11,32.0,profitandloss
545.0,unnamed_11,14.0,profitandloss
546.0,unnamed_11,32.0,profitandloss
547.0,unnamed_11,31.0,profitandloss
548.0,unnamed_11,31.0,profitandloss
549.0,unnamed_11,19.0,profitandloss
550.0,unnamed_11,27.0,profitandloss
551.0,unnamed_11,26.0,profitandloss
552.0,unnamed_11,26.0,profitandloss
553.0,unnamed_11,26.0,profitandloss
554.0,unnamed_11,,profitandloss
555.0,unnamed_11,23.0,profitandloss
556.0,unnamed_11,18.0,profitandloss
557.0,unnamed_11,20.0,profitandloss
558.0,unnamed_11,20.0,profitandloss
559.0,unnamed_11,18.0,profitandloss
560.0,unnamed_11,21.0,profitandloss
561.0,unnamed_11,20.0,profitandloss
562.0,unnamed_11,21.0,profitandloss
563.0,unnamed_11,30.0,profitandloss
564.0,unnamed_11,20.0,profitandloss
565.0,unnamed_11,24.0,profitandloss
566.0,unnamed_11,25.0,profitandloss
567.0,unnamed_11,,profitandloss
568.0,unnamed_11,31.0,profitandloss
569.0,unnamed_11,34.0,profitandloss
570.0,unnamed_11,33.0,profitandloss
571.0,unnamed_11,34.0,profitandloss
572.0,unnamed_11,35.0,profitandloss
573.0,unnamed_11,35.0,profitandloss
574.0,unnamed_11,35.0,profitandloss
575.0,unnamed_11,29.0,profitandloss
576.0,unnamed_11,26.0,profitandloss
577.0,unnamed_11,25.0,profitandloss
578.0,unnamed_11,25.0,profitandloss
579.0,unnamed_11,15.0,profitandloss
580.0,unnamed_11,,profitandloss
581.0,unnamed_11,11.0,profitandloss
582.0,unnamed_11,9.0,profitandloss
583.0,unnamed_11,15.0,profitandloss
584.0,unnamed_11,19.0,profitandloss
585.0,unnamed_11,16.0,profitandloss
586.0,unnamed_11,15.0,profitandloss
587.0,unnamed_11,1.0,profitandloss
588.0,unnamed_11,11.0,profitandloss
589.0,unnamed_11,16.0,profitandloss
590.0,unnamed_11,11.0,profitandloss
591.0,unnamed_11,5.0,profitandloss
592.0,unnamed_11,-61.0,profitandloss
593.0,unnamed_11,,profitandloss
594.0,unnamed_11,26.0,profitandloss
595.0,unnamed_11,29.0,profitandloss
596.0,unnamed_11,29.0,profitandloss
597.0,unnamed_11,27.0,profitandloss
598.0,unnamed_11,30.0,profitandloss
599.0,unnamed_11,32.0,profitandloss
600.0,unnamed_11,21.0,profitandloss
601.0,unnamed_11,24.0,profitandloss
602.0,unnamed_11,24.0,profitandloss
603.0,unnamed_11,28.0,profitandloss
604.0,unnamed_11,26.0,profitandloss
605.0,unnamed_11,,profitandloss
606.0,unnamed_11,23.0,profitandloss
607.0,unnamed_11,20.0,profitandloss
608.0,unnamed_11,75.0,profitandloss
609.0,unnamed_11,99.0,profitandloss
610.0,unnamed_11,43.0,profitandloss
611.0,unnamed_11,25.0,profitandloss
612.0,unnamed_11,32.0,profitandloss
613.0,unnamed_11,36.0,profitandloss
614.0,unnamed_11,44.0,profitandloss
615.0,unnamed_11,28.0,profitandloss
616.0,unnamed_11,24.0,profitandloss
617.0,unnamed_11,28.0,profitandloss
618.0,unnamed_11,,profitandloss
619.0,unnamed_11,24.0,profitandloss
620.0,unnamed_11,24.0,profitandloss
621.0,unnamed_11,31.0,profitandloss
622.0,unnamed_11,31.0,profitandloss
623.0,unnamed_11,31.0,profitandloss
624.0,unnamed_11,28.0,profitandloss
625.0,unnamed_11,30.0,profitandloss
626.0,unnamed_11,26.0,profitandloss
627.0,unnamed_11,25.0,profitandloss
628.0,unnamed_11,25.0,profitandloss
629.0,unnamed_11,24.0,profitandloss
630.0,unnamed_11,26.0,profitandloss
631.0,unnamed_11,,profitandloss
632.0,unnamed_11,26.0,profitandloss
633.0,unnamed_11,28.0,profitandloss
634.0,unnamed_11,29.0,profitandloss
635.0,unnamed_11,24.0,profitandloss
636.0,unnamed_11,18.0,profitandloss
637.0,unnamed_11,17.0,profitandloss
638.0,unnamed_11,23.0,profitandloss
639.0,unnamed_11,40.0,profitandloss
640.0,unnamed_11,22.0,profitandloss
641.0,unnamed_11,25.0,profitandloss
642.0,unnamed_11,26.0,profitandloss
643.0,unnamed_11,26.0,profitandloss
644.0,unnamed_11,,profitandloss
645.0,unnamed_11,0.0,profitandloss
646.0,unnamed_11,3.0,profitandloss
647.0,unnamed_11,17.0,profitandloss
648.0,unnamed_11,28.0,profitandloss
649.0,unnamed_11,23.0,profitandloss
650.0,unnamed_11,28.0,profitandloss
651.0,unnamed_11,34.0,profitandloss
652.0,unnamed_11,30.0,profitandloss
653.0,unnamed_11,25.0,profitandloss
654.0,unnamed_11,24.0,profitandloss
655.0,unnamed_11,18.0,profitandloss
656.0,unnamed_11,25.0,profitandloss
657.0,unnamed_11,,profitandloss
658.0,unnamed_11,5.0,profitandloss
659.0,unnamed_11,1.0,profitandloss
660.0,unnamed_11,0.0,profitandloss
661.0,unnamed_11,10.0,profitandloss
662.0,unnamed_11,10.0,profitandloss
663.0,unnamed_11,12.0,profitandloss
664.0,unnamed_11,11.0,profitandloss
665.0,unnamed_11,11.0,profitandloss
666.0,unnamed_11,22.0,profitandloss
667.0,unnamed_11,21.0,profitandloss
668.0,unnamed_11,25.0,profitandloss
669.0,unnamed_11,17.0,profitandloss
670.0,unnamed_11,,profitandloss
697.0,unnamed_11,33.0,profitandloss
698.0,unnamed_11,34.0,profitandloss
699.0,unnamed_11,34.0,profitandloss
700.0,unnamed_11,34.0,profitandloss
701.0,unnamed_11,34.0,profitandloss
702.0,unnamed_11,34.0,profitandloss
703.0,unnamed_11,34.0,profitandloss
704.0,unnamed_11,28.0,profitandloss
705.0,unnamed_11,25.0,profitandloss
706.0,unnamed_11,25.0,profitandloss
707.0,unnamed_11,25.0,profitandloss
708.0,unnamed_11,25.0,profitandloss
709.0,unnamed_11,,profitandloss
710.0,unnamed_11,26.0,profitandloss
711.0,unnamed_11,28.0,profitandloss
712.0,unnamed_11,28.0,profitandloss
713.0,unnamed_11,28.0,profitandloss
714.0,unnamed_11,28.0,profitandloss
715.0,unnamed_11,21.0,profitandloss
716.0,unnamed_11,27.0,profitandloss
717.0,unnamed_11,24.0,profitandloss
718.0,unnamed_11,27.0,profitandloss
719.0,unnamed_11,26.0,profitandloss
720.0,unnamed_11,28.0,profitandloss
721.0,unnamed_11,27.0,profitandloss
722.0,unnamed_11,,profitandloss
723.0,unnamed_11,19.0,profitandloss
724.0,unnamed_11,30.0,profitandloss
725.0,unnamed_11,31.0,profitandloss
726.0,unnamed_11,31.0,profitandloss
727.0,unnamed_11,27.0,profitandloss
728.0,unnamed_11,34.0,profitandloss
729.0,unnamed_11,33.0,profitandloss
730.0,unnamed_11,-74.0,profitandloss
731.0,unnamed_11,29.0,profitandloss
732.0,unnamed_11,25.0,profitandloss
733.0,unnamed_11,22.0,profitandloss
734.0,unnamed_11,25.0,profitandloss
735.0,unnamed_11,,profitandloss
736.0,unnamed_11,39.0,profitandloss
737.0,unnamed_11,39.0,profitandloss
738.0,unnamed_11,35.0,profitandloss
739.0,unnamed_11,36.0,profitandloss
740.0,unnamed_11,36.0,profitandloss
741.0,unnamed_11,30.0,profitandloss
742.0,unnamed_11,27.0,profitandloss
743.0,unnamed_11,26.0,profitandloss
744.0,unnamed_11,26.0,profitandloss
745.0,unnamed_11,26.0,profitandloss
746.0,unnamed_11,,profitandloss
747.0,unnamed_11,64.0,profitandloss
748.0,unnamed_11,55.0,profitandloss
749.0,unnamed_11,60.0,profitandloss
750.0,unnamed_11,56.0,profitandloss
751.0,unnamed_11,56.0,profitandloss
752.0,unnamed_11,21.0,profitandloss
753.0,unnamed_11,22.0,profitandloss
754.0,unnamed_11,0.0,profitandloss
755.0,unnamed_11,0.0,profitandloss
756.0,unnamed_11,0.0,profitandloss
757.0,unnamed_11,0.0,profitandloss
758.0,unnamed_11,0.0,profitandloss
759.0,unnamed_11,,profitandloss
760.0,unnamed_11,31.0,profitandloss
761.0,unnamed_11,31.0,profitandloss
762.0,unnamed_11,32.0,profitandloss
763.0,unnamed_11,36.0,profitandloss
764.0,unnamed_11,35.0,profitandloss
765.0,unnamed_11,34.0,profitandloss
766.0,unnamed_11,33.0,profitandloss
767.0,unnamed_11,22.0,profitandloss
768.0,unnamed_11,25.0,profitandloss
769.0,unnamed_11,25.0,profitandloss
770.0,unnamed_11,25.0,profitandloss
771.0,unnamed_11,24.0,profitandloss
772.0,unnamed_11,,profitandloss
773.0,unnamed_11,24.0,profitandloss
774.0,unnamed_11,25.0,profitandloss
775.0,unnamed_11,-6.0,profitandloss
776.0,unnamed_11,-22.0,profitandloss
777.0,unnamed_11,-17.0,profitandloss
778.0,unnamed_11,-13.0,profitandloss
779.0,unnamed_11,-14.0,profitandloss
780.0,unnamed_11,37.0,profitandloss
781.0,unnamed_11,30.0,profitandloss
782.0,unnamed_11,30.0,profitandloss
783.0,unnamed_11,25.0,profitandloss
784.0,unnamed_11,5.0,profitandloss
785.0,unnamed_11,,profitandloss
786.0,unnamed_11,37.0,profitandloss
787.0,unnamed_11,18.0,profitandloss
788.0,unnamed_11,,profitandloss
789.0,unnamed_11,23.0,profitandloss
790.0,unnamed_11,27.0,profitandloss
791.0,unnamed_11,27.0,profitandloss
792.0,unnamed_11,28.0,profitandloss
793.0,unnamed_11,30.0,profitandloss
794.0,unnamed_11,75.0,profitandloss
795.0,unnamed_11,24.0,profitandloss
796.0,unnamed_11,6.0,profitandloss
797.0,unnamed_11,25.0,profitandloss
798.0,unnamed_11,22.0,profitandloss
799.0,unnamed_11,24.0,profitandloss
800.0,unnamed_11,20.0,profitandloss
801.0,unnamed_11,,profitandloss
802.0,unnamed_11,42.0,profitandloss
803.0,unnamed_11,70.0,profitandloss
804.0,unnamed_11,32.0,profitandloss
805.0,unnamed_11,-80.0,profitandloss
806.0,unnamed_11,33.0,profitandloss
807.0,unnamed_11,20.0,profitandloss
808.0,unnamed_11,33.0,profitandloss
809.0,unnamed_11,-30.0,profitandloss
810.0,unnamed_11,34.0,profitandloss
811.0,unnamed_11,30.0,profitandloss
812.0,unnamed_11,27.0,profitandloss
813.0,unnamed_11,33.0,profitandloss
814.0,unnamed_11,,profitandloss
815.0,unnamed_11,30.0,profitandloss
816.0,unnamed_11,32.0,profitandloss
817.0,unnamed_11,33.0,profitandloss
818.0,unnamed_11,32.0,profitandloss
819.0,unnamed_11,32.0,profitandloss
820.0,unnamed_11,33.0,profitandloss
821.0,unnamed_11,33.0,profitandloss
822.0,unnamed_11,25.0,profitandloss
823.0,unnamed_11,25.0,profitandloss
824.0,unnamed_11,25.0,profitandloss
825.0,unnamed_11,25.0,profitandloss
826.0,unnamed_11,25.0,profitandloss
827.0,unnamed_11,,profitandloss
828.0,unnamed_11,68.0,profitandloss
829.0,unnamed_11,80.0,profitandloss
830.0,unnamed_11,76.0,profitandloss
831.0,unnamed_11,66.0,profitandloss
832.0,unnamed_11,13.0,profitandloss
833.0,unnamed_11,13.0,profitandloss
834.0,unnamed_11,,profitandloss
835.0,unnamed_11,26.0,profitandloss
836.0,unnamed_11,32.0,profitandloss
837.0,unnamed_11,37.0,profitandloss
838.0,unnamed_11,41.0,profitandloss
839.0,unnamed_11,42.0,profitandloss
840.0,unnamed_11,33.0,profitandloss
841.0,unnamed_11,34.0,profitandloss
842.0,unnamed_11,26.0,profitandloss
843.0,unnamed_11,-44.0,profitandloss
844.0,unnamed_11,30.0,profitandloss
845.0,unnamed_11,-8.0,profitandloss
846.0,unnamed_11,23.0,profitandloss
847.0,unnamed_11,,profitandloss
848.0,unnamed_11,31.0,profitandloss
849.0,unnamed_11,35.0,profitandloss
850.0,unnamed_11,31.0,profitandloss
851.0,unnamed_11,30.0,profitandloss
852.0,unnamed_11,23.0,profitandloss
853.0,unnamed_11,27.0,profitandloss
854.0,unnamed_11,28.0,profitandloss
855.0,unnamed_11,23.0,profitandloss
856.0,unnamed_11,24.0,profitandloss
857.0,unnamed_11,29.0,profitandloss
858.0,unnamed_11,26.0,profitandloss
859.0,unnamed_11,24.0,profitandloss
860.0,unnamed_11,,profitandloss
861.0,unnamed_11,25.0,profitandloss
862.0,unnamed_11,17.0,profitandloss
863.0,unnamed_11,18.0,profitandloss
864.0,unnamed_11,19.0,profitandloss
865.0,unnamed_11,21.0,profitandloss
866.0,unnamed_11,23.0,profitandloss
867.0,unnamed_11,25.0,profitandloss
868.0,unnamed_11,24.0,profitandloss
869.0,unnamed_11,25.0,profitandloss
870.0,unnamed_11,25.0,profitandloss
871.0,unnamed_11,24.0,profitandloss
872.0,unnamed_11,24.0,profitandloss
873.0,unnamed_11,,profitandloss
874.0,unnamed_11,35.0,profitandloss
875.0,unnamed_11,26.0,profitandloss
876.0,unnamed_11,40.0,profitandloss
877.0,unnamed_11,37.0,profitandloss
878.0,unnamed_11,36.0,profitandloss
879.0,unnamed_11,23.0,profitandloss
880.0,unnamed_11,32.0,profitandloss
881.0,unnamed_11,99.0,profitandloss
882.0,unnamed_11,52.0,profitandloss
883.0,unnamed_11,23.0,profitandloss
884.0,unnamed_11,19.0,profitandloss
885.0,unnamed_11,23.0,profitandloss
886.0,unnamed_11,,profitandloss
887.0,unnamed_11,20.0,profitandloss
888.0,unnamed_11,24.0,profitandloss
889.0,unnamed_11,24.0,profitandloss
890.0,unnamed_11,28.0,profitandloss
891.0,unnamed_11,26.0,profitandloss
892.0,unnamed_11,29.0,profitandloss
893.0,unnamed_11,28.0,profitandloss
894.0,unnamed_11,20.0,profitandloss
895.0,unnamed_11,18.0,profitandloss
896.0,unnamed_11,17.0,profitandloss
897.0,unnamed_11,21.0,profitandloss
898.0,unnamed_11,23.0,profitandloss
899.0,unnamed_11,,profitandloss
900.0,unnamed_11,46.0,profitandloss
901.0,unnamed_11,31.0,profitandloss
902.0,unnamed_11,29.0,profitandloss
903.0,unnamed_11,23.0,profitandloss
904.0,unnamed_11,30.0,profitandloss
905.0,unnamed_11,31.0,profitandloss
906.0,unnamed_11,34.0,profitandloss
907.0,unnamed_11,-5.0,profitandloss
908.0,unnamed_11,34.0,profitandloss
909.0,unnamed_11,31.0,profitandloss
910.0,unnamed_11,31.0,profitandloss
911.0,unnamed_11,21.0,profitandloss
912.0,unnamed_11,,profitandloss
913.0,unnamed_11,41.0,profitandloss
914.0,unnamed_11,49.0,profitandloss
915.0,unnamed_11,99.0,profitandloss
916.0,unnamed_11,33.0,profitandloss
917.0,unnamed_11,99.0,profitandloss
918.0,unnamed_11,14.0,profitandloss
919.0,unnamed_11,17.0,profitandloss
920.0,unnamed_11,95.0,profitandloss
921.0,unnamed_11,12.0,profitandloss
922.0,unnamed_11,9.0,profitandloss
923.0,unnamed_11,99.0,profitandloss
924.0,unnamed_11,32.0,profitandloss
925.0,unnamed_11,,profitandloss
926.0,unnamed_11,33.0,profitandloss
927.0,unnamed_11,33.0,profitandloss
928.0,unnamed_11,31.0,profitandloss
929.0,unnamed_11,35.0,profitandloss
930.0,unnamed_11,33.0,profitandloss
931.0,unnamed_11,34.0,profitandloss
932.0,unnamed_11,26.0,profitandloss
933.0,unnamed_11,26.0,profitandloss
934.0,unnamed_11,26.0,profitandloss
935.0,unnamed_11,27.0,profitandloss
936.0,unnamed_11,26.0,profitandloss
937.0,unnamed_11,26.0,profitandloss
938.0,unnamed_11,26.0,profitandloss
939.0,unnamed_11,26.0,profitandloss
940.0,unnamed_11,35.0,profitandloss
941.0,unnamed_11,25.0,profitandloss
942.0,unnamed_11,30.0,profitandloss
943.0,unnamed_11,23.0,profitandloss
944.0,unnamed_11,8.0,profitandloss
945.0,unnamed_11,32.0,profitandloss
946.0,unnamed_11,-2.0,profitandloss
947.0,unnamed_11,20.0,profitandloss
948.0,unnamed_11,-17.0,profitandloss
949.0,unnamed_11,19.0,profitandloss
950.0,unnamed_11,20.0,profitandloss
951.0,unnamed_11,20.0,profitandloss
952.0,unnamed_11,24.0,profitandloss
953.0,unnamed_11,21.0,profitandloss
954.0,unnamed_11,4.0,profitandloss
955.0,unnamed_11,-2.0,profitandloss
956.0,unnamed_11,20.0,profitandloss
957.0,unnamed_11,35.0,profitandloss
958.0,unnamed_11,-25.0,profitandloss
959.0,unnamed_11,44.0,profitandloss
960.0,unnamed_11,14.0,profitandloss
961.0,unnamed_11,23.0,profitandloss
962.0,unnamed_11,28.0,profitandloss
963.0,unnamed_11,24.0,profitandloss
964.0,unnamed_11,24.0,profitandloss
965.0,unnamed_11,35.0,profitandloss
966.0,unnamed_11,32.0,profitandloss
967.0,unnamed_11,35.0,profitandloss
968.0,unnamed_11,35.0,profitandloss
969.0,unnamed_11,30.0,profitandloss
970.0,unnamed_11,34.0,profitandloss
971.0,unnamed_11,38.0,profitandloss
972.0,unnamed_11,40.0,profitandloss
973.0,unnamed_11,29.0,profitandloss
974.0,unnamed_11,9.0,profitandloss
975.0,unnamed_11,24.0,profitandloss
976.0,unnamed_11,26.0,profitandloss
977.0,unnamed_11,26.0,profitandloss
978.0,unnamed_11,26.0,profitandloss
979.0,unnamed_11,28.0,profitandloss
980.0,unnamed_11,29.0,profitandloss
981.0,unnamed_11,33.0,profitandloss
982.0,unnamed_11,58.0,profitandloss
983.0,unnamed_11,25.0,profitandloss
984.0,unnamed_11,29.0,profitandloss
985.0,unnamed_11,33.0,profitandloss
986.0,unnamed_11,21.0,profitandloss
987.0,unnamed_11,20.0,profitandloss
988.0,unnamed_11,20.0,profitandloss
989.0,unnamed_11,21.0,profitandloss
990.0,unnamed_11,21.0,profitandloss
991.0,unnamed_11,27.0,profitandloss
992.0,unnamed_11,27.0,profitandloss
993.0,unnamed_11,25.0,profitandloss
994.0,unnamed_11,29.0,profitandloss
995.0,unnamed_11,31.0,profitandloss
996.0,unnamed_11,29.0,profitandloss
997.0,unnamed_11,31.0,profitandloss
998.0,unnamed_11,24.0,profitandloss
999.0,unnamed_11,26.0,profitandloss
1000.0,unnamed_11,25.0,profitandloss
1001.0,unnamed_11,25.0,profitandloss
1002.0,unnamed_11,27.0,profitandloss
1003.0,unnamed_11,,profitandloss
1004.0,unnamed_11,27.0,profitandloss
1005.0,unnamed_11,29.0,profitandloss
1006.0,unnamed_11,24.0,profitandloss
1007.0,unnamed_11,-31.0,profitandloss
1008.0,unnamed_11,41.0,profitandloss
1009.0,unnamed_11,-37.0,profitandloss
1010.0,unnamed_11,-35.0,profitandloss
1011.0,unnamed_11,56.0,profitandloss
1012.0,unnamed_11,38.0,profitandloss
1013.0,unnamed_11,19.0,profitandloss
1014.0,unnamed_11,35.0,profitandloss
1015.0,unnamed_11,35.0,profitandloss
1016.0,unnamed_11,,profitandloss
1017.0,unnamed_11,25.0,profitandloss
1018.0,unnamed_11,28.0,profitandloss
1019.0,unnamed_11,21.0,profitandloss
1020.0,unnamed_11,21.0,profitandloss
1021.0,unnamed_11,21.0,profitandloss
1022.0,unnamed_11,39.0,profitandloss
1023.0,unnamed_11,-10.0,profitandloss
1024.0,unnamed_11,24.0,profitandloss
1025.0,unnamed_11,22.0,profitandloss
1026.0,unnamed_11,14.0,profitandloss
1027.0,unnamed_11,13.0,profitandloss
1028.0,unnamed_11,16.0,profitandloss
1029.0,unnamed_11,,profitandloss
1030.0,unnamed_11,26.0,profitandloss
1031.0,unnamed_11,28.0,profitandloss
1032.0,unnamed_11,29.0,profitandloss
1033.0,unnamed_11,30.0,profitandloss
1034.0,unnamed_11,30.0,profitandloss
1035.0,unnamed_11,25.0,profitandloss
1036.0,unnamed_11,29.0,profitandloss
1037.0,unnamed_11,29.0,profitandloss
1038.0,unnamed_11,22.0,profitandloss
1039.0,unnamed_11,19.0,profitandloss
1040.0,unnamed_11,20.0,profitandloss
1041.0,unnamed_11,21.0,profitandloss
1042.0,unnamed_11,,profitandloss
1043.0,unnamed_11,20.0,profitandloss
1044.0,unnamed_11,22.0,profitandloss
1045.0,unnamed_11,24.0,profitandloss
1046.0,unnamed_11,23.0,profitandloss
1047.0,unnamed_11,25.0,profitandloss
1048.0,unnamed_11,27.0,profitandloss
1049.0,unnamed_11,28.0,profitandloss
1050.0,unnamed_11,26.0,profitandloss
1051.0,unnamed_11,3.0,profitandloss
1052.0,unnamed_11,19.0,profitandloss
1053.0,unnamed_11,22.0,profitandloss
1054.0,unnamed_11,25.0,profitandloss
1055.0,unnamed_11,,profitandloss
1056.0,unnamed_11,9.0,profitandloss
1057.0,unnamed_11,11.0,profitandloss
1058.0,unnamed_11,13.0,profitandloss
1059.0,unnamed_11,16.0,profitandloss
1060.0,unnamed_11,17.0,profitandloss
1061.0,unnamed_11,19.0,profitandloss
1062.0,unnamed_11,19.0,profitandloss
1063.0,unnamed_11,21.0,profitandloss
1064.0,unnamed_11,11.0,profitandloss
1065.0,unnamed_11,11.0,profitandloss
1066.0,unnamed_11,10.0,profitandloss
1067.0,unnamed_11,9.0,profitandloss
1068.0,unnamed_11,,profitandloss
1069.0,unnamed_11,29.0,profitandloss
1070.0,unnamed_11,32.0,profitandloss
1071.0,unnamed_11,32.0,profitandloss
1072.0,unnamed_11,30.0,profitandloss
1073.0,unnamed_11,99.0,profitandloss
1074.0,unnamed_11,-66.0,profitandloss
1075.0,unnamed_11,41.0,profitandloss
1076.0,unnamed_11,40.0,profitandloss
1077.0,unnamed_11,26.0,profitandloss
1078.0,unnamed_11,27.0,profitandloss
1079.0,unnamed_11,25.0,profitandloss
1080.0,unnamed_11,25.0,profitandloss
1081.0,unnamed_11,,profitandloss
1082.0,unnamed_11,10.0,profitandloss
1083.0,unnamed_11,3.0,profitandloss
1084.0,unnamed_11,-6.0,profitandloss
1085.0,unnamed_11,3.0,profitandloss
1086.0,unnamed_11,13.0,profitandloss
1087.0,unnamed_11,24.0,profitandloss
1088.0,unnamed_11,11.0,profitandloss
1089.0,unnamed_11,20.0,profitandloss
1090.0,unnamed_11,24.0,profitandloss
1091.0,unnamed_11,19.0,profitandloss
1092.0,unnamed_11,15.0,profitandloss
1093.0,unnamed_11,19.0,profitandloss
1094.0,unnamed_11,,profitandloss
1095.0,unnamed_11,32.0,profitandloss
1096.0,unnamed_11,31.0,profitandloss
1097.0,unnamed_11,38.0,profitandloss
1098.0,unnamed_11,34.0,profitandloss
1099.0,unnamed_11,35.0,profitandloss
1100.0,unnamed_11,35.0,profitandloss
1101.0,unnamed_11,32.0,profitandloss
1102.0,unnamed_11,27.0,profitandloss
1103.0,unnamed_11,24.0,profitandloss
1104.0,unnamed_11,24.0,profitandloss
1105.0,unnamed_11,27.0,profitandloss
1106.0,unnamed_11,26.0,profitandloss
1107.0,unnamed_11,,profitandloss
1108.0,unnamed_11,33.0,profitandloss
1109.0,unnamed_11,28.0,profitandloss
1110.0,unnamed_11,30.0,profitandloss
1111.0,unnamed_11,26.0,profitandloss
1112.0,unnamed_11,32.0,profitandloss
1113.0,unnamed_11,36.0,profitandloss
1114.0,unnamed_11,34.0,profitandloss
1115.0,unnamed_11,26.0,profitandloss
1116.0,unnamed_11,25.0,profitandloss
1117.0,unnamed_11,23.0,profitandloss
1118.0,unnamed_11,26.0,profitandloss
1119.0,unnamed_11,25.0,profitandloss
1120.0,unnamed_11,20.0,profitandloss
1121.0,unnamed_11,15.0,profitandloss
1122.0,unnamed_11,14.0,profitandloss
1123.0,unnamed_11,14.0,profitandloss
1124.0,unnamed_11,13.0,profitandloss
1125.0,unnamed_11,26.0,profitandloss
1126.0,unnamed_11,16.0,profitandloss
1127.0,unnamed_11,16.0,profitandloss
1128.0,unnamed_11,18.0,profitandloss
1129.0,unnamed_11,24.0,profitandloss
1130.0,unnamed_11,9.0,profitandloss
1131.0,unnamed_11,13.0,profitandloss
1132.0,unnamed_11,,profitandloss
1133.0,unnamed_11,26.0,profitandloss
1134.0,unnamed_11,26.0,profitandloss
1135.0,unnamed_11,43.0,profitandloss
1136.0,unnamed_11,99.0,profitandloss
1137.0,unnamed_11,30.0,profitandloss
1138.0,unnamed_11,25.0,profitandloss
1139.0,unnamed_11,36.0,profitandloss
1140.0,unnamed_11,34.0,profitandloss
1141.0,unnamed_11,24.0,profitandloss
1142.0,unnamed_11,26.0,profitandloss
1143.0,unnamed_11,25.0,profitandloss
1144.0,unnamed_11,23.0,profitandloss
1145.0,unnamed_11,,profitandloss
1146.0,unnamed_11,28.0,profitandloss
1147.0,unnamed_11,25.0,profitandloss
1148.0,unnamed_11,35.0,profitandloss
1149.0,unnamed_11,21.0,profitandloss
1150.0,unnamed_11,35.0,profitandloss
1151.0,unnamed_11,39.0,profitandloss
1152.0,unnamed_11,-8.0,profitandloss
1153.0,unnamed_11,4.0,profitandloss
1154.0,unnamed_11,24.0,profitandloss
1155.0,unnamed_11,60.0,profitandloss
1156.0,unnamed_11,21.0,profitandloss
1157.0,unnamed_11,-14.0,profitandloss
1158.0,unnamed_11,,profitandloss
1159.0,unnamed_11,92.0,profitandloss
1160.0,unnamed_11,99.0,profitandloss
1161.0,unnamed_11,72.0,profitandloss
1162.0,unnamed_11,53.0,profitandloss
1163.0,unnamed_11,24.0,profitandloss
1164.0,unnamed_11,6.0,profitandloss
1165.0,unnamed_11,29.0,profitandloss
1166.0,unnamed_11,33.0,profitandloss
1167.0,unnamed_11,26.0,profitandloss
1168.0,unnamed_11,15.0,profitandloss
1169.0,unnamed_11,30.0,profitandloss
1170.0,unnamed_11,25.0,profitandloss
1171.0,unnamed_11,,profitandloss
1172.0,unnamed_11,78.0,profitandloss
1173.0,unnamed_11,45.0,profitandloss
1174.0,unnamed_11,99.0,profitandloss
1175.0,unnamed_11,99.0,profitandloss
1176.0,unnamed_11,99.0,profitandloss
1177.0,unnamed_11,16.0,profitandloss
1178.0,unnamed_11,42.0,profitandloss
1179.0,unnamed_11,-99.0,profitandloss
1180.0,unnamed_11,41.0,profitandloss
1181.0,unnamed_11,17.0,profitandloss
1182.0,unnamed_11,56.0,profitandloss
1183.0,unnamed_11,99.0,profitandloss
1184.0,unnamed_11,,profitandloss
1185.0,unnamed_11,22.0,profitandloss
1186.0,unnamed_11,24.0,profitandloss
1187.0,unnamed_11,24.0,profitandloss
1188.0,unnamed_11,24.0,profitandloss
1189.0,unnamed_11,24.0,profitandloss
1190.0,unnamed_11,24.0,profitandloss
1191.0,unnamed_11,24.0,profitandloss
1192.0,unnamed_11,23.0,profitandloss
1193.0,unnamed_11,26.0,profitandloss
1194.0,unnamed_11,26.0,profitandloss
1195.0,unnamed_11,26.0,profitandloss
1196.0,unnamed_11,26.0,profitandloss
1197.0,unnamed_11,,profitandloss
1198.0,unnamed_11,24.0,profitandloss
1199.0,unnamed_11,20.0,profitandloss
1200.0,unnamed_11,27.0,profitandloss
1201.0,unnamed_11,22.0,profitandloss
1202.0,unnamed_11,26.0,profitandloss
1203.0,unnamed_11,22.0,profitandloss
1204.0,unnamed_11,23.0,profitandloss
1205.0,unnamed_11,23.0,profitandloss
1206.0,unnamed_11,27.0,profitandloss
1207.0,unnamed_11,24.0,profitandloss
1208.0,unnamed_11,25.0,profitandloss
1209.0,unnamed_11,26.0,profitandloss
1210.0,unnamed_11,,profitandloss
1211.0,unnamed_11,28.0,profitandloss
1212.0,unnamed_11,27.0,profitandloss
1213.0,unnamed_11,22.0,profitandloss
1214.0,unnamed_11,22.0,profitandloss
1215.0,unnamed_11,28.0,profitandloss
1216.0,unnamed_11,28.0,profitandloss
1217.0,unnamed_11,29.0,profitandloss
1218.0,unnamed_11,29.0,profitandloss
1219.0,unnamed_11,27.0,profitandloss
1220.0,unnamed_11,24.0,profitandloss
1221.0,unnamed_11,26.0,profitandloss
1222.0,unnamed_11,24.0,profitandloss
1223.0,unnamed_11,,profitandloss
1224.0,unnamed_11,25.0,profitandloss
1225.0,unnamed_11,21.0,profitandloss
1226.0,unnamed_11,20.0,profitandloss
1227.0,unnamed_11,26.0,profitandloss
1228.0,unnamed_11,14.0,profitandloss
1229.0,unnamed_11,27.0,profitandloss
1230.0,unnamed_11,22.0,profitandloss
1231.0,unnamed_11,14.0,profitandloss
1232.0,unnamed_11,18.0,profitandloss
1233.0,unnamed_11,37.0,profitandloss
1234.0,unnamed_11,33.0,profitandloss
1235.0,unnamed_11,30.0,profitandloss
1236.0,unnamed_11,,profitandloss
1237.0,unnamed_11,99.0,profitandloss
1238.0,unnamed_11,99.0,profitandloss
1239.0,unnamed_11,35.0,profitandloss
1240.0,unnamed_11,39.0,profitandloss
1241.0,unnamed_11,34.0,profitandloss
1242.0,unnamed_11,41.0,profitandloss
1243.0,unnamed_11,44.0,profitandloss
1244.0,unnamed_11,36.0,profitandloss
1245.0,unnamed_11,-12.0,profitandloss
1246.0,unnamed_11,69.0,profitandloss
1247.0,unnamed_11,29.0,profitandloss
1248.0,unnamed_11,23.0,profitandloss
1249.0,unnamed_11,,profitandloss
1250.0,unnamed_11,32.0,profitandloss
1251.0,unnamed_11,39.0,profitandloss
1252.0,unnamed_11,28.0,profitandloss
1253.0,unnamed_11,26.0,profitandloss
1254.0,unnamed_11,23.0,profitandloss
1255.0,unnamed_11,29.0,profitandloss
1256.0,unnamed_11,33.0,profitandloss
1257.0,unnamed_11,25.0,profitandloss
1258.0,unnamed_11,26.0,profitandloss
1259.0,unnamed_11,31.0,profitandloss
1260.0,unnamed_11,32.0,profitandloss
1261.0,unnamed_11,34.0,profitandloss
1262.0,unnamed_11,,profitandloss
1263.0,unnamed_11,30.0,profitandloss
1264.0,unnamed_11,23.0,profitandloss
1265.0,unnamed_11,30.0,profitandloss
1266.0,unnamed_11,28.0,profitandloss
1267.0,unnamed_11,30.0,profitandloss
1268.0,unnamed_11,33.0,profitandloss
1269.0,unnamed_11,31.0,profitandloss
1270.0,unnamed_11,-11.0,profitandloss
1271.0,unnamed_11,32.0,profitandloss
1272.0,unnamed_11,14.0,profitandloss
1273.0,unnamed_11,32.0,profitandloss
1274.0,unnamed_11,26.0,profitandloss
1275.0,unnamed_11,,profitandloss
1276.0,unnamed_11,30.0,profitandloss
1277.0,unnamed_11,18.0,profitandloss
1278.0,unnamed_11,36.0,profitandloss
1279.0,unnamed_11,24.0,profitandloss
1280.0,unnamed_11,-58.0,profitandloss
1281.0,unnamed_11,-21.0,profitandloss
1282.0,unnamed_11,-25.0,profitandloss
1283.0,unnamed_11,-27.0,profitandloss
1284.0,unnamed_11,-22.0,profitandloss
1285.0,unnamed_11,39.0,profitandloss
1286.0,unnamed_11,31.0,profitandloss
1287.0,unnamed_11,36.0,profitandloss
1288.0,unnamed_11,,profitandloss
1289.0,unnamed_11,99.0,profitandloss
1290.0,unnamed_11,7.0,profitandloss
1291.0,unnamed_11,3.0,profitandloss
1292.0,unnamed_11,61.0,profitandloss
1293.0,unnamed_11,43.0,profitandloss
1294.0,unnamed_11,28.0,profitandloss
1295.0,unnamed_11,32.0,profitandloss
1296.0,unnamed_11,47.0,profitandloss
1297.0,unnamed_11,33.0,profitandloss
1298.0,unnamed_11,25.0,profitandloss
1299.0,unnamed_11,12.0,profitandloss
1300.0,unnamed_11,24.0,profitandloss
1301.0,unnamed_11,,profitandloss
1302.0,unnamed_11,-20.0,profitandloss
1303.0,unnamed_11,-11.0,profitandloss
1304.0,unnamed_11,99.0,profitandloss
1305.0,unnamed_11,41.0,profitandloss
1306.0,unnamed_11,39.0,profitandloss
1307.0,unnamed_11,26.0,profitandloss
1308.0,unnamed_11,31.0,profitandloss
1309.0,unnamed_11,32.0,profitandloss
1310.0,unnamed_11,1.0,profitandloss
1311.0,unnamed_11,26.0,profitandloss
1312.0,unnamed_11,23.0,profitandloss
1313.0,unnamed_11,23.0,profitandloss
1314.0,unnamed_11,,profitandloss
1315.0,unnamed_11,-25.0,profitandloss
1316.0,unnamed_11,-9.0,profitandloss
1317.0,unnamed_11,15.0,profitandloss
1318.0,unnamed_11,-37.0,profitandloss
1319.0,unnamed_11,17.0,profitandloss
1320.0,unnamed_11,30.0,profitandloss
1321.0,unnamed_11,28.0,profitandloss
1322.0,unnamed_11,-43.0,profitandloss
1323.0,unnamed_11,13.0,profitandloss
1324.0,unnamed_11,28.0,profitandloss
1325.0,unnamed_11,28.0,profitandloss
1326.0,unnamed_11,63.0,profitandloss
1327.0,unnamed_11,,profitandloss
1328.0,unnamed_11,21.0,profitandloss
1329.0,unnamed_11,21.0,profitandloss
1330.0,unnamed_11,22.0,profitandloss
1331.0,unnamed_11,22.0,profitandloss
1332.0,unnamed_11,23.0,profitandloss
1333.0,unnamed_11,22.0,profitandloss
1334.0,unnamed_11,22.0,profitandloss
1335.0,unnamed_11,20.0,profitandloss
1336.0,unnamed_11,22.0,profitandloss
1337.0,unnamed_11,19.0,profitandloss
1338.0,unnamed_11,23.0,profitandloss
1339.0,unnamed_11,25.0,profitandloss
1340.0,unnamed_11,,profitandloss
1341.0,unnamed_11,0.0,profitandloss
1342.0,unnamed_11,0.0,profitandloss
1343.0,unnamed_11,0.0,profitandloss
1344.0,unnamed_11,0.0,profitandloss
1345.0,unnamed_11,0.0,profitandloss
1346.0,unnamed_11,-4.0,profitandloss
1347.0,unnamed_11,-21.0,profitandloss
1348.0,unnamed_11,,profitandloss
1349.0,unnamed_11,15.0,profitandloss
1350.0,unnamed_11,11.0,profitandloss
1351.0,unnamed_11,18.0,profitandloss
1352.0,unnamed_11,8.0,profitandloss
1353.0,unnamed_11,8.0,profitandloss
1354.0,unnamed_11,24.0,profitandloss
1355.0,unnamed_11,22.0,profitandloss
1356.0,unnamed_11,21.0,profitandloss
1357.0,unnamed_11,8.0,profitandloss
1358.0,unnamed_11,10.0,profitandloss
1359.0,unnamed_11,23.0,profitandloss
1360.0,unnamed_11,20.0,profitandloss
1361.0,unnamed_11,,profitandloss
1362.0,unnamed_11,21.0,profitandloss
1363.0,unnamed_11,0.0,profitandloss
1364.0,unnamed_11,29.0,profitandloss
1365.0,unnamed_11,30.0,profitandloss
1366.0,unnamed_11,23.0,profitandloss
1367.0,unnamed_11,28.0,profitandloss
1368.0,unnamed_11,-99.0,profitandloss
1369.0,unnamed_11,-10.0,profitandloss
1370.0,unnamed_11,0.0,profitandloss
1371.0,unnamed_11,0.0,profitandloss
1372.0,unnamed_11,0.0,profitandloss
1373.0,unnamed_11,-2.0,profitandloss
1374.0,unnamed_11,,profitandloss
,unnamed_12,,profitandloss
61.0,unnamed_12,145.0,profitandloss
62.0,unnamed_12,198.0,profitandloss
63.0,unnamed_12,229.0,profitandloss
64.0,unnamed_12,255.0,profitandloss
65.0,unnamed_12,277.0,profitandloss
66.0,unnamed_12,401.0,profitandloss
67.0,unnamed_12,450.0,profitandloss
68.0,unnamed_12,593.0,profitandloss
69.0,unnamed_12,691.0,profitandloss
70.0,unnamed_12,799.0,profitandloss
71.0,unnamed_12,949.0,profitandloss
72.0,unnamed_12,1201.0,profitandloss
73.0,unnamed_12,1285.0,profitandloss
86.0,unnamed_12,0.0,profitandloss
87.0,unnamed_12,-7.0,profitandloss
88.0,unnamed_12,368.0,profitandloss
89.0,unnamed_12,416.0,profitandloss
90.0,unnamed_12,1143.0,profitandloss
91.0,unnamed_12,559.0,profitandloss
92.0,unnamed_12,706.0,profitandloss
93.0,unnamed_12,1290.0,profitandloss
94.0,unnamed_12,1236.0,profitandloss
95.0,unnamed_12,1281.0,profitandloss
96.0,unnamed_12,1196.0,profitandloss
97.0,unnamed_12,589.0,profitandloss
98.0,unnamed_12,1218.0,profitandloss
99.0,unnamed_12,2646.0,profitandloss
100.0,unnamed_12,2298.0,profitandloss
101.0,unnamed_12,1000.0,profitandloss
102.0,unnamed_12,925.0,profitandloss
103.0,unnamed_12,594.0,profitandloss
104.0,unnamed_12,506.0,profitandloss
105.0,unnamed_12,1040.0,profitandloss
106.0,unnamed_12,1046.0,profitandloss
107.0,unnamed_12,788.0,profitandloss
108.0,unnamed_12,2422.0,profitandloss
109.0,unnamed_12,3335.0,profitandloss
110.0,unnamed_12,6086.0,profitandloss
111.0,unnamed_12,-47.0,profitandloss
112.0,unnamed_12,-138.0,profitandloss
113.0,unnamed_12,-475.0,profitandloss
114.0,unnamed_12,-68.0,profitandloss
115.0,unnamed_12,182.0,profitandloss
116.0,unnamed_12,489.0,profitandloss
117.0,unnamed_12,973.0,profitandloss
118.0,unnamed_12,1260.0,profitandloss
119.0,unnamed_12,1928.0,profitandloss
120.0,unnamed_12,1639.0,profitandloss
121.0,unnamed_12,1741.0,profitandloss
122.0,unnamed_12,2324.0,profitandloss
123.0,unnamed_12,2856.0,profitandloss
124.0,unnamed_12,3902.0,profitandloss
125.0,unnamed_12,3690.0,profitandloss
126.0,unnamed_12,4045.0,profitandloss
127.0,unnamed_12,3785.0,profitandloss
128.0,unnamed_12,5049.0,profitandloss
129.0,unnamed_12,4953.0,profitandloss
130.0,unnamed_12,5391.0,profitandloss
131.0,unnamed_12,8104.0,profitandloss
132.0,unnamed_12,9743.0,profitandloss
133.0,unnamed_12,1639.0,profitandloss
134.0,unnamed_12,1741.0,profitandloss
135.0,unnamed_12,2324.0,profitandloss
136.0,unnamed_12,2856.0,profitandloss
137.0,unnamed_12,3902.0,profitandloss
138.0,unnamed_12,3690.0,profitandloss
139.0,unnamed_12,4045.0,profitandloss
140.0,unnamed_12,3785.0,profitandloss
141.0,unnamed_12,5049.0,profitandloss
142.0,unnamed_12,4953.0,profitandloss
143.0,unnamed_12,5391.0,profitandloss
144.0,unnamed_12,8104.0,profitandloss
145.0,unnamed_12,9743.0,profitandloss
146.0,unnamed_12,-2295.0,profitandloss
147.0,unnamed_12,-291.0,profitandloss
148.0,unnamed_12,-816.0,profitandloss
149.0,unnamed_12,551.0,profitandloss
150.0,unnamed_12,-6174.0,profitandloss
151.0,unnamed_12,-2103.0,profitandloss
152.0,unnamed_12,-984.0,profitandloss
153.0,unnamed_12,-2275.0,profitandloss
154.0,unnamed_12,1270.0,profitandloss
155.0,unnamed_12,4912.0,profitandloss
156.0,unnamed_12,10727.0,profitandloss
157.0,unnamed_12,20829.0,profitandloss
158.0,unnamed_12,12686.0,profitandloss
159.0,unnamed_12,1292.0,profitandloss
160.0,unnamed_12,1278.0,profitandloss
161.0,unnamed_12,1487.0,profitandloss
162.0,unnamed_12,808.0,profitandloss
163.0,unnamed_12,1434.0,profitandloss
164.0,unnamed_12,1945.0,profitandloss
165.0,unnamed_12,2973.0,profitandloss
166.0,unnamed_12,2783.0,profitandloss
167.0,unnamed_12,3107.0,profitandloss
168.0,unnamed_12,3711.0,profitandloss
169.0,unnamed_12,3024.0,profitandloss
170.0,unnamed_12,4738.0,profitandloss
171.0,unnamed_12,3871.0,profitandloss
172.0,unnamed_12,303.0,profitandloss
173.0,unnamed_12,315.0,profitandloss
174.0,unnamed_12,335.0,profitandloss
175.0,unnamed_12,235.0,profitandloss
176.0,unnamed_12,131.0,profitandloss
177.0,unnamed_12,60.0,profitandloss
178.0,unnamed_12,200.0,profitandloss
179.0,unnamed_12,432.0,profitandloss
180.0,unnamed_12,137.0,profitandloss
181.0,unnamed_12,1108.0,profitandloss
182.0,unnamed_12,844.0,profitandloss
183.0,unnamed_12,935.0,profitandloss
184.0,unnamed_12,1224.0,profitandloss
185.0,unnamed_12,1160.0,profitandloss
186.0,unnamed_12,1263.0,profitandloss
187.0,unnamed_12,1427.0,profitandloss
188.0,unnamed_12,1803.0,profitandloss
189.0,unnamed_12,2016.0,profitandloss
190.0,unnamed_12,2098.0,profitandloss
191.0,unnamed_12,2208.0,profitandloss
192.0,unnamed_12,2774.0,profitandloss
193.0,unnamed_12,3207.0,profitandloss
194.0,unnamed_12,3085.0,profitandloss
195.0,unnamed_12,4195.0,profitandloss
196.0,unnamed_12,5558.0,profitandloss
197.0,unnamed_12,4631.0,profitandloss
198.0,unnamed_12,162.0,profitandloss
199.0,unnamed_12,229.0,profitandloss
200.0,unnamed_12,436.0,profitandloss
201.0,unnamed_12,463.0,profitandloss
202.0,unnamed_12,509.0,profitandloss
203.0,unnamed_12,546.0,profitandloss
204.0,unnamed_12,668.0,profitandloss
205.0,unnamed_12,668.0,profitandloss
206.0,unnamed_12,3133.0,profitandloss
207.0,unnamed_12,3380.0,profitandloss
208.0,unnamed_12,3026.0,profitandloss
209.0,unnamed_12,4061.0,profitandloss
210.0,unnamed_12,4079.0,profitandloss
211.0,unnamed_12,4219.0,profitandloss
212.0,unnamed_12,4928.0,profitandloss
213.0,unnamed_12,5212.0,profitandloss
214.0,unnamed_12,4857.0,profitandloss
215.0,unnamed_12,6166.0,profitandloss
216.0,unnamed_12,6060.0,profitandloss
217.0,unnamed_12,7708.0,profitandloss
218.0,unnamed_12,7371.0,profitandloss
219.0,unnamed_12,5179.0,profitandloss
220.0,unnamed_12,6218.0,profitandloss
221.0,unnamed_12,7358.0,profitandloss
222.0,unnamed_12,8224.0,profitandloss
223.0,unnamed_12,3679.0,profitandloss
224.0,unnamed_12,276.0,profitandloss
225.0,unnamed_12,4677.0,profitandloss
226.0,unnamed_12,1627.0,profitandloss
227.0,unnamed_12,6588.0,profitandloss
228.0,unnamed_12,13025.0,profitandloss
229.0,unnamed_12,9580.0,profitandloss
230.0,unnamed_12,24861.0,profitandloss
231.0,unnamed_12,26386.0,profitandloss
232.0,unnamed_12,2214.0,profitandloss
233.0,unnamed_12,2191.0,profitandloss
234.0,unnamed_12,2409.0,profitandloss
235.0,unnamed_12,2775.0,profitandloss
236.0,unnamed_12,3450.0,profitandloss
237.0,unnamed_12,4176.0,profitandloss
238.0,unnamed_12,5374.0,profitandloss
239.0,unnamed_12,5994.0,profitandloss
240.0,unnamed_12,7367.0,profitandloss
241.0,unnamed_12,8314.0,profitandloss
242.0,unnamed_12,12210.0,profitandloss
243.0,unnamed_12,15595.0,profitandloss
244.0,unnamed_12,16520.0,profitandloss
245.0,unnamed_12,1856.0,profitandloss
246.0,unnamed_12,1988.0,profitandloss
247.0,unnamed_12,2029.0,profitandloss
248.0,unnamed_12,2265.0,profitandloss
249.0,unnamed_12,2473.0,profitandloss
250.0,unnamed_12,2655.0,profitandloss
251.0,unnamed_12,3048.0,profitandloss
252.0,unnamed_12,3080.0,profitandloss
253.0,unnamed_12,3654.0,profitandloss
254.0,unnamed_12,4126.0,profitandloss
255.0,unnamed_12,4946.0,profitandloss
256.0,unnamed_12,7365.0,profitandloss
257.0,unnamed_12,7486.0,profitandloss
258.0,unnamed_12,898.0,profitandloss
259.0,unnamed_12,1279.0,profitandloss
260.0,unnamed_12,1836.0,profitandloss
261.0,unnamed_12,2496.0,profitandloss
262.0,unnamed_12,3995.0,profitandloss
263.0,unnamed_12,5264.0,profitandloss
264.0,unnamed_12,4420.0,profitandloss
265.0,unnamed_12,7028.0,profitandloss
266.0,unnamed_12,11508.0,profitandloss
267.0,unnamed_12,14451.0,profitandloss
268.0,unnamed_12,15389.0,profitandloss
269.0,unnamed_12,4829.0,profitandloss
270.0,unnamed_12,5036.0,profitandloss
271.0,unnamed_12,3950.0,profitandloss
272.0,unnamed_12,-5033.0,profitandloss
273.0,unnamed_12,1855.0,profitandloss
274.0,unnamed_12,-1836.0,profitandloss
275.0,unnamed_12,1166.0,profitandloss
276.0,unnamed_12,981.0,profitandloss
277.0,unnamed_12,1620.0,profitandloss
278.0,unnamed_12,7933.0,profitandloss
279.0,unnamed_12,15005.0,profitandloss
280.0,unnamed_12,18869.0,profitandloss
281.0,unnamed_12,20144.0,profitandloss
282.0,unnamed_12,2267.0,profitandloss
283.0,unnamed_12,3019.0,profitandloss
284.0,unnamed_12,5048.0,profitandloss
285.0,unnamed_12,6893.0,profitandloss
286.0,unnamed_12,4241.0,profitandloss
287.0,unnamed_12,2184.0,profitandloss
288.0,unnamed_12,1688.0,profitandloss
289.0,unnamed_12,-30664.0,profitandloss
290.0,unnamed_12,-12364.0,profitandloss
291.0,unnamed_12,8305.0,profitandloss
292.0,unnamed_12,12287.0,profitandloss
293.0,unnamed_12,8558.0,profitandloss
294.0,unnamed_12,13816.0,profitandloss
295.0,unnamed_12,911.0,profitandloss
296.0,unnamed_12,952.0,profitandloss
297.0,unnamed_12,1197.0,profitandloss
298.0,unnamed_12,1337.0,profitandloss
299.0,unnamed_12,1523.0,profitandloss
300.0,unnamed_12,1431.0,profitandloss
301.0,unnamed_12,1887.0,profitandloss
302.0,unnamed_12,1825.0,profitandloss
303.0,unnamed_12,2100.0,profitandloss
304.0,unnamed_12,2400.0,profitandloss
305.0,unnamed_12,2986.0,profitandloss
306.0,unnamed_12,3985.0,profitandloss
307.0,unnamed_12,4541.0,profitandloss
308.0,unnamed_12,6693.0,profitandloss
309.0,unnamed_12,3502.0,profitandloss
310.0,unnamed_12,1450.0,profitandloss
311.0,unnamed_12,-706.0,profitandloss
312.0,unnamed_12,455.0,profitandloss
313.0,unnamed_12,438.0,profitandloss
314.0,unnamed_12,1002.0,profitandloss
315.0,unnamed_12,-1468.0,profitandloss
316.0,unnamed_12,-2700.0,profitandloss
317.0,unnamed_12,445.0,profitandloss
318.0,unnamed_12,654.0,profitandloss
319.0,unnamed_12,282.0,profitandloss
320.0,unnamed_12,445.0,profitandloss
321.0,unnamed_12,958.0,profitandloss
322.0,unnamed_12,885.0,profitandloss
323.0,unnamed_12,1338.0,profitandloss
324.0,unnamed_12,1531.0,profitandloss
325.0,unnamed_12,1741.0,profitandloss
326.0,unnamed_12,1371.0,profitandloss
327.0,unnamed_12,1598.0,profitandloss
328.0,unnamed_12,650.0,profitandloss
329.0,unnamed_12,482.0,profitandloss
330.0,unnamed_12,1217.0,profitandloss
331.0,unnamed_12,1424.0,profitandloss
332.0,unnamed_12,2490.0,profitandloss
333.0,unnamed_12,2084.0,profitandloss
334.0,unnamed_12,1936.0,profitandloss
335.0,unnamed_12,4053.0,profitandloss
336.0,unnamed_12,5082.0,profitandloss
337.0,unnamed_12,8089.0,profitandloss
338.0,unnamed_12,9507.0,profitandloss
339.0,unnamed_12,9792.0,profitandloss
340.0,unnamed_12,8528.0,profitandloss
341.0,unnamed_12,3666.0,profitandloss
342.0,unnamed_12,17320.0,profitandloss
343.0,unnamed_12,11682.0,profitandloss
344.0,unnamed_12,2131.0,profitandloss
345.0,unnamed_12,26859.0,profitandloss
346.0,unnamed_12,13734.0,profitandloss
347.0,unnamed_12,260.0,profitandloss
348.0,unnamed_12,395.0,profitandloss
349.0,unnamed_12,689.0,profitandloss
350.0,unnamed_12,825.0,profitandloss
351.0,unnamed_12,885.0,profitandloss
352.0,unnamed_12,1004.0,profitandloss
353.0,unnamed_12,1155.0,profitandloss
354.0,unnamed_12,1394.0,profitandloss
355.0,unnamed_12,1851.0,profitandloss
356.0,unnamed_12,1516.0,profitandloss
357.0,unnamed_12,2316.0,profitandloss
358.0,unnamed_12,2134.0,profitandloss
359.0,unnamed_12,2129.0,profitandloss
360.0,unnamed_12,2995.0,profitandloss
361.0,unnamed_12,2672.0,profitandloss
362.0,unnamed_12,2931.0,profitandloss
363.0,unnamed_12,-2535.0,profitandloss
364.0,unnamed_12,1411.0,profitandloss
365.0,unnamed_12,-3873.0,profitandloss
366.0,unnamed_12,696.0,profitandloss
367.0,unnamed_12,-1921.0,profitandloss
368.0,unnamed_12,2957.0,profitandloss
369.0,unnamed_12,6158.0,profitandloss
370.0,unnamed_12,11345.0,profitandloss
371.0,unnamed_12,15401.0,profitandloss
372.0,unnamed_12,16571.0,profitandloss
373.0,unnamed_12,308.0,profitandloss
374.0,unnamed_12,368.0,profitandloss
375.0,unnamed_12,444.0,profitandloss
376.0,unnamed_12,575.0,profitandloss
377.0,unnamed_12,718.0,profitandloss
378.0,unnamed_12,918.0,profitandloss
379.0,unnamed_12,1197.0,profitandloss
380.0,unnamed_12,1054.0,profitandloss
381.0,unnamed_12,1521.0,profitandloss
382.0,unnamed_12,2154.0,profitandloss
383.0,unnamed_12,2665.0,profitandloss
384.0,unnamed_12,3420.0,profitandloss
385.0,unnamed_12,3852.0,profitandloss
386.0,unnamed_12,1545.0,profitandloss
387.0,unnamed_12,1404.0,profitandloss
388.0,unnamed_12,1229.0,profitandloss
389.0,unnamed_12,1383.0,profitandloss
390.0,unnamed_12,1035.0,profitandloss
391.0,unnamed_12,1417.0,profitandloss
392.0,unnamed_12,1492.0,profitandloss
393.0,unnamed_12,1500.0,profitandloss
394.0,unnamed_12,2389.0,profitandloss
395.0,unnamed_12,2547.0,profitandloss
396.0,unnamed_12,2833.0,profitandloss
397.0,unnamed_12,4154.0,profitandloss
398.0,unnamed_12,4987.0,profitandloss
399.0,unnamed_12,17356.0,profitandloss
400.0,unnamed_12,15112.0,profitandloss
401.0,unnamed_12,13727.0,profitandloss
402.0,unnamed_12,14267.0,profitandloss
403.0,unnamed_12,9280.0,profitandloss
404.0,unnamed_12,7038.0,profitandloss
405.0,unnamed_12,17464.0,profitandloss
406.0,unnamed_12,16700.0,profitandloss
407.0,unnamed_12,12702.0,profitandloss
408.0,unnamed_12,17378.0,profitandloss
409.0,unnamed_12,31723.0,profitandloss
410.0,unnamed_12,37369.0,profitandloss
411.0,unnamed_12,34350.0,profitandloss
412.0,unnamed_12,766.0,profitandloss
413.0,unnamed_12,916.0,profitandloss
414.0,unnamed_12,1068.0,profitandloss
415.0,unnamed_12,1254.0,profitandloss
416.0,unnamed_12,1280.0,profitandloss
417.0,unnamed_12,1358.0,profitandloss
418.0,unnamed_12,1446.0,profitandloss
419.0,unnamed_12,1448.0,profitandloss
420.0,unnamed_12,1695.0,profitandloss
421.0,unnamed_12,1742.0,profitandloss
422.0,unnamed_12,1701.0,profitandloss
423.0,unnamed_12,1811.0,profitandloss
424.0,unnamed_12,1760.0,profitandloss
425.0,unnamed_12,602.0,profitandloss
426.0,unnamed_12,773.0,profitandloss
427.0,unnamed_12,852.0,profitandloss
428.0,unnamed_12,1126.0,profitandloss
429.0,unnamed_12,1060.0,profitandloss
430.0,unnamed_12,877.0,profitandloss
431.0,unnamed_12,1353.0,profitandloss
432.0,unnamed_12,1377.0,profitandloss
433.0,unnamed_12,1984.0,profitandloss
434.0,unnamed_12,2960.0,profitandloss
435.0,unnamed_12,1824.0,profitandloss
436.0,unnamed_12,1600.0,profitandloss
437.0,unnamed_12,1836.0,profitandloss
438.0,unnamed_12,667.0,profitandloss
439.0,unnamed_12,590.0,profitandloss
440.0,unnamed_12,507.0,profitandloss
441.0,unnamed_12,305.0,profitandloss
442.0,unnamed_12,708.0,profitandloss
443.0,unnamed_12,4477.0,profitandloss
444.0,unnamed_12,1314.0,profitandloss
445.0,unnamed_12,-590.0,profitandloss
446.0,unnamed_12,1083.0,profitandloss
447.0,unnamed_12,1500.0,profitandloss
448.0,unnamed_12,2034.0,profitandloss
449.0,unnamed_12,2724.0,profitandloss
450.0,unnamed_12,4004.0,profitandloss
451.0,unnamed_12,94.0,profitandloss
452.0,unnamed_12,161.0,profitandloss
453.0,unnamed_12,212.0,profitandloss
454.0,unnamed_12,320.0,profitandloss
455.0,unnamed_12,479.0,profitandloss
456.0,unnamed_12,806.0,profitandloss
457.0,unnamed_12,902.0,profitandloss
458.0,unnamed_12,1301.0,profitandloss
459.0,unnamed_12,1099.0,profitandloss
460.0,unnamed_12,1492.0,profitandloss
461.0,unnamed_12,2378.0,profitandloss
462.0,unnamed_12,2536.0,profitandloss
463.0,unnamed_12,2720.0,profitandloss
464.0,unnamed_12,1527.0,profitandloss
465.0,unnamed_12,1963.0,profitandloss
466.0,unnamed_12,2336.0,profitandloss
467.0,unnamed_12,2131.0,profitandloss
468.0,unnamed_12,1292.0,profitandloss
469.0,unnamed_12,947.0,profitandloss
470.0,unnamed_12,1950.0,profitandloss
471.0,unnamed_12,2026.0,profitandloss
472.0,unnamed_12,1952.0,profitandloss
473.0,unnamed_12,2182.0,profitandloss
474.0,unnamed_12,4507.0,profitandloss
475.0,unnamed_12,5578.0,profitandloss
476.0,unnamed_12,5448.0,profitandloss
477.0,unnamed_12,475.0,profitandloss
478.0,unnamed_12,525.0,profitandloss
479.0,unnamed_12,702.0,profitandloss
480.0,unnamed_12,1338.0,profitandloss
481.0,unnamed_12,1667.0,profitandloss
482.0,unnamed_12,1960.0,profitandloss
483.0,unnamed_12,2203.0,profitandloss
484.0,unnamed_12,1827.0,profitandloss
485.0,unnamed_12,1347.0,profitandloss
486.0,unnamed_12,1677.0,profitandloss
487.0,unnamed_12,2914.0,profitandloss
488.0,unnamed_12,4001.0,profitandloss
489.0,unnamed_12,4268.0,profitandloss
490.0,unnamed_12,4367.0,profitandloss
491.0,unnamed_12,4786.0,profitandloss
492.0,unnamed_12,3160.0,profitandloss
493.0,unnamed_12,1874.0,profitandloss
494.0,unnamed_12,3374.0,profitandloss
495.0,unnamed_12,4805.0,profitandloss
496.0,unnamed_12,6553.0,profitandloss
497.0,unnamed_12,9515.0,profitandloss
498.0,unnamed_12,6143.0,profitandloss
499.0,unnamed_12,12304.0,profitandloss
500.0,unnamed_12,5596.0,profitandloss
501.0,unnamed_12,9903.0,profitandloss
502.0,unnamed_12,11541.0,profitandloss
503.0,unnamed_12,845.0,profitandloss
504.0,unnamed_12,819.0,profitandloss
505.0,unnamed_12,976.0,profitandloss
506.0,unnamed_12,831.0,profitandloss
507.0,unnamed_12,1308.0,profitandloss
508.0,unnamed_12,1634.0,profitandloss
509.0,unnamed_12,2342.0,profitandloss
510.0,unnamed_12,1497.0,profitandloss
511.0,unnamed_12,1721.0,profitandloss
512.0,unnamed_12,1783.0,profitandloss
513.0,unnamed_12,1702.0,profitandloss
514.0,unnamed_12,-561.0,profitandloss
515.0,unnamed_12,-453.0,profitandloss
516.0,unnamed_12,3778.0,profitandloss
517.0,unnamed_12,2954.0,profitandloss
518.0,unnamed_12,2582.0,profitandloss
519.0,unnamed_12,3455.0,profitandloss
520.0,unnamed_12,4246.0,profitandloss
521.0,unnamed_12,3688.0,profitandloss
522.0,unnamed_12,2745.0,profitandloss
523.0,unnamed_12,6639.0,profitandloss
524.0,unnamed_12,6987.0,profitandloss
525.0,unnamed_12,11206.0,profitandloss
526.0,unnamed_12,11078.0,profitandloss
527.0,unnamed_12,9926.0,profitandloss
528.0,unnamed_12,8693.0,profitandloss
529.0,unnamed_12,2997.0,profitandloss
530.0,unnamed_12,2693.0,profitandloss
531.0,unnamed_12,2388.0,profitandloss
532.0,unnamed_12,1998.0,profitandloss
533.0,unnamed_12,2616.0,profitandloss
534.0,unnamed_12,1987.0,profitandloss
535.0,unnamed_12,2346.0,profitandloss
536.0,unnamed_12,2842.0,profitandloss
537.0,unnamed_12,3239.0,profitandloss
538.0,unnamed_12,5086.0,profitandloss
539.0,unnamed_12,5811.0,profitandloss
540.0,unnamed_12,7595.0,profitandloss
541.0,unnamed_12,8472.0,profitandloss
542.0,unnamed_12,581.0,profitandloss
543.0,unnamed_12,446.0,profitandloss
544.0,unnamed_12,385.0,profitandloss
545.0,unnamed_12,1300.0,profitandloss
546.0,unnamed_12,494.0,profitandloss
547.0,unnamed_12,661.0,profitandloss
548.0,unnamed_12,788.0,profitandloss
549.0,unnamed_12,735.0,profitandloss
550.0,unnamed_12,1044.0,profitandloss
551.0,unnamed_12,1196.0,profitandloss
552.0,unnamed_12,1072.0,profitandloss
553.0,unnamed_12,1271.0,profitandloss
554.0,unnamed_12,1400.0,profitandloss
555.0,unnamed_12,4040.0,profitandloss
556.0,unnamed_12,6528.0,profitandloss
557.0,unnamed_12,7342.0,profitandloss
558.0,unnamed_12,5602.0,profitandloss
559.0,unnamed_12,8606.0,profitandloss
560.0,unnamed_12,8722.0,profitandloss
561.0,unnamed_12,10120.0,profitandloss
562.0,unnamed_12,11057.0,profitandloss
563.0,unnamed_12,11169.0,profitandloss
564.0,unnamed_12,13523.0,profitandloss
565.0,unnamed_12,14845.0,profitandloss
566.0,unnamed_12,15710.0,profitandloss
567.0,unnamed_12,17085.0,profitandloss
568.0,unnamed_12,6903.0,profitandloss
569.0,unnamed_12,8768.0,profitandloss
570.0,unnamed_12,10703.0,profitandloss
571.0,unnamed_12,12821.0,profitandloss
572.0,unnamed_12,15317.0,profitandloss
573.0,unnamed_12,18561.0,profitandloss
574.0,unnamed_12,22446.0,profitandloss
575.0,unnamed_12,27296.0,profitandloss
576.0,unnamed_12,31857.0,profitandloss
577.0,unnamed_12,38151.0,profitandloss
578.0,unnamed_12,46149.0,profitandloss
579.0,unnamed_12,65446.0,profitandloss
580.0,unnamed_12,72168.0,profitandloss
581.0,unnamed_12,447.0,profitandloss
582.0,unnamed_12,725.0,profitandloss
583.0,unnamed_12,786.0,profitandloss
584.0,unnamed_12,817.0,profitandloss
585.0,unnamed_12,887.0,profitandloss
586.0,unnamed_12,1107.0,profitandloss
587.0,unnamed_12,1278.0,profitandloss
588.0,unnamed_12,1297.0,profitandloss
589.0,unnamed_12,1361.0,profitandloss
590.0,unnamed_12,1327.0,profitandloss
591.0,unnamed_12,1368.0,profitandloss
592.0,unnamed_12,1574.0,profitandloss
593.0,unnamed_12,1747.0,profitandloss
594.0,unnamed_12,2102.0,profitandloss
595.0,unnamed_12,2364.0,profitandloss
596.0,unnamed_12,3112.0,profitandloss
597.0,unnamed_12,3546.0,profitandloss
598.0,unnamed_12,3722.0,profitandloss
599.0,unnamed_12,3466.0,profitandloss
600.0,unnamed_12,3659.0,profitandloss
601.0,unnamed_12,2936.0,profitandloss
602.0,unnamed_12,2329.0,profitandloss
603.0,unnamed_12,2800.0,profitandloss
604.0,unnamed_12,3742.0,profitandloss
605.0,unnamed_12,4133.0,profitandloss
606.0,unnamed_12,3007.0,profitandloss
607.0,unnamed_12,2195.0,profitandloss
608.0,unnamed_12,259.0,profitandloss
609.0,unnamed_12,-702.0,profitandloss
610.0,unnamed_12,1882.0,profitandloss
611.0,unnamed_12,6083.0,profitandloss
612.0,unnamed_12,5495.0,profitandloss
613.0,unnamed_12,3767.0,profitandloss
614.0,unnamed_12,3483.0,profitandloss
615.0,unnamed_12,13730.0,profitandloss
616.0,unnamed_12,10097.0,profitandloss
617.0,unnamed_12,10155.0,profitandloss
618.0,unnamed_12,12488.0,profitandloss
619.0,unnamed_12,3839.0,profitandloss
620.0,unnamed_12,3956.0,profitandloss
621.0,unnamed_12,4376.0,profitandloss
622.0,unnamed_12,4151.0,profitandloss
623.0,unnamed_12,4490.0,profitandloss
624.0,unnamed_12,5227.0,profitandloss
625.0,unnamed_12,6060.0,profitandloss
626.0,unnamed_12,6756.0,profitandloss
627.0,unnamed_12,7999.0,profitandloss
628.0,unnamed_12,8892.0,profitandloss
629.0,unnamed_12,10143.0,profitandloss
630.0,unnamed_12,10282.0,profitandloss
631.0,unnamed_12,10757.0,profitandloss
632.0,unnamed_12,10130.0,profitandloss
633.0,unnamed_12,11677.0,profitandloss
634.0,unnamed_12,12942.0,profitandloss
635.0,unnamed_12,10927.0,profitandloss
636.0,unnamed_12,11340.0,profitandloss
637.0,unnamed_12,9100.0,profitandloss
638.0,unnamed_12,5689.0,profitandloss
639.0,unnamed_12,11225.0,profitandloss
640.0,unnamed_12,20364.0,profitandloss
641.0,unnamed_12,26538.0,profitandloss
642.0,unnamed_12,35461.0,profitandloss
643.0,unnamed_12,46081.0,profitandloss
644.0,unnamed_12,52416.0,profitandloss
645.0,unnamed_12,353.0,profitandloss
646.0,unnamed_12,520.0,profitandloss
647.0,unnamed_12,585.0,profitandloss
648.0,unnamed_12,507.0,profitandloss
649.0,unnamed_12,702.0,profitandloss
650.0,unnamed_12,862.0,profitandloss
651.0,unnamed_12,1049.0,profitandloss
652.0,unnamed_12,1194.0,profitandloss
653.0,unnamed_12,1473.0,profitandloss
654.0,unnamed_12,1271.0,profitandloss
655.0,unnamed_12,1729.0,profitandloss
656.0,unnamed_12,1919.0,profitandloss
657.0,unnamed_12,2518.0,profitandloss
658.0,unnamed_12,1515.0,profitandloss
659.0,unnamed_12,1561.0,profitandloss
660.0,unnamed_12,1640.0,profitandloss
661.0,unnamed_12,1650.0,profitandloss
662.0,unnamed_12,1682.0,profitandloss
663.0,unnamed_12,1619.0,profitandloss
664.0,unnamed_12,1139.0,profitandloss
665.0,unnamed_12,1067.0,profitandloss
666.0,unnamed_12,956.0,profitandloss
667.0,unnamed_12,759.0,profitandloss
668.0,unnamed_12,813.0,profitandloss
669.0,unnamed_12,851.0,profitandloss
670.0,unnamed_12,974.0,profitandloss
697.0,unnamed_12,1061.0,profitandloss
698.0,unnamed_12,1408.0,profitandloss
699.0,unnamed_12,1794.0,profitandloss
700.0,unnamed_12,2286.0,profitandloss
701.0,unnamed_12,2868.0,profitandloss
702.0,unnamed_12,3606.0,profitandloss
703.0,unnamed_12,3301.0,profitandloss
704.0,unnamed_12,4418.0,profitandloss
705.0,unnamed_12,2836.0,profitandloss
706.0,unnamed_12,4611.0,profitandloss
707.0,unnamed_12,7390.0,profitandloss
708.0,unnamed_12,8950.0,profitandloss
709.0,unnamed_12,8122.0,profitandloss
710.0,unnamed_12,9429.0,profitandloss
711.0,unnamed_12,10656.0,profitandloss
712.0,unnamed_12,12372.0,profitandloss
713.0,unnamed_12,13489.0,profitandloss
714.0,unnamed_12,14353.0,profitandloss
715.0,unnamed_12,16029.0,profitandloss
716.0,unnamed_12,15410.0,profitandloss
717.0,unnamed_12,16639.0,profitandloss
718.0,unnamed_12,19423.0,profitandloss
719.0,unnamed_12,22146.0,profitandloss
720.0,unnamed_12,24108.0,profitandloss
721.0,unnamed_12,26248.0,profitandloss
722.0,unnamed_12,27687.0,profitandloss
723.0,unnamed_12,3627.0,profitandloss
724.0,unnamed_12,6967.0,profitandloss
725.0,unnamed_12,4872.0,profitandloss
726.0,unnamed_12,12413.0,profitandloss
727.0,unnamed_12,20385.0,profitandloss
728.0,unnamed_12,22626.0,profitandloss
729.0,unnamed_12,17274.0,profitandloss
730.0,unnamed_12,-1876.0,profitandloss
731.0,unnamed_12,21762.0,profitandloss
732.0,unnamed_12,25727.0,profitandloss
733.0,unnamed_12,11704.0,profitandloss
734.0,unnamed_12,43161.0,profitandloss
735.0,unnamed_12,10909.0,profitandloss
736.0,unnamed_12,131.0,profitandloss
737.0,unnamed_12,189.0,profitandloss
738.0,unnamed_12,229.0,profitandloss
739.0,unnamed_12,221.0,profitandloss
740.0,unnamed_12,309.0,profitandloss
741.0,unnamed_12,513.0,profitandloss
742.0,unnamed_12,187.0,profitandloss
743.0,unnamed_12,660.0,profitandloss
744.0,unnamed_12,1006.0,profitandloss
745.0,unnamed_12,1111.0,profitandloss
746.0,unnamed_12,1200.0,profitandloss
747.0,unnamed_12,522.0,profitandloss
748.0,unnamed_12,701.0,profitandloss
749.0,unnamed_12,758.0,profitandloss
750.0,unnamed_12,849.0,profitandloss
751.0,unnamed_12,934.0,profitandloss
752.0,unnamed_12,2055.0,profitandloss
753.0,unnamed_12,2255.0,profitandloss
754.0,unnamed_12,3192.0,profitandloss
755.0,unnamed_12,4416.0,profitandloss
756.0,unnamed_12,6090.0,profitandloss
757.0,unnamed_12,6167.0,profitandloss
758.0,unnamed_12,6412.0,profitandloss
759.0,unnamed_12,6537.0,profitandloss
760.0,unnamed_12,7704.0,profitandloss
761.0,unnamed_12,9001.0,profitandloss
762.0,unnamed_12,9779.0,profitandloss
763.0,unnamed_12,9501.0,profitandloss
764.0,unnamed_12,10477.0,profitandloss
765.0,unnamed_12,11493.0,profitandloss
766.0,unnamed_12,12836.0,profitandloss
767.0,unnamed_12,15593.0,profitandloss
768.0,unnamed_12,13383.0,profitandloss
769.0,unnamed_12,15503.0,profitandloss
770.0,unnamed_12,19477.0,profitandloss
771.0,unnamed_12,20751.0,profitandloss
772.0,unnamed_12,20829.0,profitandloss
773.0,unnamed_12,2952.0,profitandloss
774.0,unnamed_12,1896.0,profitandloss
775.0,unnamed_12,-1452.0,profitandloss
776.0,unnamed_12,-3087.0,profitandloss
777.0,unnamed_12,-2538.0,profitandloss
778.0,unnamed_12,-1616.0,profitandloss
779.0,unnamed_12,-2412.0,profitandloss
780.0,unnamed_12,-400.0,profitandloss
781.0,unnamed_12,4267.0,profitandloss
782.0,unnamed_12,6766.0,profitandloss
783.0,unnamed_12,3974.0,profitandloss
784.0,unnamed_12,5943.0,profitandloss
785.0,unnamed_12,5060.0,profitandloss
786.0,unnamed_12,31.0,profitandloss
787.0,unnamed_12,1605.0,profitandloss
788.0,unnamed_12,1607.0,profitandloss
789.0,unnamed_12,901.0,profitandloss
790.0,unnamed_12,760.0,profitandloss
791.0,unnamed_12,1358.0,profitandloss
792.0,unnamed_12,1460.0,profitandloss
793.0,unnamed_12,623.0,profitandloss
794.0,unnamed_12,85.0,profitandloss
795.0,unnamed_12,684.0,profitandloss
796.0,unnamed_12,1081.0,profitandloss
797.0,unnamed_12,823.0,profitandloss
798.0,unnamed_12,1743.0,profitandloss
799.0,unnamed_12,1480.0,profitandloss
800.0,unnamed_12,1725.0,profitandloss
801.0,unnamed_12,1988.0,profitandloss
802.0,unnamed_12,929.0,profitandloss
803.0,unnamed_12,402.0,profitandloss
804.0,unnamed_12,1722.0,profitandloss
805.0,unnamed_12,-481.0,profitandloss
806.0,unnamed_12,3467.0,profitandloss
807.0,unnamed_12,6113.0,profitandloss
808.0,unnamed_12,7524.0,profitandloss
809.0,unnamed_12,3919.0,profitandloss
810.0,unnamed_12,7873.0,profitandloss
811.0,unnamed_12,20938.0,profitandloss
812.0,unnamed_12,4139.0,profitandloss
813.0,unnamed_12,8973.0,profitandloss
814.0,unnamed_12,3312.0,profitandloss
815.0,unnamed_12,2238.0,profitandloss
816.0,unnamed_12,2527.0,profitandloss
817.0,unnamed_12,3105.0,profitandloss
818.0,unnamed_12,3524.0,profitandloss
819.0,unnamed_12,5019.0,profitandloss
820.0,unnamed_12,6258.0,profitandloss
821.0,unnamed_12,7204.0,profitandloss
822.0,unnamed_12,8593.0,profitandloss
823.0,unnamed_12,9990.0,profitandloss
824.0,unnamed_12,12089.0,profitandloss
825.0,unnamed_12,14925.0,profitandloss
826.0,unnamed_12,18213.0,profitandloss
827.0,unnamed_12,22530.0,profitandloss
828.0,unnamed_12,2627.0,profitandloss
829.0,unnamed_12,2710.0,profitandloss
830.0,unnamed_12,2974.0,profitandloss
831.0,unnamed_12,4125.0,profitandloss
832.0,unnamed_12,35997.0,profitandloss
833.0,unnamed_12,40916.0,profitandloss
834.0,unnamed_12,41468.0,profitandloss
835.0,unnamed_12,264.0,profitandloss
836.0,unnamed_12,381.0,profitandloss
837.0,unnamed_12,798.0,profitandloss
838.0,unnamed_12,703.0,profitandloss
839.0,unnamed_12,584.0,profitandloss
840.0,unnamed_12,794.0,profitandloss
841.0,unnamed_12,1644.0,profitandloss
842.0,unnamed_12,742.0,profitandloss
843.0,unnamed_12,48.0,profitandloss
844.0,unnamed_12,1208.0,profitandloss
845.0,unnamed_12,490.0,profitandloss
846.0,unnamed_12,1554.0,profitandloss
847.0,unnamed_12,2511.0,profitandloss
848.0,unnamed_12,5291.0,profitandloss
849.0,unnamed_12,4885.0,profitandloss
850.0,unnamed_12,4966.0,profitandloss
851.0,unnamed_12,4592.0,profitandloss
852.0,unnamed_12,6486.0,profitandloss
853.0,unnamed_12,8004.0,profitandloss
854.0,unnamed_12,10217.0,profitandloss
855.0,unnamed_12,10894.0,profitandloss
856.0,unnamed_12,12921.0,profitandloss
857.0,unnamed_12,10419.0,profitandloss
858.0,unnamed_12,12531.0,profitandloss
859.0,unnamed_12,15547.0,profitandloss
860.0,unnamed_12,16150.0,profitandloss
861.0,unnamed_12,562.0,profitandloss
862.0,unnamed_12,996.0,profitandloss
863.0,unnamed_12,769.0,profitandloss
864.0,unnamed_12,836.0,profitandloss
865.0,unnamed_12,971.0,profitandloss
866.0,unnamed_12,1112.0,profitandloss
867.0,unnamed_12,1516.0,profitandloss
868.0,unnamed_12,1520.0,profitandloss
869.0,unnamed_12,1938.0,profitandloss
870.0,unnamed_12,3950.0,profitandloss
871.0,unnamed_12,4410.0,profitandloss
872.0,unnamed_12,4585.0,profitandloss
873.0,unnamed_12,4574.0,profitandloss
874.0,unnamed_12,4129.0,profitandloss
875.0,unnamed_12,5154.0,profitandloss
876.0,unnamed_12,3381.0,profitandloss
877.0,unnamed_12,3554.0,profitandloss
878.0,unnamed_12,4051.0,profitandloss
879.0,unnamed_12,7958.0,profitandloss
880.0,unnamed_12,6017.0,profitandloss
881.0,unnamed_12,-321.0,profitandloss
882.0,unnamed_12,1512.0,profitandloss
883.0,unnamed_12,7253.0,profitandloss
884.0,unnamed_12,11374.0,profitandloss
885.0,unnamed_12,12270.0,profitandloss
886.0,unnamed_12,13009.0,profitandloss
887.0,unnamed_12,2470.0,profitandloss
888.0,unnamed_12,2854.0,profitandloss
889.0,unnamed_12,3809.0,profitandloss
890.0,unnamed_12,5497.0,profitandloss
891.0,unnamed_12,7511.0,profitandloss
892.0,unnamed_12,7881.0,profitandloss
893.0,unnamed_12,7651.0,profitandloss
894.0,unnamed_12,5678.0,profitandloss
895.0,unnamed_12,4389.0,profitandloss
896.0,unnamed_12,3880.0,profitandloss
897.0,unnamed_12,8264.0,profitandloss
898.0,unnamed_12,13488.0,profitandloss
899.0,unnamed_12,14021.0,profitandloss
900.0,unnamed_12,452.0,profitandloss
901.0,unnamed_12,1097.0,profitandloss
902.0,unnamed_12,1292.0,profitandloss
903.0,unnamed_12,1774.0,profitandloss
904.0,unnamed_12,2172.0,profitandloss
905.0,unnamed_12,2260.0,profitandloss
906.0,unnamed_12,2098.0,profitandloss
907.0,unnamed_12,1294.0,profitandloss
908.0,unnamed_12,1569.0,profitandloss
909.0,unnamed_12,1182.0,profitandloss
910.0,unnamed_12,1670.0,profitandloss
911.0,unnamed_12,3020.0,profitandloss
912.0,unnamed_12,4123.0,profitandloss
913.0,unnamed_12,76.0,profitandloss
914.0,unnamed_12,60.0,profitandloss
915.0,unnamed_12,-14.0,profitandloss
916.0,unnamed_12,118.0,profitandloss
917.0,unnamed_12,-43.0,profitandloss
918.0,unnamed_12,501.0,profitandloss
919.0,unnamed_12,592.0,profitandloss
920.0,unnamed_12,-246.0,profitandloss
921.0,unnamed_12,1418.0,profitandloss
922.0,unnamed_12,12882.0,profitandloss
923.0,unnamed_12,-70.0,profitandloss
924.0,unnamed_12,595.0,profitandloss
925.0,unnamed_12,551.0,profitandloss
926.0,unnamed_12,1117.0,profitandloss
927.0,unnamed_12,1185.0,profitandloss
928.0,unnamed_12,563.0,profitandloss
929.0,unnamed_12,1001.0,profitandloss
930.0,unnamed_12,1225.0,profitandloss
931.0,unnamed_12,1607.0,profitandloss
932.0,unnamed_12,1968.0,profitandloss
933.0,unnamed_12,2082.0,profitandloss
934.0,unnamed_12,2118.0,profitandloss
935.0,unnamed_12,2391.0,profitandloss
936.0,unnamed_12,2999.0,profitandloss
937.0,unnamed_12,3933.0,profitandloss
938.0,unnamed_12,3323.0,profitandloss
939.0,unnamed_12,2873.0,profitandloss
940.0,unnamed_12,1633.0,profitandloss
941.0,unnamed_12,2798.0,profitandloss
942.0,unnamed_12,2365.0,profitandloss
943.0,unnamed_12,3480.0,profitandloss
944.0,unnamed_12,2785.0,profitandloss
945.0,unnamed_12,2836.0,profitandloss
946.0,unnamed_12,3345.0,profitandloss
947.0,unnamed_12,3600.0,profitandloss
948.0,unnamed_12,3774.0,profitandloss
949.0,unnamed_12,4261.0,profitandloss
950.0,unnamed_12,4028.0,profitandloss
951.0,unnamed_12,3417.0,profitandloss
952.0,unnamed_12,12586.0,profitandloss
953.0,unnamed_12,11403.0,profitandloss
954.0,unnamed_12,9992.0,profitandloss
955.0,unnamed_12,10781.0,profitandloss
956.0,unnamed_12,10714.0,profitandloss
957.0,unnamed_12,10502.0,profitandloss
958.0,unnamed_12,14034.0,profitandloss
959.0,unnamed_12,11902.0,profitandloss
960.0,unnamed_12,14969.0,profitandloss
961.0,unnamed_12,16960.0,profitandloss
962.0,unnamed_12,17121.0,profitandloss
963.0,unnamed_12,21332.0,profitandloss
964.0,unnamed_12,22546.0,profitandloss
965.0,unnamed_12,23994.0,profitandloss
966.0,unnamed_12,26665.0,profitandloss
967.0,unnamed_12,17703.0,profitandloss
968.0,unnamed_12,13102.0,profitandloss
969.0,unnamed_12,29169.0,profitandloss
970.0,unnamed_12,26068.0,profitandloss
971.0,unnamed_12,33938.0,profitandloss
972.0,unnamed_12,11456.0,profitandloss
973.0,unnamed_12,21360.0,profitandloss
974.0,unnamed_12,49294.0,profitandloss
975.0,unnamed_12,32778.0,profitandloss
976.0,unnamed_12,57101.0,profitandloss
977.0,unnamed_12,42320.0,profitandloss
978.0,unnamed_12,4438.0,profitandloss
979.0,unnamed_12,5462.0,profitandloss
980.0,unnamed_12,6004.0,profitandloss
981.0,unnamed_12,6184.0,profitandloss
982.0,unnamed_12,2236.0,profitandloss
983.0,unnamed_12,8797.0,profitandloss
984.0,unnamed_12,12640.0,profitandloss
985.0,unnamed_12,9477.0,profitandloss
986.0,unnamed_12,15716.0,profitandloss
987.0,unnamed_12,18768.0,profitandloss
988.0,unnamed_12,21179.0,profitandloss
989.0,unnamed_12,26461.0,profitandloss
990.0,unnamed_12,28248.0,profitandloss
991.0,unnamed_12,424.0,profitandloss
992.0,unnamed_12,450.0,profitandloss
993.0,unnamed_12,514.0,profitandloss
994.0,unnamed_12,807.0,profitandloss
995.0,unnamed_12,863.0,profitandloss
996.0,unnamed_12,966.0,profitandloss
997.0,unnamed_12,928.0,profitandloss
998.0,unnamed_12,1122.0,profitandloss
999.0,unnamed_12,1126.0,profitandloss
1000.0,unnamed_12,1207.0,profitandloss
1001.0,unnamed_12,1289.0,profitandloss
1002.0,unnamed_12,1747.0,profitandloss
1003.0,unnamed_12,1973.0,profitandloss
1004.0,unnamed_12,5020.0,profitandloss
1005.0,unnamed_12,3674.0,profitandloss
1006.0,unnamed_12,3525.0,profitandloss
1007.0,unnamed_12,-3510.0,profitandloss
1008.0,unnamed_12,1239.0,profitandloss
1009.0,unnamed_12,-12111.0,profitandloss
1010.0,unnamed_12,-9550.0,profitandloss
1011.0,unnamed_12,485.0,profitandloss
1012.0,unnamed_12,2695.0,profitandloss
1013.0,unnamed_12,3908.0,profitandloss
1014.0,unnamed_12,3359.0,profitandloss
1015.0,unnamed_12,9157.0,profitandloss
1016.0,unnamed_12,14535.0,profitandloss
1017.0,unnamed_12,4313.0,profitandloss
1018.0,unnamed_12,4548.0,profitandloss
1019.0,unnamed_12,5046.0,profitandloss
1020.0,unnamed_12,5959.0,profitandloss
1021.0,unnamed_12,7451.0,profitandloss
1022.0,unnamed_12,8204.0,profitandloss
1023.0,unnamed_12,10034.0,profitandloss
1024.0,unnamed_12,11059.0,profitandloss
1025.0,unnamed_12,12036.0,profitandloss
1026.0,unnamed_12,16824.0,profitandloss
1027.0,unnamed_12,15420.0,profitandloss
1028.0,unnamed_12,15573.0,profitandloss
1029.0,unnamed_12,15712.0,profitandloss
1030.0,unnamed_12,3833.0,profitandloss
1031.0,unnamed_12,4741.0,profitandloss
1032.0,unnamed_12,5344.0,profitandloss
1033.0,unnamed_12,5691.0,profitandloss
1034.0,unnamed_12,6313.0,profitandloss
1035.0,unnamed_12,4451.0,profitandloss
1036.0,unnamed_12,5741.0,profitandloss
1037.0,unnamed_12,4972.0,profitandloss
1038.0,unnamed_12,8378.0,profitandloss
1039.0,unnamed_12,10036.0,profitandloss
1040.0,unnamed_12,11167.0,profitandloss
1041.0,unnamed_12,14145.0,profitandloss
1042.0,unnamed_12,14885.0,profitandloss
1043.0,unnamed_12,20886.0,profitandloss
1044.0,unnamed_12,22548.0,profitandloss
1045.0,unnamed_12,23640.0,profitandloss
1046.0,unnamed_12,29861.0,profitandloss
1047.0,unnamed_12,29833.0,profitandloss
1048.0,unnamed_12,36080.0,profitandloss
1049.0,unnamed_12,39837.0,profitandloss
1050.0,unnamed_12,39880.0,profitandloss
1051.0,unnamed_12,53739.0,profitandloss
1052.0,unnamed_12,67845.0,profitandloss
1053.0,unnamed_12,74088.0,profitandloss
1054.0,unnamed_12,79020.0,profitandloss
1055.0,unnamed_12,79941.0,profitandloss
1056.0,unnamed_12,630.0,profitandloss
1057.0,unnamed_12,728.0,profitandloss
1058.0,unnamed_12,815.0,profitandloss
1059.0,unnamed_12,844.0,profitandloss
1060.0,unnamed_12,955.0,profitandloss
1061.0,unnamed_12,1150.0,profitandloss
1062.0,unnamed_12,1327.0,profitandloss
1063.0,unnamed_12,1422.0,profitandloss
1064.0,unnamed_12,1456.0,profitandloss
1065.0,unnamed_12,1506.0,profitandloss
1066.0,unnamed_12,1721.0,profitandloss
1067.0,unnamed_12,1894.0,profitandloss
1068.0,unnamed_12,2411.0,profitandloss
1069.0,unnamed_12,18555.0,profitandloss
1070.0,unnamed_12,14807.0,profitandloss
1071.0,unnamed_12,17832.0,profitandloss
1072.0,unnamed_12,13019.0,profitandloss
1073.0,unnamed_12,-97.0,profitandloss
1074.0,unnamed_12,-3749.0,profitandloss
1075.0,unnamed_12,3351.0,profitandloss
1076.0,unnamed_12,21140.0,profitandloss
1077.0,unnamed_12,23888.0,profitandloss
1078.0,unnamed_12,37183.0,profitandloss
1079.0,unnamed_12,57750.0,profitandloss
1080.0,unnamed_12,69543.0,profitandloss
1081.0,unnamed_12,74461.0,profitandloss
1082.0,unnamed_12,1004.0,profitandloss
1083.0,unnamed_12,787.0,profitandloss
1084.0,unnamed_12,426.0,profitandloss
1085.0,unnamed_12,1143.0,profitandloss
1086.0,unnamed_12,1339.0,profitandloss
1087.0,unnamed_12,1384.0,profitandloss
1088.0,unnamed_12,1015.0,profitandloss
1089.0,unnamed_12,1544.0,profitandloss
1090.0,unnamed_12,2337.0,profitandloss
1091.0,unnamed_12,1269.0,profitandloss
1092.0,unnamed_12,2369.0,profitandloss
1093.0,unnamed_12,1733.0,profitandloss
1094.0,unnamed_12,1733.0,profitandloss
1095.0,unnamed_12,1463.0,profitandloss
1096.0,unnamed_12,1358.0,profitandloss
1097.0,unnamed_12,1028.0,profitandloss
1098.0,unnamed_12,1184.0,profitandloss
1099.0,unnamed_12,1266.0,profitandloss
1100.0,unnamed_12,2549.0,profitandloss
1101.0,unnamed_12,2576.0,profitandloss
1102.0,unnamed_12,2512.0,profitandloss
1103.0,unnamed_12,2499.0,profitandloss
1104.0,unnamed_12,2721.0,profitandloss
1105.0,unnamed_12,6020.0,profitandloss
1106.0,unnamed_12,7399.0,profitandloss
1107.0,unnamed_12,9454.0,profitandloss
1108.0,unnamed_12,868.0,profitandloss
1109.0,unnamed_12,603.0,profitandloss
1110.0,unnamed_12,1174.0,profitandloss
1111.0,unnamed_12,2914.0,profitandloss
1112.0,unnamed_12,1137.0,profitandloss
1113.0,unnamed_12,901.0,profitandloss
1114.0,unnamed_12,1099.0,profitandloss
1115.0,unnamed_12,769.0,profitandloss
1116.0,unnamed_12,1089.0,profitandloss
1117.0,unnamed_12,1543.0,profitandloss
1118.0,unnamed_12,1962.0,profitandloss
1119.0,unnamed_12,2718.0,profitandloss
1120.0,unnamed_12,3469.0,profitandloss
1121.0,unnamed_12,3879.0,profitandloss
1122.0,unnamed_12,5476.0,profitandloss
1123.0,unnamed_12,5658.0,profitandloss
1124.0,unnamed_12,7846.0,profitandloss
1125.0,unnamed_12,2542.0,profitandloss
1126.0,unnamed_12,3208.0,profitandloss
1127.0,unnamed_12,4172.0,profitandloss
1128.0,unnamed_12,2272.0,profitandloss
1129.0,unnamed_12,3389.0,profitandloss
1130.0,unnamed_12,8513.0,profitandloss
1131.0,unnamed_12,9610.0,profitandloss
1132.0,unnamed_12,11117.0,profitandloss
1133.0,unnamed_12,445.0,profitandloss
1134.0,unnamed_12,510.0,profitandloss
1135.0,unnamed_12,273.0,profitandloss
1136.0,unnamed_12,-37.0,profitandloss
1137.0,unnamed_12,455.0,profitandloss
1138.0,unnamed_12,556.0,profitandloss
1139.0,unnamed_12,457.0,profitandloss
1140.0,unnamed_12,460.0,profitandloss
1141.0,unnamed_12,930.0,profitandloss
1142.0,unnamed_12,1015.0,profitandloss
1143.0,unnamed_12,1320.0,profitandloss
1144.0,unnamed_12,1215.0,profitandloss
1145.0,unnamed_12,1170.0,profitandloss
1146.0,unnamed_12,9976.0,profitandloss
1147.0,unnamed_12,14050.0,profitandloss
1148.0,unnamed_12,14073.0,profitandloss
1149.0,unnamed_12,11678.0,profitandloss
1150.0,unnamed_12,7557.0,profitandloss
1151.0,unnamed_12,9091.0,profitandloss
1152.0,unnamed_12,-28724.0,profitandloss
1153.0,unnamed_12,-11975.0,profitandloss
1154.0,unnamed_12,-13395.0,profitandloss
1155.0,unnamed_12,-11309.0,profitandloss
1156.0,unnamed_12,2690.0,profitandloss
1157.0,unnamed_12,31807.0,profitandloss
1158.0,unnamed_12,33816.0,profitandloss
1159.0,unnamed_12,123.0,profitandloss
1160.0,unnamed_12,12.0,profitandloss
1161.0,unnamed_12,457.0,profitandloss
1162.0,unnamed_12,786.0,profitandloss
1163.0,unnamed_12,1100.0,profitandloss
1164.0,unnamed_12,2611.0,profitandloss
1165.0,unnamed_12,2606.0,profitandloss
1166.0,unnamed_12,1316.0,profitandloss
1167.0,unnamed_12,1439.0,profitandloss
1168.0,unnamed_12,2156.0,profitandloss
1169.0,unnamed_12,3810.0,profitandloss
1170.0,unnamed_12,4280.0,profitandloss
1171.0,unnamed_12,4403.0,profitandloss
1172.0,unnamed_12,-7272.0,profitandloss
1173.0,unnamed_12,3665.0,profitandloss
1174.0,unnamed_12,-3939.0,profitandloss
1175.0,unnamed_12,-497.0,profitandloss
1176.0,unnamed_12,-4169.0,profitandloss
1177.0,unnamed_12,17743.0,profitandloss
1178.0,unnamed_12,9122.0,profitandloss
1179.0,unnamed_12,1174.0,profitandloss
1180.0,unnamed_12,8190.0,profitandloss
1181.0,unnamed_12,41749.0,profitandloss
1182.0,unnamed_12,8075.0,profitandloss
1183.0,unnamed_12,-4910.0,profitandloss
1184.0,unnamed_12,2527.0,profitandloss
1185.0,unnamed_12,14076.0,profitandloss
1186.0,unnamed_12,19332.0,profitandloss
1187.0,unnamed_12,20060.0,profitandloss
1188.0,unnamed_12,24338.0,profitandloss
1189.0,unnamed_12,26357.0,profitandloss
1190.0,unnamed_12,25880.0,profitandloss
1191.0,unnamed_12,31562.0,profitandloss
1192.0,unnamed_12,32447.0,profitandloss
1193.0,unnamed_12,32562.0,profitandloss
1194.0,unnamed_12,38449.0,profitandloss
1195.0,unnamed_12,42303.0,profitandloss
1196.0,unnamed_12,46099.0,profitandloss
1197.0,unnamed_12,49006.0,profitandloss
1198.0,unnamed_12,1307.0,profitandloss
1199.0,unnamed_12,3062.0,profitandloss
1200.0,unnamed_12,2659.0,profitandloss
1201.0,unnamed_12,3027.0,profitandloss
1202.0,unnamed_12,2851.0,profitandloss
1203.0,unnamed_12,3786.0,profitandloss
1204.0,unnamed_12,4289.0,profitandloss
1205.0,unnamed_12,3897.0,profitandloss
1206.0,unnamed_12,4353.0,profitandloss
1207.0,unnamed_12,5630.0,profitandloss
1208.0,unnamed_12,4857.0,profitandloss
1209.0,unnamed_12,2397.0,profitandloss
1210.0,unnamed_12,3775.0,profitandloss
1211.0,unnamed_12,725.0,profitandloss
1212.0,unnamed_12,735.0,profitandloss
1213.0,unnamed_12,816.0,profitandloss
1214.0,unnamed_12,675.0,profitandloss
1215.0,unnamed_12,697.0,profitandloss
1216.0,unnamed_12,1102.0,profitandloss
1217.0,unnamed_12,1389.0,profitandloss
1218.0,unnamed_12,1493.0,profitandloss
1219.0,unnamed_12,974.0,profitandloss
1220.0,unnamed_12,2198.0,profitandloss
1221.0,unnamed_12,3274.0,profitandloss
1222.0,unnamed_12,3496.0,profitandloss
1223.0,unnamed_12,3243.0,profitandloss
1224.0,unnamed_12,435.0,profitandloss
1225.0,unnamed_12,664.0,profitandloss
1226.0,unnamed_12,751.0,profitandloss
1227.0,unnamed_12,1733.0,profitandloss
1228.0,unnamed_12,934.0,profitandloss
1229.0,unnamed_12,678.0,profitandloss
1230.0,unnamed_12,436.0,profitandloss
1231.0,unnamed_12,1025.0,profitandloss
1232.0,unnamed_12,1252.0,profitandloss
1233.0,unnamed_12,777.0,profitandloss
1234.0,unnamed_12,1245.0,profitandloss
1235.0,unnamed_12,1656.0,profitandloss
1236.0,unnamed_12,1862.0,profitandloss
1237.0,unnamed_12,-27.0,profitandloss
1238.0,unnamed_12,-19.0,profitandloss
1239.0,unnamed_12,129.0,profitandloss
1240.0,unnamed_12,55.0,profitandloss
1241.0,unnamed_12,85.0,profitandloss
1242.0,unnamed_12,87.0,profitandloss
1243.0,unnamed_12,95.0,profitandloss
1244.0,unnamed_12,106.0,profitandloss
1245.0,unnamed_12,-181.0,profitandloss
1246.0,unnamed_12,35.0,profitandloss
1247.0,unnamed_12,394.0,profitandloss
1248.0,unnamed_12,1477.0,profitandloss
1249.0,unnamed_12,1809.0,profitandloss
1250.0,unnamed_12,198.0,profitandloss
1251.0,unnamed_12,187.0,profitandloss
1252.0,unnamed_12,328.0,profitandloss
1253.0,unnamed_12,429.0,profitandloss
1254.0,unnamed_12,509.0,profitandloss
1255.0,unnamed_12,665.0,profitandloss
1256.0,unnamed_12,725.0,profitandloss
1257.0,unnamed_12,647.0,profitandloss
1258.0,unnamed_12,608.0,profitandloss
1259.0,unnamed_12,731.0,profitandloss
1260.0,unnamed_12,1309.0,profitandloss
1261.0,unnamed_12,1779.0,profitandloss
1262.0,unnamed_12,2094.0,profitandloss
1263.0,unnamed_12,2688.0,profitandloss
1264.0,unnamed_12,2213.0,profitandloss
1265.0,unnamed_12,2102.0,profitandloss
1266.0,unnamed_12,2480.0,profitandloss
1267.0,unnamed_12,2714.0,profitandloss
1268.0,unnamed_12,2224.0,profitandloss
1269.0,unnamed_12,2400.0,profitandloss
1270.0,unnamed_12,5751.0,profitandloss
1271.0,unnamed_12,5462.0,profitandloss
1272.0,unnamed_12,7334.0,profitandloss
1273.0,unnamed_12,5073.0,profitandloss
1274.0,unnamed_12,7004.0,profitandloss
1275.0,unnamed_12,6252.0,profitandloss
1276.0,unnamed_12,2146.0,profitandloss
1277.0,unnamed_12,1687.0,profitandloss
1278.0,unnamed_12,1771.0,profitandloss
1279.0,unnamed_12,1347.0,profitandloss
1280.0,unnamed_12,573.0,profitandloss
1281.0,unnamed_12,-5212.0,profitandloss
1282.0,unnamed_12,-2922.0,profitandloss
1283.0,unnamed_12,-3121.0,profitandloss
1284.0,unnamed_12,2863.0,profitandloss
1285.0,unnamed_12,5265.0,profitandloss
1286.0,unnamed_12,8512.0,profitandloss
1287.0,unnamed_12,13797.0,profitandloss
1288.0,unnamed_12,16344.0,profitandloss
1289.0,unnamed_12,-105.0,profitandloss
1290.0,unnamed_12,-4489.0,profitandloss
1291.0,unnamed_12,-1687.0,profitandloss
1292.0,unnamed_12,143.0,profitandloss
1293.0,unnamed_12,93.0,profitandloss
1294.0,unnamed_12,652.0,profitandloss
1295.0,unnamed_12,684.0,profitandloss
1296.0,unnamed_12,621.0,profitandloss
1297.0,unnamed_12,362.0,profitandloss
1298.0,unnamed_12,811.0,profitandloss
1299.0,unnamed_12,1126.0,profitandloss
1300.0,unnamed_12,1408.0,profitandloss
1301.0,unnamed_12,1402.0,profitandloss
1302.0,unnamed_12,25.0,profitandloss
1303.0,unnamed_12,-40.0,profitandloss
1304.0,unnamed_12,-20.0,profitandloss
1305.0,unnamed_12,113.0,profitandloss
1306.0,unnamed_12,48.0,profitandloss
1307.0,unnamed_12,214.0,profitandloss
1308.0,unnamed_12,300.0,profitandloss
1309.0,unnamed_12,472.0,profitandloss
1310.0,unnamed_12,357.0,profitandloss
1311.0,unnamed_12,746.0,profitandloss
1312.0,unnamed_12,1550.0,profitandloss
1313.0,unnamed_12,2102.0,profitandloss
1314.0,unnamed_12,2582.0,profitandloss
1315.0,unnamed_12,2280.0,profitandloss
1316.0,unnamed_12,11421.0,profitandloss
1317.0,unnamed_12,-11369.0,profitandloss
1318.0,unnamed_12,-17862.0,profitandloss
1319.0,unnamed_12,11316.0,profitandloss
1320.0,unnamed_12,13692.0,profitandloss
1321.0,unnamed_12,9698.0,profitandloss
1322.0,unnamed_12,-4744.0,profitandloss
1323.0,unnamed_12,15032.0,profitandloss
1324.0,unnamed_12,23710.0,profitandloss
1325.0,unnamed_12,14503.0,profitandloss
1326.0,unnamed_12,7539.0,profitandloss
1327.0,unnamed_12,15841.0,profitandloss
1328.0,unnamed_12,6182.0,profitandloss
1329.0,unnamed_12,7991.0,profitandloss
1330.0,unnamed_12,8714.0,profitandloss
1331.0,unnamed_12,8957.0,profitandloss
1332.0,unnamed_12,8518.0,profitandloss
1333.0,unnamed_12,8003.0,profitandloss
1334.0,unnamed_12,9018.0,profitandloss
1335.0,unnamed_12,9772.0,profitandloss
1336.0,unnamed_12,10868.0,profitandloss
1337.0,unnamed_12,12243.0,profitandloss
1338.0,unnamed_12,11366.0,profitandloss
1339.0,unnamed_12,11112.0,profitandloss
1340.0,unnamed_12,12488.0,profitandloss
1341.0,unnamed_12,-107.0,profitandloss
1342.0,unnamed_12,-1010.0,profitandloss
1343.0,unnamed_12,-2386.0,profitandloss
1344.0,unnamed_12,-816.0,profitandloss
1345.0,unnamed_12,-1222.0,profitandloss
1346.0,unnamed_12,-971.0,profitandloss
1347.0,unnamed_12,351.0,profitandloss
1348.0,unnamed_12,663.0,profitandloss
1349.0,unnamed_12,690.0,profitandloss
1350.0,unnamed_12,836.0,profitandloss
1351.0,unnamed_12,1188.0,profitandloss
1352.0,unnamed_12,1964.0,profitandloss
1353.0,unnamed_12,1517.0,profitandloss
1354.0,unnamed_12,1810.0,profitandloss
1355.0,unnamed_12,1899.0,profitandloss
1356.0,unnamed_12,1204.0,profitandloss
1357.0,unnamed_12,2185.0,profitandloss
1358.0,unnamed_12,4618.0,profitandloss
1359.0,unnamed_12,2092.0,profitandloss
1360.0,unnamed_12,3973.0,profitandloss
1361.0,unnamed_12,4439.0,profitandloss
1362.0,unnamed_12,787.0,profitandloss
1363.0,unnamed_12,474.0,profitandloss
1364.0,unnamed_12,1304.0,profitandloss
1365.0,unnamed_12,1986.0,profitandloss
1366.0,unnamed_12,1659.0,profitandloss
1367.0,unnamed_12,2242.0,profitandloss
1368.0,unnamed_12,156.0,profitandloss
1369.0,unnamed_12,-248.0,profitandloss
1370.0,unnamed_12,-6171.0,profitandloss
1371.0,unnamed_12,-317.0,profitandloss
1372.0,unnamed_12,-317.0,profitandloss
1373.0,unnamed_12,8167.0,profitandloss
1374.0,unnamed_12,6074.0,profitandloss
,unnamed_13,,profitandloss
61.0,unnamed_13,68.0,profitandloss
62.0,unnamed_13,93.0,profitandloss
63.0,unnamed_13,108.0,profitandloss
64.0,unnamed_13,120.0,profitandloss
65.0,unnamed_13,130.0,profitandloss
66.0,unnamed_13,189.0,profitandloss
67.0,unnamed_13,212.0,profitandloss
68.0,unnamed_13,279.0,profitandloss
69.0,unnamed_13,325.0,profitandloss
70.0,unnamed_13,376.0,profitandloss
71.0,unnamed_13,447.0,profitandloss
72.0,unnamed_13,565.0,profitandloss
73.0,unnamed_13,605.0,profitandloss
86.0,unnamed_13,0.0,profitandloss
87.0,unnamed_13,0.0,profitandloss
88.0,unnamed_13,3.0,profitandloss
89.0,unnamed_13,4.0,profitandloss
90.0,unnamed_13,10.0,profitandloss
91.0,unnamed_13,5.0,profitandloss
92.0,unnamed_13,7.0,profitandloss
93.0,unnamed_13,11.0,profitandloss
94.0,unnamed_13,11.0,profitandloss
95.0,unnamed_13,11.0,profitandloss
96.0,unnamed_13,10.0,profitandloss
97.0,unnamed_13,6.0,profitandloss
98.0,unnamed_13,15.0,profitandloss
99.0,unnamed_13,20.0,profitandloss
100.0,unnamed_13,18.0,profitandloss
101.0,unnamed_13,9.0,profitandloss
102.0,unnamed_13,9.0,profitandloss
103.0,unnamed_13,7.0,profitandloss
104.0,unnamed_13,7.0,profitandloss
105.0,unnamed_13,10.0,profitandloss
106.0,unnamed_13,8.0,profitandloss
107.0,unnamed_13,7.0,profitandloss
108.0,unnamed_13,22.0,profitandloss
109.0,unnamed_13,28.0,profitandloss
110.0,unnamed_13,49.0,profitandloss
111.0,unnamed_13,0.0,profitandloss
112.0,unnamed_13,-1.0,profitandloss
113.0,unnamed_13,-3.0,profitandloss
114.0,unnamed_13,0.0,profitandloss
115.0,unnamed_13,1.0,profitandloss
116.0,unnamed_13,3.0,profitandloss
117.0,unnamed_13,6.0,profitandloss
118.0,unnamed_13,7.0,profitandloss
119.0,unnamed_13,9.0,profitandloss
120.0,unnamed_13,8.0,profitandloss
121.0,unnamed_13,8.0,profitandloss
122.0,unnamed_13,11.0,profitandloss
123.0,unnamed_13,14.0,profitandloss
124.0,unnamed_13,19.0,profitandloss
125.0,unnamed_13,18.0,profitandloss
126.0,unnamed_13,19.0,profitandloss
127.0,unnamed_13,19.0,profitandloss
128.0,unnamed_13,25.0,profitandloss
129.0,unnamed_13,23.0,profitandloss
130.0,unnamed_13,25.0,profitandloss
131.0,unnamed_13,38.0,profitandloss
132.0,unnamed_13,45.0,profitandloss
133.0,unnamed_13,8.0,profitandloss
134.0,unnamed_13,8.0,profitandloss
135.0,unnamed_13,11.0,profitandloss
136.0,unnamed_13,14.0,profitandloss
137.0,unnamed_13,19.0,profitandloss
138.0,unnamed_13,18.0,profitandloss
139.0,unnamed_13,19.0,profitandloss
140.0,unnamed_13,19.0,profitandloss
141.0,unnamed_13,25.0,profitandloss
142.0,unnamed_13,23.0,profitandloss
143.0,unnamed_13,25.0,profitandloss
144.0,unnamed_13,38.0,profitandloss
145.0,unnamed_13,45.0,profitandloss
146.0,unnamed_13,-10.0,profitandloss
147.0,unnamed_13,-1.0,profitandloss
148.0,unnamed_13,-3.0,profitandloss
149.0,unnamed_13,2.0,profitandloss
150.0,unnamed_13,-16.0,profitandloss
151.0,unnamed_13,-5.0,profitandloss
152.0,unnamed_13,-3.0,profitandloss
153.0,unnamed_13,-6.0,profitandloss
154.0,unnamed_13,3.0,profitandloss
155.0,unnamed_13,13.0,profitandloss
156.0,unnamed_13,28.0,profitandloss
157.0,unnamed_13,54.0,profitandloss
158.0,unnamed_13,33.0,profitandloss
159.0,unnamed_13,8.0,profitandloss
160.0,unnamed_13,8.0,profitandloss
161.0,unnamed_13,10.0,profitandloss
162.0,unnamed_13,5.0,profitandloss
163.0,unnamed_13,6.0,profitandloss
164.0,unnamed_13,8.0,profitandloss
165.0,unnamed_13,11.0,profitandloss
166.0,unnamed_13,11.0,profitandloss
167.0,unnamed_13,12.0,profitandloss
168.0,unnamed_13,14.0,profitandloss
169.0,unnamed_13,13.0,profitandloss
170.0,unnamed_13,16.0,profitandloss
171.0,unnamed_13,13.0,profitandloss
172.0,unnamed_13,22.0,profitandloss
173.0,unnamed_13,23.0,profitandloss
174.0,unnamed_13,24.0,profitandloss
175.0,unnamed_13,17.0,profitandloss
176.0,unnamed_13,16.0,profitandloss
177.0,unnamed_13,8.0,profitandloss
178.0,unnamed_13,17.0,profitandloss
179.0,unnamed_13,33.0,profitandloss
180.0,unnamed_13,10.0,profitandloss
181.0,unnamed_13,73.0,profitandloss
182.0,unnamed_13,57.0,profitandloss
183.0,unnamed_13,63.0,profitandloss
184.0,unnamed_13,82.0,profitandloss
185.0,unnamed_13,12.0,profitandloss
186.0,unnamed_13,13.0,profitandloss
187.0,unnamed_13,15.0,profitandloss
188.0,unnamed_13,18.0,profitandloss
189.0,unnamed_13,20.0,profitandloss
190.0,unnamed_13,21.0,profitandloss
191.0,unnamed_13,22.0,profitandloss
192.0,unnamed_13,28.0,profitandloss
193.0,unnamed_13,33.0,profitandloss
194.0,unnamed_13,32.0,profitandloss
195.0,unnamed_13,43.0,profitandloss
196.0,unnamed_13,57.0,profitandloss
197.0,unnamed_13,48.0,profitandloss
198.0,unnamed_13,6.0,profitandloss
199.0,unnamed_13,2.0,profitandloss
200.0,unnamed_13,4.0,profitandloss
201.0,unnamed_13,4.0,profitandloss
202.0,unnamed_13,5.0,profitandloss
203.0,unnamed_13,5.0,profitandloss
204.0,unnamed_13,6.0,profitandloss
205.0,unnamed_13,6.0,profitandloss
206.0,unnamed_13,108.0,profitandloss
207.0,unnamed_13,117.0,profitandloss
208.0,unnamed_13,105.0,profitandloss
209.0,unnamed_13,140.0,profitandloss
210.0,unnamed_13,141.0,profitandloss
211.0,unnamed_13,146.0,profitandloss
212.0,unnamed_13,170.0,profitandloss
213.0,unnamed_13,180.0,profitandloss
214.0,unnamed_13,168.0,profitandloss
215.0,unnamed_13,213.0,profitandloss
216.0,unnamed_13,214.0,profitandloss
217.0,unnamed_13,276.0,profitandloss
218.0,unnamed_13,263.0,profitandloss
219.0,unnamed_13,22.0,profitandloss
220.0,unnamed_13,26.0,profitandloss
221.0,unnamed_13,31.0,profitandloss
222.0,unnamed_13,35.0,profitandloss
223.0,unnamed_13,15.0,profitandloss
224.0,unnamed_13,1.0,profitandloss
225.0,unnamed_13,18.0,profitandloss
226.0,unnamed_13,6.0,profitandloss
227.0,unnamed_13,22.0,profitandloss
228.0,unnamed_13,42.0,profitandloss
229.0,unnamed_13,31.0,profitandloss
230.0,unnamed_13,81.0,profitandloss
231.0,unnamed_13,85.0,profitandloss
232.0,unnamed_13,10.0,profitandloss
233.0,unnamed_13,10.0,profitandloss
234.0,unnamed_13,11.0,profitandloss
235.0,unnamed_13,12.0,profitandloss
236.0,unnamed_13,14.0,profitandloss
237.0,unnamed_13,17.0,profitandloss
238.0,unnamed_13,20.0,profitandloss
239.0,unnamed_13,21.0,profitandloss
240.0,unnamed_13,28.0,profitandloss
241.0,unnamed_13,29.0,profitandloss
242.0,unnamed_13,40.0,profitandloss
243.0,unnamed_13,51.0,profitandloss
244.0,unnamed_13,53.0,profitandloss
245.0,unnamed_13,167.0,profitandloss
246.0,unnamed_13,179.0,profitandloss
247.0,unnamed_13,182.0,profitandloss
248.0,unnamed_13,204.0,profitandloss
249.0,unnamed_13,222.0,profitandloss
250.0,unnamed_13,239.0,profitandloss
251.0,unnamed_13,274.0,profitandloss
252.0,unnamed_13,269.0,profitandloss
253.0,unnamed_13,328.0,profitandloss
254.0,unnamed_13,364.0,profitandloss
255.0,unnamed_13,436.0,profitandloss
256.0,unnamed_13,653.0,profitandloss
257.0,unnamed_13,666.0,profitandloss
258.0,unnamed_13,18.0,profitandloss
259.0,unnamed_13,24.0,profitandloss
260.0,unnamed_13,33.0,profitandloss
261.0,unnamed_13,43.0,profitandloss
262.0,unnamed_13,69.0,profitandloss
263.0,unnamed_13,87.0,profitandloss
264.0,unnamed_13,73.0,profitandloss
265.0,unnamed_13,116.0,profitandloss
266.0,unnamed_13,190.0,profitandloss
267.0,unnamed_13,233.0,profitandloss
268.0,unnamed_13,248.0,profitandloss
269.0,unnamed_13,23.0,profitandloss
270.0,unnamed_13,23.0,profitandloss
271.0,unnamed_13,18.0,profitandloss
272.0,unnamed_13,-22.0,profitandloss
273.0,unnamed_13,8.0,profitandloss
274.0,unnamed_13,-7.0,profitandloss
275.0,unnamed_13,4.0,profitandloss
276.0,unnamed_13,2.0,profitandloss
277.0,unnamed_13,3.0,profitandloss
278.0,unnamed_13,15.0,profitandloss
279.0,unnamed_13,29.0,profitandloss
280.0,unnamed_13,36.0,profitandloss
281.0,unnamed_13,39.0,profitandloss
282.0,unnamed_13,4.0,profitandloss
283.0,unnamed_13,5.0,profitandloss
284.0,unnamed_13,8.0,profitandloss
285.0,unnamed_13,11.0,profitandloss
286.0,unnamed_13,7.0,profitandloss
287.0,unnamed_13,2.0,profitandloss
288.0,unnamed_13,1.0,profitandloss
289.0,unnamed_13,-55.0,profitandloss
290.0,unnamed_13,-26.0,profitandloss
291.0,unnamed_13,7.0,profitandloss
292.0,unnamed_13,15.0,profitandloss
293.0,unnamed_13,13.0,profitandloss
294.0,unnamed_13,22.0,profitandloss
295.0,unnamed_13,1.0,profitandloss
296.0,unnamed_13,1.0,profitandloss
297.0,unnamed_13,2.0,profitandloss
298.0,unnamed_13,2.0,profitandloss
299.0,unnamed_13,2.0,profitandloss
300.0,unnamed_13,2.0,profitandloss
301.0,unnamed_13,3.0,profitandloss
302.0,unnamed_13,3.0,profitandloss
303.0,unnamed_13,3.0,profitandloss
304.0,unnamed_13,3.0,profitandloss
305.0,unnamed_13,4.0,profitandloss
306.0,unnamed_13,5.0,profitandloss
307.0,unnamed_13,6.0,profitandloss
308.0,unnamed_13,18.0,profitandloss
309.0,unnamed_13,10.0,profitandloss
310.0,unnamed_13,4.0,profitandloss
311.0,unnamed_13,-2.0,profitandloss
312.0,unnamed_13,1.0,profitandloss
313.0,unnamed_13,1.0,profitandloss
314.0,unnamed_13,3.0,profitandloss
315.0,unnamed_13,-4.0,profitandloss
316.0,unnamed_13,-8.0,profitandloss
317.0,unnamed_13,1.0,profitandloss
318.0,unnamed_13,2.0,profitandloss
319.0,unnamed_13,1.0,profitandloss
320.0,unnamed_13,1.0,profitandloss
321.0,unnamed_13,305.0,profitandloss
322.0,unnamed_13,282.0,profitandloss
323.0,unnamed_13,426.0,profitandloss
324.0,unnamed_13,488.0,profitandloss
325.0,unnamed_13,570.0,profitandloss
326.0,unnamed_13,449.0,profitandloss
327.0,unnamed_13,542.0,profitandloss
328.0,unnamed_13,220.0,profitandloss
329.0,unnamed_13,164.0,profitandloss
330.0,unnamed_13,413.0,profitandloss
331.0,unnamed_13,483.0,profitandloss
332.0,unnamed_13,844.0,profitandloss
333.0,unnamed_13,707.0,profitandloss
334.0,unnamed_13,4.0,profitandloss
335.0,unnamed_13,9.0,profitandloss
336.0,unnamed_13,11.0,profitandloss
337.0,unnamed_13,19.0,profitandloss
338.0,unnamed_13,20.0,profitandloss
339.0,unnamed_13,21.0,profitandloss
340.0,unnamed_13,18.0,profitandloss
341.0,unnamed_13,7.0,profitandloss
342.0,unnamed_13,37.0,profitandloss
343.0,unnamed_13,27.0,profitandloss
344.0,unnamed_13,5.0,profitandloss
345.0,unnamed_13,62.0,profitandloss
346.0,unnamed_13,32.0,profitandloss
347.0,unnamed_13,11.0,profitandloss
348.0,unnamed_13,16.0,profitandloss
349.0,unnamed_13,29.0,profitandloss
350.0,unnamed_13,34.0,profitandloss
351.0,unnamed_13,37.0,profitandloss
352.0,unnamed_13,42.0,profitandloss
353.0,unnamed_13,48.0,profitandloss
354.0,unnamed_13,58.0,profitandloss
355.0,unnamed_13,77.0,profitandloss
356.0,unnamed_13,63.0,profitandloss
357.0,unnamed_13,96.0,profitandloss
358.0,unnamed_13,89.0,profitandloss
359.0,unnamed_13,89.0,profitandloss
360.0,unnamed_13,12.0,profitandloss
361.0,unnamed_13,10.0,profitandloss
362.0,unnamed_13,11.0,profitandloss
363.0,unnamed_13,-9.0,profitandloss
364.0,unnamed_13,5.0,profitandloss
365.0,unnamed_13,-11.0,profitandloss
366.0,unnamed_13,2.0,profitandloss
367.0,unnamed_13,-4.0,profitandloss
368.0,unnamed_13,4.0,profitandloss
369.0,unnamed_13,7.0,profitandloss
370.0,unnamed_13,12.0,profitandloss
371.0,unnamed_13,17.0,profitandloss
372.0,unnamed_13,18.0,profitandloss
373.0,unnamed_13,4.0,profitandloss
374.0,unnamed_13,5.0,profitandloss
375.0,unnamed_13,6.0,profitandloss
376.0,unnamed_13,7.0,profitandloss
377.0,unnamed_13,9.0,profitandloss
378.0,unnamed_13,12.0,profitandloss
379.0,unnamed_13,15.0,profitandloss
380.0,unnamed_13,13.0,profitandloss
381.0,unnamed_13,19.0,profitandloss
382.0,unnamed_13,26.0,profitandloss
383.0,unnamed_13,32.0,profitandloss
384.0,unnamed_13,41.0,profitandloss
385.0,unnamed_13,46.0,profitandloss
386.0,unnamed_13,19.0,profitandloss
387.0,unnamed_13,17.0,profitandloss
388.0,unnamed_13,15.0,profitandloss
389.0,unnamed_13,17.0,profitandloss
390.0,unnamed_13,13.0,profitandloss
391.0,unnamed_13,18.0,profitandloss
392.0,unnamed_13,19.0,profitandloss
393.0,unnamed_13,19.0,profitandloss
394.0,unnamed_13,30.0,profitandloss
395.0,unnamed_13,31.0,profitandloss
396.0,unnamed_13,35.0,profitandloss
397.0,unnamed_13,51.0,profitandloss
398.0,unnamed_13,62.0,profitandloss
399.0,unnamed_13,27.0,profitandloss
400.0,unnamed_13,24.0,profitandloss
401.0,unnamed_13,22.0,profitandloss
402.0,unnamed_13,23.0,profitandloss
403.0,unnamed_13,15.0,profitandloss
404.0,unnamed_13,11.0,profitandloss
405.0,unnamed_13,28.0,profitandloss
406.0,unnamed_13,27.0,profitandloss
407.0,unnamed_13,21.0,profitandloss
408.0,unnamed_13,28.0,profitandloss
409.0,unnamed_13,52.0,profitandloss
410.0,unnamed_13,61.0,profitandloss
411.0,unnamed_13,56.0,profitandloss
412.0,unnamed_13,4.0,profitandloss
413.0,unnamed_13,5.0,profitandloss
414.0,unnamed_13,6.0,profitandloss
415.0,unnamed_13,7.0,profitandloss
416.0,unnamed_13,7.0,profitandloss
417.0,unnamed_13,8.0,profitandloss
418.0,unnamed_13,8.0,profitandloss
419.0,unnamed_13,8.0,profitandloss
420.0,unnamed_13,10.0,profitandloss
421.0,unnamed_13,10.0,profitandloss
422.0,unnamed_13,10.0,profitandloss
423.0,unnamed_13,10.0,profitandloss
424.0,unnamed_13,10.0,profitandloss
425.0,unnamed_13,23.0,profitandloss
426.0,unnamed_13,29.0,profitandloss
427.0,unnamed_13,32.0,profitandloss
428.0,unnamed_13,42.0,profitandloss
429.0,unnamed_13,40.0,profitandloss
430.0,unnamed_13,33.0,profitandloss
431.0,unnamed_13,51.0,profitandloss
432.0,unnamed_13,52.0,profitandloss
433.0,unnamed_13,75.0,profitandloss
434.0,unnamed_13,112.0,profitandloss
435.0,unnamed_13,69.0,profitandloss
436.0,unnamed_13,60.0,profitandloss
437.0,unnamed_13,69.0,profitandloss
438.0,unnamed_13,4.0,profitandloss
439.0,unnamed_13,4.0,profitandloss
440.0,unnamed_13,3.0,profitandloss
441.0,unnamed_13,2.0,profitandloss
442.0,unnamed_13,4.0,profitandloss
443.0,unnamed_13,25.0,profitandloss
444.0,unnamed_13,6.0,profitandloss
445.0,unnamed_13,-2.0,profitandloss
446.0,unnamed_13,4.0,profitandloss
447.0,unnamed_13,6.0,profitandloss
448.0,unnamed_13,8.0,profitandloss
449.0,unnamed_13,11.0,profitandloss
450.0,unnamed_13,16.0,profitandloss
451.0,unnamed_13,2.0,profitandloss
452.0,unnamed_13,3.0,profitandloss
453.0,unnamed_13,4.0,profitandloss
454.0,unnamed_13,6.0,profitandloss
455.0,unnamed_13,8.0,profitandloss
456.0,unnamed_13,13.0,profitandloss
457.0,unnamed_13,14.0,profitandloss
458.0,unnamed_13,20.0,profitandloss
459.0,unnamed_13,17.0,profitandloss
460.0,unnamed_13,23.0,profitandloss
461.0,unnamed_13,37.0,profitandloss
462.0,unnamed_13,39.0,profitandloss
463.0,unnamed_13,42.0,profitandloss
464.0,unnamed_13,18.0,profitandloss
465.0,unnamed_13,23.0,profitandloss
466.0,unnamed_13,27.0,profitandloss
467.0,unnamed_13,25.0,profitandloss
468.0,unnamed_13,16.0,profitandloss
469.0,unnamed_13,11.0,profitandloss
470.0,unnamed_13,23.0,profitandloss
471.0,unnamed_13,24.0,profitandloss
472.0,unnamed_13,23.0,profitandloss
473.0,unnamed_13,26.0,profitandloss
474.0,unnamed_13,54.0,profitandloss
475.0,unnamed_13,67.0,profitandloss
476.0,unnamed_13,64.0,profitandloss
477.0,unnamed_13,12.0,profitandloss
478.0,unnamed_13,15.0,profitandloss
479.0,unnamed_13,23.0,profitandloss
480.0,unnamed_13,49.0,profitandloss
481.0,unnamed_13,61.0,profitandloss
482.0,unnamed_13,72.0,profitandloss
483.0,unnamed_13,81.0,profitandloss
484.0,unnamed_13,67.0,profitandloss
485.0,unnamed_13,49.0,profitandloss
486.0,unnamed_13,61.0,profitandloss
487.0,unnamed_13,107.0,profitandloss
488.0,unnamed_13,146.0,profitandloss
489.0,unnamed_13,156.0,profitandloss
490.0,unnamed_13,6.0,profitandloss
491.0,unnamed_13,7.0,profitandloss
492.0,unnamed_13,5.0,profitandloss
493.0,unnamed_13,3.0,profitandloss
494.0,unnamed_13,5.0,profitandloss
495.0,unnamed_13,7.0,profitandloss
496.0,unnamed_13,10.0,profitandloss
497.0,unnamed_13,14.0,profitandloss
498.0,unnamed_13,9.0,profitandloss
499.0,unnamed_13,18.0,profitandloss
500.0,unnamed_13,9.0,profitandloss
501.0,unnamed_13,15.0,profitandloss
502.0,unnamed_13,18.0,profitandloss
503.0,unnamed_13,8.0,profitandloss
504.0,unnamed_13,7.0,profitandloss
505.0,unnamed_13,9.0,profitandloss
506.0,unnamed_13,8.0,profitandloss
507.0,unnamed_13,13.0,profitandloss
508.0,unnamed_13,16.0,profitandloss
509.0,unnamed_13,23.0,profitandloss
510.0,unnamed_13,15.0,profitandloss
511.0,unnamed_13,17.0,profitandloss
512.0,unnamed_13,17.0,profitandloss
513.0,unnamed_13,17.0,profitandloss
514.0,unnamed_13,-5.0,profitandloss
515.0,unnamed_13,-4.0,profitandloss
516.0,unnamed_13,57.0,profitandloss
517.0,unnamed_13,44.0,profitandloss
518.0,unnamed_13,37.0,profitandloss
519.0,unnamed_13,51.0,profitandloss
520.0,unnamed_13,66.0,profitandloss
521.0,unnamed_13,39.0,profitandloss
522.0,unnamed_13,25.0,profitandloss
523.0,unnamed_13,65.0,profitandloss
524.0,unnamed_13,63.0,profitandloss
525.0,unnamed_13,111.0,profitandloss
526.0,unnamed_13,100.0,profitandloss
527.0,unnamed_13,85.0,profitandloss
528.0,unnamed_13,67.0,profitandloss
529.0,unnamed_13,124.0,profitandloss
530.0,unnamed_13,28.0,profitandloss
531.0,unnamed_13,25.0,profitandloss
532.0,unnamed_13,28.0,profitandloss
533.0,unnamed_13,36.0,profitandloss
534.0,unnamed_13,30.0,profitandloss
535.0,unnamed_13,35.0,profitandloss
536.0,unnamed_13,42.0,profitandloss
537.0,unnamed_13,48.0,profitandloss
538.0,unnamed_13,76.0,profitandloss
539.0,unnamed_13,87.0,profitandloss
540.0,unnamed_13,114.0,profitandloss
541.0,unnamed_13,127.0,profitandloss
542.0,unnamed_13,9.0,profitandloss
543.0,unnamed_13,7.0,profitandloss
544.0,unnamed_13,6.0,profitandloss
545.0,unnamed_13,21.0,profitandloss
546.0,unnamed_13,8.0,profitandloss
547.0,unnamed_13,11.0,profitandloss
548.0,unnamed_13,13.0,profitandloss
549.0,unnamed_13,12.0,profitandloss
550.0,unnamed_13,17.0,profitandloss
551.0,unnamed_13,19.0,profitandloss
552.0,unnamed_13,17.0,profitandloss
553.0,unnamed_13,20.0,profitandloss
554.0,unnamed_13,22.0,profitandloss
555.0,unnamed_13,14.0,profitandloss
556.0,unnamed_13,23.0,profitandloss
557.0,unnamed_13,26.0,profitandloss
558.0,unnamed_13,20.0,profitandloss
559.0,unnamed_13,30.0,profitandloss
560.0,unnamed_13,31.0,profitandloss
561.0,unnamed_13,37.0,profitandloss
562.0,unnamed_13,41.0,profitandloss
563.0,unnamed_13,41.0,profitandloss
564.0,unnamed_13,50.0,profitandloss
565.0,unnamed_13,55.0,profitandloss
566.0,unnamed_13,58.0,profitandloss
567.0,unnamed_13,63.0,profitandloss
568.0,unnamed_13,14.0,profitandloss
569.0,unnamed_13,18.0,profitandloss
570.0,unnamed_13,21.0,profitandloss
571.0,unnamed_13,25.0,profitandloss
572.0,unnamed_13,30.0,profitandloss
573.0,unnamed_13,36.0,profitandloss
574.0,unnamed_13,41.0,profitandloss
575.0,unnamed_13,50.0,profitandloss
576.0,unnamed_13,58.0,profitandloss
577.0,unnamed_13,69.0,profitandloss
578.0,unnamed_13,82.0,profitandloss
579.0,unnamed_13,84.0,profitandloss
580.0,unnamed_13,91.0,profitandloss
581.0,unnamed_13,2.0,profitandloss
582.0,unnamed_13,4.0,profitandloss
583.0,unnamed_13,4.0,profitandloss
584.0,unnamed_13,4.0,profitandloss
585.0,unnamed_13,4.0,profitandloss
586.0,unnamed_13,6.0,profitandloss
587.0,unnamed_13,6.0,profitandloss
588.0,unnamed_13,6.0,profitandloss
589.0,unnamed_13,7.0,profitandloss
590.0,unnamed_13,6.0,profitandloss
591.0,unnamed_13,6.0,profitandloss
592.0,unnamed_13,7.0,profitandloss
593.0,unnamed_13,8.0,profitandloss
594.0,unnamed_13,105.0,profitandloss
595.0,unnamed_13,118.0,profitandloss
596.0,unnamed_13,157.0,profitandloss
597.0,unnamed_13,179.0,profitandloss
598.0,unnamed_13,186.0,profitandloss
599.0,unnamed_13,172.0,profitandloss
600.0,unnamed_13,182.0,profitandloss
601.0,unnamed_13,146.0,profitandloss
602.0,unnamed_13,116.0,profitandloss
603.0,unnamed_13,141.0,profitandloss
604.0,unnamed_13,187.0,profitandloss
605.0,unnamed_13,207.0,profitandloss
606.0,unnamed_13,16.0,profitandloss
607.0,unnamed_13,11.0,profitandloss
608.0,unnamed_13,4.0,profitandloss
609.0,unnamed_13,-1.0,profitandloss
610.0,unnamed_13,8.0,profitandloss
611.0,unnamed_13,27.0,profitandloss
612.0,unnamed_13,24.0,profitandloss
613.0,unnamed_13,17.0,profitandloss
614.0,unnamed_13,16.0,profitandloss
615.0,unnamed_13,61.0,profitandloss
616.0,unnamed_13,45.0,profitandloss
617.0,unnamed_13,45.0,profitandloss
618.0,unnamed_13,56.0,profitandloss
619.0,unnamed_13,18.0,profitandloss
620.0,unnamed_13,18.0,profitandloss
621.0,unnamed_13,20.0,profitandloss
622.0,unnamed_13,19.0,profitandloss
623.0,unnamed_13,21.0,profitandloss
624.0,unnamed_13,24.0,profitandloss
625.0,unnamed_13,28.0,profitandloss
626.0,unnamed_13,31.0,profitandloss
627.0,unnamed_13,34.0,profitandloss
628.0,unnamed_13,38.0,profitandloss
629.0,unnamed_13,43.0,profitandloss
630.0,unnamed_13,44.0,profitandloss
631.0,unnamed_13,46.0,profitandloss
632.0,unnamed_13,15.0,profitandloss
633.0,unnamed_13,17.0,profitandloss
634.0,unnamed_13,19.0,profitandloss
635.0,unnamed_13,16.0,profitandloss
636.0,unnamed_13,16.0,profitandloss
637.0,unnamed_13,12.0,profitandloss
638.0,unnamed_13,7.0,profitandloss
639.0,unnamed_13,15.0,profitandloss
640.0,unnamed_13,27.0,profitandloss
641.0,unnamed_13,36.0,profitandloss
642.0,unnamed_13,49.0,profitandloss
643.0,unnamed_13,63.0,profitandloss
644.0,unnamed_13,70.0,profitandloss
645.0,unnamed_13,8.0,profitandloss
646.0,unnamed_13,12.0,profitandloss
647.0,unnamed_13,13.0,profitandloss
648.0,unnamed_13,11.0,profitandloss
649.0,unnamed_13,16.0,profitandloss
650.0,unnamed_13,19.0,profitandloss
651.0,unnamed_13,23.0,profitandloss
652.0,unnamed_13,26.0,profitandloss
653.0,unnamed_13,32.0,profitandloss
654.0,unnamed_13,26.0,profitandloss
655.0,unnamed_13,35.0,profitandloss
656.0,unnamed_13,39.0,profitandloss
657.0,unnamed_13,51.0,profitandloss
658.0,unnamed_13,11.0,profitandloss
659.0,unnamed_13,11.0,profitandloss
660.0,unnamed_13,11.0,profitandloss
661.0,unnamed_13,12.0,profitandloss
662.0,unnamed_13,12.0,profitandloss
663.0,unnamed_13,11.0,profitandloss
664.0,unnamed_13,8.0,profitandloss
665.0,unnamed_13,7.0,profitandloss
666.0,unnamed_13,7.0,profitandloss
667.0,unnamed_13,5.0,profitandloss
668.0,unnamed_13,6.0,profitandloss
669.0,unnamed_13,6.0,profitandloss
670.0,unnamed_13,7.0,profitandloss
697.0,unnamed_13,20.0,profitandloss
698.0,unnamed_13,27.0,profitandloss
699.0,unnamed_13,34.0,profitandloss
700.0,unnamed_13,38.0,profitandloss
701.0,unnamed_13,48.0,profitandloss
702.0,unnamed_13,60.0,profitandloss
703.0,unnamed_13,55.0,profitandloss
704.0,unnamed_13,64.0,profitandloss
705.0,unnamed_13,37.0,profitandloss
706.0,unnamed_13,60.0,profitandloss
707.0,unnamed_13,95.0,profitandloss
708.0,unnamed_13,115.0,profitandloss
709.0,unnamed_13,104.0,profitandloss
710.0,unnamed_13,21.0,profitandloss
711.0,unnamed_13,23.0,profitandloss
712.0,unnamed_13,27.0,profitandloss
713.0,unnamed_13,29.0,profitandloss
714.0,unnamed_13,31.0,profitandloss
715.0,unnamed_13,37.0,profitandloss
716.0,unnamed_13,35.0,profitandloss
717.0,unnamed_13,39.0,profitandloss
718.0,unnamed_13,45.0,profitandloss
719.0,unnamed_13,53.0,profitandloss
720.0,unnamed_13,58.0,profitandloss
721.0,unnamed_13,63.0,profitandloss
722.0,unnamed_13,67.0,profitandloss
723.0,unnamed_13,3.0,profitandloss
724.0,unnamed_13,5.0,profitandloss
725.0,unnamed_13,3.0,profitandloss
726.0,unnamed_13,8.0,profitandloss
727.0,unnamed_13,14.0,profitandloss
728.0,unnamed_13,15.0,profitandloss
729.0,unnamed_13,12.0,profitandloss
730.0,unnamed_13,-1.0,profitandloss
731.0,unnamed_13,15.0,profitandloss
732.0,unnamed_13,18.0,profitandloss
733.0,unnamed_13,7.0,profitandloss
734.0,unnamed_13,30.0,profitandloss
735.0,unnamed_13,8.0,profitandloss
736.0,unnamed_13,13.0,profitandloss
737.0,unnamed_13,19.0,profitandloss
738.0,unnamed_13,11.0,profitandloss
739.0,unnamed_13,11.0,profitandloss
740.0,unnamed_13,4.0,profitandloss
741.0,unnamed_13,6.0,profitandloss
742.0,unnamed_13,2.0,profitandloss
743.0,unnamed_13,8.0,profitandloss
744.0,unnamed_13,13.0,profitandloss
745.0,unnamed_13,14.0,profitandloss
746.0,unnamed_13,15.0,profitandloss
747.0,unnamed_13,222.0,profitandloss
748.0,unnamed_13,209.0,profitandloss
749.0,unnamed_13,212.0,profitandloss
750.0,unnamed_13,188.0,profitandloss
751.0,unnamed_13,143.0,profitandloss
752.0,unnamed_13,3.0,profitandloss
753.0,unnamed_13,2.0,profitandloss
754.0,unnamed_13,3.0,profitandloss
755.0,unnamed_13,3.0,profitandloss
756.0,unnamed_13,5.0,profitandloss
757.0,unnamed_13,5.0,profitandloss
758.0,unnamed_13,5.0,profitandloss
759.0,unnamed_13,5.0,profitandloss
760.0,unnamed_13,6.0,profitandloss
761.0,unnamed_13,7.0,profitandloss
762.0,unnamed_13,8.0,profitandloss
763.0,unnamed_13,8.0,profitandloss
764.0,unnamed_13,8.0,profitandloss
765.0,unnamed_13,9.0,profitandloss
766.0,unnamed_13,10.0,profitandloss
767.0,unnamed_13,12.0,profitandloss
768.0,unnamed_13,11.0,profitandloss
769.0,unnamed_13,12.0,profitandloss
770.0,unnamed_13,15.0,profitandloss
771.0,unnamed_13,16.0,profitandloss
772.0,unnamed_13,16.0,profitandloss
773.0,unnamed_13,31.0,profitandloss
774.0,unnamed_13,21.0,profitandloss
775.0,unnamed_13,-14.0,profitandloss
776.0,unnamed_13,-32.0,profitandloss
777.0,unnamed_13,-25.0,profitandloss
778.0,unnamed_13,-15.0,profitandloss
779.0,unnamed_13,-17.0,profitandloss
780.0,unnamed_13,-1.0,profitandloss
781.0,unnamed_13,36.0,profitandloss
782.0,unnamed_13,56.0,profitandloss
783.0,unnamed_13,31.0,profitandloss
784.0,unnamed_13,58.0,profitandloss
785.0,unnamed_13,50.0,profitandloss
786.0,unnamed_13,,profitandloss
787.0,unnamed_13,3.0,profitandloss
788.0,unnamed_13,3.0,profitandloss
789.0,unnamed_13,6.0,profitandloss
790.0,unnamed_13,5.0,profitandloss
791.0,unnamed_13,8.0,profitandloss
792.0,unnamed_13,9.0,profitandloss
793.0,unnamed_13,4.0,profitandloss
794.0,unnamed_13,0.0,profitandloss
795.0,unnamed_13,4.0,profitandloss
796.0,unnamed_13,7.0,profitandloss
797.0,unnamed_13,5.0,profitandloss
798.0,unnamed_13,11.0,profitandloss
799.0,unnamed_13,9.0,profitandloss
800.0,unnamed_13,10.0,profitandloss
801.0,unnamed_13,11.0,profitandloss
802.0,unnamed_13,4.0,profitandloss
803.0,unnamed_13,2.0,profitandloss
804.0,unnamed_13,7.0,profitandloss
805.0,unnamed_13,-1.0,profitandloss
806.0,unnamed_13,15.0,profitandloss
807.0,unnamed_13,26.0,profitandloss
808.0,unnamed_13,32.0,profitandloss
809.0,unnamed_13,17.0,profitandloss
810.0,unnamed_13,33.0,profitandloss
811.0,unnamed_13,85.0,profitandloss
812.0,unnamed_13,17.0,profitandloss
813.0,unnamed_13,36.0,profitandloss
814.0,unnamed_13,14.0,profitandloss
815.0,unnamed_13,15.0,profitandloss
816.0,unnamed_13,16.0,profitandloss
817.0,unnamed_13,20.0,profitandloss
818.0,unnamed_13,19.0,profitandloss
819.0,unnamed_13,27.0,profitandloss
820.0,unnamed_13,33.0,profitandloss
821.0,unnamed_13,38.0,profitandloss
822.0,unnamed_13,45.0,profitandloss
823.0,unnamed_13,50.0,profitandloss
824.0,unnamed_13,61.0,profitandloss
825.0,unnamed_13,75.0,profitandloss
826.0,unnamed_13,92.0,profitandloss
827.0,unnamed_13,113.0,profitandloss
828.0,unnamed_13,,profitandloss
829.0,unnamed_13,,profitandloss
830.0,unnamed_13,7.0,profitandloss
831.0,unnamed_13,57.0,profitandloss
832.0,unnamed_13,65.0,profitandloss
833.0,unnamed_13,66.0,profitandloss
834.0,unnamed_13,,profitandloss
835.0,unnamed_13,6.0,profitandloss
836.0,unnamed_13,9.0,profitandloss
837.0,unnamed_13,18.0,profitandloss
838.0,unnamed_13,16.0,profitandloss
839.0,unnamed_13,13.0,profitandloss
840.0,unnamed_13,10.0,profitandloss
841.0,unnamed_13,21.0,profitandloss
842.0,unnamed_13,9.0,profitandloss
843.0,unnamed_13,1.0,profitandloss
844.0,unnamed_13,12.0,profitandloss
845.0,unnamed_13,5.0,profitandloss
846.0,unnamed_13,16.0,profitandloss
847.0,unnamed_13,25.0,profitandloss
848.0,unnamed_13,38.0,profitandloss
849.0,unnamed_13,35.0,profitandloss
850.0,unnamed_13,34.0,profitandloss
851.0,unnamed_13,31.0,profitandloss
852.0,unnamed_13,43.0,profitandloss
853.0,unnamed_13,53.0,profitandloss
854.0,unnamed_13,63.0,profitandloss
855.0,unnamed_13,68.0,profitandloss
856.0,unnamed_13,82.0,profitandloss
857.0,unnamed_13,62.0,profitandloss
858.0,unnamed_13,75.0,profitandloss
859.0,unnamed_13,95.0,profitandloss
860.0,unnamed_13,98.0,profitandloss
861.0,unnamed_13,174.0,profitandloss
862.0,unnamed_13,309.0,profitandloss
863.0,unnamed_13,238.0,profitandloss
864.0,unnamed_13,49.0,profitandloss
865.0,unnamed_13,57.0,profitandloss
866.0,unnamed_13,65.0,profitandloss
867.0,unnamed_13,87.0,profitandloss
868.0,unnamed_13,87.0,profitandloss
869.0,unnamed_13,111.0,profitandloss
870.0,unnamed_13,225.0,profitandloss
871.0,unnamed_13,149.0,profitandloss
872.0,unnamed_13,155.0,profitandloss
873.0,unnamed_13,154.0,profitandloss
874.0,unnamed_13,33.0,profitandloss
875.0,unnamed_13,38.0,profitandloss
876.0,unnamed_13,25.0,profitandloss
877.0,unnamed_13,25.0,profitandloss
878.0,unnamed_13,30.0,profitandloss
879.0,unnamed_13,60.0,profitandloss
880.0,unnamed_13,43.0,profitandloss
881.0,unnamed_13,1.0,profitandloss
882.0,unnamed_13,15.0,profitandloss
883.0,unnamed_13,53.0,profitandloss
884.0,unnamed_13,83.0,profitandloss
885.0,unnamed_13,91.0,profitandloss
886.0,unnamed_13,95.0,profitandloss
887.0,unnamed_13,82.0,profitandloss
888.0,unnamed_13,94.0,profitandloss
889.0,unnamed_13,126.0,profitandloss
890.0,unnamed_13,182.0,profitandloss
891.0,unnamed_13,249.0,profitandloss
892.0,unnamed_13,261.0,profitandloss
893.0,unnamed_13,253.0,profitandloss
894.0,unnamed_13,188.0,profitandloss
895.0,unnamed_13,145.0,profitandloss
896.0,unnamed_13,128.0,profitandloss
897.0,unnamed_13,274.0,profitandloss
898.0,unnamed_13,429.0,profitandloss
899.0,unnamed_13,446.0,profitandloss
900.0,unnamed_13,1.0,profitandloss
901.0,unnamed_13,2.0,profitandloss
902.0,unnamed_13,2.0,profitandloss
903.0,unnamed_13,3.0,profitandloss
904.0,unnamed_13,3.0,profitandloss
905.0,unnamed_13,3.0,profitandloss
906.0,unnamed_13,3.0,profitandloss
907.0,unnamed_13,2.0,profitandloss
908.0,unnamed_13,2.0,profitandloss
909.0,unnamed_13,1.0,profitandloss
910.0,unnamed_13,2.0,profitandloss
911.0,unnamed_13,4.0,profitandloss
912.0,unnamed_13,6.0,profitandloss
913.0,unnamed_13,8.0,profitandloss
914.0,unnamed_13,8.0,profitandloss
915.0,unnamed_13,2.0,profitandloss
916.0,unnamed_13,11.0,profitandloss
917.0,unnamed_13,-2.0,profitandloss
918.0,unnamed_13,42.0,profitandloss
919.0,unnamed_13,49.0,profitandloss
920.0,unnamed_13,-19.0,profitandloss
921.0,unnamed_13,110.0,profitandloss
922.0,unnamed_13,991.0,profitandloss
923.0,unnamed_13,-8.0,profitandloss
924.0,unnamed_13,44.0,profitandloss
925.0,unnamed_13,36.0,profitandloss
926.0,unnamed_13,12.0,profitandloss
927.0,unnamed_13,12.0,profitandloss
928.0,unnamed_13,6.0,profitandloss
929.0,unnamed_13,10.0,profitandloss
930.0,unnamed_13,13.0,profitandloss
931.0,unnamed_13,17.0,profitandloss
932.0,unnamed_13,20.0,profitandloss
933.0,unnamed_13,22.0,profitandloss
934.0,unnamed_13,22.0,profitandloss
935.0,unnamed_13,25.0,profitandloss
936.0,unnamed_13,31.0,profitandloss
937.0,unnamed_13,41.0,profitandloss
938.0,unnamed_13,34.0,profitandloss
939.0,unnamed_13,2.0,profitandloss
940.0,unnamed_13,1.0,profitandloss
941.0,unnamed_13,2.0,profitandloss
942.0,unnamed_13,2.0,profitandloss
943.0,unnamed_13,3.0,profitandloss
944.0,unnamed_13,2.0,profitandloss
945.0,unnamed_13,3.0,profitandloss
946.0,unnamed_13,3.0,profitandloss
947.0,unnamed_13,3.0,profitandloss
948.0,unnamed_13,4.0,profitandloss
949.0,unnamed_13,4.0,profitandloss
950.0,unnamed_13,4.0,profitandloss
951.0,unnamed_13,3.0,profitandloss
952.0,unnamed_13,13.0,profitandloss
953.0,unnamed_13,12.0,profitandloss
954.0,unnamed_13,10.0,profitandloss
955.0,unnamed_13,11.0,profitandloss
956.0,unnamed_13,11.0,profitandloss
957.0,unnamed_13,11.0,profitandloss
958.0,unnamed_13,14.0,profitandloss
959.0,unnamed_13,12.0,profitandloss
960.0,unnamed_13,15.0,profitandloss
961.0,unnamed_13,17.0,profitandloss
962.0,unnamed_13,17.0,profitandloss
963.0,unnamed_13,21.0,profitandloss
964.0,unnamed_13,23.0,profitandloss
965.0,unnamed_13,19.0,profitandloss
966.0,unnamed_13,21.0,profitandloss
967.0,unnamed_13,14.0,profitandloss
968.0,unnamed_13,10.0,profitandloss
969.0,unnamed_13,19.0,profitandloss
970.0,unnamed_13,17.0,profitandloss
971.0,unnamed_13,24.0,profitandloss
972.0,unnamed_13,9.0,profitandloss
973.0,unnamed_13,13.0,profitandloss
974.0,unnamed_13,36.0,profitandloss
975.0,unnamed_13,28.0,profitandloss
976.0,unnamed_13,39.0,profitandloss
977.0,unnamed_13,33.0,profitandloss
978.0,unnamed_13,13.0,profitandloss
979.0,unnamed_13,17.0,profitandloss
980.0,unnamed_13,18.0,profitandloss
981.0,unnamed_13,19.0,profitandloss
982.0,unnamed_13,7.0,profitandloss
983.0,unnamed_13,20.0,profitandloss
984.0,unnamed_13,30.0,profitandloss
985.0,unnamed_13,22.0,profitandloss
986.0,unnamed_13,36.0,profitandloss
987.0,unnamed_13,42.0,profitandloss
988.0,unnamed_13,48.0,profitandloss
989.0,unnamed_13,60.0,profitandloss
990.0,unnamed_13,64.0,profitandloss
991.0,unnamed_13,8.0,profitandloss
992.0,unnamed_13,9.0,profitandloss
993.0,unnamed_13,10.0,profitandloss
994.0,unnamed_13,16.0,profitandloss
995.0,unnamed_13,17.0,profitandloss
996.0,unnamed_13,19.0,profitandloss
997.0,unnamed_13,18.0,profitandloss
998.0,unnamed_13,22.0,profitandloss
999.0,unnamed_13,22.0,profitandloss
1000.0,unnamed_13,24.0,profitandloss
1001.0,unnamed_13,25.0,profitandloss
1002.0,unnamed_13,34.0,profitandloss
1003.0,unnamed_13,38.0,profitandloss
1004.0,unnamed_13,28.0,profitandloss
1005.0,unnamed_13,20.0,profitandloss
1006.0,unnamed_13,18.0,profitandloss
1007.0,unnamed_13,-19.0,profitandloss
1008.0,unnamed_13,6.0,profitandloss
1009.0,unnamed_13,-44.0,profitandloss
1010.0,unnamed_13,-21.0,profitandloss
1011.0,unnamed_13,1.0,profitandloss
1012.0,unnamed_13,2.0,profitandloss
1013.0,unnamed_13,4.0,profitandloss
1014.0,unnamed_13,3.0,profitandloss
1015.0,unnamed_13,8.0,profitandloss
1016.0,unnamed_13,13.0,profitandloss
1017.0,unnamed_13,5.0,profitandloss
1018.0,unnamed_13,5.0,profitandloss
1019.0,unnamed_13,5.0,profitandloss
1020.0,unnamed_13,6.0,profitandloss
1021.0,unnamed_13,8.0,profitandloss
1022.0,unnamed_13,9.0,profitandloss
1023.0,unnamed_13,11.0,profitandloss
1024.0,unnamed_13,12.0,profitandloss
1025.0,unnamed_13,13.0,profitandloss
1026.0,unnamed_13,18.0,profitandloss
1027.0,unnamed_13,17.0,profitandloss
1028.0,unnamed_13,17.0,profitandloss
1029.0,unnamed_13,17.0,profitandloss
1030.0,unnamed_13,15.0,profitandloss
1031.0,unnamed_13,18.0,profitandloss
1032.0,unnamed_13,20.0,profitandloss
1033.0,unnamed_13,22.0,profitandloss
1034.0,unnamed_13,24.0,profitandloss
1035.0,unnamed_13,17.0,profitandloss
1036.0,unnamed_13,22.0,profitandloss
1037.0,unnamed_13,19.0,profitandloss
1038.0,unnamed_13,32.0,profitandloss
1039.0,unnamed_13,38.0,profitandloss
1040.0,unnamed_13,42.0,profitandloss
1041.0,unnamed_13,54.0,profitandloss
1042.0,unnamed_13,57.0,profitandloss
1043.0,unnamed_13,15.0,profitandloss
1044.0,unnamed_13,16.0,profitandloss
1045.0,unnamed_13,17.0,profitandloss
1046.0,unnamed_13,22.0,profitandloss
1047.0,unnamed_13,22.0,profitandloss
1048.0,unnamed_13,27.0,profitandloss
1049.0,unnamed_13,29.0,profitandloss
1050.0,unnamed_13,29.0,profitandloss
1051.0,unnamed_13,39.0,profitandloss
1052.0,unnamed_13,45.0,profitandloss
1053.0,unnamed_13,49.0,profitandloss
1054.0,unnamed_13,51.0,profitandloss
1055.0,unnamed_13,51.0,profitandloss
1056.0,unnamed_13,6.0,profitandloss
1057.0,unnamed_13,7.0,profitandloss
1058.0,unnamed_13,8.0,profitandloss
1059.0,unnamed_13,8.0,profitandloss
1060.0,unnamed_13,10.0,profitandloss
1061.0,unnamed_13,12.0,profitandloss
1062.0,unnamed_13,13.0,profitandloss
1063.0,unnamed_13,14.0,profitandloss
1064.0,unnamed_13,15.0,profitandloss
1065.0,unnamed_13,15.0,profitandloss
1066.0,unnamed_13,17.0,profitandloss
1067.0,unnamed_13,19.0,profitandloss
1068.0,unnamed_13,24.0,profitandloss
1069.0,unnamed_13,26.0,profitandloss
1070.0,unnamed_13,19.0,profitandloss
1071.0,unnamed_13,23.0,profitandloss
1072.0,unnamed_13,16.0,profitandloss
1073.0,unnamed_13,0.0,profitandloss
1074.0,unnamed_13,-5.0,profitandloss
1075.0,unnamed_13,3.0,profitandloss
1076.0,unnamed_13,22.0,profitandloss
1077.0,unnamed_13,25.0,profitandloss
1078.0,unnamed_13,40.0,profitandloss
1079.0,unnamed_13,62.0,profitandloss
1080.0,unnamed_13,75.0,profitandloss
1081.0,unnamed_13,80.0,profitandloss
1082.0,unnamed_13,288.0,profitandloss
1083.0,unnamed_13,226.0,profitandloss
1084.0,unnamed_13,122.0,profitandloss
1085.0,unnamed_13,328.0,profitandloss
1086.0,unnamed_13,384.0,profitandloss
1087.0,unnamed_13,397.0,profitandloss
1088.0,unnamed_13,289.0,profitandloss
1089.0,unnamed_13,426.0,profitandloss
1090.0,unnamed_13,646.0,profitandloss
1091.0,unnamed_13,352.0,profitandloss
1092.0,unnamed_13,664.0,profitandloss
1093.0,unnamed_13,480.0,profitandloss
1094.0,unnamed_13,480.0,profitandloss
1095.0,unnamed_13,12.0,profitandloss
1096.0,unnamed_13,11.0,profitandloss
1097.0,unnamed_13,8.0,profitandloss
1098.0,unnamed_13,9.0,profitandloss
1099.0,unnamed_13,10.0,profitandloss
1100.0,unnamed_13,20.0,profitandloss
1101.0,unnamed_13,20.0,profitandloss
1102.0,unnamed_13,20.0,profitandloss
1103.0,unnamed_13,18.0,profitandloss
1104.0,unnamed_13,20.0,profitandloss
1105.0,unnamed_13,32.0,profitandloss
1106.0,unnamed_13,39.0,profitandloss
1107.0,unnamed_13,50.0,profitandloss
1108.0,unnamed_13,,profitandloss
1109.0,unnamed_13,17.0,profitandloss
1110.0,unnamed_13,33.0,profitandloss
1111.0,unnamed_13,82.0,profitandloss
1112.0,unnamed_13,32.0,profitandloss
1113.0,unnamed_13,25.0,profitandloss
1114.0,unnamed_13,31.0,profitandloss
1115.0,unnamed_13,22.0,profitandloss
1116.0,unnamed_13,31.0,profitandloss
1117.0,unnamed_13,43.0,profitandloss
1118.0,unnamed_13,55.0,profitandloss
1119.0,unnamed_13,76.0,profitandloss
1120.0,unnamed_13,14.0,profitandloss
1121.0,unnamed_13,15.0,profitandloss
1122.0,unnamed_13,22.0,profitandloss
1123.0,unnamed_13,19.0,profitandloss
1124.0,unnamed_13,29.0,profitandloss
1125.0,unnamed_13,9.0,profitandloss
1126.0,unnamed_13,11.0,profitandloss
1127.0,unnamed_13,16.0,profitandloss
1128.0,unnamed_13,12.0,profitandloss
1129.0,unnamed_13,14.0,profitandloss
1130.0,unnamed_13,35.0,profitandloss
1131.0,unnamed_13,40.0,profitandloss
1132.0,unnamed_13,46.0,profitandloss
1133.0,unnamed_13,6.0,profitandloss
1134.0,unnamed_13,7.0,profitandloss
1135.0,unnamed_13,4.0,profitandloss
1136.0,unnamed_13,0.0,profitandloss
1137.0,unnamed_13,6.0,profitandloss
1138.0,unnamed_13,8.0,profitandloss
1139.0,unnamed_13,6.0,profitandloss
1140.0,unnamed_13,5.0,profitandloss
1141.0,unnamed_13,9.0,profitandloss
1142.0,unnamed_13,10.0,profitandloss
1143.0,unnamed_13,12.0,profitandloss
1144.0,unnamed_13,12.0,profitandloss
1145.0,unnamed_13,12.0,profitandloss
1146.0,unnamed_13,35.0,profitandloss
1147.0,unnamed_13,48.0,profitandloss
1148.0,unnamed_13,48.0,profitandloss
1149.0,unnamed_13,40.0,profitandloss
1150.0,unnamed_13,26.0,profitandloss
1151.0,unnamed_13,31.0,profitandloss
1152.0,unnamed_13,-100.0,profitandloss
1153.0,unnamed_13,-39.0,profitandloss
1154.0,unnamed_13,-41.0,profitandloss
1155.0,unnamed_13,-34.0,profitandloss
1156.0,unnamed_13,7.0,profitandloss
1157.0,unnamed_13,94.0,profitandloss
1158.0,unnamed_13,99.0,profitandloss
1159.0,unnamed_13,0.0,profitandloss
1160.0,unnamed_13,-1.0,profitandloss
1161.0,unnamed_13,1.0,profitandloss
1162.0,unnamed_13,2.0,profitandloss
1163.0,unnamed_13,3.0,profitandloss
1164.0,unnamed_13,9.0,profitandloss
1165.0,unnamed_13,9.0,profitandloss
1166.0,unnamed_13,4.0,profitandloss
1167.0,unnamed_13,4.0,profitandloss
1168.0,unnamed_13,5.0,profitandloss
1169.0,unnamed_13,10.0,profitandloss
1170.0,unnamed_13,12.0,profitandloss
1171.0,unnamed_13,12.0,profitandloss
1172.0,unnamed_13,-6.0,profitandloss
1173.0,unnamed_13,3.0,profitandloss
1174.0,unnamed_13,-3.0,profitandloss
1175.0,unnamed_13,0.0,profitandloss
1176.0,unnamed_13,-4.0,profitandloss
1177.0,unnamed_13,12.0,profitandloss
1178.0,unnamed_13,9.0,profitandloss
1179.0,unnamed_13,1.0,profitandloss
1180.0,unnamed_13,6.0,profitandloss
1181.0,unnamed_13,33.0,profitandloss
1182.0,unnamed_13,7.0,profitandloss
1183.0,unnamed_13,-4.0,profitandloss
1184.0,unnamed_13,2.0,profitandloss
1185.0,unnamed_13,36.0,profitandloss
1186.0,unnamed_13,49.0,profitandloss
1187.0,unnamed_13,51.0,profitandloss
1188.0,unnamed_13,62.0,profitandloss
1189.0,unnamed_13,67.0,profitandloss
1190.0,unnamed_13,67.0,profitandloss
1191.0,unnamed_13,84.0,profitandloss
1192.0,unnamed_13,86.0,profitandloss
1193.0,unnamed_13,88.0,profitandloss
1194.0,unnamed_13,105.0,profitandloss
1195.0,unnamed_13,115.0,profitandloss
1196.0,unnamed_13,127.0,profitandloss
1197.0,unnamed_13,135.0,profitandloss
1198.0,unnamed_13,25.0,profitandloss
1199.0,unnamed_13,32.0,profitandloss
1200.0,unnamed_13,27.0,profitandloss
1201.0,unnamed_13,31.0,profitandloss
1202.0,unnamed_13,29.0,profitandloss
1203.0,unnamed_13,39.0,profitandloss
1204.0,unnamed_13,44.0,profitandloss
1205.0,unnamed_13,42.0,profitandloss
1206.0,unnamed_13,46.0,profitandloss
1207.0,unnamed_13,57.0,profitandloss
1208.0,unnamed_13,50.0,profitandloss
1209.0,unnamed_13,24.0,profitandloss
1210.0,unnamed_13,38.0,profitandloss
1211.0,unnamed_13,8.0,profitandloss
1212.0,unnamed_13,8.0,profitandloss
1213.0,unnamed_13,9.0,profitandloss
1214.0,unnamed_13,8.0,profitandloss
1215.0,unnamed_13,8.0,profitandloss
1216.0,unnamed_13,13.0,profitandloss
1217.0,unnamed_13,16.0,profitandloss
1218.0,unnamed_13,17.0,profitandloss
1219.0,unnamed_13,11.0,profitandloss
1220.0,unnamed_13,24.0,profitandloss
1221.0,unnamed_13,37.0,profitandloss
1222.0,unnamed_13,39.0,profitandloss
1223.0,unnamed_13,37.0,profitandloss
1224.0,unnamed_13,13.0,profitandloss
1225.0,unnamed_13,20.0,profitandloss
1226.0,unnamed_13,22.0,profitandloss
1227.0,unnamed_13,51.0,profitandloss
1228.0,unnamed_13,28.0,profitandloss
1229.0,unnamed_13,20.0,profitandloss
1230.0,unnamed_13,13.0,profitandloss
1231.0,unnamed_13,30.0,profitandloss
1232.0,unnamed_13,37.0,profitandloss
1233.0,unnamed_13,23.0,profitandloss
1234.0,unnamed_13,37.0,profitandloss
1235.0,unnamed_13,49.0,profitandloss
1236.0,unnamed_13,55.0,profitandloss
1237.0,unnamed_13,-1.0,profitandloss
1238.0,unnamed_13,-1.0,profitandloss
1239.0,unnamed_13,4.0,profitandloss
1240.0,unnamed_13,2.0,profitandloss
1241.0,unnamed_13,3.0,profitandloss
1242.0,unnamed_13,3.0,profitandloss
1243.0,unnamed_13,3.0,profitandloss
1244.0,unnamed_13,3.0,profitandloss
1245.0,unnamed_13,-4.0,profitandloss
1246.0,unnamed_13,3.0,profitandloss
1247.0,unnamed_13,13.0,profitandloss
1248.0,unnamed_13,42.0,profitandloss
1249.0,unnamed_13,51.0,profitandloss
1250.0,unnamed_13,4.0,profitandloss
1251.0,unnamed_13,4.0,profitandloss
1252.0,unnamed_13,7.0,profitandloss
1253.0,unnamed_13,9.0,profitandloss
1254.0,unnamed_13,11.0,profitandloss
1255.0,unnamed_13,14.0,profitandloss
1256.0,unnamed_13,15.0,profitandloss
1257.0,unnamed_13,13.0,profitandloss
1258.0,unnamed_13,13.0,profitandloss
1259.0,unnamed_13,16.0,profitandloss
1260.0,unnamed_13,28.0,profitandloss
1261.0,unnamed_13,36.0,profitandloss
1262.0,unnamed_13,42.0,profitandloss
1263.0,unnamed_13,98.0,profitandloss
1264.0,unnamed_13,80.0,profitandloss
1265.0,unnamed_13,76.0,profitandloss
1266.0,unnamed_13,90.0,profitandloss
1267.0,unnamed_13,99.0,profitandloss
1268.0,unnamed_13,81.0,profitandloss
1269.0,unnamed_13,88.0,profitandloss
1270.0,unnamed_13,199.0,profitandloss
1271.0,unnamed_13,189.0,profitandloss
1272.0,unnamed_13,254.0,profitandloss
1273.0,unnamed_13,175.0,profitandloss
1274.0,unnamed_13,243.0,profitandloss
1275.0,unnamed_13,216.0,profitandloss
1276.0,unnamed_13,36.0,profitandloss
1277.0,unnamed_13,27.0,profitandloss
1278.0,unnamed_13,28.0,profitandloss
1279.0,unnamed_13,20.0,profitandloss
1280.0,unnamed_13,8.0,profitandloss
1281.0,unnamed_13,-45.0,profitandloss
1282.0,unnamed_13,-17.0,profitandloss
1283.0,unnamed_13,-9.0,profitandloss
1284.0,unnamed_13,4.0,profitandloss
1285.0,unnamed_13,8.0,profitandloss
1286.0,unnamed_13,12.0,profitandloss
1287.0,unnamed_13,18.0,profitandloss
1288.0,unnamed_13,21.0,profitandloss
1289.0,unnamed_13,-2.0,profitandloss
1290.0,unnamed_13,-62.0,profitandloss
1291.0,unnamed_13,-23.0,profitandloss
1292.0,unnamed_13,2.0,profitandloss
1293.0,unnamed_13,1.0,profitandloss
1294.0,unnamed_13,9.0,profitandloss
1295.0,unnamed_13,10.0,profitandloss
1296.0,unnamed_13,9.0,profitandloss
1297.0,unnamed_13,5.0,profitandloss
1298.0,unnamed_13,11.0,profitandloss
1299.0,unnamed_13,16.0,profitandloss
1300.0,unnamed_13,19.0,profitandloss
1301.0,unnamed_13,19.0,profitandloss
1302.0,unnamed_13,2.0,profitandloss
1303.0,unnamed_13,0.0,profitandloss
1304.0,unnamed_13,0.0,profitandloss
1305.0,unnamed_13,1.0,profitandloss
1306.0,unnamed_13,0.0,profitandloss
1307.0,unnamed_13,1.0,profitandloss
1308.0,unnamed_13,1.0,profitandloss
1309.0,unnamed_13,1.0,profitandloss
1310.0,unnamed_13,1.0,profitandloss
1311.0,unnamed_13,2.0,profitandloss
1312.0,unnamed_13,5.0,profitandloss
1313.0,unnamed_13,6.0,profitandloss
1314.0,unnamed_13,8.0,profitandloss
1315.0,unnamed_13,26.0,profitandloss
1316.0,unnamed_13,21.0,profitandloss
1317.0,unnamed_13,-53.0,profitandloss
1318.0,unnamed_13,-41.0,profitandloss
1319.0,unnamed_13,23.0,profitandloss
1320.0,unnamed_13,28.0,profitandloss
1321.0,unnamed_13,19.0,profitandloss
1322.0,unnamed_13,-18.0,profitandloss
1323.0,unnamed_13,31.0,profitandloss
1324.0,unnamed_13,51.0,profitandloss
1325.0,unnamed_13,28.0,profitandloss
1326.0,unnamed_13,11.0,profitandloss
1327.0,unnamed_13,30.0,profitandloss
1328.0,unnamed_13,5.0,profitandloss
1329.0,unnamed_13,6.0,profitandloss
1330.0,unnamed_13,7.0,profitandloss
1331.0,unnamed_13,7.0,profitandloss
1332.0,unnamed_13,7.0,profitandloss
1333.0,unnamed_13,7.0,profitandloss
1334.0,unnamed_13,7.0,profitandloss
1335.0,unnamed_13,9.0,profitandloss
1336.0,unnamed_13,10.0,profitandloss
1337.0,unnamed_13,11.0,profitandloss
1338.0,unnamed_13,10.0,profitandloss
1339.0,unnamed_13,11.0,profitandloss
1340.0,unnamed_13,12.0,profitandloss
1341.0,unnamed_13,-3070.0,profitandloss
1342.0,unnamed_13,-28574.0,profitandloss
1343.0,unnamed_13,-70097.0,profitandloss
1344.0,unnamed_13,-23124.0,profitandloss
1345.0,unnamed_13,-2.0,profitandloss
1346.0,unnamed_13,-1.0,profitandloss
1347.0,unnamed_13,0.0,profitandloss
1348.0,unnamed_13,1.0,profitandloss
1349.0,unnamed_13,6.0,profitandloss
1350.0,unnamed_13,8.0,profitandloss
1351.0,unnamed_13,11.0,profitandloss
1352.0,unnamed_13,19.0,profitandloss
1353.0,unnamed_13,15.0,profitandloss
1354.0,unnamed_13,17.0,profitandloss
1355.0,unnamed_13,18.0,profitandloss
1356.0,unnamed_13,11.0,profitandloss
1357.0,unnamed_13,21.0,profitandloss
1358.0,unnamed_13,44.0,profitandloss
1359.0,unnamed_13,19.0,profitandloss
1360.0,unnamed_13,38.0,profitandloss
1361.0,unnamed_13,43.0,profitandloss
1362.0,unnamed_13,25647.0,profitandloss
1363.0,unnamed_13,15454.0,profitandloss
1364.0,unnamed_13,42481.0,profitandloss
1365.0,unnamed_13,55.0,profitandloss
1366.0,unnamed_13,46.0,profitandloss
1367.0,unnamed_13,58.0,profitandloss
1368.0,unnamed_13,4.0,profitandloss
1369.0,unnamed_13,-6.0,profitandloss
1370.0,unnamed_13,-151.0,profitandloss
1371.0,unnamed_13,-160.0,profitandloss
1372.0,unnamed_13,-8.0,profitandloss
1373.0,unnamed_13,212.0,profitandloss
1374.0,unnamed_13,157.0,profitandloss
,unnamed_14,,profitandloss
61.0,unnamed_14,25.0,profitandloss
62.0,unnamed_14,25.0,profitandloss
63.0,unnamed_14,29.0,profitandloss
64.0,unnamed_14,29.0,profitandloss
65.0,unnamed_14,31.0,profitandloss
66.0,unnamed_14,29.0,profitandloss
67.0,unnamed_14,31.0,profitandloss
68.0,unnamed_14,90.0,profitandloss
69.0,unnamed_14,85.0,profitandloss
70.0,unnamed_14,73.0,profitandloss
71.0,unnamed_14,73.0,profitandloss
72.0,unnamed_14,73.0,profitandloss
73.0,unnamed_14,,profitandloss
86.0,unnamed_14,,profitandloss
87.0,unnamed_14,0.0,profitandloss
88.0,unnamed_14,0.0,profitandloss
89.0,unnamed_14,0.0,profitandloss
90.0,unnamed_14,0.0,profitandloss
91.0,unnamed_14,0.0,profitandloss
92.0,unnamed_14,0.0,profitandloss
93.0,unnamed_14,0.0,profitandloss
94.0,unnamed_14,0.0,profitandloss
95.0,unnamed_14,0.0,profitandloss
96.0,unnamed_14,0.0,profitandloss
97.0,unnamed_14,,profitandloss
98.0,unnamed_14,10.0,profitandloss
99.0,unnamed_14,7.0,profitandloss
100.0,unnamed_14,8.0,profitandloss
101.0,unnamed_14,4.0,profitandloss
102.0,unnamed_14,4.0,profitandloss
103.0,unnamed_14,6.0,profitandloss
104.0,unnamed_14,6.0,profitandloss
105.0,unnamed_14,10.0,profitandloss
106.0,unnamed_14,12.0,profitandloss
107.0,unnamed_14,14.0,profitandloss
108.0,unnamed_14,6.0,profitandloss
109.0,unnamed_14,5.0,profitandloss
110.0,unnamed_14,,profitandloss
111.0,unnamed_14,0.0,profitandloss
112.0,unnamed_14,0.0,profitandloss
113.0,unnamed_14,0.0,profitandloss
114.0,unnamed_14,0.0,profitandloss
115.0,unnamed_14,0.0,profitandloss
116.0,unnamed_14,0.0,profitandloss
117.0,unnamed_14,0.0,profitandloss
118.0,unnamed_14,0.0,profitandloss
119.0,unnamed_14,0.0,profitandloss
120.0,unnamed_14,12.0,profitandloss
121.0,unnamed_14,12.0,profitandloss
122.0,unnamed_14,10.0,profitandloss
123.0,unnamed_14,8.0,profitandloss
124.0,unnamed_14,7.0,profitandloss
125.0,unnamed_14,11.0,profitandloss
126.0,unnamed_14,1.0,profitandloss
127.0,unnamed_14,17.0,profitandloss
128.0,unnamed_14,20.0,profitandloss
129.0,unnamed_14,22.0,profitandloss
130.0,unnamed_14,20.0,profitandloss
131.0,unnamed_14,16.0,profitandloss
132.0,unnamed_14,,profitandloss
133.0,unnamed_14,12.0,profitandloss
134.0,unnamed_14,12.0,profitandloss
135.0,unnamed_14,10.0,profitandloss
136.0,unnamed_14,8.0,profitandloss
137.0,unnamed_14,7.0,profitandloss
138.0,unnamed_14,11.0,profitandloss
139.0,unnamed_14,1.0,profitandloss
140.0,unnamed_14,17.0,profitandloss
141.0,unnamed_14,20.0,profitandloss
142.0,unnamed_14,22.0,profitandloss
143.0,unnamed_14,20.0,profitandloss
144.0,unnamed_14,16.0,profitandloss
145.0,unnamed_14,,profitandloss
146.0,unnamed_14,0.0,profitandloss
147.0,unnamed_14,0.0,profitandloss
148.0,unnamed_14,0.0,profitandloss
149.0,unnamed_14,0.0,profitandloss
150.0,unnamed_14,0.0,profitandloss
151.0,unnamed_14,0.0,profitandloss
152.0,unnamed_14,0.0,profitandloss
153.0,unnamed_14,0.0,profitandloss
154.0,unnamed_14,0.0,profitandloss
155.0,unnamed_14,0.0,profitandloss
156.0,unnamed_14,0.0,profitandloss
157.0,unnamed_14,0.0,profitandloss
158.0,unnamed_14,,profitandloss
159.0,unnamed_14,43.0,profitandloss
160.0,unnamed_14,44.0,profitandloss
161.0,unnamed_14,46.0,profitandloss
162.0,unnamed_14,54.0,profitandloss
163.0,unnamed_14,50.0,profitandloss
164.0,unnamed_14,47.0,profitandloss
165.0,unnamed_14,14.0,profitandloss
166.0,unnamed_14,14.0,profitandloss
167.0,unnamed_14,151.0,profitandloss
168.0,unnamed_14,45.0,profitandloss
169.0,unnamed_14,19.0,profitandloss
170.0,unnamed_14,12.0,profitandloss
171.0,unnamed_14,,profitandloss
172.0,unnamed_14,25.0,profitandloss
173.0,unnamed_14,25.0,profitandloss
174.0,unnamed_14,24.0,profitandloss
175.0,unnamed_14,35.0,profitandloss
176.0,unnamed_14,38.0,profitandloss
177.0,unnamed_14,59.0,profitandloss
178.0,unnamed_14,35.0,profitandloss
179.0,unnamed_14,18.0,profitandloss
180.0,unnamed_14,29.0,profitandloss
181.0,unnamed_14,16.0,profitandloss
182.0,unnamed_14,26.0,profitandloss
183.0,unnamed_14,26.0,profitandloss
184.0,unnamed_14,,profitandloss
185.0,unnamed_14,40.0,profitandloss
186.0,unnamed_14,42.0,profitandloss
187.0,unnamed_14,42.0,profitandloss
188.0,unnamed_14,41.0,profitandloss
189.0,unnamed_14,51.0,profitandloss
190.0,unnamed_14,41.0,profitandloss
191.0,unnamed_14,47.0,profitandloss
192.0,unnamed_14,43.0,profitandloss
193.0,unnamed_14,55.0,profitandloss
194.0,unnamed_14,61.0,profitandloss
195.0,unnamed_14,60.0,profitandloss
196.0,unnamed_14,58.0,profitandloss
197.0,unnamed_14,,profitandloss
198.0,unnamed_14,0.0,profitandloss
199.0,unnamed_14,12.0,profitandloss
200.0,unnamed_14,6.0,profitandloss
201.0,unnamed_14,6.0,profitandloss
202.0,unnamed_14,5.0,profitandloss
203.0,unnamed_14,5.0,profitandloss
204.0,unnamed_14,4.0,profitandloss
205.0,unnamed_14,,profitandloss
206.0,unnamed_14,42.0,profitandloss
207.0,unnamed_14,43.0,profitandloss
208.0,unnamed_14,48.0,profitandloss
209.0,unnamed_14,39.0,profitandloss
210.0,unnamed_14,39.0,profitandloss
211.0,unnamed_14,41.0,profitandloss
212.0,unnamed_14,35.0,profitandloss
213.0,unnamed_14,67.0,profitandloss
214.0,unnamed_14,83.0,profitandloss
215.0,unnamed_14,66.0,profitandloss
216.0,unnamed_14,65.0,profitandloss
217.0,unnamed_14,29.0,profitandloss
218.0,unnamed_14,,profitandloss
219.0,unnamed_14,16.0,profitandloss
220.0,unnamed_14,15.0,profitandloss
221.0,unnamed_14,15.0,profitandloss
222.0,unnamed_14,14.0,profitandloss
223.0,unnamed_14,33.0,profitandloss
224.0,unnamed_14,0.0,profitandloss
225.0,unnamed_14,6.0,profitandloss
226.0,unnamed_14,0.0,profitandloss
227.0,unnamed_14,0.0,profitandloss
228.0,unnamed_14,2.0,profitandloss
229.0,unnamed_14,3.0,profitandloss
230.0,unnamed_14,1.0,profitandloss
231.0,unnamed_14,,profitandloss
232.0,unnamed_14,2.0,profitandloss
233.0,unnamed_14,2.0,profitandloss
234.0,unnamed_14,2.0,profitandloss
235.0,unnamed_14,1.0,profitandloss
236.0,unnamed_14,1.0,profitandloss
237.0,unnamed_14,1.0,profitandloss
238.0,unnamed_14,1.0,profitandloss
239.0,unnamed_14,2.0,profitandloss
240.0,unnamed_14,1.0,profitandloss
241.0,unnamed_14,1.0,profitandloss
242.0,unnamed_14,2.0,profitandloss
243.0,unnamed_14,2.0,profitandloss
244.0,unnamed_14,,profitandloss
245.0,unnamed_14,15.0,profitandloss
246.0,unnamed_14,17.0,profitandloss
247.0,unnamed_14,19.0,profitandloss
248.0,unnamed_14,16.0,profitandloss
249.0,unnamed_14,15.0,profitandloss
250.0,unnamed_14,17.0,profitandloss
251.0,unnamed_14,12.0,profitandloss
252.0,unnamed_14,15.0,profitandloss
253.0,unnamed_14,12.0,profitandloss
254.0,unnamed_14,32.0,profitandloss
255.0,unnamed_14,28.0,profitandloss
256.0,unnamed_14,20.0,profitandloss
257.0,unnamed_14,,profitandloss
258.0,unnamed_14,10.0,profitandloss
259.0,unnamed_14,10.0,profitandloss
260.0,unnamed_14,11.0,profitandloss
261.0,unnamed_14,9.0,profitandloss
262.0,unnamed_14,9.0,profitandloss
263.0,unnamed_14,11.0,profitandloss
264.0,unnamed_14,14.0,profitandloss
265.0,unnamed_14,17.0,profitandloss
266.0,unnamed_14,16.0,profitandloss
267.0,unnamed_14,15.0,profitandloss
268.0,unnamed_14,,profitandloss
269.0,unnamed_14,19.0,profitandloss
270.0,unnamed_14,19.0,profitandloss
271.0,unnamed_14,18.0,profitandloss
272.0,unnamed_14,0.0,profitandloss
273.0,unnamed_14,15.0,profitandloss
274.0,unnamed_14,0.0,profitandloss
275.0,unnamed_14,0.0,profitandloss
276.0,unnamed_14,0.0,profitandloss
277.0,unnamed_14,0.0,profitandloss
278.0,unnamed_14,19.0,profitandloss
279.0,unnamed_14,19.0,profitandloss
280.0,unnamed_14,21.0,profitandloss
281.0,unnamed_14,,profitandloss
282.0,unnamed_14,17.0,profitandloss
283.0,unnamed_14,26.0,profitandloss
284.0,unnamed_14,33.0,profitandloss
285.0,unnamed_14,9.0,profitandloss
286.0,unnamed_14,11.0,profitandloss
287.0,unnamed_14,194.0,profitandloss
288.0,unnamed_14,244.0,profitandloss
289.0,unnamed_14,-3.0,profitandloss
290.0,unnamed_14,0.0,profitandloss
291.0,unnamed_14,39.0,profitandloss
292.0,unnamed_14,27.0,profitandloss
293.0,unnamed_14,62.0,profitandloss
294.0,unnamed_14,,profitandloss
295.0,unnamed_14,20.0,profitandloss
296.0,unnamed_14,20.0,profitandloss
297.0,unnamed_14,20.0,profitandloss
298.0,unnamed_14,31.0,profitandloss
299.0,unnamed_14,33.0,profitandloss
300.0,unnamed_14,34.0,profitandloss
301.0,unnamed_14,44.0,profitandloss
302.0,unnamed_14,37.0,profitandloss
303.0,unnamed_14,46.0,profitandloss
304.0,unnamed_14,46.0,profitandloss
305.0,unnamed_14,44.0,profitandloss
306.0,unnamed_14,40.0,profitandloss
307.0,unnamed_14,,profitandloss
308.0,unnamed_14,20.0,profitandloss
309.0,unnamed_14,20.0,profitandloss
310.0,unnamed_14,20.0,profitandloss
311.0,unnamed_14,-14.0,profitandloss
312.0,unnamed_14,85.0,profitandloss
313.0,unnamed_14,151.0,profitandloss
314.0,unnamed_14,69.0,profitandloss
315.0,unnamed_14,0.0,profitandloss
316.0,unnamed_14,0.0,profitandloss
317.0,unnamed_14,31.0,profitandloss
318.0,unnamed_14,21.0,profitandloss
319.0,unnamed_14,31.0,profitandloss
320.0,unnamed_14,,profitandloss
321.0,unnamed_14,20.0,profitandloss
322.0,unnamed_14,20.0,profitandloss
323.0,unnamed_14,20.0,profitandloss
324.0,unnamed_14,17.0,profitandloss
325.0,unnamed_14,29.0,profitandloss
326.0,unnamed_14,22.0,profitandloss
327.0,unnamed_14,19.0,profitandloss
328.0,unnamed_14,48.0,profitandloss
329.0,unnamed_14,70.0,profitandloss
330.0,unnamed_14,51.0,profitandloss
331.0,unnamed_14,99.0,profitandloss
332.0,unnamed_14,44.0,profitandloss
333.0,unnamed_14,,profitandloss
334.0,unnamed_14,42.0,profitandloss
335.0,unnamed_14,31.0,profitandloss
336.0,unnamed_14,34.0,profitandloss
337.0,unnamed_14,25.0,profitandloss
338.0,unnamed_14,49.0,profitandloss
339.0,unnamed_14,46.0,profitandloss
340.0,unnamed_14,48.0,profitandloss
341.0,unnamed_14,106.0,profitandloss
342.0,unnamed_14,102.0,profitandloss
343.0,unnamed_14,29.0,profitandloss
344.0,unnamed_14,40.0,profitandloss
345.0,unnamed_14,33.0,profitandloss
346.0,unnamed_14,,profitandloss
347.0,unnamed_14,39.0,profitandloss
348.0,unnamed_14,36.0,profitandloss
349.0,unnamed_14,28.0,profitandloss
350.0,unnamed_14,29.0,profitandloss
351.0,unnamed_14,30.0,profitandloss
352.0,unnamed_14,30.0,profitandloss
353.0,unnamed_14,31.0,profitandloss
354.0,unnamed_14,60.0,profitandloss
355.0,unnamed_14,204.0,profitandloss
356.0,unnamed_14,89.0,profitandloss
357.0,unnamed_14,75.0,profitandloss
358.0,unnamed_14,83.0,profitandloss
359.0,unnamed_14,,profitandloss
360.0,unnamed_14,19.0,profitandloss
361.0,unnamed_14,19.0,profitandloss
362.0,unnamed_14,17.0,profitandloss
363.0,unnamed_14,0.0,profitandloss
364.0,unnamed_14,4.0,profitandloss
365.0,unnamed_14,0.0,profitandloss
366.0,unnamed_14,0.0,profitandloss
367.0,unnamed_14,0.0,profitandloss
368.0,unnamed_14,0.0,profitandloss
369.0,unnamed_14,19.0,profitandloss
370.0,unnamed_14,19.0,profitandloss
371.0,unnamed_14,19.0,profitandloss
372.0,unnamed_14,,profitandloss
373.0,unnamed_14,16.0,profitandloss
374.0,unnamed_14,14.0,profitandloss
375.0,unnamed_14,11.0,profitandloss
376.0,unnamed_14,12.0,profitandloss
377.0,unnamed_14,12.0,profitandloss
378.0,unnamed_14,11.0,profitandloss
379.0,unnamed_14,8.0,profitandloss
380.0,unnamed_14,13.0,profitandloss
381.0,unnamed_14,11.0,profitandloss
382.0,unnamed_14,8.0,profitandloss
383.0,unnamed_14,6.0,profitandloss
384.0,unnamed_14,5.0,profitandloss
385.0,unnamed_14,,profitandloss
386.0,unnamed_14,10.0,profitandloss
387.0,unnamed_14,12.0,profitandloss
388.0,unnamed_14,14.0,profitandloss
389.0,unnamed_14,12.0,profitandloss
390.0,unnamed_14,16.0,profitandloss
391.0,unnamed_14,17.0,profitandloss
392.0,unnamed_14,16.0,profitandloss
393.0,unnamed_14,21.0,profitandloss
394.0,unnamed_14,17.0,profitandloss
395.0,unnamed_14,16.0,profitandloss
396.0,unnamed_14,24.0,profitandloss
397.0,unnamed_14,25.0,profitandloss
398.0,unnamed_14,,profitandloss
399.0,unnamed_14,51.0,profitandloss
400.0,unnamed_14,121.0,profitandloss
401.0,unnamed_14,95.0,profitandloss
402.0,unnamed_14,121.0,profitandloss
403.0,unnamed_14,133.0,profitandloss
404.0,unnamed_14,146.0,profitandloss
405.0,unnamed_14,46.0,profitandloss
406.0,unnamed_14,44.0,profitandloss
407.0,unnamed_14,78.0,profitandloss
408.0,unnamed_14,60.0,profitandloss
409.0,unnamed_14,47.0,profitandloss
410.0,unnamed_14,42.0,profitandloss
411.0,unnamed_14,,profitandloss
412.0,unnamed_14,34.0,profitandloss
413.0,unnamed_14,33.0,profitandloss
414.0,unnamed_14,33.0,profitandloss
415.0,unnamed_14,32.0,profitandloss
416.0,unnamed_14,31.0,profitandloss
417.0,unnamed_14,81.0,profitandloss
418.0,unnamed_14,34.0,profitandloss
419.0,unnamed_14,37.0,profitandloss
420.0,unnamed_14,50.0,profitandloss
421.0,unnamed_14,53.0,profitandloss
422.0,unnamed_14,54.0,profitandloss
423.0,unnamed_14,53.0,profitandloss
424.0,unnamed_14,,profitandloss
425.0,unnamed_14,33.0,profitandloss
426.0,unnamed_14,34.0,profitandloss
427.0,unnamed_14,31.0,profitandloss
428.0,unnamed_14,24.0,profitandloss
429.0,unnamed_14,25.0,profitandloss
430.0,unnamed_14,30.0,profitandloss
431.0,unnamed_14,31.0,profitandloss
432.0,unnamed_14,31.0,profitandloss
433.0,unnamed_14,27.0,profitandloss
434.0,unnamed_14,27.0,profitandloss
435.0,unnamed_14,44.0,profitandloss
436.0,unnamed_14,50.0,profitandloss
437.0,unnamed_14,,profitandloss
438.0,unnamed_14,48.0,profitandloss
439.0,unnamed_14,55.0,profitandloss
440.0,unnamed_14,66.0,profitandloss
441.0,unnamed_14,117.0,profitandloss
442.0,unnamed_14,50.0,profitandloss
443.0,unnamed_14,8.0,profitandloss
444.0,unnamed_14,33.0,profitandloss
445.0,unnamed_14,-85.0,profitandloss
446.0,unnamed_14,45.0,profitandloss
447.0,unnamed_14,49.0,profitandloss
448.0,unnamed_14,49.0,profitandloss
449.0,unnamed_14,45.0,profitandloss
450.0,unnamed_14,,profitandloss
451.0,unnamed_14,0.0,profitandloss
452.0,unnamed_14,0.0,profitandloss
453.0,unnamed_14,0.0,profitandloss
454.0,unnamed_14,0.0,profitandloss
455.0,unnamed_14,0.0,profitandloss
456.0,unnamed_14,0.0,profitandloss
457.0,unnamed_14,0.0,profitandloss
458.0,unnamed_14,0.0,profitandloss
459.0,unnamed_14,0.0,profitandloss
460.0,unnamed_14,0.0,profitandloss
461.0,unnamed_14,0.0,profitandloss
462.0,unnamed_14,0.0,profitandloss
463.0,unnamed_14,,profitandloss
464.0,unnamed_14,17.0,profitandloss
465.0,unnamed_14,16.0,profitandloss
466.0,unnamed_14,15.0,profitandloss
467.0,unnamed_14,16.0,profitandloss
468.0,unnamed_14,26.0,profitandloss
469.0,unnamed_14,35.0,profitandloss
470.0,unnamed_14,17.0,profitandloss
471.0,unnamed_14,21.0,profitandloss
472.0,unnamed_14,21.0,profitandloss
473.0,unnamed_14,23.0,profitandloss
474.0,unnamed_14,15.0,profitandloss
475.0,unnamed_14,12.0,profitandloss
476.0,unnamed_14,,profitandloss
477.0,unnamed_14,17.0,profitandloss
478.0,unnamed_14,21.0,profitandloss
479.0,unnamed_14,22.0,profitandloss
480.0,unnamed_14,20.0,profitandloss
481.0,unnamed_14,16.0,profitandloss
482.0,unnamed_14,15.0,profitandloss
483.0,unnamed_14,15.0,profitandloss
484.0,unnamed_14,19.0,profitandloss
485.0,unnamed_14,34.0,profitandloss
486.0,unnamed_14,34.0,profitandloss
487.0,unnamed_14,35.0,profitandloss
488.0,unnamed_14,35.0,profitandloss
489.0,unnamed_14,,profitandloss
490.0,unnamed_14,28.0,profitandloss
491.0,unnamed_14,28.0,profitandloss
492.0,unnamed_14,24.0,profitandloss
493.0,unnamed_14,37.0,profitandloss
494.0,unnamed_14,56.0,profitandloss
495.0,unnamed_14,43.0,profitandloss
496.0,unnamed_14,25.0,profitandloss
497.0,unnamed_14,31.0,profitandloss
498.0,unnamed_14,36.0,profitandloss
499.0,unnamed_14,36.0,profitandloss
500.0,unnamed_14,59.0,profitandloss
501.0,unnamed_14,37.0,profitandloss
502.0,unnamed_14,,profitandloss
503.0,unnamed_14,22.0,profitandloss
504.0,unnamed_14,24.0,profitandloss
505.0,unnamed_14,21.0,profitandloss
506.0,unnamed_14,24.0,profitandloss
507.0,unnamed_14,39.0,profitandloss
508.0,unnamed_14,42.0,profitandloss
509.0,unnamed_14,44.0,profitandloss
510.0,unnamed_14,55.0,profitandloss
511.0,unnamed_14,0.0,profitandloss
512.0,unnamed_14,0.0,profitandloss
513.0,unnamed_14,0.0,profitandloss
514.0,unnamed_14,,profitandloss
515.0,unnamed_14,,profitandloss
516.0,unnamed_14,8.0,profitandloss
517.0,unnamed_14,9.0,profitandloss
518.0,unnamed_14,9.0,profitandloss
519.0,unnamed_14,9.0,profitandloss
520.0,unnamed_14,8.0,profitandloss
521.0,unnamed_14,15.0,profitandloss
522.0,unnamed_14,27.0,profitandloss
523.0,unnamed_14,6.0,profitandloss
524.0,unnamed_14,14.0,profitandloss
525.0,unnamed_14,9.0,profitandloss
526.0,unnamed_14,10.0,profitandloss
527.0,unnamed_14,12.0,profitandloss
528.0,unnamed_14,,profitandloss
529.0,unnamed_14,28.0,profitandloss
530.0,unnamed_14,33.0,profitandloss
531.0,unnamed_14,20.0,profitandloss
532.0,unnamed_14,31.0,profitandloss
533.0,unnamed_14,31.0,profitandloss
534.0,unnamed_14,54.0,profitandloss
535.0,unnamed_14,28.0,profitandloss
536.0,unnamed_14,39.0,profitandloss
537.0,unnamed_14,31.0,profitandloss
538.0,unnamed_14,26.0,profitandloss
539.0,unnamed_14,32.0,profitandloss
540.0,unnamed_14,31.0,profitandloss
541.0,unnamed_14,,profitandloss
542.0,unnamed_14,16.0,profitandloss
543.0,unnamed_14,42.0,profitandloss
544.0,unnamed_14,49.0,profitandloss
545.0,unnamed_14,29.0,profitandloss
546.0,unnamed_14,44.0,profitandloss
547.0,unnamed_14,4.0,profitandloss
548.0,unnamed_14,36.0,profitandloss
549.0,unnamed_14,34.0,profitandloss
550.0,unnamed_14,39.0,profitandloss
551.0,unnamed_14,39.0,profitandloss
552.0,unnamed_14,44.0,profitandloss
553.0,unnamed_14,44.0,profitandloss
554.0,unnamed_14,,profitandloss
555.0,unnamed_14,21.0,profitandloss
556.0,unnamed_14,11.0,profitandloss
557.0,unnamed_14,58.0,profitandloss
558.0,unnamed_14,40.0,profitandloss
559.0,unnamed_14,40.0,profitandloss
560.0,unnamed_14,19.0,profitandloss
561.0,unnamed_14,11.0,profitandloss
562.0,unnamed_14,25.0,profitandloss
563.0,unnamed_14,24.0,profitandloss
564.0,unnamed_14,84.0,profitandloss
565.0,unnamed_14,88.0,profitandloss
566.0,unnamed_14,90.0,profitandloss
567.0,unnamed_14,,profitandloss
568.0,unnamed_14,19.0,profitandloss
569.0,unnamed_14,19.0,profitandloss
570.0,unnamed_14,19.0,profitandloss
571.0,unnamed_14,19.0,profitandloss
572.0,unnamed_14,18.0,profitandloss
573.0,unnamed_14,18.0,profitandloss
574.0,unnamed_14,18.0,profitandloss
575.0,unnamed_14,5.0,profitandloss
576.0,unnamed_14,11.0,profitandloss
577.0,unnamed_14,23.0,profitandloss
578.0,unnamed_14,23.0,profitandloss
579.0,unnamed_14,23.0,profitandloss
580.0,unnamed_14,,profitandloss
581.0,unnamed_14,0.0,profitandloss
582.0,unnamed_14,14.0,profitandloss
583.0,unnamed_14,18.0,profitandloss
584.0,unnamed_14,22.0,profitandloss
585.0,unnamed_14,25.0,profitandloss
586.0,unnamed_14,25.0,profitandloss
587.0,unnamed_14,26.0,profitandloss
588.0,unnamed_14,0.0,profitandloss
589.0,unnamed_14,30.0,profitandloss
590.0,unnamed_14,27.0,profitandloss
591.0,unnamed_14,30.0,profitandloss
592.0,unnamed_14,27.0,profitandloss
593.0,unnamed_14,,profitandloss
594.0,unnamed_14,62.0,profitandloss
595.0,unnamed_14,51.0,profitandloss
596.0,unnamed_14,46.0,profitandloss
597.0,unnamed_14,47.0,profitandloss
598.0,unnamed_14,51.0,profitandloss
599.0,unnamed_14,50.0,profitandloss
600.0,unnamed_14,49.0,profitandloss
601.0,unnamed_14,72.0,profitandloss
602.0,unnamed_14,82.0,profitandloss
603.0,unnamed_14,71.0,profitandloss
604.0,unnamed_14,75.0,profitandloss
605.0,unnamed_14,,profitandloss
606.0,unnamed_14,6.0,profitandloss
607.0,unnamed_14,9.0,profitandloss
608.0,unnamed_14,24.0,profitandloss
609.0,unnamed_14,-82.0,profitandloss
610.0,unnamed_14,13.0,profitandloss
611.0,unnamed_14,4.0,profitandloss
612.0,unnamed_14,5.0,profitandloss
613.0,unnamed_14,6.0,profitandloss
614.0,unnamed_14,19.0,profitandloss
615.0,unnamed_14,6.0,profitandloss
616.0,unnamed_14,7.0,profitandloss
617.0,unnamed_14,8.0,profitandloss
618.0,unnamed_14,,profitandloss
619.0,unnamed_14,104.0,profitandloss
620.0,unnamed_14,71.0,profitandloss
621.0,unnamed_14,74.0,profitandloss
622.0,unnamed_14,83.0,profitandloss
623.0,unnamed_14,82.0,profitandloss
624.0,unnamed_14,83.0,profitandloss
625.0,unnamed_14,78.0,profitandloss
626.0,unnamed_14,80.0,profitandloss
627.0,unnamed_14,119.0,profitandloss
628.0,unnamed_14,90.0,profitandloss
629.0,unnamed_14,91.0,profitandloss
630.0,unnamed_14,96.0,profitandloss
631.0,unnamed_14,,profitandloss
632.0,unnamed_14,24.0,profitandloss
633.0,unnamed_14,24.0,profitandloss
634.0,unnamed_14,24.0,profitandloss
635.0,unnamed_14,29.0,profitandloss
636.0,unnamed_14,14.0,profitandloss
637.0,unnamed_14,12.0,profitandloss
638.0,unnamed_14,15.0,profitandloss
639.0,unnamed_14,0.0,profitandloss
640.0,unnamed_14,8.0,profitandloss
641.0,unnamed_14,14.0,profitandloss
642.0,unnamed_14,16.0,profitandloss
643.0,unnamed_14,16.0,profitandloss
644.0,unnamed_14,,profitandloss
645.0,unnamed_14,0.0,profitandloss
646.0,unnamed_14,0.0,profitandloss
647.0,unnamed_14,15.0,profitandloss
648.0,unnamed_14,26.0,profitandloss
649.0,unnamed_14,22.0,profitandloss
650.0,unnamed_14,17.0,profitandloss
651.0,unnamed_14,26.0,profitandloss
652.0,unnamed_14,13.0,profitandloss
653.0,unnamed_14,25.0,profitandloss
654.0,unnamed_14,35.0,profitandloss
655.0,unnamed_14,31.0,profitandloss
656.0,unnamed_14,28.0,profitandloss
657.0,unnamed_14,,profitandloss
658.0,unnamed_14,32.0,profitandloss
659.0,unnamed_14,70.0,profitandloss
660.0,unnamed_14,51.0,profitandloss
661.0,unnamed_14,73.0,profitandloss
662.0,unnamed_14,63.0,profitandloss
663.0,unnamed_14,59.0,profitandloss
664.0,unnamed_14,40.0,profitandloss
665.0,unnamed_14,11.0,profitandloss
666.0,unnamed_14,30.0,profitandloss
667.0,unnamed_14,10.0,profitandloss
668.0,unnamed_14,11.0,profitandloss
669.0,unnamed_14,10.0,profitandloss
670.0,unnamed_14,,profitandloss
697.0,unnamed_14,15.0,profitandloss
698.0,unnamed_14,13.0,profitandloss
699.0,unnamed_14,12.0,profitandloss
700.0,unnamed_14,12.0,profitandloss
701.0,unnamed_14,13.0,profitandloss
702.0,unnamed_14,12.0,profitandloss
703.0,unnamed_14,14.0,profitandloss
704.0,unnamed_14,0.0,profitandloss
705.0,unnamed_14,14.0,profitandloss
706.0,unnamed_14,14.0,profitandloss
707.0,unnamed_14,15.0,profitandloss
708.0,unnamed_14,14.0,profitandloss
709.0,unnamed_14,,profitandloss
710.0,unnamed_14,25.0,profitandloss
711.0,unnamed_14,34.0,profitandloss
712.0,unnamed_14,55.0,profitandloss
713.0,unnamed_14,41.0,profitandloss
714.0,unnamed_14,41.0,profitandloss
715.0,unnamed_14,59.0,profitandloss
716.0,unnamed_14,60.0,profitandloss
717.0,unnamed_14,45.0,profitandloss
718.0,unnamed_14,59.0,profitandloss
719.0,unnamed_14,59.0,profitandloss
720.0,unnamed_14,73.0,profitandloss
721.0,unnamed_14,,profitandloss
722.0,unnamed_14,,profitandloss
723.0,unnamed_14,36.0,profitandloss
724.0,unnamed_14,30.0,profitandloss
725.0,unnamed_14,33.0,profitandloss
726.0,unnamed_14,28.0,profitandloss
727.0,unnamed_14,45.0,profitandloss
728.0,unnamed_14,90.0,profitandloss
729.0,unnamed_14,49.0,profitandloss
730.0,unnamed_14,-437.0,profitandloss
731.0,unnamed_14,51.0,profitandloss
732.0,unnamed_14,46.0,profitandloss
733.0,unnamed_14,42.0,profitandloss
734.0,unnamed_14,40.0,profitandloss
735.0,unnamed_14,,profitandloss
736.0,unnamed_14,20.0,profitandloss
737.0,unnamed_14,40.0,profitandloss
738.0,unnamed_14,49.0,profitandloss
739.0,unnamed_14,21.0,profitandloss
740.0,unnamed_14,98.0,profitandloss
741.0,unnamed_14,39.0,profitandloss
742.0,unnamed_14,43.0,profitandloss
743.0,unnamed_14,42.0,profitandloss
744.0,unnamed_14,44.0,profitandloss
745.0,unnamed_14,47.0,profitandloss
746.0,unnamed_14,,profitandloss
747.0,unnamed_14,21.0,profitandloss
748.0,unnamed_14,6.0,profitandloss
749.0,unnamed_14,20.0,profitandloss
750.0,unnamed_14,40.0,profitandloss
751.0,unnamed_14,40.0,profitandloss
752.0,unnamed_14,18.0,profitandloss
753.0,unnamed_14,18.0,profitandloss
754.0,unnamed_14,0.0,profitandloss
755.0,unnamed_14,31.0,profitandloss
756.0,unnamed_14,30.0,profitandloss
757.0,unnamed_14,32.0,profitandloss
758.0,unnamed_14,31.0,profitandloss
759.0,unnamed_14,,profitandloss
760.0,unnamed_14,55.0,profitandloss
761.0,unnamed_14,54.0,profitandloss
762.0,unnamed_14,52.0,profitandloss
763.0,unnamed_14,73.0,profitandloss
764.0,unnamed_14,56.0,profitandloss
765.0,unnamed_14,56.0,profitandloss
766.0,unnamed_14,56.0,profitandloss
767.0,unnamed_14,82.0,profitandloss
768.0,unnamed_14,101.0,profitandloss
769.0,unnamed_14,93.0,profitandloss
770.0,unnamed_14,100.0,profitandloss
771.0,unnamed_14,84.0,profitandloss
772.0,unnamed_14,,profitandloss
773.0,unnamed_14,5.0,profitandloss
774.0,unnamed_14,7.0,profitandloss
775.0,unnamed_14,0.0,profitandloss
776.0,unnamed_14,0.0,profitandloss
777.0,unnamed_14,0.0,profitandloss
778.0,unnamed_14,0.0,profitandloss
779.0,unnamed_14,0.0,profitandloss
780.0,unnamed_14,0.0,profitandloss
781.0,unnamed_14,0.0,profitandloss
782.0,unnamed_14,5.0,profitandloss
783.0,unnamed_14,6.0,profitandloss
784.0,unnamed_14,3.0,profitandloss
785.0,unnamed_14,,profitandloss
786.0,unnamed_14,0.0,profitandloss
787.0,unnamed_14,0.0,profitandloss
788.0,unnamed_14,,profitandloss
789.0,unnamed_14,36.0,profitandloss
790.0,unnamed_14,43.0,profitandloss
791.0,unnamed_14,24.0,profitandloss
792.0,unnamed_14,22.0,profitandloss
793.0,unnamed_14,13.0,profitandloss
794.0,unnamed_14,0.0,profitandloss
795.0,unnamed_14,24.0,profitandloss
796.0,unnamed_14,15.0,profitandloss
797.0,unnamed_14,41.0,profitandloss
798.0,unnamed_14,19.0,profitandloss
799.0,unnamed_14,22.0,profitandloss
800.0,unnamed_14,19.0,profitandloss
801.0,unnamed_14,,profitandloss
802.0,unnamed_14,30.0,profitandloss
803.0,unnamed_14,74.0,profitandloss
804.0,unnamed_14,19.0,profitandloss
805.0,unnamed_14,-67.0,profitandloss
806.0,unnamed_14,19.0,profitandloss
807.0,unnamed_14,16.0,profitandloss
808.0,unnamed_14,16.0,profitandloss
809.0,unnamed_14,15.0,profitandloss
810.0,unnamed_14,25.0,profitandloss
811.0,unnamed_14,25.0,profitandloss
812.0,unnamed_14,25.0,profitandloss
813.0,unnamed_14,25.0,profitandloss
814.0,unnamed_14,,profitandloss
815.0,unnamed_14,2.0,profitandloss
816.0,unnamed_14,2.0,profitandloss
817.0,unnamed_14,2.0,profitandloss
818.0,unnamed_14,3.0,profitandloss
819.0,unnamed_14,2.0,profitandloss
820.0,unnamed_14,2.0,profitandloss
821.0,unnamed_14,2.0,profitandloss
822.0,unnamed_14,0.0,profitandloss
823.0,unnamed_14,2.0,profitandloss
824.0,unnamed_14,2.0,profitandloss
825.0,unnamed_14,2.0,profitandloss
826.0,unnamed_14,2.0,profitandloss
827.0,unnamed_14,,profitandloss
828.0,unnamed_14,2.0,profitandloss
829.0,unnamed_14,2.0,profitandloss
830.0,unnamed_14,0.0,profitandloss
831.0,unnamed_14,23.0,profitandloss
832.0,unnamed_14,5.0,profitandloss
833.0,unnamed_14,15.0,profitandloss
834.0,unnamed_14,,profitandloss
835.0,unnamed_14,0.0,profitandloss
836.0,unnamed_14,0.0,profitandloss
837.0,unnamed_14,0.0,profitandloss
838.0,unnamed_14,0.0,profitandloss
839.0,unnamed_14,0.0,profitandloss
840.0,unnamed_14,0.0,profitandloss
841.0,unnamed_14,0.0,profitandloss
842.0,unnamed_14,0.0,profitandloss
843.0,unnamed_14,0.0,profitandloss
844.0,unnamed_14,20.0,profitandloss
845.0,unnamed_14,14.0,profitandloss
846.0,unnamed_14,,profitandloss
847.0,unnamed_14,,profitandloss
848.0,unnamed_14,22.0,profitandloss
849.0,unnamed_14,27.0,profitandloss
850.0,unnamed_14,32.0,profitandloss
851.0,unnamed_14,40.0,profitandloss
852.0,unnamed_14,22.0,profitandloss
853.0,unnamed_14,30.0,profitandloss
854.0,unnamed_14,28.0,profitandloss
855.0,unnamed_14,26.0,profitandloss
856.0,unnamed_14,44.0,profitandloss
857.0,unnamed_14,36.0,profitandloss
858.0,unnamed_14,32.0,profitandloss
859.0,unnamed_14,36.0,profitandloss
860.0,unnamed_14,,profitandloss
861.0,unnamed_14,54.0,profitandloss
862.0,unnamed_14,55.0,profitandloss
863.0,unnamed_14,63.0,profitandloss
864.0,unnamed_14,72.0,profitandloss
865.0,unnamed_14,29.0,profitandloss
866.0,unnamed_14,33.0,profitandloss
867.0,unnamed_14,32.0,profitandloss
868.0,unnamed_14,32.0,profitandloss
869.0,unnamed_14,36.0,profitandloss
870.0,unnamed_14,41.0,profitandloss
871.0,unnamed_14,40.0,profitandloss
872.0,unnamed_14,42.0,profitandloss
873.0,unnamed_14,,profitandloss
874.0,unnamed_14,19.0,profitandloss
875.0,unnamed_14,18.0,profitandloss
876.0,unnamed_14,23.0,profitandloss
877.0,unnamed_14,21.0,profitandloss
878.0,unnamed_14,22.0,profitandloss
879.0,unnamed_14,11.0,profitandloss
880.0,unnamed_14,17.0,profitandloss
881.0,unnamed_14,205.0,profitandloss
882.0,unnamed_14,54.0,profitandloss
883.0,unnamed_14,20.0,profitandloss
884.0,unnamed_14,18.0,profitandloss
885.0,unnamed_14,21.0,profitandloss
886.0,unnamed_14,,profitandloss
887.0,unnamed_14,10.0,profitandloss
888.0,unnamed_14,13.0,profitandloss
889.0,unnamed_14,20.0,profitandloss
890.0,unnamed_14,19.0,profitandloss
891.0,unnamed_14,30.0,profitandloss
892.0,unnamed_14,31.0,profitandloss
893.0,unnamed_14,32.0,profitandloss
894.0,unnamed_14,32.0,profitandloss
895.0,unnamed_14,31.0,profitandloss
896.0,unnamed_14,47.0,profitandloss
897.0,unnamed_14,34.0,profitandloss
898.0,unnamed_14,29.0,profitandloss
899.0,unnamed_14,,profitandloss
900.0,unnamed_14,26.0,profitandloss
901.0,unnamed_14,29.0,profitandloss
902.0,unnamed_14,31.0,profitandloss
903.0,unnamed_14,26.0,profitandloss
904.0,unnamed_14,18.0,profitandloss
905.0,unnamed_14,30.0,profitandloss
906.0,unnamed_14,29.0,profitandloss
907.0,unnamed_14,40.0,profitandloss
908.0,unnamed_14,46.0,profitandloss
909.0,unnamed_14,34.0,profitandloss
910.0,unnamed_14,29.0,profitandloss
911.0,unnamed_14,20.0,profitandloss
912.0,unnamed_14,,profitandloss
913.0,unnamed_14,12.0,profitandloss
914.0,unnamed_14,30.0,profitandloss
915.0,unnamed_14,150.0,profitandloss
916.0,unnamed_14,27.0,profitandloss
917.0,unnamed_14,-230.0,profitandloss
918.0,unnamed_14,13.0,profitandloss
919.0,unnamed_14,12.0,profitandloss
920.0,unnamed_14,-31.0,profitandloss
921.0,unnamed_14,7.0,profitandloss
922.0,unnamed_14,1.0,profitandloss
923.0,unnamed_14,-228.0,profitandloss
924.0,unnamed_14,49.0,profitandloss
925.0,unnamed_14,,profitandloss
926.0,unnamed_14,42.0,profitandloss
927.0,unnamed_14,51.0,profitandloss
928.0,unnamed_14,83.0,profitandloss
929.0,unnamed_14,61.0,profitandloss
930.0,unnamed_14,68.0,profitandloss
931.0,unnamed_14,69.0,profitandloss
932.0,unnamed_14,168.0,profitandloss
933.0,unnamed_14,93.0,profitandloss
934.0,unnamed_14,91.0,profitandloss
935.0,unnamed_14,89.0,profitandloss
936.0,unnamed_14,56.0,profitandloss
937.0,unnamed_14,79.0,profitandloss
938.0,unnamed_14,,profitandloss
939.0,unnamed_14,28.0,profitandloss
940.0,unnamed_14,27.0,profitandloss
941.0,unnamed_14,27.0,profitandloss
942.0,unnamed_14,81.0,profitandloss
943.0,unnamed_14,61.0,profitandloss
944.0,unnamed_14,57.0,profitandloss
945.0,unnamed_14,56.0,profitandloss
946.0,unnamed_14,52.0,profitandloss
947.0,unnamed_14,49.0,profitandloss
948.0,unnamed_14,52.0,profitandloss
949.0,unnamed_14,48.0,profitandloss
950.0,unnamed_14,53.0,profitandloss
951.0,unnamed_14,,profitandloss
952.0,unnamed_14,38.0,profitandloss
953.0,unnamed_14,42.0,profitandloss
954.0,unnamed_14,21.0,profitandloss
955.0,unnamed_14,26.0,profitandloss
956.0,unnamed_14,37.0,profitandloss
957.0,unnamed_14,40.0,profitandloss
958.0,unnamed_14,44.0,profitandloss
959.0,unnamed_14,27.0,profitandloss
960.0,unnamed_14,41.0,profitandloss
961.0,unnamed_14,41.0,profitandloss
962.0,unnamed_14,42.0,profitandloss
963.0,unnamed_14,36.0,profitandloss
964.0,unnamed_14,,profitandloss
965.0,unnamed_14,34.0,profitandloss
966.0,unnamed_14,31.0,profitandloss
967.0,unnamed_14,44.0,profitandloss
968.0,unnamed_14,56.0,profitandloss
969.0,unnamed_14,40.0,profitandloss
970.0,unnamed_14,38.0,profitandloss
971.0,unnamed_14,29.0,profitandloss
972.0,unnamed_14,58.0,profitandloss
973.0,unnamed_14,28.0,profitandloss
974.0,unnamed_14,29.0,profitandloss
975.0,unnamed_14,40.0,profitandloss
976.0,unnamed_14,31.0,profitandloss
977.0,unnamed_14,,profitandloss
978.0,unnamed_14,21.0,profitandloss
979.0,unnamed_14,22.0,profitandloss
980.0,unnamed_14,20.0,profitandloss
981.0,unnamed_14,30.0,profitandloss
982.0,unnamed_14,59.0,profitandloss
983.0,unnamed_14,31.0,profitandloss
984.0,unnamed_14,0.0,profitandloss
985.0,unnamed_14,35.0,profitandloss
986.0,unnamed_14,22.0,profitandloss
987.0,unnamed_14,23.0,profitandloss
988.0,unnamed_14,22.0,profitandloss
989.0,unnamed_14,23.0,profitandloss
990.0,unnamed_14,,profitandloss
991.0,unnamed_14,31.0,profitandloss
992.0,unnamed_14,31.0,profitandloss
993.0,unnamed_14,29.0,profitandloss
994.0,unnamed_14,26.0,profitandloss
995.0,unnamed_14,28.0,profitandloss
996.0,unnamed_14,32.0,profitandloss
997.0,unnamed_14,36.0,profitandloss
998.0,unnamed_14,32.0,profitandloss
999.0,unnamed_14,38.0,profitandloss
1000.0,unnamed_14,42.0,profitandloss
1001.0,unnamed_14,44.0,profitandloss
1002.0,unnamed_14,47.0,profitandloss
1003.0,unnamed_14,,profitandloss
1004.0,unnamed_14,19.0,profitandloss
1005.0,unnamed_14,10.0,profitandloss
1006.0,unnamed_14,18.0,profitandloss
1007.0,unnamed_14,-2.0,profitandloss
1008.0,unnamed_14,0.0,profitandloss
1009.0,unnamed_14,0.0,profitandloss
1010.0,unnamed_14,0.0,profitandloss
1011.0,unnamed_14,0.0,profitandloss
1012.0,unnamed_14,0.0,profitandloss
1013.0,unnamed_14,18.0,profitandloss
1014.0,unnamed_14,21.0,profitandloss
1015.0,unnamed_14,18.0,profitandloss
1016.0,unnamed_14,,profitandloss
1017.0,unnamed_14,31.0,profitandloss
1018.0,unnamed_14,30.0,profitandloss
1019.0,unnamed_14,21.0,profitandloss
1020.0,unnamed_14,20.0,profitandloss
1021.0,unnamed_14,31.0,profitandloss
1022.0,unnamed_14,33.0,profitandloss
1023.0,unnamed_14,43.0,profitandloss
1024.0,unnamed_14,47.0,profitandloss
1025.0,unnamed_14,52.0,profitandloss
1026.0,unnamed_14,61.0,profitandloss
1027.0,unnamed_14,67.0,profitandloss
1028.0,unnamed_14,67.0,profitandloss
1029.0,unnamed_14,,profitandloss
1030.0,unnamed_14,21.0,profitandloss
1031.0,unnamed_14,20.0,profitandloss
1032.0,unnamed_14,20.0,profitandloss
1033.0,unnamed_14,30.0,profitandloss
1034.0,unnamed_14,30.0,profitandloss
1035.0,unnamed_14,41.0,profitandloss
1036.0,unnamed_14,38.0,profitandloss
1037.0,unnamed_14,44.0,profitandloss
1038.0,unnamed_14,30.0,profitandloss
1039.0,unnamed_14,30.0,profitandloss
1040.0,unnamed_14,30.0,profitandloss
1041.0,unnamed_14,30.0,profitandloss
1042.0,unnamed_14,,profitandloss
1043.0,unnamed_14,13.0,profitandloss
1044.0,unnamed_14,12.0,profitandloss
1045.0,unnamed_14,12.0,profitandloss
1046.0,unnamed_14,10.0,profitandloss
1047.0,unnamed_14,11.0,profitandloss
1048.0,unnamed_14,10.0,profitandloss
1049.0,unnamed_14,10.0,profitandloss
1050.0,unnamed_14,10.0,profitandloss
1051.0,unnamed_14,9.0,profitandloss
1052.0,unnamed_14,9.0,profitandloss
1053.0,unnamed_14,9.0,profitandloss
1054.0,unnamed_14,10.0,profitandloss
1055.0,unnamed_14,,profitandloss
1056.0,unnamed_14,8.0,profitandloss
1057.0,unnamed_14,14.0,profitandloss
1058.0,unnamed_14,15.0,profitandloss
1059.0,unnamed_14,14.0,profitandloss
1060.0,unnamed_14,16.0,profitandloss
1061.0,unnamed_14,17.0,profitandloss
1062.0,unnamed_14,15.0,profitandloss
1063.0,unnamed_14,0.0,profitandloss
1064.0,unnamed_14,17.0,profitandloss
1065.0,unnamed_14,13.0,profitandloss
1066.0,unnamed_14,15.0,profitandloss
1067.0,unnamed_14,14.0,profitandloss
1068.0,unnamed_14,,profitandloss
1069.0,unnamed_14,16.0,profitandloss
1070.0,unnamed_14,16.0,profitandloss
1071.0,unnamed_14,15.0,profitandloss
1072.0,unnamed_14,17.0,profitandloss
1073.0,unnamed_14,859.0,profitandloss
1074.0,unnamed_14,0.0,profitandloss
1075.0,unnamed_14,0.0,profitandloss
1076.0,unnamed_14,0.0,profitandloss
1077.0,unnamed_14,16.0,profitandloss
1078.0,unnamed_14,18.0,profitandloss
1079.0,unnamed_14,18.0,profitandloss
1080.0,unnamed_14,18.0,profitandloss
1081.0,unnamed_14,,profitandloss
1082.0,unnamed_14,7.0,profitandloss
1083.0,unnamed_14,10.0,profitandloss
1084.0,unnamed_14,20.0,profitandloss
1085.0,unnamed_14,7.0,profitandloss
1086.0,unnamed_14,36.0,profitandloss
1087.0,unnamed_14,13.0,profitandloss
1088.0,unnamed_14,21.0,profitandloss
1089.0,unnamed_14,26.0,profitandloss
1090.0,unnamed_14,9.0,profitandloss
1091.0,unnamed_14,14.0,profitandloss
1092.0,unnamed_14,28.0,profitandloss
1093.0,unnamed_14,16.0,profitandloss
1094.0,unnamed_14,,profitandloss
1095.0,unnamed_14,11.0,profitandloss
1096.0,unnamed_14,12.0,profitandloss
1097.0,unnamed_14,22.0,profitandloss
1098.0,unnamed_14,19.0,profitandloss
1099.0,unnamed_14,7.0,profitandloss
1100.0,unnamed_14,10.0,profitandloss
1101.0,unnamed_14,11.0,profitandloss
1102.0,unnamed_14,5.0,profitandloss
1103.0,unnamed_14,18.0,profitandloss
1104.0,unnamed_14,20.0,profitandloss
1105.0,unnamed_14,22.0,profitandloss
1106.0,unnamed_14,23.0,profitandloss
1107.0,unnamed_14,,profitandloss
1108.0,unnamed_14,24.0,profitandloss
1109.0,unnamed_14,35.0,profitandloss
1110.0,unnamed_14,30.0,profitandloss
1111.0,unnamed_14,41.0,profitandloss
1112.0,unnamed_14,22.0,profitandloss
1113.0,unnamed_14,28.0,profitandloss
1114.0,unnamed_14,23.0,profitandloss
1115.0,unnamed_14,32.0,profitandloss
1116.0,unnamed_14,26.0,profitandloss
1117.0,unnamed_14,23.0,profitandloss
1118.0,unnamed_14,18.0,profitandloss
1119.0,unnamed_14,16.0,profitandloss
1120.0,unnamed_14,9.0,profitandloss
1121.0,unnamed_14,10.0,profitandloss
1122.0,unnamed_14,14.0,profitandloss
1123.0,unnamed_14,5.0,profitandloss
1124.0,unnamed_14,12.0,profitandloss
1125.0,unnamed_14,23.0,profitandloss
1126.0,unnamed_14,25.0,profitandloss
1127.0,unnamed_14,25.0,profitandloss
1128.0,unnamed_14,62.0,profitandloss
1129.0,unnamed_14,73.0,profitandloss
1130.0,unnamed_14,33.0,profitandloss
1131.0,unnamed_14,34.0,profitandloss
1132.0,unnamed_14,,profitandloss
1133.0,unnamed_14,36.0,profitandloss
1134.0,unnamed_14,29.0,profitandloss
1135.0,unnamed_14,6.0,profitandloss
1136.0,unnamed_14,-999.0,profitandloss
1137.0,unnamed_14,38.0,profitandloss
1138.0,unnamed_14,30.0,profitandloss
1139.0,unnamed_14,39.0,profitandloss
1140.0,unnamed_14,54.0,profitandloss
1141.0,unnamed_14,44.0,profitandloss
1142.0,unnamed_14,60.0,profitandloss
1143.0,unnamed_14,65.0,profitandloss
1144.0,unnamed_14,64.0,profitandloss
1145.0,unnamed_14,,profitandloss
1146.0,unnamed_14,6.0,profitandloss
1147.0,unnamed_14,5.0,profitandloss
1148.0,unnamed_14,0.0,profitandloss
1149.0,unnamed_14,1.0,profitandloss
1150.0,unnamed_14,0.0,profitandloss
1151.0,unnamed_14,0.0,profitandloss
1152.0,unnamed_14,0.0,profitandloss
1153.0,unnamed_14,0.0,profitandloss
1154.0,unnamed_14,0.0,profitandloss
1155.0,unnamed_14,0.0,profitandloss
1156.0,unnamed_14,32.0,profitandloss
1157.0,unnamed_14,7.0,profitandloss
1158.0,unnamed_14,,profitandloss
1159.0,unnamed_14,-319.0,profitandloss
1160.0,unnamed_14,-114.0,profitandloss
1161.0,unnamed_14,210.0,profitandloss
1162.0,unnamed_14,53.0,profitandloss
1163.0,unnamed_14,39.0,profitandloss
1164.0,unnamed_14,15.0,profitandloss
1165.0,unnamed_14,15.0,profitandloss
1166.0,unnamed_14,41.0,profitandloss
1167.0,unnamed_14,44.0,profitandloss
1168.0,unnamed_14,32.0,profitandloss
1169.0,unnamed_14,19.0,profitandloss
1170.0,unnamed_14,17.0,profitandloss
1171.0,unnamed_14,,profitandloss
1172.0,unnamed_14,-11.0,profitandloss
1173.0,unnamed_14,27.0,profitandloss
1174.0,unnamed_14,-20.0,profitandloss
1175.0,unnamed_14,-203.0,profitandloss
1176.0,unnamed_14,-23.0,profitandloss
1177.0,unnamed_14,9.0,profitandloss
1178.0,unnamed_14,15.0,profitandloss
1179.0,unnamed_14,74.0,profitandloss
1180.0,unnamed_14,40.0,profitandloss
1181.0,unnamed_14,16.0,profitandloss
1182.0,unnamed_14,50.0,profitandloss
1183.0,unnamed_14,-101.0,profitandloss
1184.0,unnamed_14,,profitandloss
1185.0,unnamed_14,31.0,profitandloss
1186.0,unnamed_14,33.0,profitandloss
1187.0,unnamed_14,78.0,profitandloss
1188.0,unnamed_14,35.0,profitandloss
1189.0,unnamed_14,35.0,profitandloss
1190.0,unnamed_14,37.0,profitandloss
1191.0,unnamed_14,36.0,profitandloss
1192.0,unnamed_14,85.0,profitandloss
1193.0,unnamed_14,43.0,profitandloss
1194.0,unnamed_14,41.0,profitandloss
1195.0,unnamed_14,100.0,profitandloss
1196.0,unnamed_14,58.0,profitandloss
1197.0,unnamed_14,,profitandloss
1198.0,unnamed_14,5.0,profitandloss
1199.0,unnamed_14,15.0,profitandloss
1200.0,unnamed_14,22.0,profitandloss
1201.0,unnamed_14,35.0,profitandloss
1202.0,unnamed_14,28.0,profitandloss
1203.0,unnamed_14,33.0,profitandloss
1204.0,unnamed_14,29.0,profitandloss
1205.0,unnamed_14,32.0,profitandloss
1206.0,unnamed_14,89.0,profitandloss
1207.0,unnamed_14,47.0,profitandloss
1208.0,unnamed_14,91.0,profitandloss
1209.0,unnamed_14,150.0,profitandloss
1210.0,unnamed_14,,profitandloss
1211.0,unnamed_14,26.0,profitandloss
1212.0,unnamed_14,25.0,profitandloss
1213.0,unnamed_14,25.0,profitandloss
1214.0,unnamed_14,29.0,profitandloss
1215.0,unnamed_14,32.0,profitandloss
1216.0,unnamed_14,29.0,profitandloss
1217.0,unnamed_14,32.0,profitandloss
1218.0,unnamed_14,24.0,profitandloss
1219.0,unnamed_14,37.0,profitandloss
1220.0,unnamed_14,31.0,profitandloss
1221.0,unnamed_14,27.0,profitandloss
1222.0,unnamed_14,28.0,profitandloss
1223.0,unnamed_14,,profitandloss
1224.0,unnamed_14,45.0,profitandloss
1225.0,unnamed_14,25.0,profitandloss
1226.0,unnamed_14,25.0,profitandloss
1227.0,unnamed_14,34.0,profitandloss
1228.0,unnamed_14,25.0,profitandloss
1229.0,unnamed_14,35.0,profitandloss
1230.0,unnamed_14,66.0,profitandloss
1231.0,unnamed_14,53.0,profitandloss
1232.0,unnamed_14,47.0,profitandloss
1233.0,unnamed_14,105.0,profitandloss
1234.0,unnamed_14,60.0,profitandloss
1235.0,unnamed_14,57.0,profitandloss
1236.0,unnamed_14,,profitandloss
1237.0,unnamed_14,-87.0,profitandloss
1238.0,unnamed_14,-125.0,profitandloss
1239.0,unnamed_14,26.0,profitandloss
1240.0,unnamed_14,54.0,profitandloss
1241.0,unnamed_14,39.0,profitandloss
1242.0,unnamed_14,44.0,profitandloss
1243.0,unnamed_14,45.0,profitandloss
1244.0,unnamed_14,29.0,profitandloss
1245.0,unnamed_14,-15.0,profitandloss
1246.0,unnamed_14,57.0,profitandloss
1247.0,unnamed_14,18.0,profitandloss
1248.0,unnamed_14,8.0,profitandloss
1249.0,unnamed_14,,profitandloss
1250.0,unnamed_14,30.0,profitandloss
1251.0,unnamed_14,37.0,profitandloss
1252.0,unnamed_14,28.0,profitandloss
1253.0,unnamed_14,28.0,profitandloss
1254.0,unnamed_14,23.0,profitandloss
1255.0,unnamed_14,24.0,profitandloss
1256.0,unnamed_14,24.0,profitandloss
1257.0,unnamed_14,27.0,profitandloss
1258.0,unnamed_14,28.0,profitandloss
1259.0,unnamed_14,24.0,profitandloss
1260.0,unnamed_14,18.0,profitandloss
1261.0,unnamed_14,23.0,profitandloss
1262.0,unnamed_14,,profitandloss
1263.0,unnamed_14,9.0,profitandloss
1264.0,unnamed_14,11.0,profitandloss
1265.0,unnamed_14,12.0,profitandloss
1266.0,unnamed_14,11.0,profitandloss
1267.0,unnamed_14,10.0,profitandloss
1268.0,unnamed_14,13.0,profitandloss
1269.0,unnamed_14,13.0,profitandloss
1270.0,unnamed_14,7.0,profitandloss
1271.0,unnamed_14,20.0,profitandloss
1272.0,unnamed_14,15.0,profitandloss
1273.0,unnamed_14,22.0,profitandloss
1274.0,unnamed_14,29.0,profitandloss
1275.0,unnamed_14,,profitandloss
1276.0,unnamed_14,22.0,profitandloss
1277.0,unnamed_14,15.0,profitandloss
1278.0,unnamed_14,22.0,profitandloss
1279.0,unnamed_14,10.0,profitandloss
1280.0,unnamed_14,0.0,profitandloss
1281.0,unnamed_14,0.0,profitandloss
1282.0,unnamed_14,0.0,profitandloss
1283.0,unnamed_14,0.0,profitandloss
1284.0,unnamed_14,0.0,profitandloss
1285.0,unnamed_14,25.0,profitandloss
1286.0,unnamed_14,24.0,profitandloss
1287.0,unnamed_14,20.0,profitandloss
1288.0,unnamed_14,,profitandloss
1289.0,unnamed_14,-31.0,profitandloss
1290.0,unnamed_14,0.0,profitandloss
1291.0,unnamed_14,0.0,profitandloss
1292.0,unnamed_14,0.0,profitandloss
1293.0,unnamed_14,0.0,profitandloss
1294.0,unnamed_14,0.0,profitandloss
1295.0,unnamed_14,0.0,profitandloss
1296.0,unnamed_14,0.0,profitandloss
1297.0,unnamed_14,0.0,profitandloss
1298.0,unnamed_14,0.0,profitandloss
1299.0,unnamed_14,0.0,profitandloss
1300.0,unnamed_14,46.0,profitandloss
1301.0,unnamed_14,,profitandloss
1302.0,unnamed_14,0.0,profitandloss
1303.0,unnamed_14,0.0,profitandloss
1304.0,unnamed_14,0.0,profitandloss
1305.0,unnamed_14,0.0,profitandloss
1306.0,unnamed_14,0.0,profitandloss
1307.0,unnamed_14,22.0,profitandloss
1308.0,unnamed_14,16.0,profitandloss
1309.0,unnamed_14,15.0,profitandloss
1310.0,unnamed_14,22.0,profitandloss
1311.0,unnamed_14,16.0,profitandloss
1312.0,unnamed_14,15.0,profitandloss
1313.0,unnamed_14,16.0,profitandloss
1314.0,unnamed_14,,profitandloss
1315.0,unnamed_14,0.0,profitandloss
1316.0,unnamed_14,15.0,profitandloss
1317.0,unnamed_14,-8.0,profitandloss
1318.0,unnamed_14,-8.0,profitandloss
1319.0,unnamed_14,83.0,profitandloss
1320.0,unnamed_14,76.0,profitandloss
1321.0,unnamed_14,99.0,profitandloss
1322.0,unnamed_14,-22.0,profitandloss
1323.0,unnamed_14,30.0,profitandloss
1324.0,unnamed_14,89.0,profitandloss
1325.0,unnamed_14,357.0,profitandloss
1326.0,unnamed_14,259.0,profitandloss
1327.0,unnamed_14,,profitandloss
1328.0,unnamed_14,28.0,profitandloss
1329.0,unnamed_14,25.0,profitandloss
1330.0,unnamed_14,34.0,profitandloss
1331.0,unnamed_14,17.0,profitandloss
1332.0,unnamed_14,6.0,profitandloss
1333.0,unnamed_14,6.0,profitandloss
1334.0,unnamed_14,7.0,profitandloss
1335.0,unnamed_14,6.0,profitandloss
1336.0,unnamed_14,5.0,profitandloss
1337.0,unnamed_14,27.0,profitandloss
1338.0,unnamed_14,5.0,profitandloss
1339.0,unnamed_14,5.0,profitandloss
1340.0,unnamed_14,,profitandloss
1341.0,unnamed_14,0.0,profitandloss
1342.0,unnamed_14,0.0,profitandloss
1343.0,unnamed_14,0.0,profitandloss
1344.0,unnamed_14,0.0,profitandloss
1345.0,unnamed_14,0.0,profitandloss
1346.0,unnamed_14,0.0,profitandloss
1347.0,unnamed_14,0.0,profitandloss
1348.0,unnamed_14,,profitandloss
1349.0,unnamed_14,24.0,profitandloss
1350.0,unnamed_14,23.0,profitandloss
1351.0,unnamed_14,21.0,profitandloss
1352.0,unnamed_14,17.0,profitandloss
1353.0,unnamed_14,22.0,profitandloss
1354.0,unnamed_14,20.0,profitandloss
1355.0,unnamed_14,19.0,profitandloss
1356.0,unnamed_14,30.0,profitandloss
1357.0,unnamed_14,17.0,profitandloss
1358.0,unnamed_14,6.0,profitandloss
1359.0,unnamed_14,31.0,profitandloss
1360.0,unnamed_14,8.0,profitandloss
1361.0,unnamed_14,,profitandloss
1362.0,unnamed_14,70.0,profitandloss
1363.0,unnamed_14,80.0,profitandloss
1364.0,unnamed_14,83.0,profitandloss
1365.0,unnamed_14,27.0,profitandloss
1366.0,unnamed_14,74.0,profitandloss
1367.0,unnamed_14,10.0,profitandloss
1368.0,unnamed_14,123.0,profitandloss
1369.0,unnamed_14,0.0,profitandloss
1370.0,unnamed_14,0.0,profitandloss
1371.0,unnamed_14,0.0,profitandloss
1372.0,unnamed_14,0.0,profitandloss
1373.0,unnamed_14,0.0,profitandloss
1374.0,unnamed_14,,profitandloss
